-- ==============================================================================
-- SCRIPT DE INSERCIÓN COMPLETA DE DATOS - SISTEMA CUP FICCT
-- Generado automáticamente para poblar la base de datos
-- 1600 postulantes (200 x 4 carreras x 2 gestiones)
-- ==============================================================================

BEGIN;

-- INSERCIÓN DE USUARIOS ADMINISTRATIVOS

INSERT INTO users (id, name, email, password, role, active, created_at, updated_at) VALUES (1, 'Admin CUP', 'admin@ficct.uagrm.edu.bo', '\$2y\$12\$lqHi9fjbEsurjtBPXOuYVO6ZasIkwKxI2/OmiLqufO1824T9tWGy6', 'Administrador', true, NOW(), NOW());
INSERT INTO users (id, name, email, password, role, active, created_at, updated_at) VALUES (2, 'Coordinador CUP', 'coordinador@ficct.uagrm.edu.bo', '\$2y\$12\$WxUhNnTFpDvStSZUlTt/uuH7iKvbPzEFSPMnPJRv0LYBT8p0ZSfy6', 'Coordinador', true, NOW(), NOW());
INSERT INTO users (id, name, email, password, role, active, created_at, updated_at) VALUES (3, 'Docente Test', 'docente@ficct.uagrm.edu.bo', '\$2y\$12\$Kc6lGL23.CF8Fv8KpzXhxOn/XTMidsOMVNj5UjYoNnQeLusoGghGS', 'Docente', true, NOW(), NOW());

-- INSERCIÓN DE DOCENTES

INSERT INTO users (id, name, email, password, role, active, created_at, updated_at) VALUES (4, 'Docente Matematicas Prof0', 'matematicas@ficct.edu.bo', '\$2y\$12\$lwOEQVnsWTYkFnHTH8g03O8Cb.m0h6Zt77z9aknd9joAOW/GsC4rm', 'Docente', true, NOW(), NOW());
INSERT INTO docentes (id, ci, nombres, apellidos, especialidad, grado_academico, correo, user_id, created_at) VALUES (1, '12345678', 'Prof0', 'Prof0', 'Especialidad', 'Lic. en Educación', 'matematicas@ficct.edu.bo', 4, NOW());
INSERT INTO users (id, name, email, password, role, active, created_at, updated_at) VALUES (5, 'Docente Fisica Prof1', 'fisica@ficct.edu.bo', '\$2y\$12\$lwOEQVnsWTYkFnHTH8g03O8Cb.m0h6Zt77z9aknd9joAOW/GsC4rm', 'Docente', true, NOW(), NOW());
INSERT INTO docentes (id, ci, nombres, apellidos, especialidad, grado_academico, correo, user_id, created_at) VALUES (2, '87654321', 'Prof1', 'Prof1', 'Especialidad', 'Lic. en Educación', 'fisica@ficct.edu.bo', 5, NOW());
INSERT INTO users (id, name, email, password, role, active, created_at, updated_at) VALUES (6, 'Docente Computacion Prof2', 'computacion@ficct.edu.bo', '\$2y\$12\$lwOEQVnsWTYkFnHTH8g03O8Cb.m0h6Zt77z9aknd9joAOW/GsC4rm', 'Docente', true, NOW(), NOW());
INSERT INTO docentes (id, ci, nombres, apellidos, especialidad, grado_academico, correo, user_id, created_at) VALUES (3, '11111111', 'Prof2', 'Prof2', 'Especialidad', 'Lic. en Educación', 'computacion@ficct.edu.bo', 6, NOW());
INSERT INTO users (id, name, email, password, role, active, created_at, updated_at) VALUES (7, 'Docente Ingles Prof3', 'ingles@ficct.edu.bo', '\$2y\$12\$lwOEQVnsWTYkFnHTH8g03O8Cb.m0h6Zt77z9aknd9joAOW/GsC4rm', 'Docente', true, NOW(), NOW());
INSERT INTO docentes (id, ci, nombres, apellidos, especialidad, grado_academico, correo, user_id, created_at) VALUES (4, '22222222', 'Prof3', 'Prof3', 'Especialidad', 'Lic. en Educación', 'ingles@ficct.edu.bo', 7, NOW());

-- INSERCIÓN DE GESTIONES

INSERT INTO gestiones (id, codigo, activa, fecha_inicio, fecha_fin, created_at) VALUES (1, '1-2026', true, '2026-01-01', '2026-12-31', NOW());
INSERT INTO gestiones (id, codigo, activa, fecha_inicio, fecha_fin, created_at) VALUES (2, '2-2025', false, '2025-01-01', '2025-12-31', NOW());

-- INSERCIÓN DE CARRERAS

INSERT INTO carreras (id, nombre, codigo) VALUES (1, 'Ingenieria Informatica', 'INF');
INSERT INTO carreras (id, nombre, codigo) VALUES (2, 'Ingenieria de Sistemas', 'SIS');
INSERT INTO carreras (id, nombre, codigo) VALUES (3, 'Ingenieria en Redes y Telecomunicaciones', 'TEL');
INSERT INTO carreras (id, nombre, codigo) VALUES (4, 'Ingenieria en Robotica', 'ROB');

-- INSERCIÓN DE MATERIAS

INSERT INTO materias (id, nombre, codigo) VALUES (1, 'COMPUTACION', 'COM');
INSERT INTO materias (id, nombre, codigo) VALUES (2, 'MATEMATICAS', 'MAT');
INSERT INTO materias (id, nombre, codigo) VALUES (3, 'FISICA', 'FIS');
INSERT INTO materias (id, nombre, codigo) VALUES (4, 'INGLES', 'ING');

-- INSERCIÓN DE AULAS

INSERT INTO aulas (id, nombre, capacidad, ubicacion) VALUES (1, 'Aula 1', 50, 'Bloque A');
INSERT INTO aulas (id, nombre, capacidad, ubicacion) VALUES (2, 'Aula 2', 50, 'Bloque A');
INSERT INTO aulas (id, nombre, capacidad, ubicacion) VALUES (3, 'Aula 3', 50, 'Bloque A');
INSERT INTO aulas (id, nombre, capacidad, ubicacion) VALUES (4, 'Aula 4', 50, 'Bloque A');
INSERT INTO aulas (id, nombre, capacidad, ubicacion) VALUES (5, 'Aula 5', 50, 'Bloque A');

-- INSERCIÓN DE POSTULANTES Y SUS USUARIOS (200 por carrera y gestión = 1600 total)

INSERT INTO users (id, name, email, password, role, active, created_at, updated_at) VALUES (100, 'Irene Ramírez', 'ireneramírez0@estudiante.edu.bo', '\$2y\$12\$TyO9cTQJ0O7NSPORyyP8Hup.wk8.BWNWu4itdEJYyjZ2Sem9DbFyi', 'Postulante', true, NOW(), NOW());
INSERT INTO postulantes (id, ci, nombres, apellidos, fecha_nacimiento, sexo, direccion, telefono, email, colegio_procedencia, ciudad, titulo_bachiller, primera_opcion_id, segunda_opcion_id, turno_preferencia, gestion_id, estado, recurrente, user_id, created_at, updated_at) VALUES (1, '9429737', 'Irene', 'Ramírez', '2005-01-15', 'M', NULL, '59166515421', 'ireneramírez0@estudiante.edu.bo', 'Colegio Boliviano', 'Santa Cruz de la Sierra', NULL, 1, 2, 'Noche', 1, 'Preinscrito', false, 100, NOW(), NOW());
INSERT INTO requisitos_documentales (postulante_id, ci_digitalizado, certificado_nacimiento, titulo_bachiller_legalizado, formulario_preinscripcion, verificado_bd_externa, updated_at) VALUES (1, false, false, false, false, false, NOW());
INSERT INTO users (id, name, email, password, role, active, created_at, updated_at) VALUES (101, 'Constanza González', 'constanzagonzález1@estudiante.edu.bo', '\$2y\$12\$TyO9cTQJ0O7NSPORyyP8Hup.wk8.BWNWu4itdEJYyjZ2Sem9DbFyi', 'Postulante', true, NOW(), NOW());
INSERT INTO postulantes (id, ci, nombres, apellidos, fecha_nacimiento, sexo, direccion, telefono, email, colegio_procedencia, ciudad, titulo_bachiller, primera_opcion_id, segunda_opcion_id, turno_preferencia, gestion_id, estado, recurrente, user_id, created_at, updated_at) VALUES (2, '4579534', 'Constanza', 'González', '2005-01-15', 'M', NULL, '59194060969', 'constanzagonzález1@estudiante.edu.bo', 'Colegio Boliviano', 'Santa Cruz de la Sierra', NULL, 1, 2, 'Noche', 1, 'Preinscrito', false, 101, NOW(), NOW());
INSERT INTO requisitos_documentales (postulante_id, ci_digitalizado, certificado_nacimiento, titulo_bachiller_legalizado, formulario_preinscripcion, verificado_bd_externa, updated_at) VALUES (2, false, false, false, false, false, NOW());
INSERT INTO users (id, name, email, password, role, active, created_at, updated_at) VALUES (102, 'Lorena Hernández', 'lorenahernández2@estudiante.edu.bo', '\$2y\$12\$TyO9cTQJ0O7NSPORyyP8Hup.wk8.BWNWu4itdEJYyjZ2Sem9DbFyi', 'Postulante', true, NOW(), NOW());
INSERT INTO postulantes (id, ci, nombres, apellidos, fecha_nacimiento, sexo, direccion, telefono, email, colegio_procedencia, ciudad, titulo_bachiller, primera_opcion_id, segunda_opcion_id, turno_preferencia, gestion_id, estado, recurrente, user_id, created_at, updated_at) VALUES (3, '7319494', 'Lorena', 'Hernández', '2005-01-15', 'M', NULL, '59166264160', 'lorenahernández2@estudiante.edu.bo', 'Colegio Boliviano', 'Santa Cruz de la Sierra', NULL, 1, 2, 'Noche', 1, 'Preinscrito', false, 102, NOW(), NOW());
INSERT INTO requisitos_documentales (postulante_id, ci_digitalizado, certificado_nacimiento, titulo_bachiller_legalizado, formulario_preinscripcion, verificado_bd_externa, updated_at) VALUES (3, false, false, false, false, false, NOW());
INSERT INTO users (id, name, email, password, role, active, created_at, updated_at) VALUES (103, 'Ricardo Vega', 'ricardovega3@estudiante.edu.bo', '\$2y\$12\$TyO9cTQJ0O7NSPORyyP8Hup.wk8.BWNWu4itdEJYyjZ2Sem9DbFyi', 'Postulante', true, NOW(), NOW());
INSERT INTO postulantes (id, ci, nombres, apellidos, fecha_nacimiento, sexo, direccion, telefono, email, colegio_procedencia, ciudad, titulo_bachiller, primera_opcion_id, segunda_opcion_id, turno_preferencia, gestion_id, estado, recurrente, user_id, created_at, updated_at) VALUES (4, '9822278', 'Ricardo', 'Vega', '2005-01-15', 'M', NULL, '59161958834', 'ricardovega3@estudiante.edu.bo', 'Colegio Boliviano', 'Santa Cruz de la Sierra', NULL, 1, 2, 'Noche', 1, 'Preinscrito', false, 103, NOW(), NOW());
INSERT INTO requisitos_documentales (postulante_id, ci_digitalizado, certificado_nacimiento, titulo_bachiller_legalizado, formulario_preinscripcion, verificado_bd_externa, updated_at) VALUES (4, false, false, false, false, false, NOW());
INSERT INTO users (id, name, email, password, role, active, created_at, updated_at) VALUES (104, 'Laura Domínguez', 'lauradomínguez4@estudiante.edu.bo', '\$2y\$12\$TyO9cTQJ0O7NSPORyyP8Hup.wk8.BWNWu4itdEJYyjZ2Sem9DbFyi', 'Postulante', true, NOW(), NOW());
INSERT INTO postulantes (id, ci, nombres, apellidos, fecha_nacimiento, sexo, direccion, telefono, email, colegio_procedencia, ciudad, titulo_bachiller, primera_opcion_id, segunda_opcion_id, turno_preferencia, gestion_id, estado, recurrente, user_id, created_at, updated_at) VALUES (5, '8001599', 'Laura', 'Domínguez', '2005-01-15', 'M', NULL, '59198397437', 'lauradomínguez4@estudiante.edu.bo', 'Colegio Boliviano', 'Santa Cruz de la Sierra', NULL, 1, 2, 'Tarde', 1, 'Preinscrito', false, 104, NOW(), NOW());
INSERT INTO requisitos_documentales (postulante_id, ci_digitalizado, certificado_nacimiento, titulo_bachiller_legalizado, formulario_preinscripcion, verificado_bd_externa, updated_at) VALUES (5, false, false, false, false, false, NOW());
INSERT INTO users (id, name, email, password, role, active, created_at, updated_at) VALUES (105, 'Miguel Delgado', 'migueldelgado5@estudiante.edu.bo', '\$2y\$12\$TyO9cTQJ0O7NSPORyyP8Hup.wk8.BWNWu4itdEJYyjZ2Sem9DbFyi', 'Postulante', true, NOW(), NOW());
INSERT INTO postulantes (id, ci, nombres, apellidos, fecha_nacimiento, sexo, direccion, telefono, email, colegio_procedencia, ciudad, titulo_bachiller, primera_opcion_id, segunda_opcion_id, turno_preferencia, gestion_id, estado, recurrente, user_id, created_at, updated_at) VALUES (6, '7000568', 'Miguel', 'Delgado', '2005-01-15', 'M', NULL, '59184289052', 'migueldelgado5@estudiante.edu.bo', 'Colegio Boliviano', 'Santa Cruz de la Sierra', NULL, 1, 2, 'Noche', 1, 'Preinscrito', false, 105, NOW(), NOW());
INSERT INTO requisitos_documentales (postulante_id, ci_digitalizado, certificado_nacimiento, titulo_bachiller_legalizado, formulario_preinscripcion, verificado_bd_externa, updated_at) VALUES (6, false, false, false, false, false, NOW());
INSERT INTO users (id, name, email, password, role, active, created_at, updated_at) VALUES (106, 'Arturo Vázquez', 'arturovázquez6@estudiante.edu.bo', '\$2y\$12\$TyO9cTQJ0O7NSPORyyP8Hup.wk8.BWNWu4itdEJYyjZ2Sem9DbFyi', 'Postulante', true, NOW(), NOW());
INSERT INTO postulantes (id, ci, nombres, apellidos, fecha_nacimiento, sexo, direccion, telefono, email, colegio_procedencia, ciudad, titulo_bachiller, primera_opcion_id, segunda_opcion_id, turno_preferencia, gestion_id, estado, recurrente, user_id, created_at, updated_at) VALUES (7, '6595531', 'Arturo', 'Vázquez', '2005-01-15', 'M', NULL, '59174443847', 'arturovázquez6@estudiante.edu.bo', 'Colegio Boliviano', 'Santa Cruz de la Sierra', NULL, 1, 2, 'Manana', 1, 'Preinscrito', false, 106, NOW(), NOW());
INSERT INTO requisitos_documentales (postulante_id, ci_digitalizado, certificado_nacimiento, titulo_bachiller_legalizado, formulario_preinscripcion, verificado_bd_externa, updated_at) VALUES (7, false, false, false, false, false, NOW());
INSERT INTO users (id, name, email, password, role, active, created_at, updated_at) VALUES (107, 'Natalia Contreras', 'nataliacontreras7@estudiante.edu.bo', '\$2y\$12\$TyO9cTQJ0O7NSPORyyP8Hup.wk8.BWNWu4itdEJYyjZ2Sem9DbFyi', 'Postulante', true, NOW(), NOW());
INSERT INTO postulantes (id, ci, nombres, apellidos, fecha_nacimiento, sexo, direccion, telefono, email, colegio_procedencia, ciudad, titulo_bachiller, primera_opcion_id, segunda_opcion_id, turno_preferencia, gestion_id, estado, recurrente, user_id, created_at, updated_at) VALUES (8, '1422182', 'Natalia', 'Contreras', '2005-01-15', 'M', NULL, '59160811801', 'nataliacontreras7@estudiante.edu.bo', 'Colegio Boliviano', 'Santa Cruz de la Sierra', NULL, 1, 2, 'Noche', 1, 'Preinscrito', false, 107, NOW(), NOW());
INSERT INTO requisitos_documentales (postulante_id, ci_digitalizado, certificado_nacimiento, titulo_bachiller_legalizado, formulario_preinscripcion, verificado_bd_externa, updated_at) VALUES (8, false, false, false, false, false, NOW());
INSERT INTO users (id, name, email, password, role, active, created_at, updated_at) VALUES (108, 'Natalia Tapia', 'nataliatapia8@estudiante.edu.bo', '\$2y\$12\$TyO9cTQJ0O7NSPORyyP8Hup.wk8.BWNWu4itdEJYyjZ2Sem9DbFyi', 'Postulante', true, NOW(), NOW());
INSERT INTO postulantes (id, ci, nombres, apellidos, fecha_nacimiento, sexo, direccion, telefono, email, colegio_procedencia, ciudad, titulo_bachiller, primera_opcion_id, segunda_opcion_id, turno_preferencia, gestion_id, estado, recurrente, user_id, created_at, updated_at) VALUES (9, '9799097', 'Natalia', 'Tapia', '2005-01-15', 'M', NULL, '59190364280', 'nataliatapia8@estudiante.edu.bo', 'Colegio Boliviano', 'Santa Cruz de la Sierra', NULL, 1, 2, 'Tarde', 1, 'Preinscrito', false, 108, NOW(), NOW());
INSERT INTO requisitos_documentales (postulante_id, ci_digitalizado, certificado_nacimiento, titulo_bachiller_legalizado, formulario_preinscripcion, verificado_bd_externa, updated_at) VALUES (9, false, false, false, false, false, NOW());
INSERT INTO users (id, name, email, password, role, active, created_at, updated_at) VALUES (109, 'Sergio Carrillo', 'sergiocarrillo9@estudiante.edu.bo', '\$2y\$12\$TyO9cTQJ0O7NSPORyyP8Hup.wk8.BWNWu4itdEJYyjZ2Sem9DbFyi', 'Postulante', true, NOW(), NOW());
INSERT INTO postulantes (id, ci, nombres, apellidos, fecha_nacimiento, sexo, direccion, telefono, email, colegio_procedencia, ciudad, titulo_bachiller, primera_opcion_id, segunda_opcion_id, turno_preferencia, gestion_id, estado, recurrente, user_id, created_at, updated_at) VALUES (10, '6073117', 'Sergio', 'Carrillo', '2005-01-15', 'M', NULL, '59178507836', 'sergiocarrillo9@estudiante.edu.bo', 'Colegio Boliviano', 'Santa Cruz de la Sierra', NULL, 1, 2, 'Noche', 1, 'Preinscrito', false, 109, NOW(), NOW());
INSERT INTO requisitos_documentales (postulante_id, ci_digitalizado, certificado_nacimiento, titulo_bachiller_legalizado, formulario_preinscripcion, verificado_bd_externa, updated_at) VALUES (10, false, false, false, false, false, NOW());
INSERT INTO users (id, name, email, password, role, active, created_at, updated_at) VALUES (110, 'Raúl Carrillo', 'raúlcarrillo10@estudiante.edu.bo', '\$2y\$12\$TyO9cTQJ0O7NSPORyyP8Hup.wk8.BWNWu4itdEJYyjZ2Sem9DbFyi', 'Postulante', true, NOW(), NOW());
INSERT INTO postulantes (id, ci, nombres, apellidos, fecha_nacimiento, sexo, direccion, telefono, email, colegio_procedencia, ciudad, titulo_bachiller, primera_opcion_id, segunda_opcion_id, turno_preferencia, gestion_id, estado, recurrente, user_id, created_at, updated_at) VALUES (11, '9079485', 'Raúl', 'Carrillo', '2005-01-15', 'M', NULL, '59181231224', 'raúlcarrillo10@estudiante.edu.bo', 'Colegio Boliviano', 'Santa Cruz de la Sierra', NULL, 1, 2, 'Tarde', 1, 'Preinscrito', false, 110, NOW(), NOW());
INSERT INTO requisitos_documentales (postulante_id, ci_digitalizado, certificado_nacimiento, titulo_bachiller_legalizado, formulario_preinscripcion, verificado_bd_externa, updated_at) VALUES (11, false, false, false, false, false, NOW());
INSERT INTO users (id, name, email, password, role, active, created_at, updated_at) VALUES (111, 'Rosario Vega', 'rosariovega11@estudiante.edu.bo', '\$2y\$12\$TyO9cTQJ0O7NSPORyyP8Hup.wk8.BWNWu4itdEJYyjZ2Sem9DbFyi', 'Postulante', true, NOW(), NOW());
INSERT INTO postulantes (id, ci, nombres, apellidos, fecha_nacimiento, sexo, direccion, telefono, email, colegio_procedencia, ciudad, titulo_bachiller, primera_opcion_id, segunda_opcion_id, turno_preferencia, gestion_id, estado, recurrente, user_id, created_at, updated_at) VALUES (12, '1741859', 'Rosario', 'Vega', '2005-01-15', 'M', NULL, '59192661488', 'rosariovega11@estudiante.edu.bo', 'Colegio Boliviano', 'Santa Cruz de la Sierra', NULL, 1, 2, 'Noche', 1, 'Preinscrito', false, 111, NOW(), NOW());
INSERT INTO requisitos_documentales (postulante_id, ci_digitalizado, certificado_nacimiento, titulo_bachiller_legalizado, formulario_preinscripcion, verificado_bd_externa, updated_at) VALUES (12, false, false, false, false, false, NOW());
INSERT INTO users (id, name, email, password, role, active, created_at, updated_at) VALUES (112, 'Irene García', 'irenegarcía12@estudiante.edu.bo', '\$2y\$12\$TyO9cTQJ0O7NSPORyyP8Hup.wk8.BWNWu4itdEJYyjZ2Sem9DbFyi', 'Postulante', true, NOW(), NOW());
INSERT INTO postulantes (id, ci, nombres, apellidos, fecha_nacimiento, sexo, direccion, telefono, email, colegio_procedencia, ciudad, titulo_bachiller, primera_opcion_id, segunda_opcion_id, turno_preferencia, gestion_id, estado, recurrente, user_id, created_at, updated_at) VALUES (13, '5818211', 'Irene', 'García', '2005-01-15', 'M', NULL, '59188032175', 'irenegarcía12@estudiante.edu.bo', 'Colegio Boliviano', 'Santa Cruz de la Sierra', NULL, 1, 2, 'Tarde', 1, 'Preinscrito', false, 112, NOW(), NOW());
INSERT INTO requisitos_documentales (postulante_id, ci_digitalizado, certificado_nacimiento, titulo_bachiller_legalizado, formulario_preinscripcion, verificado_bd_externa, updated_at) VALUES (13, false, false, false, false, false, NOW());
INSERT INTO users (id, name, email, password, role, active, created_at, updated_at) VALUES (113, 'Elena Rivera', 'elenarivera13@estudiante.edu.bo', '\$2y\$12\$TyO9cTQJ0O7NSPORyyP8Hup.wk8.BWNWu4itdEJYyjZ2Sem9DbFyi', 'Postulante', true, NOW(), NOW());
INSERT INTO postulantes (id, ci, nombres, apellidos, fecha_nacimiento, sexo, direccion, telefono, email, colegio_procedencia, ciudad, titulo_bachiller, primera_opcion_id, segunda_opcion_id, turno_preferencia, gestion_id, estado, recurrente, user_id, created_at, updated_at) VALUES (14, '9645096', 'Elena', 'Rivera', '2005-01-15', 'M', NULL, '59168348483', 'elenarivera13@estudiante.edu.bo', 'Colegio Boliviano', 'Santa Cruz de la Sierra', NULL, 1, 2, 'Manana', 1, 'Preinscrito', false, 113, NOW(), NOW());
INSERT INTO requisitos_documentales (postulante_id, ci_digitalizado, certificado_nacimiento, titulo_bachiller_legalizado, formulario_preinscripcion, verificado_bd_externa, updated_at) VALUES (14, false, false, false, false, false, NOW());
INSERT INTO users (id, name, email, password, role, active, created_at, updated_at) VALUES (114, 'Eduardo Ramírez', 'eduardoramírez14@estudiante.edu.bo', '\$2y\$12\$TyO9cTQJ0O7NSPORyyP8Hup.wk8.BWNWu4itdEJYyjZ2Sem9DbFyi', 'Postulante', true, NOW(), NOW());
INSERT INTO postulantes (id, ci, nombres, apellidos, fecha_nacimiento, sexo, direccion, telefono, email, colegio_procedencia, ciudad, titulo_bachiller, primera_opcion_id, segunda_opcion_id, turno_preferencia, gestion_id, estado, recurrente, user_id, created_at, updated_at) VALUES (15, '7674584', 'Eduardo', 'Ramírez', '2005-01-15', 'M', NULL, '59192695000', 'eduardoramírez14@estudiante.edu.bo', 'Colegio Boliviano', 'Santa Cruz de la Sierra', NULL, 1, 2, 'Tarde', 1, 'Preinscrito', false, 114, NOW(), NOW());
INSERT INTO requisitos_documentales (postulante_id, ci_digitalizado, certificado_nacimiento, titulo_bachiller_legalizado, formulario_preinscripcion, verificado_bd_externa, updated_at) VALUES (15, false, false, false, false, false, NOW());
INSERT INTO users (id, name, email, password, role, active, created_at, updated_at) VALUES (115, 'Natalia Hernández', 'nataliahernández15@estudiante.edu.bo', '\$2y\$12\$TyO9cTQJ0O7NSPORyyP8Hup.wk8.BWNWu4itdEJYyjZ2Sem9DbFyi', 'Postulante', true, NOW(), NOW());
INSERT INTO postulantes (id, ci, nombres, apellidos, fecha_nacimiento, sexo, direccion, telefono, email, colegio_procedencia, ciudad, titulo_bachiller, primera_opcion_id, segunda_opcion_id, turno_preferencia, gestion_id, estado, recurrente, user_id, created_at, updated_at) VALUES (16, '3216143', 'Natalia', 'Hernández', '2005-01-15', 'M', NULL, '59177813501', 'nataliahernández15@estudiante.edu.bo', 'Colegio Boliviano', 'Santa Cruz de la Sierra', NULL, 1, 2, 'Noche', 1, 'Preinscrito', false, 115, NOW(), NOW());
INSERT INTO requisitos_documentales (postulante_id, ci_digitalizado, certificado_nacimiento, titulo_bachiller_legalizado, formulario_preinscripcion, verificado_bd_externa, updated_at) VALUES (16, false, false, false, false, false, NOW());
INSERT INTO users (id, name, email, password, role, active, created_at, updated_at) VALUES (116, 'Natalia Vázquez', 'nataliavázquez16@estudiante.edu.bo', '\$2y\$12\$TyO9cTQJ0O7NSPORyyP8Hup.wk8.BWNWu4itdEJYyjZ2Sem9DbFyi', 'Postulante', true, NOW(), NOW());
INSERT INTO postulantes (id, ci, nombres, apellidos, fecha_nacimiento, sexo, direccion, telefono, email, colegio_procedencia, ciudad, titulo_bachiller, primera_opcion_id, segunda_opcion_id, turno_preferencia, gestion_id, estado, recurrente, user_id, created_at, updated_at) VALUES (17, '6906639', 'Natalia', 'Vázquez', '2005-01-15', 'M', NULL, '59176865017', 'nataliavázquez16@estudiante.edu.bo', 'Colegio Boliviano', 'Santa Cruz de la Sierra', NULL, 1, 2, 'Noche', 1, 'Preinscrito', false, 116, NOW(), NOW());
INSERT INTO requisitos_documentales (postulante_id, ci_digitalizado, certificado_nacimiento, titulo_bachiller_legalizado, formulario_preinscripcion, verificado_bd_externa, updated_at) VALUES (17, false, false, false, false, false, NOW());
INSERT INTO users (id, name, email, password, role, active, created_at, updated_at) VALUES (117, 'Verónica Contreras', 'verónicacontreras17@estudiante.edu.bo', '\$2y\$12\$TyO9cTQJ0O7NSPORyyP8Hup.wk8.BWNWu4itdEJYyjZ2Sem9DbFyi', 'Postulante', true, NOW(), NOW());
INSERT INTO postulantes (id, ci, nombres, apellidos, fecha_nacimiento, sexo, direccion, telefono, email, colegio_procedencia, ciudad, titulo_bachiller, primera_opcion_id, segunda_opcion_id, turno_preferencia, gestion_id, estado, recurrente, user_id, created_at, updated_at) VALUES (18, '9997127', 'Verónica', 'Contreras', '2005-01-15', 'M', NULL, '59162405231', 'verónicacontreras17@estudiante.edu.bo', 'Colegio Boliviano', 'Santa Cruz de la Sierra', NULL, 1, 2, 'Noche', 1, 'Preinscrito', false, 117, NOW(), NOW());
INSERT INTO requisitos_documentales (postulante_id, ci_digitalizado, certificado_nacimiento, titulo_bachiller_legalizado, formulario_preinscripcion, verificado_bd_externa, updated_at) VALUES (18, false, false, false, false, false, NOW());
INSERT INTO users (id, name, email, password, role, active, created_at, updated_at) VALUES (118, 'Patricia Ramírez', 'patriciaramírez18@estudiante.edu.bo', '\$2y\$12\$TyO9cTQJ0O7NSPORyyP8Hup.wk8.BWNWu4itdEJYyjZ2Sem9DbFyi', 'Postulante', true, NOW(), NOW());
INSERT INTO postulantes (id, ci, nombres, apellidos, fecha_nacimiento, sexo, direccion, telefono, email, colegio_procedencia, ciudad, titulo_bachiller, primera_opcion_id, segunda_opcion_id, turno_preferencia, gestion_id, estado, recurrente, user_id, created_at, updated_at) VALUES (19, '3419455', 'Patricia', 'Ramírez', '2005-01-15', 'M', NULL, '59197407276', 'patriciaramírez18@estudiante.edu.bo', 'Colegio Boliviano', 'Santa Cruz de la Sierra', NULL, 1, 2, 'Tarde', 1, 'Preinscrito', false, 118, NOW(), NOW());
INSERT INTO requisitos_documentales (postulante_id, ci_digitalizado, certificado_nacimiento, titulo_bachiller_legalizado, formulario_preinscripcion, verificado_bd_externa, updated_at) VALUES (19, false, false, false, false, false, NOW());
INSERT INTO users (id, name, email, password, role, active, created_at, updated_at) VALUES (119, 'Sandra Valdez', 'sandravaldez19@estudiante.edu.bo', '\$2y\$12\$TyO9cTQJ0O7NSPORyyP8Hup.wk8.BWNWu4itdEJYyjZ2Sem9DbFyi', 'Postulante', true, NOW(), NOW());
INSERT INTO postulantes (id, ci, nombres, apellidos, fecha_nacimiento, sexo, direccion, telefono, email, colegio_procedencia, ciudad, titulo_bachiller, primera_opcion_id, segunda_opcion_id, turno_preferencia, gestion_id, estado, recurrente, user_id, created_at, updated_at) VALUES (20, '4106953', 'Sandra', 'Valdez', '2005-01-15', 'M', NULL, '59192832367', 'sandravaldez19@estudiante.edu.bo', 'Colegio Boliviano', 'Santa Cruz de la Sierra', NULL, 1, 2, 'Tarde', 1, 'Preinscrito', false, 119, NOW(), NOW());
INSERT INTO requisitos_documentales (postulante_id, ci_digitalizado, certificado_nacimiento, titulo_bachiller_legalizado, formulario_preinscripcion, verificado_bd_externa, updated_at) VALUES (20, false, false, false, false, false, NOW());
INSERT INTO users (id, name, email, password, role, active, created_at, updated_at) VALUES (120, 'Marisol Rivera', 'marisolrivera20@estudiante.edu.bo', '\$2y\$12\$TyO9cTQJ0O7NSPORyyP8Hup.wk8.BWNWu4itdEJYyjZ2Sem9DbFyi', 'Postulante', true, NOW(), NOW());
INSERT INTO postulantes (id, ci, nombres, apellidos, fecha_nacimiento, sexo, direccion, telefono, email, colegio_procedencia, ciudad, titulo_bachiller, primera_opcion_id, segunda_opcion_id, turno_preferencia, gestion_id, estado, recurrente, user_id, created_at, updated_at) VALUES (21, '3602690', 'Marisol', 'Rivera', '2005-01-15', 'M', NULL, '59162626081', 'marisolrivera20@estudiante.edu.bo', 'Colegio Boliviano', 'Santa Cruz de la Sierra', NULL, 1, 2, 'Tarde', 1, 'Preinscrito', false, 120, NOW(), NOW());
INSERT INTO requisitos_documentales (postulante_id, ci_digitalizado, certificado_nacimiento, titulo_bachiller_legalizado, formulario_preinscripcion, verificado_bd_externa, updated_at) VALUES (21, false, false, false, false, false, NOW());
INSERT INTO users (id, name, email, password, role, active, created_at, updated_at) VALUES (121, 'Diego Molina', 'diegomolina21@estudiante.edu.bo', '\$2y\$12\$TyO9cTQJ0O7NSPORyyP8Hup.wk8.BWNWu4itdEJYyjZ2Sem9DbFyi', 'Postulante', true, NOW(), NOW());
INSERT INTO postulantes (id, ci, nombres, apellidos, fecha_nacimiento, sexo, direccion, telefono, email, colegio_procedencia, ciudad, titulo_bachiller, primera_opcion_id, segunda_opcion_id, turno_preferencia, gestion_id, estado, recurrente, user_id, created_at, updated_at) VALUES (22, '4614278', 'Diego', 'Molina', '2005-01-15', 'M', NULL, '59195383045', 'diegomolina21@estudiante.edu.bo', 'Colegio Boliviano', 'Santa Cruz de la Sierra', NULL, 1, 2, 'Manana', 1, 'Preinscrito', false, 121, NOW(), NOW());
INSERT INTO requisitos_documentales (postulante_id, ci_digitalizado, certificado_nacimiento, titulo_bachiller_legalizado, formulario_preinscripcion, verificado_bd_externa, updated_at) VALUES (22, false, false, false, false, false, NOW());
INSERT INTO users (id, name, email, password, role, active, created_at, updated_at) VALUES (122, 'Matías Tapia', 'matíastapia22@estudiante.edu.bo', '\$2y\$12\$TyO9cTQJ0O7NSPORyyP8Hup.wk8.BWNWu4itdEJYyjZ2Sem9DbFyi', 'Postulante', true, NOW(), NOW());
INSERT INTO postulantes (id, ci, nombres, apellidos, fecha_nacimiento, sexo, direccion, telefono, email, colegio_procedencia, ciudad, titulo_bachiller, primera_opcion_id, segunda_opcion_id, turno_preferencia, gestion_id, estado, recurrente, user_id, created_at, updated_at) VALUES (23, '8232174', 'Matías', 'Tapia', '2005-01-15', 'M', NULL, '59181002484', 'matíastapia22@estudiante.edu.bo', 'Colegio Boliviano', 'Santa Cruz de la Sierra', NULL, 1, 2, 'Manana', 1, 'Preinscrito', false, 122, NOW(), NOW());
INSERT INTO requisitos_documentales (postulante_id, ci_digitalizado, certificado_nacimiento, titulo_bachiller_legalizado, formulario_preinscripcion, verificado_bd_externa, updated_at) VALUES (23, false, false, false, false, false, NOW());
INSERT INTO users (id, name, email, password, role, active, created_at, updated_at) VALUES (123, 'Constanza Castillo', 'constanzacastillo23@estudiante.edu.bo', '\$2y\$12\$TyO9cTQJ0O7NSPORyyP8Hup.wk8.BWNWu4itdEJYyjZ2Sem9DbFyi', 'Postulante', true, NOW(), NOW());
INSERT INTO postulantes (id, ci, nombres, apellidos, fecha_nacimiento, sexo, direccion, telefono, email, colegio_procedencia, ciudad, titulo_bachiller, primera_opcion_id, segunda_opcion_id, turno_preferencia, gestion_id, estado, recurrente, user_id, created_at, updated_at) VALUES (24, '5095014', 'Constanza', 'Castillo', '2005-01-15', 'M', NULL, '59174362914', 'constanzacastillo23@estudiante.edu.bo', 'Colegio Boliviano', 'Santa Cruz de la Sierra', NULL, 1, 2, 'Noche', 1, 'Preinscrito', false, 123, NOW(), NOW());
INSERT INTO requisitos_documentales (postulante_id, ci_digitalizado, certificado_nacimiento, titulo_bachiller_legalizado, formulario_preinscripcion, verificado_bd_externa, updated_at) VALUES (24, false, false, false, false, false, NOW());
INSERT INTO users (id, name, email, password, role, active, created_at, updated_at) VALUES (124, 'Andrés Vega', 'andrésvega24@estudiante.edu.bo', '\$2y\$12\$TyO9cTQJ0O7NSPORyyP8Hup.wk8.BWNWu4itdEJYyjZ2Sem9DbFyi', 'Postulante', true, NOW(), NOW());
INSERT INTO postulantes (id, ci, nombres, apellidos, fecha_nacimiento, sexo, direccion, telefono, email, colegio_procedencia, ciudad, titulo_bachiller, primera_opcion_id, segunda_opcion_id, turno_preferencia, gestion_id, estado, recurrente, user_id, created_at, updated_at) VALUES (25, '1686900', 'Andrés', 'Vega', '2005-01-15', 'M', NULL, '59190462123', 'andrésvega24@estudiante.edu.bo', 'Colegio Boliviano', 'Santa Cruz de la Sierra', NULL, 1, 2, 'Noche', 1, 'Preinscrito', false, 124, NOW(), NOW());
INSERT INTO requisitos_documentales (postulante_id, ci_digitalizado, certificado_nacimiento, titulo_bachiller_legalizado, formulario_preinscripcion, verificado_bd_externa, updated_at) VALUES (25, false, false, false, false, false, NOW());
INSERT INTO users (id, name, email, password, role, active, created_at, updated_at) VALUES (125, 'Fernando González', 'fernandogonzález25@estudiante.edu.bo', '\$2y\$12\$TyO9cTQJ0O7NSPORyyP8Hup.wk8.BWNWu4itdEJYyjZ2Sem9DbFyi', 'Postulante', true, NOW(), NOW());
INSERT INTO postulantes (id, ci, nombres, apellidos, fecha_nacimiento, sexo, direccion, telefono, email, colegio_procedencia, ciudad, titulo_bachiller, primera_opcion_id, segunda_opcion_id, turno_preferencia, gestion_id, estado, recurrente, user_id, created_at, updated_at) VALUES (26, '9176513', 'Fernando', 'González', '2005-01-15', 'M', NULL, '59170667573', 'fernandogonzález25@estudiante.edu.bo', 'Colegio Boliviano', 'Santa Cruz de la Sierra', NULL, 1, 2, 'Manana', 1, 'Preinscrito', false, 125, NOW(), NOW());
INSERT INTO requisitos_documentales (postulante_id, ci_digitalizado, certificado_nacimiento, titulo_bachiller_legalizado, formulario_preinscripcion, verificado_bd_externa, updated_at) VALUES (26, false, false, false, false, false, NOW());
INSERT INTO users (id, name, email, password, role, active, created_at, updated_at) VALUES (126, 'Pedro González', 'pedrogonzález26@estudiante.edu.bo', '\$2y\$12\$TyO9cTQJ0O7NSPORyyP8Hup.wk8.BWNWu4itdEJYyjZ2Sem9DbFyi', 'Postulante', true, NOW(), NOW());
INSERT INTO postulantes (id, ci, nombres, apellidos, fecha_nacimiento, sexo, direccion, telefono, email, colegio_procedencia, ciudad, titulo_bachiller, primera_opcion_id, segunda_opcion_id, turno_preferencia, gestion_id, estado, recurrente, user_id, created_at, updated_at) VALUES (27, '4188541', 'Pedro', 'González', '2005-01-15', 'M', NULL, '59186758599', 'pedrogonzález26@estudiante.edu.bo', 'Colegio Boliviano', 'Santa Cruz de la Sierra', NULL, 1, 2, 'Noche', 1, 'Preinscrito', false, 126, NOW(), NOW());
INSERT INTO requisitos_documentales (postulante_id, ci_digitalizado, certificado_nacimiento, titulo_bachiller_legalizado, formulario_preinscripcion, verificado_bd_externa, updated_at) VALUES (27, false, false, false, false, false, NOW());
INSERT INTO users (id, name, email, password, role, active, created_at, updated_at) VALUES (127, 'Elena Medina', 'elenamedina27@estudiante.edu.bo', '\$2y\$12\$TyO9cTQJ0O7NSPORyyP8Hup.wk8.BWNWu4itdEJYyjZ2Sem9DbFyi', 'Postulante', true, NOW(), NOW());
INSERT INTO postulantes (id, ci, nombres, apellidos, fecha_nacimiento, sexo, direccion, telefono, email, colegio_procedencia, ciudad, titulo_bachiller, primera_opcion_id, segunda_opcion_id, turno_preferencia, gestion_id, estado, recurrente, user_id, created_at, updated_at) VALUES (28, '8773398', 'Elena', 'Medina', '2005-01-15', 'M', NULL, '59185398717', 'elenamedina27@estudiante.edu.bo', 'Colegio Boliviano', 'Santa Cruz de la Sierra', NULL, 1, 2, 'Tarde', 1, 'Preinscrito', false, 127, NOW(), NOW());
INSERT INTO requisitos_documentales (postulante_id, ci_digitalizado, certificado_nacimiento, titulo_bachiller_legalizado, formulario_preinscripcion, verificado_bd_externa, updated_at) VALUES (28, false, false, false, false, false, NOW());
INSERT INTO users (id, name, email, password, role, active, created_at, updated_at) VALUES (128, 'Verónica Jiménez', 'verónicajiménez28@estudiante.edu.bo', '\$2y\$12\$TyO9cTQJ0O7NSPORyyP8Hup.wk8.BWNWu4itdEJYyjZ2Sem9DbFyi', 'Postulante', true, NOW(), NOW());
INSERT INTO postulantes (id, ci, nombres, apellidos, fecha_nacimiento, sexo, direccion, telefono, email, colegio_procedencia, ciudad, titulo_bachiller, primera_opcion_id, segunda_opcion_id, turno_preferencia, gestion_id, estado, recurrente, user_id, created_at, updated_at) VALUES (29, '8829533', 'Verónica', 'Jiménez', '2005-01-15', 'M', NULL, '59197749611', 'verónicajiménez28@estudiante.edu.bo', 'Colegio Boliviano', 'Santa Cruz de la Sierra', NULL, 1, 2, 'Manana', 1, 'Preinscrito', false, 128, NOW(), NOW());
INSERT INTO requisitos_documentales (postulante_id, ci_digitalizado, certificado_nacimiento, titulo_bachiller_legalizado, formulario_preinscripcion, verificado_bd_externa, updated_at) VALUES (29, false, false, false, false, false, NOW());
INSERT INTO users (id, name, email, password, role, active, created_at, updated_at) VALUES (129, 'Fernando Pérez', 'fernandopérez29@estudiante.edu.bo', '\$2y\$12\$TyO9cTQJ0O7NSPORyyP8Hup.wk8.BWNWu4itdEJYyjZ2Sem9DbFyi', 'Postulante', true, NOW(), NOW());
INSERT INTO postulantes (id, ci, nombres, apellidos, fecha_nacimiento, sexo, direccion, telefono, email, colegio_procedencia, ciudad, titulo_bachiller, primera_opcion_id, segunda_opcion_id, turno_preferencia, gestion_id, estado, recurrente, user_id, created_at, updated_at) VALUES (30, '7308626', 'Fernando', 'Pérez', '2005-01-15', 'M', NULL, '59168974325', 'fernandopérez29@estudiante.edu.bo', 'Colegio Boliviano', 'Santa Cruz de la Sierra', NULL, 1, 2, 'Manana', 1, 'Preinscrito', false, 129, NOW(), NOW());
INSERT INTO requisitos_documentales (postulante_id, ci_digitalizado, certificado_nacimiento, titulo_bachiller_legalizado, formulario_preinscripcion, verificado_bd_externa, updated_at) VALUES (30, false, false, false, false, false, NOW());
INSERT INTO users (id, name, email, password, role, active, created_at, updated_at) VALUES (130, 'Francisca Campos', 'franciscacampos30@estudiante.edu.bo', '\$2y\$12\$TyO9cTQJ0O7NSPORyyP8Hup.wk8.BWNWu4itdEJYyjZ2Sem9DbFyi', 'Postulante', true, NOW(), NOW());
INSERT INTO postulantes (id, ci, nombres, apellidos, fecha_nacimiento, sexo, direccion, telefono, email, colegio_procedencia, ciudad, titulo_bachiller, primera_opcion_id, segunda_opcion_id, turno_preferencia, gestion_id, estado, recurrente, user_id, created_at, updated_at) VALUES (31, '4837551', 'Francisca', 'Campos', '2005-01-15', 'M', NULL, '59168193352', 'franciscacampos30@estudiante.edu.bo', 'Colegio Boliviano', 'Santa Cruz de la Sierra', NULL, 1, 2, 'Manana', 1, 'Preinscrito', false, 130, NOW(), NOW());
INSERT INTO requisitos_documentales (postulante_id, ci_digitalizado, certificado_nacimiento, titulo_bachiller_legalizado, formulario_preinscripcion, verificado_bd_externa, updated_at) VALUES (31, false, false, false, false, false, NOW());
INSERT INTO users (id, name, email, password, role, active, created_at, updated_at) VALUES (131, 'Francisca Ortiz', 'franciscaortiz31@estudiante.edu.bo', '\$2y\$12\$TyO9cTQJ0O7NSPORyyP8Hup.wk8.BWNWu4itdEJYyjZ2Sem9DbFyi', 'Postulante', true, NOW(), NOW());
INSERT INTO postulantes (id, ci, nombres, apellidos, fecha_nacimiento, sexo, direccion, telefono, email, colegio_procedencia, ciudad, titulo_bachiller, primera_opcion_id, segunda_opcion_id, turno_preferencia, gestion_id, estado, recurrente, user_id, created_at, updated_at) VALUES (32, '6173037', 'Francisca', 'Ortiz', '2005-01-15', 'M', NULL, '59199585062', 'franciscaortiz31@estudiante.edu.bo', 'Colegio Boliviano', 'Santa Cruz de la Sierra', NULL, 1, 2, 'Noche', 1, 'Preinscrito', false, 131, NOW(), NOW());
INSERT INTO requisitos_documentales (postulante_id, ci_digitalizado, certificado_nacimiento, titulo_bachiller_legalizado, formulario_preinscripcion, verificado_bd_externa, updated_at) VALUES (32, false, false, false, false, false, NOW());
INSERT INTO users (id, name, email, password, role, active, created_at, updated_at) VALUES (132, 'Bruno Rivas', 'brunorivas32@estudiante.edu.bo', '\$2y\$12\$TyO9cTQJ0O7NSPORyyP8Hup.wk8.BWNWu4itdEJYyjZ2Sem9DbFyi', 'Postulante', true, NOW(), NOW());
INSERT INTO postulantes (id, ci, nombres, apellidos, fecha_nacimiento, sexo, direccion, telefono, email, colegio_procedencia, ciudad, titulo_bachiller, primera_opcion_id, segunda_opcion_id, turno_preferencia, gestion_id, estado, recurrente, user_id, created_at, updated_at) VALUES (33, '4075857', 'Bruno', 'Rivas', '2005-01-15', 'M', NULL, '59182501142', 'brunorivas32@estudiante.edu.bo', 'Colegio Boliviano', 'Santa Cruz de la Sierra', NULL, 1, 2, 'Noche', 1, 'Preinscrito', false, 132, NOW(), NOW());
INSERT INTO requisitos_documentales (postulante_id, ci_digitalizado, certificado_nacimiento, titulo_bachiller_legalizado, formulario_preinscripcion, verificado_bd_externa, updated_at) VALUES (33, false, false, false, false, false, NOW());
INSERT INTO users (id, name, email, password, role, active, created_at, updated_at) VALUES (133, 'Manuel Contreras', 'manuelcontreras33@estudiante.edu.bo', '\$2y\$12\$TyO9cTQJ0O7NSPORyyP8Hup.wk8.BWNWu4itdEJYyjZ2Sem9DbFyi', 'Postulante', true, NOW(), NOW());
INSERT INTO postulantes (id, ci, nombres, apellidos, fecha_nacimiento, sexo, direccion, telefono, email, colegio_procedencia, ciudad, titulo_bachiller, primera_opcion_id, segunda_opcion_id, turno_preferencia, gestion_id, estado, recurrente, user_id, created_at, updated_at) VALUES (34, '9167433', 'Manuel', 'Contreras', '2005-01-15', 'M', NULL, '59176486786', 'manuelcontreras33@estudiante.edu.bo', 'Colegio Boliviano', 'Santa Cruz de la Sierra', NULL, 1, 2, 'Noche', 1, 'Preinscrito', false, 133, NOW(), NOW());
INSERT INTO requisitos_documentales (postulante_id, ci_digitalizado, certificado_nacimiento, titulo_bachiller_legalizado, formulario_preinscripcion, verificado_bd_externa, updated_at) VALUES (34, false, false, false, false, false, NOW());
INSERT INTO users (id, name, email, password, role, active, created_at, updated_at) VALUES (134, 'Manuel Rivas', 'manuelrivas34@estudiante.edu.bo', '\$2y\$12\$TyO9cTQJ0O7NSPORyyP8Hup.wk8.BWNWu4itdEJYyjZ2Sem9DbFyi', 'Postulante', true, NOW(), NOW());
INSERT INTO postulantes (id, ci, nombres, apellidos, fecha_nacimiento, sexo, direccion, telefono, email, colegio_procedencia, ciudad, titulo_bachiller, primera_opcion_id, segunda_opcion_id, turno_preferencia, gestion_id, estado, recurrente, user_id, created_at, updated_at) VALUES (35, '3455468', 'Manuel', 'Rivas', '2005-01-15', 'M', NULL, '59181041586', 'manuelrivas34@estudiante.edu.bo', 'Colegio Boliviano', 'Santa Cruz de la Sierra', NULL, 1, 2, 'Manana', 1, 'Preinscrito', false, 134, NOW(), NOW());
INSERT INTO requisitos_documentales (postulante_id, ci_digitalizado, certificado_nacimiento, titulo_bachiller_legalizado, formulario_preinscripcion, verificado_bd_externa, updated_at) VALUES (35, false, false, false, false, false, NOW());
INSERT INTO users (id, name, email, password, role, active, created_at, updated_at) VALUES (135, 'Carmen Vega', 'carmenvega35@estudiante.edu.bo', '\$2y\$12\$TyO9cTQJ0O7NSPORyyP8Hup.wk8.BWNWu4itdEJYyjZ2Sem9DbFyi', 'Postulante', true, NOW(), NOW());
INSERT INTO postulantes (id, ci, nombres, apellidos, fecha_nacimiento, sexo, direccion, telefono, email, colegio_procedencia, ciudad, titulo_bachiller, primera_opcion_id, segunda_opcion_id, turno_preferencia, gestion_id, estado, recurrente, user_id, created_at, updated_at) VALUES (36, '7789374', 'Carmen', 'Vega', '2005-01-15', 'M', NULL, '59162720643', 'carmenvega35@estudiante.edu.bo', 'Colegio Boliviano', 'Santa Cruz de la Sierra', NULL, 1, 2, 'Manana', 1, 'Preinscrito', false, 135, NOW(), NOW());
INSERT INTO requisitos_documentales (postulante_id, ci_digitalizado, certificado_nacimiento, titulo_bachiller_legalizado, formulario_preinscripcion, verificado_bd_externa, updated_at) VALUES (36, false, false, false, false, false, NOW());
INSERT INTO users (id, name, email, password, role, active, created_at, updated_at) VALUES (136, 'Eduardo Ruiz', 'eduardoruiz36@estudiante.edu.bo', '\$2y\$12\$TyO9cTQJ0O7NSPORyyP8Hup.wk8.BWNWu4itdEJYyjZ2Sem9DbFyi', 'Postulante', true, NOW(), NOW());
INSERT INTO postulantes (id, ci, nombres, apellidos, fecha_nacimiento, sexo, direccion, telefono, email, colegio_procedencia, ciudad, titulo_bachiller, primera_opcion_id, segunda_opcion_id, turno_preferencia, gestion_id, estado, recurrente, user_id, created_at, updated_at) VALUES (37, '2501550', 'Eduardo', 'Ruiz', '2005-01-15', 'M', NULL, '59188055155', 'eduardoruiz36@estudiante.edu.bo', 'Colegio Boliviano', 'Santa Cruz de la Sierra', NULL, 1, 2, 'Tarde', 1, 'Preinscrito', false, 136, NOW(), NOW());
INSERT INTO requisitos_documentales (postulante_id, ci_digitalizado, certificado_nacimiento, titulo_bachiller_legalizado, formulario_preinscripcion, verificado_bd_externa, updated_at) VALUES (37, false, false, false, false, false, NOW());
INSERT INTO users (id, name, email, password, role, active, created_at, updated_at) VALUES (137, 'Valentina Ortiz', 'valentinaortiz37@estudiante.edu.bo', '\$2y\$12\$TyO9cTQJ0O7NSPORyyP8Hup.wk8.BWNWu4itdEJYyjZ2Sem9DbFyi', 'Postulante', true, NOW(), NOW());
INSERT INTO postulantes (id, ci, nombres, apellidos, fecha_nacimiento, sexo, direccion, telefono, email, colegio_procedencia, ciudad, titulo_bachiller, primera_opcion_id, segunda_opcion_id, turno_preferencia, gestion_id, estado, recurrente, user_id, created_at, updated_at) VALUES (38, '6112284', 'Valentina', 'Ortiz', '2005-01-15', 'M', NULL, '59186695853', 'valentinaortiz37@estudiante.edu.bo', 'Colegio Boliviano', 'Santa Cruz de la Sierra', NULL, 1, 2, 'Manana', 1, 'Preinscrito', false, 137, NOW(), NOW());
INSERT INTO requisitos_documentales (postulante_id, ci_digitalizado, certificado_nacimiento, titulo_bachiller_legalizado, formulario_preinscripcion, verificado_bd_externa, updated_at) VALUES (38, false, false, false, false, false, NOW());
INSERT INTO users (id, name, email, password, role, active, created_at, updated_at) VALUES (138, 'Rosa Ortiz', 'rosaortiz38@estudiante.edu.bo', '\$2y\$12\$TyO9cTQJ0O7NSPORyyP8Hup.wk8.BWNWu4itdEJYyjZ2Sem9DbFyi', 'Postulante', true, NOW(), NOW());
INSERT INTO postulantes (id, ci, nombres, apellidos, fecha_nacimiento, sexo, direccion, telefono, email, colegio_procedencia, ciudad, titulo_bachiller, primera_opcion_id, segunda_opcion_id, turno_preferencia, gestion_id, estado, recurrente, user_id, created_at, updated_at) VALUES (39, '3072292', 'Rosa', 'Ortiz', '2005-01-15', 'M', NULL, '59191370333', 'rosaortiz38@estudiante.edu.bo', 'Colegio Boliviano', 'Santa Cruz de la Sierra', NULL, 1, 2, 'Manana', 1, 'Preinscrito', false, 138, NOW(), NOW());
INSERT INTO requisitos_documentales (postulante_id, ci_digitalizado, certificado_nacimiento, titulo_bachiller_legalizado, formulario_preinscripcion, verificado_bd_externa, updated_at) VALUES (39, false, false, false, false, false, NOW());
INSERT INTO users (id, name, email, password, role, active, created_at, updated_at) VALUES (139, 'Rafael Vargas', 'rafaelvargas39@estudiante.edu.bo', '\$2y\$12\$TyO9cTQJ0O7NSPORyyP8Hup.wk8.BWNWu4itdEJYyjZ2Sem9DbFyi', 'Postulante', true, NOW(), NOW());
INSERT INTO postulantes (id, ci, nombres, apellidos, fecha_nacimiento, sexo, direccion, telefono, email, colegio_procedencia, ciudad, titulo_bachiller, primera_opcion_id, segunda_opcion_id, turno_preferencia, gestion_id, estado, recurrente, user_id, created_at, updated_at) VALUES (40, '8375979', 'Rafael', 'Vargas', '2005-01-15', 'M', NULL, '59166588745', 'rafaelvargas39@estudiante.edu.bo', 'Colegio Boliviano', 'Santa Cruz de la Sierra', NULL, 1, 2, 'Tarde', 1, 'Preinscrito', false, 139, NOW(), NOW());
INSERT INTO requisitos_documentales (postulante_id, ci_digitalizado, certificado_nacimiento, titulo_bachiller_legalizado, formulario_preinscripcion, verificado_bd_externa, updated_at) VALUES (40, false, false, false, false, false, NOW());
INSERT INTO users (id, name, email, password, role, active, created_at, updated_at) VALUES (140, 'Arturo Vargas', 'arturovargas40@estudiante.edu.bo', '\$2y\$12\$TyO9cTQJ0O7NSPORyyP8Hup.wk8.BWNWu4itdEJYyjZ2Sem9DbFyi', 'Postulante', true, NOW(), NOW());
INSERT INTO postulantes (id, ci, nombres, apellidos, fecha_nacimiento, sexo, direccion, telefono, email, colegio_procedencia, ciudad, titulo_bachiller, primera_opcion_id, segunda_opcion_id, turno_preferencia, gestion_id, estado, recurrente, user_id, created_at, updated_at) VALUES (41, '1873991', 'Arturo', 'Vargas', '2005-01-15', 'M', NULL, '59175340481', 'arturovargas40@estudiante.edu.bo', 'Colegio Boliviano', 'Santa Cruz de la Sierra', NULL, 1, 2, 'Tarde', 1, 'Preinscrito', false, 140, NOW(), NOW());
INSERT INTO requisitos_documentales (postulante_id, ci_digitalizado, certificado_nacimiento, titulo_bachiller_legalizado, formulario_preinscripcion, verificado_bd_externa, updated_at) VALUES (41, false, false, false, false, false, NOW());
INSERT INTO users (id, name, email, password, role, active, created_at, updated_at) VALUES (141, 'Lorena Torres', 'lorenatorres41@estudiante.edu.bo', '\$2y\$12\$TyO9cTQJ0O7NSPORyyP8Hup.wk8.BWNWu4itdEJYyjZ2Sem9DbFyi', 'Postulante', true, NOW(), NOW());
INSERT INTO postulantes (id, ci, nombres, apellidos, fecha_nacimiento, sexo, direccion, telefono, email, colegio_procedencia, ciudad, titulo_bachiller, primera_opcion_id, segunda_opcion_id, turno_preferencia, gestion_id, estado, recurrente, user_id, created_at, updated_at) VALUES (42, '3519252', 'Lorena', 'Torres', '2005-01-15', 'M', NULL, '59193844995', 'lorenatorres41@estudiante.edu.bo', 'Colegio Boliviano', 'Santa Cruz de la Sierra', NULL, 1, 2, 'Noche', 1, 'Preinscrito', false, 141, NOW(), NOW());
INSERT INTO requisitos_documentales (postulante_id, ci_digitalizado, certificado_nacimiento, titulo_bachiller_legalizado, formulario_preinscripcion, verificado_bd_externa, updated_at) VALUES (42, false, false, false, false, false, NOW());
INSERT INTO users (id, name, email, password, role, active, created_at, updated_at) VALUES (142, 'Eduardo Hernández', 'eduardohernández42@estudiante.edu.bo', '\$2y\$12\$TyO9cTQJ0O7NSPORyyP8Hup.wk8.BWNWu4itdEJYyjZ2Sem9DbFyi', 'Postulante', true, NOW(), NOW());
INSERT INTO postulantes (id, ci, nombres, apellidos, fecha_nacimiento, sexo, direccion, telefono, email, colegio_procedencia, ciudad, titulo_bachiller, primera_opcion_id, segunda_opcion_id, turno_preferencia, gestion_id, estado, recurrente, user_id, created_at, updated_at) VALUES (43, '4383312', 'Eduardo', 'Hernández', '2005-01-15', 'M', NULL, '59189104197', 'eduardohernández42@estudiante.edu.bo', 'Colegio Boliviano', 'Santa Cruz de la Sierra', NULL, 1, 2, 'Noche', 1, 'Preinscrito', false, 142, NOW(), NOW());
INSERT INTO requisitos_documentales (postulante_id, ci_digitalizado, certificado_nacimiento, titulo_bachiller_legalizado, formulario_preinscripcion, verificado_bd_externa, updated_at) VALUES (43, false, false, false, false, false, NOW());
INSERT INTO users (id, name, email, password, role, active, created_at, updated_at) VALUES (143, 'Pedro Rojas', 'pedrorojas43@estudiante.edu.bo', '\$2y\$12\$TyO9cTQJ0O7NSPORyyP8Hup.wk8.BWNWu4itdEJYyjZ2Sem9DbFyi', 'Postulante', true, NOW(), NOW());
INSERT INTO postulantes (id, ci, nombres, apellidos, fecha_nacimiento, sexo, direccion, telefono, email, colegio_procedencia, ciudad, titulo_bachiller, primera_opcion_id, segunda_opcion_id, turno_preferencia, gestion_id, estado, recurrente, user_id, created_at, updated_at) VALUES (44, '9725724', 'Pedro', 'Rojas', '2005-01-15', 'M', NULL, '59173397180', 'pedrorojas43@estudiante.edu.bo', 'Colegio Boliviano', 'Santa Cruz de la Sierra', NULL, 1, 2, 'Manana', 1, 'Preinscrito', false, 143, NOW(), NOW());
INSERT INTO requisitos_documentales (postulante_id, ci_digitalizado, certificado_nacimiento, titulo_bachiller_legalizado, formulario_preinscripcion, verificado_bd_externa, updated_at) VALUES (44, false, false, false, false, false, NOW());
INSERT INTO users (id, name, email, password, role, active, created_at, updated_at) VALUES (144, 'Víctor Hernández', 'víctorhernández44@estudiante.edu.bo', '\$2y\$12\$TyO9cTQJ0O7NSPORyyP8Hup.wk8.BWNWu4itdEJYyjZ2Sem9DbFyi', 'Postulante', true, NOW(), NOW());
INSERT INTO postulantes (id, ci, nombres, apellidos, fecha_nacimiento, sexo, direccion, telefono, email, colegio_procedencia, ciudad, titulo_bachiller, primera_opcion_id, segunda_opcion_id, turno_preferencia, gestion_id, estado, recurrente, user_id, created_at, updated_at) VALUES (45, '7421764', 'Víctor', 'Hernández', '2005-01-15', 'M', NULL, '59167816264', 'víctorhernández44@estudiante.edu.bo', 'Colegio Boliviano', 'Santa Cruz de la Sierra', NULL, 1, 2, 'Manana', 1, 'Preinscrito', false, 144, NOW(), NOW());
INSERT INTO requisitos_documentales (postulante_id, ci_digitalizado, certificado_nacimiento, titulo_bachiller_legalizado, formulario_preinscripcion, verificado_bd_externa, updated_at) VALUES (45, false, false, false, false, false, NOW());
INSERT INTO users (id, name, email, password, role, active, created_at, updated_at) VALUES (145, 'Isabel Fuentes', 'isabelfuentes45@estudiante.edu.bo', '\$2y\$12\$TyO9cTQJ0O7NSPORyyP8Hup.wk8.BWNWu4itdEJYyjZ2Sem9DbFyi', 'Postulante', true, NOW(), NOW());
INSERT INTO postulantes (id, ci, nombres, apellidos, fecha_nacimiento, sexo, direccion, telefono, email, colegio_procedencia, ciudad, titulo_bachiller, primera_opcion_id, segunda_opcion_id, turno_preferencia, gestion_id, estado, recurrente, user_id, created_at, updated_at) VALUES (46, '7832185', 'Isabel', 'Fuentes', '2005-01-15', 'M', NULL, '59199519115', 'isabelfuentes45@estudiante.edu.bo', 'Colegio Boliviano', 'Santa Cruz de la Sierra', NULL, 1, 2, 'Tarde', 1, 'Preinscrito', false, 145, NOW(), NOW());
INSERT INTO requisitos_documentales (postulante_id, ci_digitalizado, certificado_nacimiento, titulo_bachiller_legalizado, formulario_preinscripcion, verificado_bd_externa, updated_at) VALUES (46, false, false, false, false, false, NOW());
INSERT INTO users (id, name, email, password, role, active, created_at, updated_at) VALUES (146, 'Ana Valdez', 'anavaldez46@estudiante.edu.bo', '\$2y\$12\$TyO9cTQJ0O7NSPORyyP8Hup.wk8.BWNWu4itdEJYyjZ2Sem9DbFyi', 'Postulante', true, NOW(), NOW());
INSERT INTO postulantes (id, ci, nombres, apellidos, fecha_nacimiento, sexo, direccion, telefono, email, colegio_procedencia, ciudad, titulo_bachiller, primera_opcion_id, segunda_opcion_id, turno_preferencia, gestion_id, estado, recurrente, user_id, created_at, updated_at) VALUES (47, '7826902', 'Ana', 'Valdez', '2005-01-15', 'M', NULL, '59171420252', 'anavaldez46@estudiante.edu.bo', 'Colegio Boliviano', 'Santa Cruz de la Sierra', NULL, 1, 2, 'Tarde', 1, 'Preinscrito', false, 146, NOW(), NOW());
INSERT INTO requisitos_documentales (postulante_id, ci_digitalizado, certificado_nacimiento, titulo_bachiller_legalizado, formulario_preinscripcion, verificado_bd_externa, updated_at) VALUES (47, false, false, false, false, false, NOW());
INSERT INTO users (id, name, email, password, role, active, created_at, updated_at) VALUES (147, 'Matías Jiménez', 'matíasjiménez47@estudiante.edu.bo', '\$2y\$12\$TyO9cTQJ0O7NSPORyyP8Hup.wk8.BWNWu4itdEJYyjZ2Sem9DbFyi', 'Postulante', true, NOW(), NOW());
INSERT INTO postulantes (id, ci, nombres, apellidos, fecha_nacimiento, sexo, direccion, telefono, email, colegio_procedencia, ciudad, titulo_bachiller, primera_opcion_id, segunda_opcion_id, turno_preferencia, gestion_id, estado, recurrente, user_id, created_at, updated_at) VALUES (48, '4579557', 'Matías', 'Jiménez', '2005-01-15', 'M', NULL, '59170859665', 'matíasjiménez47@estudiante.edu.bo', 'Colegio Boliviano', 'Santa Cruz de la Sierra', NULL, 1, 2, 'Tarde', 1, 'Preinscrito', false, 147, NOW(), NOW());
INSERT INTO requisitos_documentales (postulante_id, ci_digitalizado, certificado_nacimiento, titulo_bachiller_legalizado, formulario_preinscripcion, verificado_bd_externa, updated_at) VALUES (48, false, false, false, false, false, NOW());
INSERT INTO users (id, name, email, password, role, active, created_at, updated_at) VALUES (148, 'Verónica Fuentes', 'verónicafuentes48@estudiante.edu.bo', '\$2y\$12\$TyO9cTQJ0O7NSPORyyP8Hup.wk8.BWNWu4itdEJYyjZ2Sem9DbFyi', 'Postulante', true, NOW(), NOW());
INSERT INTO postulantes (id, ci, nombres, apellidos, fecha_nacimiento, sexo, direccion, telefono, email, colegio_procedencia, ciudad, titulo_bachiller, primera_opcion_id, segunda_opcion_id, turno_preferencia, gestion_id, estado, recurrente, user_id, created_at, updated_at) VALUES (49, '6841134', 'Verónica', 'Fuentes', '2005-01-15', 'M', NULL, '59163383797', 'verónicafuentes48@estudiante.edu.bo', 'Colegio Boliviano', 'Santa Cruz de la Sierra', NULL, 1, 2, 'Noche', 1, 'Preinscrito', false, 148, NOW(), NOW());
INSERT INTO requisitos_documentales (postulante_id, ci_digitalizado, certificado_nacimiento, titulo_bachiller_legalizado, formulario_preinscripcion, verificado_bd_externa, updated_at) VALUES (49, false, false, false, false, false, NOW());
INSERT INTO users (id, name, email, password, role, active, created_at, updated_at) VALUES (149, 'Natalia Medina', 'nataliamedina49@estudiante.edu.bo', '\$2y\$12\$TyO9cTQJ0O7NSPORyyP8Hup.wk8.BWNWu4itdEJYyjZ2Sem9DbFyi', 'Postulante', true, NOW(), NOW());
INSERT INTO postulantes (id, ci, nombres, apellidos, fecha_nacimiento, sexo, direccion, telefono, email, colegio_procedencia, ciudad, titulo_bachiller, primera_opcion_id, segunda_opcion_id, turno_preferencia, gestion_id, estado, recurrente, user_id, created_at, updated_at) VALUES (50, '7969807', 'Natalia', 'Medina', '2005-01-15', 'M', NULL, '59168891037', 'nataliamedina49@estudiante.edu.bo', 'Colegio Boliviano', 'Santa Cruz de la Sierra', NULL, 1, 2, 'Manana', 1, 'Preinscrito', false, 149, NOW(), NOW());
INSERT INTO requisitos_documentales (postulante_id, ci_digitalizado, certificado_nacimiento, titulo_bachiller_legalizado, formulario_preinscripcion, verificado_bd_externa, updated_at) VALUES (50, false, false, false, false, false, NOW());
INSERT INTO users (id, name, email, password, role, active, created_at, updated_at) VALUES (150, 'Rosario Sánchez', 'rosariosánchez50@estudiante.edu.bo', '\$2y\$12\$TyO9cTQJ0O7NSPORyyP8Hup.wk8.BWNWu4itdEJYyjZ2Sem9DbFyi', 'Postulante', true, NOW(), NOW());
INSERT INTO postulantes (id, ci, nombres, apellidos, fecha_nacimiento, sexo, direccion, telefono, email, colegio_procedencia, ciudad, titulo_bachiller, primera_opcion_id, segunda_opcion_id, turno_preferencia, gestion_id, estado, recurrente, user_id, created_at, updated_at) VALUES (51, '3494283', 'Rosario', 'Sánchez', '2005-01-15', 'M', NULL, '59172494291', 'rosariosánchez50@estudiante.edu.bo', 'Colegio Boliviano', 'Santa Cruz de la Sierra', NULL, 1, 2, 'Manana', 1, 'Preinscrito', false, 150, NOW(), NOW());
INSERT INTO requisitos_documentales (postulante_id, ci_digitalizado, certificado_nacimiento, titulo_bachiller_legalizado, formulario_preinscripcion, verificado_bd_externa, updated_at) VALUES (51, false, false, false, false, false, NOW());
INSERT INTO users (id, name, email, password, role, active, created_at, updated_at) VALUES (151, 'Rafael Ruiz', 'rafaelruiz51@estudiante.edu.bo', '\$2y\$12\$TyO9cTQJ0O7NSPORyyP8Hup.wk8.BWNWu4itdEJYyjZ2Sem9DbFyi', 'Postulante', true, NOW(), NOW());
INSERT INTO postulantes (id, ci, nombres, apellidos, fecha_nacimiento, sexo, direccion, telefono, email, colegio_procedencia, ciudad, titulo_bachiller, primera_opcion_id, segunda_opcion_id, turno_preferencia, gestion_id, estado, recurrente, user_id, created_at, updated_at) VALUES (52, '5147992', 'Rafael', 'Ruiz', '2005-01-15', 'M', NULL, '59178629574', 'rafaelruiz51@estudiante.edu.bo', 'Colegio Boliviano', 'Santa Cruz de la Sierra', NULL, 1, 2, 'Tarde', 1, 'Preinscrito', false, 151, NOW(), NOW());
INSERT INTO requisitos_documentales (postulante_id, ci_digitalizado, certificado_nacimiento, titulo_bachiller_legalizado, formulario_preinscripcion, verificado_bd_externa, updated_at) VALUES (52, false, false, false, false, false, NOW());
INSERT INTO users (id, name, email, password, role, active, created_at, updated_at) VALUES (152, 'María Silva', 'maríasilva52@estudiante.edu.bo', '\$2y\$12\$TyO9cTQJ0O7NSPORyyP8Hup.wk8.BWNWu4itdEJYyjZ2Sem9DbFyi', 'Postulante', true, NOW(), NOW());
INSERT INTO postulantes (id, ci, nombres, apellidos, fecha_nacimiento, sexo, direccion, telefono, email, colegio_procedencia, ciudad, titulo_bachiller, primera_opcion_id, segunda_opcion_id, turno_preferencia, gestion_id, estado, recurrente, user_id, created_at, updated_at) VALUES (53, '8852845', 'María', 'Silva', '2005-01-15', 'M', NULL, '59189687998', 'maríasilva52@estudiante.edu.bo', 'Colegio Boliviano', 'Santa Cruz de la Sierra', NULL, 1, 2, 'Noche', 1, 'Preinscrito', false, 152, NOW(), NOW());
INSERT INTO requisitos_documentales (postulante_id, ci_digitalizado, certificado_nacimiento, titulo_bachiller_legalizado, formulario_preinscripcion, verificado_bd_externa, updated_at) VALUES (53, false, false, false, false, false, NOW());
INSERT INTO users (id, name, email, password, role, active, created_at, updated_at) VALUES (153, 'Aurora García', 'auroragarcía53@estudiante.edu.bo', '\$2y\$12\$TyO9cTQJ0O7NSPORyyP8Hup.wk8.BWNWu4itdEJYyjZ2Sem9DbFyi', 'Postulante', true, NOW(), NOW());
INSERT INTO postulantes (id, ci, nombres, apellidos, fecha_nacimiento, sexo, direccion, telefono, email, colegio_procedencia, ciudad, titulo_bachiller, primera_opcion_id, segunda_opcion_id, turno_preferencia, gestion_id, estado, recurrente, user_id, created_at, updated_at) VALUES (54, '1247650', 'Aurora', 'García', '2005-01-15', 'M', NULL, '59176296856', 'auroragarcía53@estudiante.edu.bo', 'Colegio Boliviano', 'Santa Cruz de la Sierra', NULL, 1, 2, 'Manana', 1, 'Preinscrito', false, 153, NOW(), NOW());
INSERT INTO requisitos_documentales (postulante_id, ci_digitalizado, certificado_nacimiento, titulo_bachiller_legalizado, formulario_preinscripcion, verificado_bd_externa, updated_at) VALUES (54, false, false, false, false, false, NOW());
INSERT INTO users (id, name, email, password, role, active, created_at, updated_at) VALUES (154, 'Eduardo Fuentes', 'eduardofuentes54@estudiante.edu.bo', '\$2y\$12\$TyO9cTQJ0O7NSPORyyP8Hup.wk8.BWNWu4itdEJYyjZ2Sem9DbFyi', 'Postulante', true, NOW(), NOW());
INSERT INTO postulantes (id, ci, nombres, apellidos, fecha_nacimiento, sexo, direccion, telefono, email, colegio_procedencia, ciudad, titulo_bachiller, primera_opcion_id, segunda_opcion_id, turno_preferencia, gestion_id, estado, recurrente, user_id, created_at, updated_at) VALUES (55, '5412309', 'Eduardo', 'Fuentes', '2005-01-15', 'M', NULL, '59166662307', 'eduardofuentes54@estudiante.edu.bo', 'Colegio Boliviano', 'Santa Cruz de la Sierra', NULL, 1, 2, 'Manana', 1, 'Preinscrito', false, 154, NOW(), NOW());
INSERT INTO requisitos_documentales (postulante_id, ci_digitalizado, certificado_nacimiento, titulo_bachiller_legalizado, formulario_preinscripcion, verificado_bd_externa, updated_at) VALUES (55, false, false, false, false, false, NOW());
INSERT INTO users (id, name, email, password, role, active, created_at, updated_at) VALUES (155, 'Oscar Ortiz', 'oscarortiz55@estudiante.edu.bo', '\$2y\$12\$TyO9cTQJ0O7NSPORyyP8Hup.wk8.BWNWu4itdEJYyjZ2Sem9DbFyi', 'Postulante', true, NOW(), NOW());
INSERT INTO postulantes (id, ci, nombres, apellidos, fecha_nacimiento, sexo, direccion, telefono, email, colegio_procedencia, ciudad, titulo_bachiller, primera_opcion_id, segunda_opcion_id, turno_preferencia, gestion_id, estado, recurrente, user_id, created_at, updated_at) VALUES (56, '4942763', 'Oscar', 'Ortiz', '2005-01-15', 'M', NULL, '59188650998', 'oscarortiz55@estudiante.edu.bo', 'Colegio Boliviano', 'Santa Cruz de la Sierra', NULL, 1, 2, 'Noche', 1, 'Preinscrito', false, 155, NOW(), NOW());
INSERT INTO requisitos_documentales (postulante_id, ci_digitalizado, certificado_nacimiento, titulo_bachiller_legalizado, formulario_preinscripcion, verificado_bd_externa, updated_at) VALUES (56, false, false, false, false, false, NOW());
INSERT INTO users (id, name, email, password, role, active, created_at, updated_at) VALUES (156, 'Verónica Valencia', 'verónicavalencia56@estudiante.edu.bo', '\$2y\$12\$TyO9cTQJ0O7NSPORyyP8Hup.wk8.BWNWu4itdEJYyjZ2Sem9DbFyi', 'Postulante', true, NOW(), NOW());
INSERT INTO postulantes (id, ci, nombres, apellidos, fecha_nacimiento, sexo, direccion, telefono, email, colegio_procedencia, ciudad, titulo_bachiller, primera_opcion_id, segunda_opcion_id, turno_preferencia, gestion_id, estado, recurrente, user_id, created_at, updated_at) VALUES (57, '7224808', 'Verónica', 'Valencia', '2005-01-15', 'M', NULL, '59164296752', 'verónicavalencia56@estudiante.edu.bo', 'Colegio Boliviano', 'Santa Cruz de la Sierra', NULL, 1, 2, 'Noche', 1, 'Preinscrito', false, 156, NOW(), NOW());
INSERT INTO requisitos_documentales (postulante_id, ci_digitalizado, certificado_nacimiento, titulo_bachiller_legalizado, formulario_preinscripcion, verificado_bd_externa, updated_at) VALUES (57, false, false, false, false, false, NOW());
INSERT INTO users (id, name, email, password, role, active, created_at, updated_at) VALUES (157, 'Víctor Morales', 'víctormorales57@estudiante.edu.bo', '\$2y\$12\$TyO9cTQJ0O7NSPORyyP8Hup.wk8.BWNWu4itdEJYyjZ2Sem9DbFyi', 'Postulante', true, NOW(), NOW());
INSERT INTO postulantes (id, ci, nombres, apellidos, fecha_nacimiento, sexo, direccion, telefono, email, colegio_procedencia, ciudad, titulo_bachiller, primera_opcion_id, segunda_opcion_id, turno_preferencia, gestion_id, estado, recurrente, user_id, created_at, updated_at) VALUES (58, '2227790', 'Víctor', 'Morales', '2005-01-15', 'M', NULL, '59185670481', 'víctormorales57@estudiante.edu.bo', 'Colegio Boliviano', 'Santa Cruz de la Sierra', NULL, 1, 2, 'Tarde', 1, 'Preinscrito', false, 157, NOW(), NOW());
INSERT INTO requisitos_documentales (postulante_id, ci_digitalizado, certificado_nacimiento, titulo_bachiller_legalizado, formulario_preinscripcion, verificado_bd_externa, updated_at) VALUES (58, false, false, false, false, false, NOW());
INSERT INTO users (id, name, email, password, role, active, created_at, updated_at) VALUES (158, 'Esperanza Vargas', 'esperanzavargas58@estudiante.edu.bo', '\$2y\$12\$TyO9cTQJ0O7NSPORyyP8Hup.wk8.BWNWu4itdEJYyjZ2Sem9DbFyi', 'Postulante', true, NOW(), NOW());
INSERT INTO postulantes (id, ci, nombres, apellidos, fecha_nacimiento, sexo, direccion, telefono, email, colegio_procedencia, ciudad, titulo_bachiller, primera_opcion_id, segunda_opcion_id, turno_preferencia, gestion_id, estado, recurrente, user_id, created_at, updated_at) VALUES (59, '6916496', 'Esperanza', 'Vargas', '2005-01-15', 'M', NULL, '59174392481', 'esperanzavargas58@estudiante.edu.bo', 'Colegio Boliviano', 'Santa Cruz de la Sierra', NULL, 1, 2, 'Tarde', 1, 'Preinscrito', false, 158, NOW(), NOW());
INSERT INTO requisitos_documentales (postulante_id, ci_digitalizado, certificado_nacimiento, titulo_bachiller_legalizado, formulario_preinscripcion, verificado_bd_externa, updated_at) VALUES (59, false, false, false, false, false, NOW());
INSERT INTO users (id, name, email, password, role, active, created_at, updated_at) VALUES (159, 'Ricardo Delgado', 'ricardodelgado59@estudiante.edu.bo', '\$2y\$12\$TyO9cTQJ0O7NSPORyyP8Hup.wk8.BWNWu4itdEJYyjZ2Sem9DbFyi', 'Postulante', true, NOW(), NOW());
INSERT INTO postulantes (id, ci, nombres, apellidos, fecha_nacimiento, sexo, direccion, telefono, email, colegio_procedencia, ciudad, titulo_bachiller, primera_opcion_id, segunda_opcion_id, turno_preferencia, gestion_id, estado, recurrente, user_id, created_at, updated_at) VALUES (60, '8531688', 'Ricardo', 'Delgado', '2005-01-15', 'M', NULL, '59185452331', 'ricardodelgado59@estudiante.edu.bo', 'Colegio Boliviano', 'Santa Cruz de la Sierra', NULL, 1, 2, 'Noche', 1, 'Preinscrito', false, 159, NOW(), NOW());
INSERT INTO requisitos_documentales (postulante_id, ci_digitalizado, certificado_nacimiento, titulo_bachiller_legalizado, formulario_preinscripcion, verificado_bd_externa, updated_at) VALUES (60, false, false, false, false, false, NOW());
INSERT INTO users (id, name, email, password, role, active, created_at, updated_at) VALUES (160, 'Eduardo Jiménez', 'eduardojiménez60@estudiante.edu.bo', '\$2y\$12\$TyO9cTQJ0O7NSPORyyP8Hup.wk8.BWNWu4itdEJYyjZ2Sem9DbFyi', 'Postulante', true, NOW(), NOW());
INSERT INTO postulantes (id, ci, nombres, apellidos, fecha_nacimiento, sexo, direccion, telefono, email, colegio_procedencia, ciudad, titulo_bachiller, primera_opcion_id, segunda_opcion_id, turno_preferencia, gestion_id, estado, recurrente, user_id, created_at, updated_at) VALUES (61, '9033198', 'Eduardo', 'Jiménez', '2005-01-15', 'M', NULL, '59188889982', 'eduardojiménez60@estudiante.edu.bo', 'Colegio Boliviano', 'Santa Cruz de la Sierra', NULL, 1, 2, 'Manana', 1, 'Preinscrito', false, 160, NOW(), NOW());
INSERT INTO requisitos_documentales (postulante_id, ci_digitalizado, certificado_nacimiento, titulo_bachiller_legalizado, formulario_preinscripcion, verificado_bd_externa, updated_at) VALUES (61, false, false, false, false, false, NOW());
INSERT INTO users (id, name, email, password, role, active, created_at, updated_at) VALUES (161, 'Eduardo Jiménez', 'eduardojiménez61@estudiante.edu.bo', '\$2y\$12\$TyO9cTQJ0O7NSPORyyP8Hup.wk8.BWNWu4itdEJYyjZ2Sem9DbFyi', 'Postulante', true, NOW(), NOW());
INSERT INTO postulantes (id, ci, nombres, apellidos, fecha_nacimiento, sexo, direccion, telefono, email, colegio_procedencia, ciudad, titulo_bachiller, primera_opcion_id, segunda_opcion_id, turno_preferencia, gestion_id, estado, recurrente, user_id, created_at, updated_at) VALUES (62, '5928364', 'Eduardo', 'Jiménez', '2005-01-15', 'M', NULL, '59160288716', 'eduardojiménez61@estudiante.edu.bo', 'Colegio Boliviano', 'Santa Cruz de la Sierra', NULL, 1, 2, 'Noche', 1, 'Preinscrito', false, 161, NOW(), NOW());
INSERT INTO requisitos_documentales (postulante_id, ci_digitalizado, certificado_nacimiento, titulo_bachiller_legalizado, formulario_preinscripcion, verificado_bd_externa, updated_at) VALUES (62, false, false, false, false, false, NOW());
INSERT INTO users (id, name, email, password, role, active, created_at, updated_at) VALUES (162, 'Antonio Castillo', 'antoniocastillo62@estudiante.edu.bo', '\$2y\$12\$TyO9cTQJ0O7NSPORyyP8Hup.wk8.BWNWu4itdEJYyjZ2Sem9DbFyi', 'Postulante', true, NOW(), NOW());
INSERT INTO postulantes (id, ci, nombres, apellidos, fecha_nacimiento, sexo, direccion, telefono, email, colegio_procedencia, ciudad, titulo_bachiller, primera_opcion_id, segunda_opcion_id, turno_preferencia, gestion_id, estado, recurrente, user_id, created_at, updated_at) VALUES (63, '5443533', 'Antonio', 'Castillo', '2005-01-15', 'M', NULL, '59197842772', 'antoniocastillo62@estudiante.edu.bo', 'Colegio Boliviano', 'Santa Cruz de la Sierra', NULL, 1, 2, 'Tarde', 1, 'Preinscrito', false, 162, NOW(), NOW());
INSERT INTO requisitos_documentales (postulante_id, ci_digitalizado, certificado_nacimiento, titulo_bachiller_legalizado, formulario_preinscripcion, verificado_bd_externa, updated_at) VALUES (63, false, false, false, false, false, NOW());
INSERT INTO users (id, name, email, password, role, active, created_at, updated_at) VALUES (163, 'Javier Ramírez', 'javierramírez63@estudiante.edu.bo', '\$2y\$12\$TyO9cTQJ0O7NSPORyyP8Hup.wk8.BWNWu4itdEJYyjZ2Sem9DbFyi', 'Postulante', true, NOW(), NOW());
INSERT INTO postulantes (id, ci, nombres, apellidos, fecha_nacimiento, sexo, direccion, telefono, email, colegio_procedencia, ciudad, titulo_bachiller, primera_opcion_id, segunda_opcion_id, turno_preferencia, gestion_id, estado, recurrente, user_id, created_at, updated_at) VALUES (64, '2021336', 'Javier', 'Ramírez', '2005-01-15', 'M', NULL, '59194483947', 'javierramírez63@estudiante.edu.bo', 'Colegio Boliviano', 'Santa Cruz de la Sierra', NULL, 1, 2, 'Noche', 1, 'Preinscrito', false, 163, NOW(), NOW());
INSERT INTO requisitos_documentales (postulante_id, ci_digitalizado, certificado_nacimiento, titulo_bachiller_legalizado, formulario_preinscripcion, verificado_bd_externa, updated_at) VALUES (64, false, false, false, false, false, NOW());
INSERT INTO users (id, name, email, password, role, active, created_at, updated_at) VALUES (164, 'Víctor Hernández', 'víctorhernández64@estudiante.edu.bo', '\$2y\$12\$TyO9cTQJ0O7NSPORyyP8Hup.wk8.BWNWu4itdEJYyjZ2Sem9DbFyi', 'Postulante', true, NOW(), NOW());
INSERT INTO postulantes (id, ci, nombres, apellidos, fecha_nacimiento, sexo, direccion, telefono, email, colegio_procedencia, ciudad, titulo_bachiller, primera_opcion_id, segunda_opcion_id, turno_preferencia, gestion_id, estado, recurrente, user_id, created_at, updated_at) VALUES (65, '7065865', 'Víctor', 'Hernández', '2005-01-15', 'M', NULL, '59171253160', 'víctorhernández64@estudiante.edu.bo', 'Colegio Boliviano', 'Santa Cruz de la Sierra', NULL, 1, 2, 'Noche', 1, 'Preinscrito', false, 164, NOW(), NOW());
INSERT INTO requisitos_documentales (postulante_id, ci_digitalizado, certificado_nacimiento, titulo_bachiller_legalizado, formulario_preinscripcion, verificado_bd_externa, updated_at) VALUES (65, false, false, false, false, false, NOW());
INSERT INTO users (id, name, email, password, role, active, created_at, updated_at) VALUES (165, 'Marisol Sánchez', 'marisolsánchez65@estudiante.edu.bo', '\$2y\$12\$TyO9cTQJ0O7NSPORyyP8Hup.wk8.BWNWu4itdEJYyjZ2Sem9DbFyi', 'Postulante', true, NOW(), NOW());
INSERT INTO postulantes (id, ci, nombres, apellidos, fecha_nacimiento, sexo, direccion, telefono, email, colegio_procedencia, ciudad, titulo_bachiller, primera_opcion_id, segunda_opcion_id, turno_preferencia, gestion_id, estado, recurrente, user_id, created_at, updated_at) VALUES (66, '4632993', 'Marisol', 'Sánchez', '2005-01-15', 'M', NULL, '59163104985', 'marisolsánchez65@estudiante.edu.bo', 'Colegio Boliviano', 'Santa Cruz de la Sierra', NULL, 1, 2, 'Tarde', 1, 'Preinscrito', false, 165, NOW(), NOW());
INSERT INTO requisitos_documentales (postulante_id, ci_digitalizado, certificado_nacimiento, titulo_bachiller_legalizado, formulario_preinscripcion, verificado_bd_externa, updated_at) VALUES (66, false, false, false, false, false, NOW());
INSERT INTO users (id, name, email, password, role, active, created_at, updated_at) VALUES (166, 'Natalia Martínez', 'nataliamartínez66@estudiante.edu.bo', '\$2y\$12\$TyO9cTQJ0O7NSPORyyP8Hup.wk8.BWNWu4itdEJYyjZ2Sem9DbFyi', 'Postulante', true, NOW(), NOW());
INSERT INTO postulantes (id, ci, nombres, apellidos, fecha_nacimiento, sexo, direccion, telefono, email, colegio_procedencia, ciudad, titulo_bachiller, primera_opcion_id, segunda_opcion_id, turno_preferencia, gestion_id, estado, recurrente, user_id, created_at, updated_at) VALUES (67, '7863300', 'Natalia', 'Martínez', '2005-01-15', 'M', NULL, '59180704332', 'nataliamartínez66@estudiante.edu.bo', 'Colegio Boliviano', 'Santa Cruz de la Sierra', NULL, 1, 2, 'Tarde', 1, 'Preinscrito', false, 166, NOW(), NOW());
INSERT INTO requisitos_documentales (postulante_id, ci_digitalizado, certificado_nacimiento, titulo_bachiller_legalizado, formulario_preinscripcion, verificado_bd_externa, updated_at) VALUES (67, false, false, false, false, false, NOW());
INSERT INTO users (id, name, email, password, role, active, created_at, updated_at) VALUES (167, 'Elena García', 'elenagarcía67@estudiante.edu.bo', '\$2y\$12\$TyO9cTQJ0O7NSPORyyP8Hup.wk8.BWNWu4itdEJYyjZ2Sem9DbFyi', 'Postulante', true, NOW(), NOW());
INSERT INTO postulantes (id, ci, nombres, apellidos, fecha_nacimiento, sexo, direccion, telefono, email, colegio_procedencia, ciudad, titulo_bachiller, primera_opcion_id, segunda_opcion_id, turno_preferencia, gestion_id, estado, recurrente, user_id, created_at, updated_at) VALUES (68, '7101373', 'Elena', 'García', '2005-01-15', 'M', NULL, '59180447013', 'elenagarcía67@estudiante.edu.bo', 'Colegio Boliviano', 'Santa Cruz de la Sierra', NULL, 1, 2, 'Manana', 1, 'Preinscrito', false, 167, NOW(), NOW());
INSERT INTO requisitos_documentales (postulante_id, ci_digitalizado, certificado_nacimiento, titulo_bachiller_legalizado, formulario_preinscripcion, verificado_bd_externa, updated_at) VALUES (68, false, false, false, false, false, NOW());
INSERT INTO users (id, name, email, password, role, active, created_at, updated_at) VALUES (168, 'Rafael Vega', 'rafaelvega68@estudiante.edu.bo', '\$2y\$12\$TyO9cTQJ0O7NSPORyyP8Hup.wk8.BWNWu4itdEJYyjZ2Sem9DbFyi', 'Postulante', true, NOW(), NOW());
INSERT INTO postulantes (id, ci, nombres, apellidos, fecha_nacimiento, sexo, direccion, telefono, email, colegio_procedencia, ciudad, titulo_bachiller, primera_opcion_id, segunda_opcion_id, turno_preferencia, gestion_id, estado, recurrente, user_id, created_at, updated_at) VALUES (69, '5879291', 'Rafael', 'Vega', '2005-01-15', 'M', NULL, '59197449423', 'rafaelvega68@estudiante.edu.bo', 'Colegio Boliviano', 'Santa Cruz de la Sierra', NULL, 1, 2, 'Tarde', 1, 'Preinscrito', false, 168, NOW(), NOW());
INSERT INTO requisitos_documentales (postulante_id, ci_digitalizado, certificado_nacimiento, titulo_bachiller_legalizado, formulario_preinscripcion, verificado_bd_externa, updated_at) VALUES (69, false, false, false, false, false, NOW());
INSERT INTO users (id, name, email, password, role, active, created_at, updated_at) VALUES (169, 'Aurora Vidal', 'auroravidal69@estudiante.edu.bo', '\$2y\$12\$TyO9cTQJ0O7NSPORyyP8Hup.wk8.BWNWu4itdEJYyjZ2Sem9DbFyi', 'Postulante', true, NOW(), NOW());
INSERT INTO postulantes (id, ci, nombres, apellidos, fecha_nacimiento, sexo, direccion, telefono, email, colegio_procedencia, ciudad, titulo_bachiller, primera_opcion_id, segunda_opcion_id, turno_preferencia, gestion_id, estado, recurrente, user_id, created_at, updated_at) VALUES (70, '6985033', 'Aurora', 'Vidal', '2005-01-15', 'M', NULL, '59192868665', 'auroravidal69@estudiante.edu.bo', 'Colegio Boliviano', 'Santa Cruz de la Sierra', NULL, 1, 2, 'Tarde', 1, 'Preinscrito', false, 169, NOW(), NOW());
INSERT INTO requisitos_documentales (postulante_id, ci_digitalizado, certificado_nacimiento, titulo_bachiller_legalizado, formulario_preinscripcion, verificado_bd_externa, updated_at) VALUES (70, false, false, false, false, false, NOW());
INSERT INTO users (id, name, email, password, role, active, created_at, updated_at) VALUES (170, 'Natalia Carrillo', 'nataliacarrillo70@estudiante.edu.bo', '\$2y\$12\$TyO9cTQJ0O7NSPORyyP8Hup.wk8.BWNWu4itdEJYyjZ2Sem9DbFyi', 'Postulante', true, NOW(), NOW());
INSERT INTO postulantes (id, ci, nombres, apellidos, fecha_nacimiento, sexo, direccion, telefono, email, colegio_procedencia, ciudad, titulo_bachiller, primera_opcion_id, segunda_opcion_id, turno_preferencia, gestion_id, estado, recurrente, user_id, created_at, updated_at) VALUES (71, '9958802', 'Natalia', 'Carrillo', '2005-01-15', 'M', NULL, '59195292592', 'nataliacarrillo70@estudiante.edu.bo', 'Colegio Boliviano', 'Santa Cruz de la Sierra', NULL, 1, 2, 'Manana', 1, 'Preinscrito', false, 170, NOW(), NOW());
INSERT INTO requisitos_documentales (postulante_id, ci_digitalizado, certificado_nacimiento, titulo_bachiller_legalizado, formulario_preinscripcion, verificado_bd_externa, updated_at) VALUES (71, false, false, false, false, false, NOW());
INSERT INTO users (id, name, email, password, role, active, created_at, updated_at) VALUES (171, 'Ricardo Rodríguez', 'ricardorodríguez71@estudiante.edu.bo', '\$2y\$12\$TyO9cTQJ0O7NSPORyyP8Hup.wk8.BWNWu4itdEJYyjZ2Sem9DbFyi', 'Postulante', true, NOW(), NOW());
INSERT INTO postulantes (id, ci, nombres, apellidos, fecha_nacimiento, sexo, direccion, telefono, email, colegio_procedencia, ciudad, titulo_bachiller, primera_opcion_id, segunda_opcion_id, turno_preferencia, gestion_id, estado, recurrente, user_id, created_at, updated_at) VALUES (72, '3237713', 'Ricardo', 'Rodríguez', '2005-01-15', 'M', NULL, '59162562313', 'ricardorodríguez71@estudiante.edu.bo', 'Colegio Boliviano', 'Santa Cruz de la Sierra', NULL, 1, 2, 'Noche', 1, 'Preinscrito', false, 171, NOW(), NOW());
INSERT INTO requisitos_documentales (postulante_id, ci_digitalizado, certificado_nacimiento, titulo_bachiller_legalizado, formulario_preinscripcion, verificado_bd_externa, updated_at) VALUES (72, false, false, false, false, false, NOW());
INSERT INTO users (id, name, email, password, role, active, created_at, updated_at) VALUES (172, 'Laura Martínez', 'lauramartínez72@estudiante.edu.bo', '\$2y\$12\$TyO9cTQJ0O7NSPORyyP8Hup.wk8.BWNWu4itdEJYyjZ2Sem9DbFyi', 'Postulante', true, NOW(), NOW());
INSERT INTO postulantes (id, ci, nombres, apellidos, fecha_nacimiento, sexo, direccion, telefono, email, colegio_procedencia, ciudad, titulo_bachiller, primera_opcion_id, segunda_opcion_id, turno_preferencia, gestion_id, estado, recurrente, user_id, created_at, updated_at) VALUES (73, '6393505', 'Laura', 'Martínez', '2005-01-15', 'M', NULL, '59185711715', 'lauramartínez72@estudiante.edu.bo', 'Colegio Boliviano', 'Santa Cruz de la Sierra', NULL, 1, 2, 'Tarde', 1, 'Preinscrito', false, 172, NOW(), NOW());
INSERT INTO requisitos_documentales (postulante_id, ci_digitalizado, certificado_nacimiento, titulo_bachiller_legalizado, formulario_preinscripcion, verificado_bd_externa, updated_at) VALUES (73, false, false, false, false, false, NOW());
INSERT INTO users (id, name, email, password, role, active, created_at, updated_at) VALUES (173, 'Rosa Castillo', 'rosacastillo73@estudiante.edu.bo', '\$2y\$12\$TyO9cTQJ0O7NSPORyyP8Hup.wk8.BWNWu4itdEJYyjZ2Sem9DbFyi', 'Postulante', true, NOW(), NOW());
INSERT INTO postulantes (id, ci, nombres, apellidos, fecha_nacimiento, sexo, direccion, telefono, email, colegio_procedencia, ciudad, titulo_bachiller, primera_opcion_id, segunda_opcion_id, turno_preferencia, gestion_id, estado, recurrente, user_id, created_at, updated_at) VALUES (74, '9355247', 'Rosa', 'Castillo', '2005-01-15', 'M', NULL, '59179838645', 'rosacastillo73@estudiante.edu.bo', 'Colegio Boliviano', 'Santa Cruz de la Sierra', NULL, 1, 2, 'Tarde', 1, 'Preinscrito', false, 173, NOW(), NOW());
INSERT INTO requisitos_documentales (postulante_id, ci_digitalizado, certificado_nacimiento, titulo_bachiller_legalizado, formulario_preinscripcion, verificado_bd_externa, updated_at) VALUES (74, false, false, false, false, false, NOW());
INSERT INTO users (id, name, email, password, role, active, created_at, updated_at) VALUES (174, 'Javier Rivas', 'javierrivas74@estudiante.edu.bo', '\$2y\$12\$TyO9cTQJ0O7NSPORyyP8Hup.wk8.BWNWu4itdEJYyjZ2Sem9DbFyi', 'Postulante', true, NOW(), NOW());
INSERT INTO postulantes (id, ci, nombres, apellidos, fecha_nacimiento, sexo, direccion, telefono, email, colegio_procedencia, ciudad, titulo_bachiller, primera_opcion_id, segunda_opcion_id, turno_preferencia, gestion_id, estado, recurrente, user_id, created_at, updated_at) VALUES (75, '4918662', 'Javier', 'Rivas', '2005-01-15', 'M', NULL, '59170312309', 'javierrivas74@estudiante.edu.bo', 'Colegio Boliviano', 'Santa Cruz de la Sierra', NULL, 1, 2, 'Noche', 1, 'Preinscrito', false, 174, NOW(), NOW());
INSERT INTO requisitos_documentales (postulante_id, ci_digitalizado, certificado_nacimiento, titulo_bachiller_legalizado, formulario_preinscripcion, verificado_bd_externa, updated_at) VALUES (75, false, false, false, false, false, NOW());
INSERT INTO users (id, name, email, password, role, active, created_at, updated_at) VALUES (175, 'Juan Sánchez', 'juansánchez75@estudiante.edu.bo', '\$2y\$12\$TyO9cTQJ0O7NSPORyyP8Hup.wk8.BWNWu4itdEJYyjZ2Sem9DbFyi', 'Postulante', true, NOW(), NOW());
INSERT INTO postulantes (id, ci, nombres, apellidos, fecha_nacimiento, sexo, direccion, telefono, email, colegio_procedencia, ciudad, titulo_bachiller, primera_opcion_id, segunda_opcion_id, turno_preferencia, gestion_id, estado, recurrente, user_id, created_at, updated_at) VALUES (76, '4014863', 'Juan', 'Sánchez', '2005-01-15', 'M', NULL, '59186365669', 'juansánchez75@estudiante.edu.bo', 'Colegio Boliviano', 'Santa Cruz de la Sierra', NULL, 1, 2, 'Noche', 1, 'Preinscrito', false, 175, NOW(), NOW());
INSERT INTO requisitos_documentales (postulante_id, ci_digitalizado, certificado_nacimiento, titulo_bachiller_legalizado, formulario_preinscripcion, verificado_bd_externa, updated_at) VALUES (76, false, false, false, false, false, NOW());
INSERT INTO users (id, name, email, password, role, active, created_at, updated_at) VALUES (176, 'Carmen Ortiz', 'carmenortiz76@estudiante.edu.bo', '\$2y\$12\$TyO9cTQJ0O7NSPORyyP8Hup.wk8.BWNWu4itdEJYyjZ2Sem9DbFyi', 'Postulante', true, NOW(), NOW());
INSERT INTO postulantes (id, ci, nombres, apellidos, fecha_nacimiento, sexo, direccion, telefono, email, colegio_procedencia, ciudad, titulo_bachiller, primera_opcion_id, segunda_opcion_id, turno_preferencia, gestion_id, estado, recurrente, user_id, created_at, updated_at) VALUES (77, '9634448', 'Carmen', 'Ortiz', '2005-01-15', 'M', NULL, '59181137852', 'carmenortiz76@estudiante.edu.bo', 'Colegio Boliviano', 'Santa Cruz de la Sierra', NULL, 1, 2, 'Tarde', 1, 'Preinscrito', false, 176, NOW(), NOW());
INSERT INTO requisitos_documentales (postulante_id, ci_digitalizado, certificado_nacimiento, titulo_bachiller_legalizado, formulario_preinscripcion, verificado_bd_externa, updated_at) VALUES (77, false, false, false, false, false, NOW());
INSERT INTO users (id, name, email, password, role, active, created_at, updated_at) VALUES (177, 'Raúl Ortiz', 'raúlortiz77@estudiante.edu.bo', '\$2y\$12\$TyO9cTQJ0O7NSPORyyP8Hup.wk8.BWNWu4itdEJYyjZ2Sem9DbFyi', 'Postulante', true, NOW(), NOW());
INSERT INTO postulantes (id, ci, nombres, apellidos, fecha_nacimiento, sexo, direccion, telefono, email, colegio_procedencia, ciudad, titulo_bachiller, primera_opcion_id, segunda_opcion_id, turno_preferencia, gestion_id, estado, recurrente, user_id, created_at, updated_at) VALUES (78, '1006924', 'Raúl', 'Ortiz', '2005-01-15', 'M', NULL, '59169597077', 'raúlortiz77@estudiante.edu.bo', 'Colegio Boliviano', 'Santa Cruz de la Sierra', NULL, 1, 2, 'Manana', 1, 'Preinscrito', false, 177, NOW(), NOW());
INSERT INTO requisitos_documentales (postulante_id, ci_digitalizado, certificado_nacimiento, titulo_bachiller_legalizado, formulario_preinscripcion, verificado_bd_externa, updated_at) VALUES (78, false, false, false, false, false, NOW());
INSERT INTO users (id, name, email, password, role, active, created_at, updated_at) VALUES (178, 'Carlos Martínez', 'carlosmartínez78@estudiante.edu.bo', '\$2y\$12\$TyO9cTQJ0O7NSPORyyP8Hup.wk8.BWNWu4itdEJYyjZ2Sem9DbFyi', 'Postulante', true, NOW(), NOW());
INSERT INTO postulantes (id, ci, nombres, apellidos, fecha_nacimiento, sexo, direccion, telefono, email, colegio_procedencia, ciudad, titulo_bachiller, primera_opcion_id, segunda_opcion_id, turno_preferencia, gestion_id, estado, recurrente, user_id, created_at, updated_at) VALUES (79, '3642684', 'Carlos', 'Martínez', '2005-01-15', 'M', NULL, '59172072625', 'carlosmartínez78@estudiante.edu.bo', 'Colegio Boliviano', 'Santa Cruz de la Sierra', NULL, 1, 2, 'Manana', 1, 'Preinscrito', false, 178, NOW(), NOW());
INSERT INTO requisitos_documentales (postulante_id, ci_digitalizado, certificado_nacimiento, titulo_bachiller_legalizado, formulario_preinscripcion, verificado_bd_externa, updated_at) VALUES (79, false, false, false, false, false, NOW());
INSERT INTO users (id, name, email, password, role, active, created_at, updated_at) VALUES (179, 'Francisca Domínguez', 'franciscadomínguez79@estudiante.edu.bo', '\$2y\$12\$TyO9cTQJ0O7NSPORyyP8Hup.wk8.BWNWu4itdEJYyjZ2Sem9DbFyi', 'Postulante', true, NOW(), NOW());
INSERT INTO postulantes (id, ci, nombres, apellidos, fecha_nacimiento, sexo, direccion, telefono, email, colegio_procedencia, ciudad, titulo_bachiller, primera_opcion_id, segunda_opcion_id, turno_preferencia, gestion_id, estado, recurrente, user_id, created_at, updated_at) VALUES (80, '1369437', 'Francisca', 'Domínguez', '2005-01-15', 'M', NULL, '59174787610', 'franciscadomínguez79@estudiante.edu.bo', 'Colegio Boliviano', 'Santa Cruz de la Sierra', NULL, 1, 2, 'Manana', 1, 'Preinscrito', false, 179, NOW(), NOW());
INSERT INTO requisitos_documentales (postulante_id, ci_digitalizado, certificado_nacimiento, titulo_bachiller_legalizado, formulario_preinscripcion, verificado_bd_externa, updated_at) VALUES (80, false, false, false, false, false, NOW());
INSERT INTO users (id, name, email, password, role, active, created_at, updated_at) VALUES (180, 'Antonio Vargas', 'antoniovargas80@estudiante.edu.bo', '\$2y\$12\$TyO9cTQJ0O7NSPORyyP8Hup.wk8.BWNWu4itdEJYyjZ2Sem9DbFyi', 'Postulante', true, NOW(), NOW());
INSERT INTO postulantes (id, ci, nombres, apellidos, fecha_nacimiento, sexo, direccion, telefono, email, colegio_procedencia, ciudad, titulo_bachiller, primera_opcion_id, segunda_opcion_id, turno_preferencia, gestion_id, estado, recurrente, user_id, created_at, updated_at) VALUES (81, '1971525', 'Antonio', 'Vargas', '2005-01-15', 'M', NULL, '59173385060', 'antoniovargas80@estudiante.edu.bo', 'Colegio Boliviano', 'Santa Cruz de la Sierra', NULL, 1, 2, 'Noche', 1, 'Preinscrito', false, 180, NOW(), NOW());
INSERT INTO requisitos_documentales (postulante_id, ci_digitalizado, certificado_nacimiento, titulo_bachiller_legalizado, formulario_preinscripcion, verificado_bd_externa, updated_at) VALUES (81, false, false, false, false, false, NOW());
INSERT INTO users (id, name, email, password, role, active, created_at, updated_at) VALUES (181, 'Sandra Jiménez', 'sandrajiménez81@estudiante.edu.bo', '\$2y\$12\$TyO9cTQJ0O7NSPORyyP8Hup.wk8.BWNWu4itdEJYyjZ2Sem9DbFyi', 'Postulante', true, NOW(), NOW());
INSERT INTO postulantes (id, ci, nombres, apellidos, fecha_nacimiento, sexo, direccion, telefono, email, colegio_procedencia, ciudad, titulo_bachiller, primera_opcion_id, segunda_opcion_id, turno_preferencia, gestion_id, estado, recurrente, user_id, created_at, updated_at) VALUES (82, '4786750', 'Sandra', 'Jiménez', '2005-01-15', 'M', NULL, '59174804861', 'sandrajiménez81@estudiante.edu.bo', 'Colegio Boliviano', 'Santa Cruz de la Sierra', NULL, 1, 2, 'Manana', 1, 'Preinscrito', false, 181, NOW(), NOW());
INSERT INTO requisitos_documentales (postulante_id, ci_digitalizado, certificado_nacimiento, titulo_bachiller_legalizado, formulario_preinscripcion, verificado_bd_externa, updated_at) VALUES (82, false, false, false, false, false, NOW());
INSERT INTO users (id, name, email, password, role, active, created_at, updated_at) VALUES (182, 'Matías Vázquez', 'matíasvázquez82@estudiante.edu.bo', '\$2y\$12\$TyO9cTQJ0O7NSPORyyP8Hup.wk8.BWNWu4itdEJYyjZ2Sem9DbFyi', 'Postulante', true, NOW(), NOW());
INSERT INTO postulantes (id, ci, nombres, apellidos, fecha_nacimiento, sexo, direccion, telefono, email, colegio_procedencia, ciudad, titulo_bachiller, primera_opcion_id, segunda_opcion_id, turno_preferencia, gestion_id, estado, recurrente, user_id, created_at, updated_at) VALUES (83, '3646327', 'Matías', 'Vázquez', '2005-01-15', 'M', NULL, '59199754197', 'matíasvázquez82@estudiante.edu.bo', 'Colegio Boliviano', 'Santa Cruz de la Sierra', NULL, 1, 2, 'Noche', 1, 'Preinscrito', false, 182, NOW(), NOW());
INSERT INTO requisitos_documentales (postulante_id, ci_digitalizado, certificado_nacimiento, titulo_bachiller_legalizado, formulario_preinscripcion, verificado_bd_externa, updated_at) VALUES (83, false, false, false, false, false, NOW());
INSERT INTO users (id, name, email, password, role, active, created_at, updated_at) VALUES (183, 'Laura Rivera', 'laurarivera83@estudiante.edu.bo', '\$2y\$12\$TyO9cTQJ0O7NSPORyyP8Hup.wk8.BWNWu4itdEJYyjZ2Sem9DbFyi', 'Postulante', true, NOW(), NOW());
INSERT INTO postulantes (id, ci, nombres, apellidos, fecha_nacimiento, sexo, direccion, telefono, email, colegio_procedencia, ciudad, titulo_bachiller, primera_opcion_id, segunda_opcion_id, turno_preferencia, gestion_id, estado, recurrente, user_id, created_at, updated_at) VALUES (84, '6512942', 'Laura', 'Rivera', '2005-01-15', 'M', NULL, '59196858885', 'laurarivera83@estudiante.edu.bo', 'Colegio Boliviano', 'Santa Cruz de la Sierra', NULL, 1, 2, 'Manana', 1, 'Preinscrito', false, 183, NOW(), NOW());
INSERT INTO requisitos_documentales (postulante_id, ci_digitalizado, certificado_nacimiento, titulo_bachiller_legalizado, formulario_preinscripcion, verificado_bd_externa, updated_at) VALUES (84, false, false, false, false, false, NOW());
INSERT INTO users (id, name, email, password, role, active, created_at, updated_at) VALUES (184, 'Natalia Valencia', 'nataliavalencia84@estudiante.edu.bo', '\$2y\$12\$TyO9cTQJ0O7NSPORyyP8Hup.wk8.BWNWu4itdEJYyjZ2Sem9DbFyi', 'Postulante', true, NOW(), NOW());
INSERT INTO postulantes (id, ci, nombres, apellidos, fecha_nacimiento, sexo, direccion, telefono, email, colegio_procedencia, ciudad, titulo_bachiller, primera_opcion_id, segunda_opcion_id, turno_preferencia, gestion_id, estado, recurrente, user_id, created_at, updated_at) VALUES (85, '1353013', 'Natalia', 'Valencia', '2005-01-15', 'M', NULL, '59163313363', 'nataliavalencia84@estudiante.edu.bo', 'Colegio Boliviano', 'Santa Cruz de la Sierra', NULL, 1, 2, 'Noche', 1, 'Preinscrito', false, 184, NOW(), NOW());
INSERT INTO requisitos_documentales (postulante_id, ci_digitalizado, certificado_nacimiento, titulo_bachiller_legalizado, formulario_preinscripcion, verificado_bd_externa, updated_at) VALUES (85, false, false, false, false, false, NOW());
INSERT INTO users (id, name, email, password, role, active, created_at, updated_at) VALUES (185, 'Aurora Torres', 'auroratorres85@estudiante.edu.bo', '\$2y\$12\$TyO9cTQJ0O7NSPORyyP8Hup.wk8.BWNWu4itdEJYyjZ2Sem9DbFyi', 'Postulante', true, NOW(), NOW());
INSERT INTO postulantes (id, ci, nombres, apellidos, fecha_nacimiento, sexo, direccion, telefono, email, colegio_procedencia, ciudad, titulo_bachiller, primera_opcion_id, segunda_opcion_id, turno_preferencia, gestion_id, estado, recurrente, user_id, created_at, updated_at) VALUES (86, '8576281', 'Aurora', 'Torres', '2005-01-15', 'M', NULL, '59195518070', 'auroratorres85@estudiante.edu.bo', 'Colegio Boliviano', 'Santa Cruz de la Sierra', NULL, 1, 2, 'Manana', 1, 'Preinscrito', false, 185, NOW(), NOW());
INSERT INTO requisitos_documentales (postulante_id, ci_digitalizado, certificado_nacimiento, titulo_bachiller_legalizado, formulario_preinscripcion, verificado_bd_externa, updated_at) VALUES (86, false, false, false, false, false, NOW());
INSERT INTO users (id, name, email, password, role, active, created_at, updated_at) VALUES (186, 'Lorena Flores', 'lorenaflores86@estudiante.edu.bo', '\$2y\$12\$TyO9cTQJ0O7NSPORyyP8Hup.wk8.BWNWu4itdEJYyjZ2Sem9DbFyi', 'Postulante', true, NOW(), NOW());
INSERT INTO postulantes (id, ci, nombres, apellidos, fecha_nacimiento, sexo, direccion, telefono, email, colegio_procedencia, ciudad, titulo_bachiller, primera_opcion_id, segunda_opcion_id, turno_preferencia, gestion_id, estado, recurrente, user_id, created_at, updated_at) VALUES (87, '6312140', 'Lorena', 'Flores', '2005-01-15', 'M', NULL, '59188203452', 'lorenaflores86@estudiante.edu.bo', 'Colegio Boliviano', 'Santa Cruz de la Sierra', NULL, 1, 2, 'Noche', 1, 'Preinscrito', false, 186, NOW(), NOW());
INSERT INTO requisitos_documentales (postulante_id, ci_digitalizado, certificado_nacimiento, titulo_bachiller_legalizado, formulario_preinscripcion, verificado_bd_externa, updated_at) VALUES (87, false, false, false, false, false, NOW());
INSERT INTO users (id, name, email, password, role, active, created_at, updated_at) VALUES (187, 'Roberto Rivera', 'robertorivera87@estudiante.edu.bo', '\$2y\$12\$TyO9cTQJ0O7NSPORyyP8Hup.wk8.BWNWu4itdEJYyjZ2Sem9DbFyi', 'Postulante', true, NOW(), NOW());
INSERT INTO postulantes (id, ci, nombres, apellidos, fecha_nacimiento, sexo, direccion, telefono, email, colegio_procedencia, ciudad, titulo_bachiller, primera_opcion_id, segunda_opcion_id, turno_preferencia, gestion_id, estado, recurrente, user_id, created_at, updated_at) VALUES (88, '9366794', 'Roberto', 'Rivera', '2005-01-15', 'M', NULL, '59172031151', 'robertorivera87@estudiante.edu.bo', 'Colegio Boliviano', 'Santa Cruz de la Sierra', NULL, 1, 2, 'Manana', 1, 'Preinscrito', false, 187, NOW(), NOW());
INSERT INTO requisitos_documentales (postulante_id, ci_digitalizado, certificado_nacimiento, titulo_bachiller_legalizado, formulario_preinscripcion, verificado_bd_externa, updated_at) VALUES (88, false, false, false, false, false, NOW());
INSERT INTO users (id, name, email, password, role, active, created_at, updated_at) VALUES (188, 'Esperanza Rojas', 'esperanzarojas88@estudiante.edu.bo', '\$2y\$12\$TyO9cTQJ0O7NSPORyyP8Hup.wk8.BWNWu4itdEJYyjZ2Sem9DbFyi', 'Postulante', true, NOW(), NOW());
INSERT INTO postulantes (id, ci, nombres, apellidos, fecha_nacimiento, sexo, direccion, telefono, email, colegio_procedencia, ciudad, titulo_bachiller, primera_opcion_id, segunda_opcion_id, turno_preferencia, gestion_id, estado, recurrente, user_id, created_at, updated_at) VALUES (89, '9048012', 'Esperanza', 'Rojas', '2005-01-15', 'M', NULL, '59164310150', 'esperanzarojas88@estudiante.edu.bo', 'Colegio Boliviano', 'Santa Cruz de la Sierra', NULL, 1, 2, 'Tarde', 1, 'Preinscrito', false, 188, NOW(), NOW());
INSERT INTO requisitos_documentales (postulante_id, ci_digitalizado, certificado_nacimiento, titulo_bachiller_legalizado, formulario_preinscripcion, verificado_bd_externa, updated_at) VALUES (89, false, false, false, false, false, NOW());
INSERT INTO users (id, name, email, password, role, active, created_at, updated_at) VALUES (189, 'Sergio Delgado', 'sergiodelgado89@estudiante.edu.bo', '\$2y\$12\$TyO9cTQJ0O7NSPORyyP8Hup.wk8.BWNWu4itdEJYyjZ2Sem9DbFyi', 'Postulante', true, NOW(), NOW());
INSERT INTO postulantes (id, ci, nombres, apellidos, fecha_nacimiento, sexo, direccion, telefono, email, colegio_procedencia, ciudad, titulo_bachiller, primera_opcion_id, segunda_opcion_id, turno_preferencia, gestion_id, estado, recurrente, user_id, created_at, updated_at) VALUES (90, '7276585', 'Sergio', 'Delgado', '2005-01-15', 'M', NULL, '59186638138', 'sergiodelgado89@estudiante.edu.bo', 'Colegio Boliviano', 'Santa Cruz de la Sierra', NULL, 1, 2, 'Manana', 1, 'Preinscrito', false, 189, NOW(), NOW());
INSERT INTO requisitos_documentales (postulante_id, ci_digitalizado, certificado_nacimiento, titulo_bachiller_legalizado, formulario_preinscripcion, verificado_bd_externa, updated_at) VALUES (90, false, false, false, false, false, NOW());
INSERT INTO users (id, name, email, password, role, active, created_at, updated_at) VALUES (190, 'Carlos Rodríguez', 'carlosrodríguez90@estudiante.edu.bo', '\$2y\$12\$TyO9cTQJ0O7NSPORyyP8Hup.wk8.BWNWu4itdEJYyjZ2Sem9DbFyi', 'Postulante', true, NOW(), NOW());
INSERT INTO postulantes (id, ci, nombres, apellidos, fecha_nacimiento, sexo, direccion, telefono, email, colegio_procedencia, ciudad, titulo_bachiller, primera_opcion_id, segunda_opcion_id, turno_preferencia, gestion_id, estado, recurrente, user_id, created_at, updated_at) VALUES (91, '2965899', 'Carlos', 'Rodríguez', '2005-01-15', 'M', NULL, '59194978969', 'carlosrodríguez90@estudiante.edu.bo', 'Colegio Boliviano', 'Santa Cruz de la Sierra', NULL, 1, 2, 'Manana', 1, 'Preinscrito', false, 190, NOW(), NOW());
INSERT INTO requisitos_documentales (postulante_id, ci_digitalizado, certificado_nacimiento, titulo_bachiller_legalizado, formulario_preinscripcion, verificado_bd_externa, updated_at) VALUES (91, false, false, false, false, false, NOW());
INSERT INTO users (id, name, email, password, role, active, created_at, updated_at) VALUES (191, 'Ana Fuentes', 'anafuentes91@estudiante.edu.bo', '\$2y\$12\$TyO9cTQJ0O7NSPORyyP8Hup.wk8.BWNWu4itdEJYyjZ2Sem9DbFyi', 'Postulante', true, NOW(), NOW());
INSERT INTO postulantes (id, ci, nombres, apellidos, fecha_nacimiento, sexo, direccion, telefono, email, colegio_procedencia, ciudad, titulo_bachiller, primera_opcion_id, segunda_opcion_id, turno_preferencia, gestion_id, estado, recurrente, user_id, created_at, updated_at) VALUES (92, '1010468', 'Ana', 'Fuentes', '2005-01-15', 'M', NULL, '59180078144', 'anafuentes91@estudiante.edu.bo', 'Colegio Boliviano', 'Santa Cruz de la Sierra', NULL, 1, 2, 'Manana', 1, 'Preinscrito', false, 191, NOW(), NOW());
INSERT INTO requisitos_documentales (postulante_id, ci_digitalizado, certificado_nacimiento, titulo_bachiller_legalizado, formulario_preinscripcion, verificado_bd_externa, updated_at) VALUES (92, false, false, false, false, false, NOW());
INSERT INTO users (id, name, email, password, role, active, created_at, updated_at) VALUES (192, 'Pedro Tapia', 'pedrotapia92@estudiante.edu.bo', '\$2y\$12\$TyO9cTQJ0O7NSPORyyP8Hup.wk8.BWNWu4itdEJYyjZ2Sem9DbFyi', 'Postulante', true, NOW(), NOW());
INSERT INTO postulantes (id, ci, nombres, apellidos, fecha_nacimiento, sexo, direccion, telefono, email, colegio_procedencia, ciudad, titulo_bachiller, primera_opcion_id, segunda_opcion_id, turno_preferencia, gestion_id, estado, recurrente, user_id, created_at, updated_at) VALUES (93, '2738765', 'Pedro', 'Tapia', '2005-01-15', 'M', NULL, '59191496572', 'pedrotapia92@estudiante.edu.bo', 'Colegio Boliviano', 'Santa Cruz de la Sierra', NULL, 1, 2, 'Manana', 1, 'Preinscrito', false, 192, NOW(), NOW());
INSERT INTO requisitos_documentales (postulante_id, ci_digitalizado, certificado_nacimiento, titulo_bachiller_legalizado, formulario_preinscripcion, verificado_bd_externa, updated_at) VALUES (93, false, false, false, false, false, NOW());
INSERT INTO users (id, name, email, password, role, active, created_at, updated_at) VALUES (193, 'Elena Rodríguez', 'elenarodríguez93@estudiante.edu.bo', '\$2y\$12\$TyO9cTQJ0O7NSPORyyP8Hup.wk8.BWNWu4itdEJYyjZ2Sem9DbFyi', 'Postulante', true, NOW(), NOW());
INSERT INTO postulantes (id, ci, nombres, apellidos, fecha_nacimiento, sexo, direccion, telefono, email, colegio_procedencia, ciudad, titulo_bachiller, primera_opcion_id, segunda_opcion_id, turno_preferencia, gestion_id, estado, recurrente, user_id, created_at, updated_at) VALUES (94, '2805665', 'Elena', 'Rodríguez', '2005-01-15', 'M', NULL, '59186093521', 'elenarodríguez93@estudiante.edu.bo', 'Colegio Boliviano', 'Santa Cruz de la Sierra', NULL, 1, 2, 'Noche', 1, 'Preinscrito', false, 193, NOW(), NOW());
INSERT INTO requisitos_documentales (postulante_id, ci_digitalizado, certificado_nacimiento, titulo_bachiller_legalizado, formulario_preinscripcion, verificado_bd_externa, updated_at) VALUES (94, false, false, false, false, false, NOW());
INSERT INTO users (id, name, email, password, role, active, created_at, updated_at) VALUES (194, 'Rafael Navarro', 'rafaelnavarro94@estudiante.edu.bo', '\$2y\$12\$TyO9cTQJ0O7NSPORyyP8Hup.wk8.BWNWu4itdEJYyjZ2Sem9DbFyi', 'Postulante', true, NOW(), NOW());
INSERT INTO postulantes (id, ci, nombres, apellidos, fecha_nacimiento, sexo, direccion, telefono, email, colegio_procedencia, ciudad, titulo_bachiller, primera_opcion_id, segunda_opcion_id, turno_preferencia, gestion_id, estado, recurrente, user_id, created_at, updated_at) VALUES (95, '9226346', 'Rafael', 'Navarro', '2005-01-15', 'M', NULL, '59179577216', 'rafaelnavarro94@estudiante.edu.bo', 'Colegio Boliviano', 'Santa Cruz de la Sierra', NULL, 1, 2, 'Noche', 1, 'Preinscrito', false, 194, NOW(), NOW());
INSERT INTO requisitos_documentales (postulante_id, ci_digitalizado, certificado_nacimiento, titulo_bachiller_legalizado, formulario_preinscripcion, verificado_bd_externa, updated_at) VALUES (95, false, false, false, false, false, NOW());
INSERT INTO users (id, name, email, password, role, active, created_at, updated_at) VALUES (195, 'Carmen Molina', 'carmenmolina95@estudiante.edu.bo', '\$2y\$12\$TyO9cTQJ0O7NSPORyyP8Hup.wk8.BWNWu4itdEJYyjZ2Sem9DbFyi', 'Postulante', true, NOW(), NOW());
INSERT INTO postulantes (id, ci, nombres, apellidos, fecha_nacimiento, sexo, direccion, telefono, email, colegio_procedencia, ciudad, titulo_bachiller, primera_opcion_id, segunda_opcion_id, turno_preferencia, gestion_id, estado, recurrente, user_id, created_at, updated_at) VALUES (96, '6428710', 'Carmen', 'Molina', '2005-01-15', 'M', NULL, '59165348710', 'carmenmolina95@estudiante.edu.bo', 'Colegio Boliviano', 'Santa Cruz de la Sierra', NULL, 1, 2, 'Manana', 1, 'Preinscrito', false, 195, NOW(), NOW());
INSERT INTO requisitos_documentales (postulante_id, ci_digitalizado, certificado_nacimiento, titulo_bachiller_legalizado, formulario_preinscripcion, verificado_bd_externa, updated_at) VALUES (96, false, false, false, false, false, NOW());
INSERT INTO users (id, name, email, password, role, active, created_at, updated_at) VALUES (196, 'Eduardo Vega', 'eduardovega96@estudiante.edu.bo', '\$2y\$12\$TyO9cTQJ0O7NSPORyyP8Hup.wk8.BWNWu4itdEJYyjZ2Sem9DbFyi', 'Postulante', true, NOW(), NOW());
INSERT INTO postulantes (id, ci, nombres, apellidos, fecha_nacimiento, sexo, direccion, telefono, email, colegio_procedencia, ciudad, titulo_bachiller, primera_opcion_id, segunda_opcion_id, turno_preferencia, gestion_id, estado, recurrente, user_id, created_at, updated_at) VALUES (97, '3341612', 'Eduardo', 'Vega', '2005-01-15', 'M', NULL, '59177257191', 'eduardovega96@estudiante.edu.bo', 'Colegio Boliviano', 'Santa Cruz de la Sierra', NULL, 1, 2, 'Manana', 1, 'Preinscrito', false, 196, NOW(), NOW());
INSERT INTO requisitos_documentales (postulante_id, ci_digitalizado, certificado_nacimiento, titulo_bachiller_legalizado, formulario_preinscripcion, verificado_bd_externa, updated_at) VALUES (97, false, false, false, false, false, NOW());
INSERT INTO users (id, name, email, password, role, active, created_at, updated_at) VALUES (197, 'Javier Rivera', 'javierrivera97@estudiante.edu.bo', '\$2y\$12\$TyO9cTQJ0O7NSPORyyP8Hup.wk8.BWNWu4itdEJYyjZ2Sem9DbFyi', 'Postulante', true, NOW(), NOW());
INSERT INTO postulantes (id, ci, nombres, apellidos, fecha_nacimiento, sexo, direccion, telefono, email, colegio_procedencia, ciudad, titulo_bachiller, primera_opcion_id, segunda_opcion_id, turno_preferencia, gestion_id, estado, recurrente, user_id, created_at, updated_at) VALUES (98, '6302787', 'Javier', 'Rivera', '2005-01-15', 'M', NULL, '59171715482', 'javierrivera97@estudiante.edu.bo', 'Colegio Boliviano', 'Santa Cruz de la Sierra', NULL, 1, 2, 'Tarde', 1, 'Preinscrito', false, 197, NOW(), NOW());
INSERT INTO requisitos_documentales (postulante_id, ci_digitalizado, certificado_nacimiento, titulo_bachiller_legalizado, formulario_preinscripcion, verificado_bd_externa, updated_at) VALUES (98, false, false, false, false, false, NOW());
INSERT INTO users (id, name, email, password, role, active, created_at, updated_at) VALUES (198, 'Verónica González', 'verónicagonzález98@estudiante.edu.bo', '\$2y\$12\$TyO9cTQJ0O7NSPORyyP8Hup.wk8.BWNWu4itdEJYyjZ2Sem9DbFyi', 'Postulante', true, NOW(), NOW());
INSERT INTO postulantes (id, ci, nombres, apellidos, fecha_nacimiento, sexo, direccion, telefono, email, colegio_procedencia, ciudad, titulo_bachiller, primera_opcion_id, segunda_opcion_id, turno_preferencia, gestion_id, estado, recurrente, user_id, created_at, updated_at) VALUES (99, '1173272', 'Verónica', 'González', '2005-01-15', 'M', NULL, '59181552826', 'verónicagonzález98@estudiante.edu.bo', 'Colegio Boliviano', 'Santa Cruz de la Sierra', NULL, 1, 2, 'Noche', 1, 'Preinscrito', false, 198, NOW(), NOW());
INSERT INTO requisitos_documentales (postulante_id, ci_digitalizado, certificado_nacimiento, titulo_bachiller_legalizado, formulario_preinscripcion, verificado_bd_externa, updated_at) VALUES (99, false, false, false, false, false, NOW());
INSERT INTO users (id, name, email, password, role, active, created_at, updated_at) VALUES (199, 'Andrés Acosta', 'andrésacosta99@estudiante.edu.bo', '\$2y\$12\$TyO9cTQJ0O7NSPORyyP8Hup.wk8.BWNWu4itdEJYyjZ2Sem9DbFyi', 'Postulante', true, NOW(), NOW());
INSERT INTO postulantes (id, ci, nombres, apellidos, fecha_nacimiento, sexo, direccion, telefono, email, colegio_procedencia, ciudad, titulo_bachiller, primera_opcion_id, segunda_opcion_id, turno_preferencia, gestion_id, estado, recurrente, user_id, created_at, updated_at) VALUES (100, '3258083', 'Andrés', 'Acosta', '2005-01-15', 'M', NULL, '59165247761', 'andrésacosta99@estudiante.edu.bo', 'Colegio Boliviano', 'Santa Cruz de la Sierra', NULL, 1, 2, 'Tarde', 1, 'Preinscrito', false, 199, NOW(), NOW());
INSERT INTO requisitos_documentales (postulante_id, ci_digitalizado, certificado_nacimiento, titulo_bachiller_legalizado, formulario_preinscripcion, verificado_bd_externa, updated_at) VALUES (100, false, false, false, false, false, NOW());
INSERT INTO users (id, name, email, password, role, active, created_at, updated_at) VALUES (200, 'Antonio Campos', 'antoniocampos100@estudiante.edu.bo', '\$2y\$12\$TyO9cTQJ0O7NSPORyyP8Hup.wk8.BWNWu4itdEJYyjZ2Sem9DbFyi', 'Postulante', true, NOW(), NOW());
INSERT INTO postulantes (id, ci, nombres, apellidos, fecha_nacimiento, sexo, direccion, telefono, email, colegio_procedencia, ciudad, titulo_bachiller, primera_opcion_id, segunda_opcion_id, turno_preferencia, gestion_id, estado, recurrente, user_id, created_at, updated_at) VALUES (101, '2970827', 'Antonio', 'Campos', '2005-01-15', 'M', NULL, '59185915492', 'antoniocampos100@estudiante.edu.bo', 'Colegio Boliviano', 'Santa Cruz de la Sierra', NULL, 1, 2, 'Manana', 1, 'Preinscrito', false, 200, NOW(), NOW());
INSERT INTO requisitos_documentales (postulante_id, ci_digitalizado, certificado_nacimiento, titulo_bachiller_legalizado, formulario_preinscripcion, verificado_bd_externa, updated_at) VALUES (101, false, false, false, false, false, NOW());
INSERT INTO users (id, name, email, password, role, active, created_at, updated_at) VALUES (201, 'Javier Valencia', 'javiervalencia101@estudiante.edu.bo', '\$2y\$12\$TyO9cTQJ0O7NSPORyyP8Hup.wk8.BWNWu4itdEJYyjZ2Sem9DbFyi', 'Postulante', true, NOW(), NOW());
INSERT INTO postulantes (id, ci, nombres, apellidos, fecha_nacimiento, sexo, direccion, telefono, email, colegio_procedencia, ciudad, titulo_bachiller, primera_opcion_id, segunda_opcion_id, turno_preferencia, gestion_id, estado, recurrente, user_id, created_at, updated_at) VALUES (102, '7494315', 'Javier', 'Valencia', '2005-01-15', 'M', NULL, '59162502339', 'javiervalencia101@estudiante.edu.bo', 'Colegio Boliviano', 'Santa Cruz de la Sierra', NULL, 1, 2, 'Noche', 1, 'Preinscrito', false, 201, NOW(), NOW());
INSERT INTO requisitos_documentales (postulante_id, ci_digitalizado, certificado_nacimiento, titulo_bachiller_legalizado, formulario_preinscripcion, verificado_bd_externa, updated_at) VALUES (102, false, false, false, false, false, NOW());
INSERT INTO users (id, name, email, password, role, active, created_at, updated_at) VALUES (202, 'Jorge Rojas', 'jorgerojas102@estudiante.edu.bo', '\$2y\$12\$TyO9cTQJ0O7NSPORyyP8Hup.wk8.BWNWu4itdEJYyjZ2Sem9DbFyi', 'Postulante', true, NOW(), NOW());
INSERT INTO postulantes (id, ci, nombres, apellidos, fecha_nacimiento, sexo, direccion, telefono, email, colegio_procedencia, ciudad, titulo_bachiller, primera_opcion_id, segunda_opcion_id, turno_preferencia, gestion_id, estado, recurrente, user_id, created_at, updated_at) VALUES (103, '7418093', 'Jorge', 'Rojas', '2005-01-15', 'M', NULL, '59178679689', 'jorgerojas102@estudiante.edu.bo', 'Colegio Boliviano', 'Santa Cruz de la Sierra', NULL, 1, 2, 'Tarde', 1, 'Preinscrito', false, 202, NOW(), NOW());
INSERT INTO requisitos_documentales (postulante_id, ci_digitalizado, certificado_nacimiento, titulo_bachiller_legalizado, formulario_preinscripcion, verificado_bd_externa, updated_at) VALUES (103, false, false, false, false, false, NOW());
INSERT INTO users (id, name, email, password, role, active, created_at, updated_at) VALUES (203, 'Carlos Rodríguez', 'carlosrodríguez103@estudiante.edu.bo', '\$2y\$12\$TyO9cTQJ0O7NSPORyyP8Hup.wk8.BWNWu4itdEJYyjZ2Sem9DbFyi', 'Postulante', true, NOW(), NOW());
INSERT INTO postulantes (id, ci, nombres, apellidos, fecha_nacimiento, sexo, direccion, telefono, email, colegio_procedencia, ciudad, titulo_bachiller, primera_opcion_id, segunda_opcion_id, turno_preferencia, gestion_id, estado, recurrente, user_id, created_at, updated_at) VALUES (104, '4132765', 'Carlos', 'Rodríguez', '2005-01-15', 'M', NULL, '59197947777', 'carlosrodríguez103@estudiante.edu.bo', 'Colegio Boliviano', 'Santa Cruz de la Sierra', NULL, 1, 2, 'Noche', 1, 'Preinscrito', false, 203, NOW(), NOW());
INSERT INTO requisitos_documentales (postulante_id, ci_digitalizado, certificado_nacimiento, titulo_bachiller_legalizado, formulario_preinscripcion, verificado_bd_externa, updated_at) VALUES (104, false, false, false, false, false, NOW());
INSERT INTO users (id, name, email, password, role, active, created_at, updated_at) VALUES (204, 'Bruno Torres', 'brunotorres104@estudiante.edu.bo', '\$2y\$12\$TyO9cTQJ0O7NSPORyyP8Hup.wk8.BWNWu4itdEJYyjZ2Sem9DbFyi', 'Postulante', true, NOW(), NOW());
INSERT INTO postulantes (id, ci, nombres, apellidos, fecha_nacimiento, sexo, direccion, telefono, email, colegio_procedencia, ciudad, titulo_bachiller, primera_opcion_id, segunda_opcion_id, turno_preferencia, gestion_id, estado, recurrente, user_id, created_at, updated_at) VALUES (105, '2566890', 'Bruno', 'Torres', '2005-01-15', 'M', NULL, '59192863691', 'brunotorres104@estudiante.edu.bo', 'Colegio Boliviano', 'Santa Cruz de la Sierra', NULL, 1, 2, 'Tarde', 1, 'Preinscrito', false, 204, NOW(), NOW());
INSERT INTO requisitos_documentales (postulante_id, ci_digitalizado, certificado_nacimiento, titulo_bachiller_legalizado, formulario_preinscripcion, verificado_bd_externa, updated_at) VALUES (105, false, false, false, false, false, NOW());
INSERT INTO users (id, name, email, password, role, active, created_at, updated_at) VALUES (205, 'Natalia Cortés', 'nataliacortés105@estudiante.edu.bo', '\$2y\$12\$TyO9cTQJ0O7NSPORyyP8Hup.wk8.BWNWu4itdEJYyjZ2Sem9DbFyi', 'Postulante', true, NOW(), NOW());
INSERT INTO postulantes (id, ci, nombres, apellidos, fecha_nacimiento, sexo, direccion, telefono, email, colegio_procedencia, ciudad, titulo_bachiller, primera_opcion_id, segunda_opcion_id, turno_preferencia, gestion_id, estado, recurrente, user_id, created_at, updated_at) VALUES (106, '7786700', 'Natalia', 'Cortés', '2005-01-15', 'M', NULL, '59190268716', 'nataliacortés105@estudiante.edu.bo', 'Colegio Boliviano', 'Santa Cruz de la Sierra', NULL, 1, 2, 'Noche', 1, 'Preinscrito', false, 205, NOW(), NOW());
INSERT INTO requisitos_documentales (postulante_id, ci_digitalizado, certificado_nacimiento, titulo_bachiller_legalizado, formulario_preinscripcion, verificado_bd_externa, updated_at) VALUES (106, false, false, false, false, false, NOW());
INSERT INTO users (id, name, email, password, role, active, created_at, updated_at) VALUES (206, 'Pedro Medina', 'pedromedina106@estudiante.edu.bo', '\$2y\$12\$TyO9cTQJ0O7NSPORyyP8Hup.wk8.BWNWu4itdEJYyjZ2Sem9DbFyi', 'Postulante', true, NOW(), NOW());
INSERT INTO postulantes (id, ci, nombres, apellidos, fecha_nacimiento, sexo, direccion, telefono, email, colegio_procedencia, ciudad, titulo_bachiller, primera_opcion_id, segunda_opcion_id, turno_preferencia, gestion_id, estado, recurrente, user_id, created_at, updated_at) VALUES (107, '2982716', 'Pedro', 'Medina', '2005-01-15', 'M', NULL, '59164811313', 'pedromedina106@estudiante.edu.bo', 'Colegio Boliviano', 'Santa Cruz de la Sierra', NULL, 1, 2, 'Manana', 1, 'Preinscrito', false, 206, NOW(), NOW());
INSERT INTO requisitos_documentales (postulante_id, ci_digitalizado, certificado_nacimiento, titulo_bachiller_legalizado, formulario_preinscripcion, verificado_bd_externa, updated_at) VALUES (107, false, false, false, false, false, NOW());
INSERT INTO users (id, name, email, password, role, active, created_at, updated_at) VALUES (207, 'Arturo Domínguez', 'arturodomínguez107@estudiante.edu.bo', '\$2y\$12\$TyO9cTQJ0O7NSPORyyP8Hup.wk8.BWNWu4itdEJYyjZ2Sem9DbFyi', 'Postulante', true, NOW(), NOW());
INSERT INTO postulantes (id, ci, nombres, apellidos, fecha_nacimiento, sexo, direccion, telefono, email, colegio_procedencia, ciudad, titulo_bachiller, primera_opcion_id, segunda_opcion_id, turno_preferencia, gestion_id, estado, recurrente, user_id, created_at, updated_at) VALUES (108, '6548983', 'Arturo', 'Domínguez', '2005-01-15', 'M', NULL, '59187040387', 'arturodomínguez107@estudiante.edu.bo', 'Colegio Boliviano', 'Santa Cruz de la Sierra', NULL, 1, 2, 'Manana', 1, 'Preinscrito', false, 207, NOW(), NOW());
INSERT INTO requisitos_documentales (postulante_id, ci_digitalizado, certificado_nacimiento, titulo_bachiller_legalizado, formulario_preinscripcion, verificado_bd_externa, updated_at) VALUES (108, false, false, false, false, false, NOW());
INSERT INTO users (id, name, email, password, role, active, created_at, updated_at) VALUES (208, 'Ana Rivera', 'anarivera108@estudiante.edu.bo', '\$2y\$12\$TyO9cTQJ0O7NSPORyyP8Hup.wk8.BWNWu4itdEJYyjZ2Sem9DbFyi', 'Postulante', true, NOW(), NOW());
INSERT INTO postulantes (id, ci, nombres, apellidos, fecha_nacimiento, sexo, direccion, telefono, email, colegio_procedencia, ciudad, titulo_bachiller, primera_opcion_id, segunda_opcion_id, turno_preferencia, gestion_id, estado, recurrente, user_id, created_at, updated_at) VALUES (109, '5682462', 'Ana', 'Rivera', '2005-01-15', 'M', NULL, '59173293957', 'anarivera108@estudiante.edu.bo', 'Colegio Boliviano', 'Santa Cruz de la Sierra', NULL, 1, 2, 'Noche', 1, 'Preinscrito', false, 208, NOW(), NOW());
INSERT INTO requisitos_documentales (postulante_id, ci_digitalizado, certificado_nacimiento, titulo_bachiller_legalizado, formulario_preinscripcion, verificado_bd_externa, updated_at) VALUES (109, false, false, false, false, false, NOW());
INSERT INTO users (id, name, email, password, role, active, created_at, updated_at) VALUES (209, 'Raúl López', 'raúllópez109@estudiante.edu.bo', '\$2y\$12\$TyO9cTQJ0O7NSPORyyP8Hup.wk8.BWNWu4itdEJYyjZ2Sem9DbFyi', 'Postulante', true, NOW(), NOW());
INSERT INTO postulantes (id, ci, nombres, apellidos, fecha_nacimiento, sexo, direccion, telefono, email, colegio_procedencia, ciudad, titulo_bachiller, primera_opcion_id, segunda_opcion_id, turno_preferencia, gestion_id, estado, recurrente, user_id, created_at, updated_at) VALUES (110, '9657477', 'Raúl', 'López', '2005-01-15', 'M', NULL, '59187076890', 'raúllópez109@estudiante.edu.bo', 'Colegio Boliviano', 'Santa Cruz de la Sierra', NULL, 1, 2, 'Manana', 1, 'Preinscrito', false, 209, NOW(), NOW());
INSERT INTO requisitos_documentales (postulante_id, ci_digitalizado, certificado_nacimiento, titulo_bachiller_legalizado, formulario_preinscripcion, verificado_bd_externa, updated_at) VALUES (110, false, false, false, false, false, NOW());
INSERT INTO users (id, name, email, password, role, active, created_at, updated_at) VALUES (210, 'Carmen Vázquez', 'carmenvázquez110@estudiante.edu.bo', '\$2y\$12\$TyO9cTQJ0O7NSPORyyP8Hup.wk8.BWNWu4itdEJYyjZ2Sem9DbFyi', 'Postulante', true, NOW(), NOW());
INSERT INTO postulantes (id, ci, nombres, apellidos, fecha_nacimiento, sexo, direccion, telefono, email, colegio_procedencia, ciudad, titulo_bachiller, primera_opcion_id, segunda_opcion_id, turno_preferencia, gestion_id, estado, recurrente, user_id, created_at, updated_at) VALUES (111, '2068853', 'Carmen', 'Vázquez', '2005-01-15', 'M', NULL, '59189286833', 'carmenvázquez110@estudiante.edu.bo', 'Colegio Boliviano', 'Santa Cruz de la Sierra', NULL, 1, 2, 'Tarde', 1, 'Preinscrito', false, 210, NOW(), NOW());
INSERT INTO requisitos_documentales (postulante_id, ci_digitalizado, certificado_nacimiento, titulo_bachiller_legalizado, formulario_preinscripcion, verificado_bd_externa, updated_at) VALUES (111, false, false, false, false, false, NOW());
INSERT INTO users (id, name, email, password, role, active, created_at, updated_at) VALUES (211, 'Luis Vidal', 'luisvidal111@estudiante.edu.bo', '\$2y\$12\$TyO9cTQJ0O7NSPORyyP8Hup.wk8.BWNWu4itdEJYyjZ2Sem9DbFyi', 'Postulante', true, NOW(), NOW());
INSERT INTO postulantes (id, ci, nombres, apellidos, fecha_nacimiento, sexo, direccion, telefono, email, colegio_procedencia, ciudad, titulo_bachiller, primera_opcion_id, segunda_opcion_id, turno_preferencia, gestion_id, estado, recurrente, user_id, created_at, updated_at) VALUES (112, '3759259', 'Luis', 'Vidal', '2005-01-15', 'M', NULL, '59178803656', 'luisvidal111@estudiante.edu.bo', 'Colegio Boliviano', 'Santa Cruz de la Sierra', NULL, 1, 2, 'Tarde', 1, 'Preinscrito', false, 211, NOW(), NOW());
INSERT INTO requisitos_documentales (postulante_id, ci_digitalizado, certificado_nacimiento, titulo_bachiller_legalizado, formulario_preinscripcion, verificado_bd_externa, updated_at) VALUES (112, false, false, false, false, false, NOW());
INSERT INTO users (id, name, email, password, role, active, created_at, updated_at) VALUES (212, 'Constanza Silva', 'constanzasilva112@estudiante.edu.bo', '\$2y\$12\$TyO9cTQJ0O7NSPORyyP8Hup.wk8.BWNWu4itdEJYyjZ2Sem9DbFyi', 'Postulante', true, NOW(), NOW());
INSERT INTO postulantes (id, ci, nombres, apellidos, fecha_nacimiento, sexo, direccion, telefono, email, colegio_procedencia, ciudad, titulo_bachiller, primera_opcion_id, segunda_opcion_id, turno_preferencia, gestion_id, estado, recurrente, user_id, created_at, updated_at) VALUES (113, '4625141', 'Constanza', 'Silva', '2005-01-15', 'M', NULL, '59162631645', 'constanzasilva112@estudiante.edu.bo', 'Colegio Boliviano', 'Santa Cruz de la Sierra', NULL, 1, 2, 'Noche', 1, 'Preinscrito', false, 212, NOW(), NOW());
INSERT INTO requisitos_documentales (postulante_id, ci_digitalizado, certificado_nacimiento, titulo_bachiller_legalizado, formulario_preinscripcion, verificado_bd_externa, updated_at) VALUES (113, false, false, false, false, false, NOW());
INSERT INTO users (id, name, email, password, role, active, created_at, updated_at) VALUES (213, 'Verónica Jiménez', 'verónicajiménez113@estudiante.edu.bo', '\$2y\$12\$TyO9cTQJ0O7NSPORyyP8Hup.wk8.BWNWu4itdEJYyjZ2Sem9DbFyi', 'Postulante', true, NOW(), NOW());
INSERT INTO postulantes (id, ci, nombres, apellidos, fecha_nacimiento, sexo, direccion, telefono, email, colegio_procedencia, ciudad, titulo_bachiller, primera_opcion_id, segunda_opcion_id, turno_preferencia, gestion_id, estado, recurrente, user_id, created_at, updated_at) VALUES (114, '7754156', 'Verónica', 'Jiménez', '2005-01-15', 'M', NULL, '59186322900', 'verónicajiménez113@estudiante.edu.bo', 'Colegio Boliviano', 'Santa Cruz de la Sierra', NULL, 1, 2, 'Noche', 1, 'Preinscrito', false, 213, NOW(), NOW());
INSERT INTO requisitos_documentales (postulante_id, ci_digitalizado, certificado_nacimiento, titulo_bachiller_legalizado, formulario_preinscripcion, verificado_bd_externa, updated_at) VALUES (114, false, false, false, false, false, NOW());
INSERT INTO users (id, name, email, password, role, active, created_at, updated_at) VALUES (214, 'Patricia Ortiz', 'patriciaortiz114@estudiante.edu.bo', '\$2y\$12\$TyO9cTQJ0O7NSPORyyP8Hup.wk8.BWNWu4itdEJYyjZ2Sem9DbFyi', 'Postulante', true, NOW(), NOW());
INSERT INTO postulantes (id, ci, nombres, apellidos, fecha_nacimiento, sexo, direccion, telefono, email, colegio_procedencia, ciudad, titulo_bachiller, primera_opcion_id, segunda_opcion_id, turno_preferencia, gestion_id, estado, recurrente, user_id, created_at, updated_at) VALUES (115, '7293795', 'Patricia', 'Ortiz', '2005-01-15', 'M', NULL, '59195915976', 'patriciaortiz114@estudiante.edu.bo', 'Colegio Boliviano', 'Santa Cruz de la Sierra', NULL, 1, 2, 'Manana', 1, 'Preinscrito', false, 214, NOW(), NOW());
INSERT INTO requisitos_documentales (postulante_id, ci_digitalizado, certificado_nacimiento, titulo_bachiller_legalizado, formulario_preinscripcion, verificado_bd_externa, updated_at) VALUES (115, false, false, false, false, false, NOW());
INSERT INTO users (id, name, email, password, role, active, created_at, updated_at) VALUES (215, 'Javier Ruiz', 'javierruiz115@estudiante.edu.bo', '\$2y\$12\$TyO9cTQJ0O7NSPORyyP8Hup.wk8.BWNWu4itdEJYyjZ2Sem9DbFyi', 'Postulante', true, NOW(), NOW());
INSERT INTO postulantes (id, ci, nombres, apellidos, fecha_nacimiento, sexo, direccion, telefono, email, colegio_procedencia, ciudad, titulo_bachiller, primera_opcion_id, segunda_opcion_id, turno_preferencia, gestion_id, estado, recurrente, user_id, created_at, updated_at) VALUES (116, '3383037', 'Javier', 'Ruiz', '2005-01-15', 'M', NULL, '59173462691', 'javierruiz115@estudiante.edu.bo', 'Colegio Boliviano', 'Santa Cruz de la Sierra', NULL, 1, 2, 'Tarde', 1, 'Preinscrito', false, 215, NOW(), NOW());
INSERT INTO requisitos_documentales (postulante_id, ci_digitalizado, certificado_nacimiento, titulo_bachiller_legalizado, formulario_preinscripcion, verificado_bd_externa, updated_at) VALUES (116, false, false, false, false, false, NOW());
INSERT INTO users (id, name, email, password, role, active, created_at, updated_at) VALUES (216, 'Irene Contreras', 'irenecontreras116@estudiante.edu.bo', '\$2y\$12\$TyO9cTQJ0O7NSPORyyP8Hup.wk8.BWNWu4itdEJYyjZ2Sem9DbFyi', 'Postulante', true, NOW(), NOW());
INSERT INTO postulantes (id, ci, nombres, apellidos, fecha_nacimiento, sexo, direccion, telefono, email, colegio_procedencia, ciudad, titulo_bachiller, primera_opcion_id, segunda_opcion_id, turno_preferencia, gestion_id, estado, recurrente, user_id, created_at, updated_at) VALUES (117, '8721021', 'Irene', 'Contreras', '2005-01-15', 'M', NULL, '59193177053', 'irenecontreras116@estudiante.edu.bo', 'Colegio Boliviano', 'Santa Cruz de la Sierra', NULL, 1, 2, 'Tarde', 1, 'Preinscrito', false, 216, NOW(), NOW());
INSERT INTO requisitos_documentales (postulante_id, ci_digitalizado, certificado_nacimiento, titulo_bachiller_legalizado, formulario_preinscripcion, verificado_bd_externa, updated_at) VALUES (117, false, false, false, false, false, NOW());
INSERT INTO users (id, name, email, password, role, active, created_at, updated_at) VALUES (217, 'Valentina Rojas', 'valentinarojas117@estudiante.edu.bo', '\$2y\$12\$TyO9cTQJ0O7NSPORyyP8Hup.wk8.BWNWu4itdEJYyjZ2Sem9DbFyi', 'Postulante', true, NOW(), NOW());
INSERT INTO postulantes (id, ci, nombres, apellidos, fecha_nacimiento, sexo, direccion, telefono, email, colegio_procedencia, ciudad, titulo_bachiller, primera_opcion_id, segunda_opcion_id, turno_preferencia, gestion_id, estado, recurrente, user_id, created_at, updated_at) VALUES (118, '3234550', 'Valentina', 'Rojas', '2005-01-15', 'M', NULL, '59171779193', 'valentinarojas117@estudiante.edu.bo', 'Colegio Boliviano', 'Santa Cruz de la Sierra', NULL, 1, 2, 'Tarde', 1, 'Preinscrito', false, 217, NOW(), NOW());
INSERT INTO requisitos_documentales (postulante_id, ci_digitalizado, certificado_nacimiento, titulo_bachiller_legalizado, formulario_preinscripcion, verificado_bd_externa, updated_at) VALUES (118, false, false, false, false, false, NOW());
INSERT INTO users (id, name, email, password, role, active, created_at, updated_at) VALUES (218, 'Antonio Sánchez', 'antoniosánchez118@estudiante.edu.bo', '\$2y\$12\$TyO9cTQJ0O7NSPORyyP8Hup.wk8.BWNWu4itdEJYyjZ2Sem9DbFyi', 'Postulante', true, NOW(), NOW());
INSERT INTO postulantes (id, ci, nombres, apellidos, fecha_nacimiento, sexo, direccion, telefono, email, colegio_procedencia, ciudad, titulo_bachiller, primera_opcion_id, segunda_opcion_id, turno_preferencia, gestion_id, estado, recurrente, user_id, created_at, updated_at) VALUES (119, '6270367', 'Antonio', 'Sánchez', '2005-01-15', 'M', NULL, '59194639931', 'antoniosánchez118@estudiante.edu.bo', 'Colegio Boliviano', 'Santa Cruz de la Sierra', NULL, 1, 2, 'Manana', 1, 'Preinscrito', false, 218, NOW(), NOW());
INSERT INTO requisitos_documentales (postulante_id, ci_digitalizado, certificado_nacimiento, titulo_bachiller_legalizado, formulario_preinscripcion, verificado_bd_externa, updated_at) VALUES (119, false, false, false, false, false, NOW());
INSERT INTO users (id, name, email, password, role, active, created_at, updated_at) VALUES (219, 'Andrés Ortiz', 'andrésortiz119@estudiante.edu.bo', '\$2y\$12\$TyO9cTQJ0O7NSPORyyP8Hup.wk8.BWNWu4itdEJYyjZ2Sem9DbFyi', 'Postulante', true, NOW(), NOW());
INSERT INTO postulantes (id, ci, nombres, apellidos, fecha_nacimiento, sexo, direccion, telefono, email, colegio_procedencia, ciudad, titulo_bachiller, primera_opcion_id, segunda_opcion_id, turno_preferencia, gestion_id, estado, recurrente, user_id, created_at, updated_at) VALUES (120, '9855368', 'Andrés', 'Ortiz', '2005-01-15', 'M', NULL, '59198176319', 'andrésortiz119@estudiante.edu.bo', 'Colegio Boliviano', 'Santa Cruz de la Sierra', NULL, 1, 2, 'Noche', 1, 'Preinscrito', false, 219, NOW(), NOW());
INSERT INTO requisitos_documentales (postulante_id, ci_digitalizado, certificado_nacimiento, titulo_bachiller_legalizado, formulario_preinscripcion, verificado_bd_externa, updated_at) VALUES (120, false, false, false, false, false, NOW());
INSERT INTO users (id, name, email, password, role, active, created_at, updated_at) VALUES (220, 'Javier Fuentes', 'javierfuentes120@estudiante.edu.bo', '\$2y\$12\$TyO9cTQJ0O7NSPORyyP8Hup.wk8.BWNWu4itdEJYyjZ2Sem9DbFyi', 'Postulante', true, NOW(), NOW());
INSERT INTO postulantes (id, ci, nombres, apellidos, fecha_nacimiento, sexo, direccion, telefono, email, colegio_procedencia, ciudad, titulo_bachiller, primera_opcion_id, segunda_opcion_id, turno_preferencia, gestion_id, estado, recurrente, user_id, created_at, updated_at) VALUES (121, '1280806', 'Javier', 'Fuentes', '2005-01-15', 'M', NULL, '59179976634', 'javierfuentes120@estudiante.edu.bo', 'Colegio Boliviano', 'Santa Cruz de la Sierra', NULL, 1, 2, 'Manana', 1, 'Preinscrito', false, 220, NOW(), NOW());
INSERT INTO requisitos_documentales (postulante_id, ci_digitalizado, certificado_nacimiento, titulo_bachiller_legalizado, formulario_preinscripcion, verificado_bd_externa, updated_at) VALUES (121, false, false, false, false, false, NOW());
INSERT INTO users (id, name, email, password, role, active, created_at, updated_at) VALUES (221, 'Antonio Domínguez', 'antoniodomínguez121@estudiante.edu.bo', '\$2y\$12\$TyO9cTQJ0O7NSPORyyP8Hup.wk8.BWNWu4itdEJYyjZ2Sem9DbFyi', 'Postulante', true, NOW(), NOW());
INSERT INTO postulantes (id, ci, nombres, apellidos, fecha_nacimiento, sexo, direccion, telefono, email, colegio_procedencia, ciudad, titulo_bachiller, primera_opcion_id, segunda_opcion_id, turno_preferencia, gestion_id, estado, recurrente, user_id, created_at, updated_at) VALUES (122, '2152238', 'Antonio', 'Domínguez', '2005-01-15', 'M', NULL, '59172295615', 'antoniodomínguez121@estudiante.edu.bo', 'Colegio Boliviano', 'Santa Cruz de la Sierra', NULL, 1, 2, 'Noche', 1, 'Preinscrito', false, 221, NOW(), NOW());
INSERT INTO requisitos_documentales (postulante_id, ci_digitalizado, certificado_nacimiento, titulo_bachiller_legalizado, formulario_preinscripcion, verificado_bd_externa, updated_at) VALUES (122, false, false, false, false, false, NOW());
INSERT INTO users (id, name, email, password, role, active, created_at, updated_at) VALUES (222, 'Arturo Rojas', 'arturorojas122@estudiante.edu.bo', '\$2y\$12\$TyO9cTQJ0O7NSPORyyP8Hup.wk8.BWNWu4itdEJYyjZ2Sem9DbFyi', 'Postulante', true, NOW(), NOW());
INSERT INTO postulantes (id, ci, nombres, apellidos, fecha_nacimiento, sexo, direccion, telefono, email, colegio_procedencia, ciudad, titulo_bachiller, primera_opcion_id, segunda_opcion_id, turno_preferencia, gestion_id, estado, recurrente, user_id, created_at, updated_at) VALUES (123, '6760074', 'Arturo', 'Rojas', '2005-01-15', 'M', NULL, '59166988392', 'arturorojas122@estudiante.edu.bo', 'Colegio Boliviano', 'Santa Cruz de la Sierra', NULL, 1, 2, 'Noche', 1, 'Preinscrito', false, 222, NOW(), NOW());
INSERT INTO requisitos_documentales (postulante_id, ci_digitalizado, certificado_nacimiento, titulo_bachiller_legalizado, formulario_preinscripcion, verificado_bd_externa, updated_at) VALUES (123, false, false, false, false, false, NOW());
INSERT INTO users (id, name, email, password, role, active, created_at, updated_at) VALUES (223, 'Bruno Contreras', 'brunocontreras123@estudiante.edu.bo', '\$2y\$12\$TyO9cTQJ0O7NSPORyyP8Hup.wk8.BWNWu4itdEJYyjZ2Sem9DbFyi', 'Postulante', true, NOW(), NOW());
INSERT INTO postulantes (id, ci, nombres, apellidos, fecha_nacimiento, sexo, direccion, telefono, email, colegio_procedencia, ciudad, titulo_bachiller, primera_opcion_id, segunda_opcion_id, turno_preferencia, gestion_id, estado, recurrente, user_id, created_at, updated_at) VALUES (124, '6265594', 'Bruno', 'Contreras', '2005-01-15', 'M', NULL, '59171492138', 'brunocontreras123@estudiante.edu.bo', 'Colegio Boliviano', 'Santa Cruz de la Sierra', NULL, 1, 2, 'Noche', 1, 'Preinscrito', false, 223, NOW(), NOW());
INSERT INTO requisitos_documentales (postulante_id, ci_digitalizado, certificado_nacimiento, titulo_bachiller_legalizado, formulario_preinscripcion, verificado_bd_externa, updated_at) VALUES (124, false, false, false, false, false, NOW());
INSERT INTO users (id, name, email, password, role, active, created_at, updated_at) VALUES (224, 'Roberto Torres', 'robertotorres124@estudiante.edu.bo', '\$2y\$12\$TyO9cTQJ0O7NSPORyyP8Hup.wk8.BWNWu4itdEJYyjZ2Sem9DbFyi', 'Postulante', true, NOW(), NOW());
INSERT INTO postulantes (id, ci, nombres, apellidos, fecha_nacimiento, sexo, direccion, telefono, email, colegio_procedencia, ciudad, titulo_bachiller, primera_opcion_id, segunda_opcion_id, turno_preferencia, gestion_id, estado, recurrente, user_id, created_at, updated_at) VALUES (125, '8875804', 'Roberto', 'Torres', '2005-01-15', 'M', NULL, '59186676084', 'robertotorres124@estudiante.edu.bo', 'Colegio Boliviano', 'Santa Cruz de la Sierra', NULL, 1, 2, 'Manana', 1, 'Preinscrito', false, 224, NOW(), NOW());
INSERT INTO requisitos_documentales (postulante_id, ci_digitalizado, certificado_nacimiento, titulo_bachiller_legalizado, formulario_preinscripcion, verificado_bd_externa, updated_at) VALUES (125, false, false, false, false, false, NOW());
INSERT INTO users (id, name, email, password, role, active, created_at, updated_at) VALUES (225, 'Francisca Domínguez', 'franciscadomínguez125@estudiante.edu.bo', '\$2y\$12\$TyO9cTQJ0O7NSPORyyP8Hup.wk8.BWNWu4itdEJYyjZ2Sem9DbFyi', 'Postulante', true, NOW(), NOW());
INSERT INTO postulantes (id, ci, nombres, apellidos, fecha_nacimiento, sexo, direccion, telefono, email, colegio_procedencia, ciudad, titulo_bachiller, primera_opcion_id, segunda_opcion_id, turno_preferencia, gestion_id, estado, recurrente, user_id, created_at, updated_at) VALUES (126, '7511659', 'Francisca', 'Domínguez', '2005-01-15', 'M', NULL, '59166628966', 'franciscadomínguez125@estudiante.edu.bo', 'Colegio Boliviano', 'Santa Cruz de la Sierra', NULL, 1, 2, 'Tarde', 1, 'Preinscrito', false, 225, NOW(), NOW());
INSERT INTO requisitos_documentales (postulante_id, ci_digitalizado, certificado_nacimiento, titulo_bachiller_legalizado, formulario_preinscripcion, verificado_bd_externa, updated_at) VALUES (126, false, false, false, false, false, NOW());
INSERT INTO users (id, name, email, password, role, active, created_at, updated_at) VALUES (226, 'Rosa Vega', 'rosavega126@estudiante.edu.bo', '\$2y\$12\$TyO9cTQJ0O7NSPORyyP8Hup.wk8.BWNWu4itdEJYyjZ2Sem9DbFyi', 'Postulante', true, NOW(), NOW());
INSERT INTO postulantes (id, ci, nombres, apellidos, fecha_nacimiento, sexo, direccion, telefono, email, colegio_procedencia, ciudad, titulo_bachiller, primera_opcion_id, segunda_opcion_id, turno_preferencia, gestion_id, estado, recurrente, user_id, created_at, updated_at) VALUES (127, '4455319', 'Rosa', 'Vega', '2005-01-15', 'M', NULL, '59170789528', 'rosavega126@estudiante.edu.bo', 'Colegio Boliviano', 'Santa Cruz de la Sierra', NULL, 1, 2, 'Tarde', 1, 'Preinscrito', false, 226, NOW(), NOW());
INSERT INTO requisitos_documentales (postulante_id, ci_digitalizado, certificado_nacimiento, titulo_bachiller_legalizado, formulario_preinscripcion, verificado_bd_externa, updated_at) VALUES (127, false, false, false, false, false, NOW());
INSERT INTO users (id, name, email, password, role, active, created_at, updated_at) VALUES (227, 'Aurora Ruiz', 'auroraruiz127@estudiante.edu.bo', '\$2y\$12\$TyO9cTQJ0O7NSPORyyP8Hup.wk8.BWNWu4itdEJYyjZ2Sem9DbFyi', 'Postulante', true, NOW(), NOW());
INSERT INTO postulantes (id, ci, nombres, apellidos, fecha_nacimiento, sexo, direccion, telefono, email, colegio_procedencia, ciudad, titulo_bachiller, primera_opcion_id, segunda_opcion_id, turno_preferencia, gestion_id, estado, recurrente, user_id, created_at, updated_at) VALUES (128, '5611726', 'Aurora', 'Ruiz', '2005-01-15', 'M', NULL, '59165160536', 'auroraruiz127@estudiante.edu.bo', 'Colegio Boliviano', 'Santa Cruz de la Sierra', NULL, 1, 2, 'Tarde', 1, 'Preinscrito', false, 227, NOW(), NOW());
INSERT INTO requisitos_documentales (postulante_id, ci_digitalizado, certificado_nacimiento, titulo_bachiller_legalizado, formulario_preinscripcion, verificado_bd_externa, updated_at) VALUES (128, false, false, false, false, false, NOW());
INSERT INTO users (id, name, email, password, role, active, created_at, updated_at) VALUES (228, 'Elena Morales', 'elenamorales128@estudiante.edu.bo', '\$2y\$12\$TyO9cTQJ0O7NSPORyyP8Hup.wk8.BWNWu4itdEJYyjZ2Sem9DbFyi', 'Postulante', true, NOW(), NOW());
INSERT INTO postulantes (id, ci, nombres, apellidos, fecha_nacimiento, sexo, direccion, telefono, email, colegio_procedencia, ciudad, titulo_bachiller, primera_opcion_id, segunda_opcion_id, turno_preferencia, gestion_id, estado, recurrente, user_id, created_at, updated_at) VALUES (129, '2799295', 'Elena', 'Morales', '2005-01-15', 'M', NULL, '59181977474', 'elenamorales128@estudiante.edu.bo', 'Colegio Boliviano', 'Santa Cruz de la Sierra', NULL, 1, 2, 'Tarde', 1, 'Preinscrito', false, 228, NOW(), NOW());
INSERT INTO requisitos_documentales (postulante_id, ci_digitalizado, certificado_nacimiento, titulo_bachiller_legalizado, formulario_preinscripcion, verificado_bd_externa, updated_at) VALUES (129, false, false, false, false, false, NOW());
INSERT INTO users (id, name, email, password, role, active, created_at, updated_at) VALUES (229, 'Antonio Fuentes', 'antoniofuentes129@estudiante.edu.bo', '\$2y\$12\$TyO9cTQJ0O7NSPORyyP8Hup.wk8.BWNWu4itdEJYyjZ2Sem9DbFyi', 'Postulante', true, NOW(), NOW());
INSERT INTO postulantes (id, ci, nombres, apellidos, fecha_nacimiento, sexo, direccion, telefono, email, colegio_procedencia, ciudad, titulo_bachiller, primera_opcion_id, segunda_opcion_id, turno_preferencia, gestion_id, estado, recurrente, user_id, created_at, updated_at) VALUES (130, '8060051', 'Antonio', 'Fuentes', '2005-01-15', 'M', NULL, '59182592767', 'antoniofuentes129@estudiante.edu.bo', 'Colegio Boliviano', 'Santa Cruz de la Sierra', NULL, 1, 2, 'Manana', 1, 'Preinscrito', false, 229, NOW(), NOW());
INSERT INTO requisitos_documentales (postulante_id, ci_digitalizado, certificado_nacimiento, titulo_bachiller_legalizado, formulario_preinscripcion, verificado_bd_externa, updated_at) VALUES (130, false, false, false, false, false, NOW());
INSERT INTO users (id, name, email, password, role, active, created_at, updated_at) VALUES (230, 'Sergio García', 'sergiogarcía130@estudiante.edu.bo', '\$2y\$12\$TyO9cTQJ0O7NSPORyyP8Hup.wk8.BWNWu4itdEJYyjZ2Sem9DbFyi', 'Postulante', true, NOW(), NOW());
INSERT INTO postulantes (id, ci, nombres, apellidos, fecha_nacimiento, sexo, direccion, telefono, email, colegio_procedencia, ciudad, titulo_bachiller, primera_opcion_id, segunda_opcion_id, turno_preferencia, gestion_id, estado, recurrente, user_id, created_at, updated_at) VALUES (131, '7847752', 'Sergio', 'García', '2005-01-15', 'M', NULL, '59184270265', 'sergiogarcía130@estudiante.edu.bo', 'Colegio Boliviano', 'Santa Cruz de la Sierra', NULL, 1, 2, 'Noche', 1, 'Preinscrito', false, 230, NOW(), NOW());
INSERT INTO requisitos_documentales (postulante_id, ci_digitalizado, certificado_nacimiento, titulo_bachiller_legalizado, formulario_preinscripcion, verificado_bd_externa, updated_at) VALUES (131, false, false, false, false, false, NOW());
INSERT INTO users (id, name, email, password, role, active, created_at, updated_at) VALUES (231, 'Aurora Torres', 'auroratorres131@estudiante.edu.bo', '\$2y\$12\$TyO9cTQJ0O7NSPORyyP8Hup.wk8.BWNWu4itdEJYyjZ2Sem9DbFyi', 'Postulante', true, NOW(), NOW());
INSERT INTO postulantes (id, ci, nombres, apellidos, fecha_nacimiento, sexo, direccion, telefono, email, colegio_procedencia, ciudad, titulo_bachiller, primera_opcion_id, segunda_opcion_id, turno_preferencia, gestion_id, estado, recurrente, user_id, created_at, updated_at) VALUES (132, '7725404', 'Aurora', 'Torres', '2005-01-15', 'M', NULL, '59163829586', 'auroratorres131@estudiante.edu.bo', 'Colegio Boliviano', 'Santa Cruz de la Sierra', NULL, 1, 2, 'Manana', 1, 'Preinscrito', false, 231, NOW(), NOW());
INSERT INTO requisitos_documentales (postulante_id, ci_digitalizado, certificado_nacimiento, titulo_bachiller_legalizado, formulario_preinscripcion, verificado_bd_externa, updated_at) VALUES (132, false, false, false, false, false, NOW());
INSERT INTO users (id, name, email, password, role, active, created_at, updated_at) VALUES (232, 'Javier Guerrero', 'javierguerrero132@estudiante.edu.bo', '\$2y\$12\$TyO9cTQJ0O7NSPORyyP8Hup.wk8.BWNWu4itdEJYyjZ2Sem9DbFyi', 'Postulante', true, NOW(), NOW());
INSERT INTO postulantes (id, ci, nombres, apellidos, fecha_nacimiento, sexo, direccion, telefono, email, colegio_procedencia, ciudad, titulo_bachiller, primera_opcion_id, segunda_opcion_id, turno_preferencia, gestion_id, estado, recurrente, user_id, created_at, updated_at) VALUES (133, '2543854', 'Javier', 'Guerrero', '2005-01-15', 'M', NULL, '59170352935', 'javierguerrero132@estudiante.edu.bo', 'Colegio Boliviano', 'Santa Cruz de la Sierra', NULL, 1, 2, 'Manana', 1, 'Preinscrito', false, 232, NOW(), NOW());
INSERT INTO requisitos_documentales (postulante_id, ci_digitalizado, certificado_nacimiento, titulo_bachiller_legalizado, formulario_preinscripcion, verificado_bd_externa, updated_at) VALUES (133, false, false, false, false, false, NOW());
INSERT INTO users (id, name, email, password, role, active, created_at, updated_at) VALUES (233, 'Gabriela Rivera', 'gabrielarivera133@estudiante.edu.bo', '\$2y\$12\$TyO9cTQJ0O7NSPORyyP8Hup.wk8.BWNWu4itdEJYyjZ2Sem9DbFyi', 'Postulante', true, NOW(), NOW());
INSERT INTO postulantes (id, ci, nombres, apellidos, fecha_nacimiento, sexo, direccion, telefono, email, colegio_procedencia, ciudad, titulo_bachiller, primera_opcion_id, segunda_opcion_id, turno_preferencia, gestion_id, estado, recurrente, user_id, created_at, updated_at) VALUES (134, '7576770', 'Gabriela', 'Rivera', '2005-01-15', 'M', NULL, '59178188843', 'gabrielarivera133@estudiante.edu.bo', 'Colegio Boliviano', 'Santa Cruz de la Sierra', NULL, 1, 2, 'Manana', 1, 'Preinscrito', false, 233, NOW(), NOW());
INSERT INTO requisitos_documentales (postulante_id, ci_digitalizado, certificado_nacimiento, titulo_bachiller_legalizado, formulario_preinscripcion, verificado_bd_externa, updated_at) VALUES (134, false, false, false, false, false, NOW());
INSERT INTO users (id, name, email, password, role, active, created_at, updated_at) VALUES (234, 'Diego Domínguez', 'diegodomínguez134@estudiante.edu.bo', '\$2y\$12\$TyO9cTQJ0O7NSPORyyP8Hup.wk8.BWNWu4itdEJYyjZ2Sem9DbFyi', 'Postulante', true, NOW(), NOW());
INSERT INTO postulantes (id, ci, nombres, apellidos, fecha_nacimiento, sexo, direccion, telefono, email, colegio_procedencia, ciudad, titulo_bachiller, primera_opcion_id, segunda_opcion_id, turno_preferencia, gestion_id, estado, recurrente, user_id, created_at, updated_at) VALUES (135, '2376789', 'Diego', 'Domínguez', '2005-01-15', 'M', NULL, '59177212613', 'diegodomínguez134@estudiante.edu.bo', 'Colegio Boliviano', 'Santa Cruz de la Sierra', NULL, 1, 2, 'Tarde', 1, 'Preinscrito', false, 234, NOW(), NOW());
INSERT INTO requisitos_documentales (postulante_id, ci_digitalizado, certificado_nacimiento, titulo_bachiller_legalizado, formulario_preinscripcion, verificado_bd_externa, updated_at) VALUES (135, false, false, false, false, false, NOW());
INSERT INTO users (id, name, email, password, role, active, created_at, updated_at) VALUES (235, 'Miguel Acosta', 'miguelacosta135@estudiante.edu.bo', '\$2y\$12\$TyO9cTQJ0O7NSPORyyP8Hup.wk8.BWNWu4itdEJYyjZ2Sem9DbFyi', 'Postulante', true, NOW(), NOW());
INSERT INTO postulantes (id, ci, nombres, apellidos, fecha_nacimiento, sexo, direccion, telefono, email, colegio_procedencia, ciudad, titulo_bachiller, primera_opcion_id, segunda_opcion_id, turno_preferencia, gestion_id, estado, recurrente, user_id, created_at, updated_at) VALUES (136, '9751463', 'Miguel', 'Acosta', '2005-01-15', 'M', NULL, '59167180358', 'miguelacosta135@estudiante.edu.bo', 'Colegio Boliviano', 'Santa Cruz de la Sierra', NULL, 1, 2, 'Tarde', 1, 'Preinscrito', false, 235, NOW(), NOW());
INSERT INTO requisitos_documentales (postulante_id, ci_digitalizado, certificado_nacimiento, titulo_bachiller_legalizado, formulario_preinscripcion, verificado_bd_externa, updated_at) VALUES (136, false, false, false, false, false, NOW());
INSERT INTO users (id, name, email, password, role, active, created_at, updated_at) VALUES (236, 'Miguel Guerrero', 'miguelguerrero136@estudiante.edu.bo', '\$2y\$12\$TyO9cTQJ0O7NSPORyyP8Hup.wk8.BWNWu4itdEJYyjZ2Sem9DbFyi', 'Postulante', true, NOW(), NOW());
INSERT INTO postulantes (id, ci, nombres, apellidos, fecha_nacimiento, sexo, direccion, telefono, email, colegio_procedencia, ciudad, titulo_bachiller, primera_opcion_id, segunda_opcion_id, turno_preferencia, gestion_id, estado, recurrente, user_id, created_at, updated_at) VALUES (137, '4215399', 'Miguel', 'Guerrero', '2005-01-15', 'M', NULL, '59196658383', 'miguelguerrero136@estudiante.edu.bo', 'Colegio Boliviano', 'Santa Cruz de la Sierra', NULL, 1, 2, 'Tarde', 1, 'Preinscrito', false, 236, NOW(), NOW());
INSERT INTO requisitos_documentales (postulante_id, ci_digitalizado, certificado_nacimiento, titulo_bachiller_legalizado, formulario_preinscripcion, verificado_bd_externa, updated_at) VALUES (137, false, false, false, false, false, NOW());
INSERT INTO users (id, name, email, password, role, active, created_at, updated_at) VALUES (237, 'Valentina Sánchez', 'valentinasánchez137@estudiante.edu.bo', '\$2y\$12\$TyO9cTQJ0O7NSPORyyP8Hup.wk8.BWNWu4itdEJYyjZ2Sem9DbFyi', 'Postulante', true, NOW(), NOW());
INSERT INTO postulantes (id, ci, nombres, apellidos, fecha_nacimiento, sexo, direccion, telefono, email, colegio_procedencia, ciudad, titulo_bachiller, primera_opcion_id, segunda_opcion_id, turno_preferencia, gestion_id, estado, recurrente, user_id, created_at, updated_at) VALUES (138, '8974673', 'Valentina', 'Sánchez', '2005-01-15', 'M', NULL, '59196998910', 'valentinasánchez137@estudiante.edu.bo', 'Colegio Boliviano', 'Santa Cruz de la Sierra', NULL, 1, 2, 'Noche', 1, 'Preinscrito', false, 237, NOW(), NOW());
INSERT INTO requisitos_documentales (postulante_id, ci_digitalizado, certificado_nacimiento, titulo_bachiller_legalizado, formulario_preinscripcion, verificado_bd_externa, updated_at) VALUES (138, false, false, false, false, false, NOW());
INSERT INTO users (id, name, email, password, role, active, created_at, updated_at) VALUES (238, 'Juan Valencia', 'juanvalencia138@estudiante.edu.bo', '\$2y\$12\$TyO9cTQJ0O7NSPORyyP8Hup.wk8.BWNWu4itdEJYyjZ2Sem9DbFyi', 'Postulante', true, NOW(), NOW());
INSERT INTO postulantes (id, ci, nombres, apellidos, fecha_nacimiento, sexo, direccion, telefono, email, colegio_procedencia, ciudad, titulo_bachiller, primera_opcion_id, segunda_opcion_id, turno_preferencia, gestion_id, estado, recurrente, user_id, created_at, updated_at) VALUES (139, '5876850', 'Juan', 'Valencia', '2005-01-15', 'M', NULL, '59192263125', 'juanvalencia138@estudiante.edu.bo', 'Colegio Boliviano', 'Santa Cruz de la Sierra', NULL, 1, 2, 'Tarde', 1, 'Preinscrito', false, 238, NOW(), NOW());
INSERT INTO requisitos_documentales (postulante_id, ci_digitalizado, certificado_nacimiento, titulo_bachiller_legalizado, formulario_preinscripcion, verificado_bd_externa, updated_at) VALUES (139, false, false, false, false, false, NOW());
INSERT INTO users (id, name, email, password, role, active, created_at, updated_at) VALUES (239, 'Jorge Flores', 'jorgeflores139@estudiante.edu.bo', '\$2y\$12\$TyO9cTQJ0O7NSPORyyP8Hup.wk8.BWNWu4itdEJYyjZ2Sem9DbFyi', 'Postulante', true, NOW(), NOW());
INSERT INTO postulantes (id, ci, nombres, apellidos, fecha_nacimiento, sexo, direccion, telefono, email, colegio_procedencia, ciudad, titulo_bachiller, primera_opcion_id, segunda_opcion_id, turno_preferencia, gestion_id, estado, recurrente, user_id, created_at, updated_at) VALUES (140, '2265568', 'Jorge', 'Flores', '2005-01-15', 'M', NULL, '59173359916', 'jorgeflores139@estudiante.edu.bo', 'Colegio Boliviano', 'Santa Cruz de la Sierra', NULL, 1, 2, 'Manana', 1, 'Preinscrito', false, 239, NOW(), NOW());
INSERT INTO requisitos_documentales (postulante_id, ci_digitalizado, certificado_nacimiento, titulo_bachiller_legalizado, formulario_preinscripcion, verificado_bd_externa, updated_at) VALUES (140, false, false, false, false, false, NOW());
INSERT INTO users (id, name, email, password, role, active, created_at, updated_at) VALUES (240, 'Carmen Rivas', 'carmenrivas140@estudiante.edu.bo', '\$2y\$12\$TyO9cTQJ0O7NSPORyyP8Hup.wk8.BWNWu4itdEJYyjZ2Sem9DbFyi', 'Postulante', true, NOW(), NOW());
INSERT INTO postulantes (id, ci, nombres, apellidos, fecha_nacimiento, sexo, direccion, telefono, email, colegio_procedencia, ciudad, titulo_bachiller, primera_opcion_id, segunda_opcion_id, turno_preferencia, gestion_id, estado, recurrente, user_id, created_at, updated_at) VALUES (141, '8800787', 'Carmen', 'Rivas', '2005-01-15', 'M', NULL, '59162287565', 'carmenrivas140@estudiante.edu.bo', 'Colegio Boliviano', 'Santa Cruz de la Sierra', NULL, 1, 2, 'Noche', 1, 'Preinscrito', false, 240, NOW(), NOW());
INSERT INTO requisitos_documentales (postulante_id, ci_digitalizado, certificado_nacimiento, titulo_bachiller_legalizado, formulario_preinscripcion, verificado_bd_externa, updated_at) VALUES (141, false, false, false, false, false, NOW());
INSERT INTO users (id, name, email, password, role, active, created_at, updated_at) VALUES (241, 'Matías Hernández', 'matíashernández141@estudiante.edu.bo', '\$2y\$12\$TyO9cTQJ0O7NSPORyyP8Hup.wk8.BWNWu4itdEJYyjZ2Sem9DbFyi', 'Postulante', true, NOW(), NOW());
INSERT INTO postulantes (id, ci, nombres, apellidos, fecha_nacimiento, sexo, direccion, telefono, email, colegio_procedencia, ciudad, titulo_bachiller, primera_opcion_id, segunda_opcion_id, turno_preferencia, gestion_id, estado, recurrente, user_id, created_at, updated_at) VALUES (142, '7295238', 'Matías', 'Hernández', '2005-01-15', 'M', NULL, '59165269186', 'matíashernández141@estudiante.edu.bo', 'Colegio Boliviano', 'Santa Cruz de la Sierra', NULL, 1, 2, 'Noche', 1, 'Preinscrito', false, 241, NOW(), NOW());
INSERT INTO requisitos_documentales (postulante_id, ci_digitalizado, certificado_nacimiento, titulo_bachiller_legalizado, formulario_preinscripcion, verificado_bd_externa, updated_at) VALUES (142, false, false, false, false, false, NOW());
INSERT INTO users (id, name, email, password, role, active, created_at, updated_at) VALUES (242, 'Diego Tapia', 'diegotapia142@estudiante.edu.bo', '\$2y\$12\$TyO9cTQJ0O7NSPORyyP8Hup.wk8.BWNWu4itdEJYyjZ2Sem9DbFyi', 'Postulante', true, NOW(), NOW());
INSERT INTO postulantes (id, ci, nombres, apellidos, fecha_nacimiento, sexo, direccion, telefono, email, colegio_procedencia, ciudad, titulo_bachiller, primera_opcion_id, segunda_opcion_id, turno_preferencia, gestion_id, estado, recurrente, user_id, created_at, updated_at) VALUES (143, '2793677', 'Diego', 'Tapia', '2005-01-15', 'M', NULL, '59185403396', 'diegotapia142@estudiante.edu.bo', 'Colegio Boliviano', 'Santa Cruz de la Sierra', NULL, 1, 2, 'Noche', 1, 'Preinscrito', false, 242, NOW(), NOW());
INSERT INTO requisitos_documentales (postulante_id, ci_digitalizado, certificado_nacimiento, titulo_bachiller_legalizado, formulario_preinscripcion, verificado_bd_externa, updated_at) VALUES (143, false, false, false, false, false, NOW());
INSERT INTO users (id, name, email, password, role, active, created_at, updated_at) VALUES (243, 'Pedro Tapia', 'pedrotapia143@estudiante.edu.bo', '\$2y\$12\$TyO9cTQJ0O7NSPORyyP8Hup.wk8.BWNWu4itdEJYyjZ2Sem9DbFyi', 'Postulante', true, NOW(), NOW());
INSERT INTO postulantes (id, ci, nombres, apellidos, fecha_nacimiento, sexo, direccion, telefono, email, colegio_procedencia, ciudad, titulo_bachiller, primera_opcion_id, segunda_opcion_id, turno_preferencia, gestion_id, estado, recurrente, user_id, created_at, updated_at) VALUES (144, '8749228', 'Pedro', 'Tapia', '2005-01-15', 'M', NULL, '59167155245', 'pedrotapia143@estudiante.edu.bo', 'Colegio Boliviano', 'Santa Cruz de la Sierra', NULL, 1, 2, 'Manana', 1, 'Preinscrito', false, 243, NOW(), NOW());
INSERT INTO requisitos_documentales (postulante_id, ci_digitalizado, certificado_nacimiento, titulo_bachiller_legalizado, formulario_preinscripcion, verificado_bd_externa, updated_at) VALUES (144, false, false, false, false, false, NOW());
INSERT INTO users (id, name, email, password, role, active, created_at, updated_at) VALUES (244, 'Leticia Guerrero', 'leticiaguerrero144@estudiante.edu.bo', '\$2y\$12\$TyO9cTQJ0O7NSPORyyP8Hup.wk8.BWNWu4itdEJYyjZ2Sem9DbFyi', 'Postulante', true, NOW(), NOW());
INSERT INTO postulantes (id, ci, nombres, apellidos, fecha_nacimiento, sexo, direccion, telefono, email, colegio_procedencia, ciudad, titulo_bachiller, primera_opcion_id, segunda_opcion_id, turno_preferencia, gestion_id, estado, recurrente, user_id, created_at, updated_at) VALUES (145, '2463776', 'Leticia', 'Guerrero', '2005-01-15', 'M', NULL, '59177283145', 'leticiaguerrero144@estudiante.edu.bo', 'Colegio Boliviano', 'Santa Cruz de la Sierra', NULL, 1, 2, 'Manana', 1, 'Preinscrito', false, 244, NOW(), NOW());
INSERT INTO requisitos_documentales (postulante_id, ci_digitalizado, certificado_nacimiento, titulo_bachiller_legalizado, formulario_preinscripcion, verificado_bd_externa, updated_at) VALUES (145, false, false, false, false, false, NOW());
INSERT INTO users (id, name, email, password, role, active, created_at, updated_at) VALUES (245, 'Leticia Ortiz', 'leticiaortiz145@estudiante.edu.bo', '\$2y\$12\$TyO9cTQJ0O7NSPORyyP8Hup.wk8.BWNWu4itdEJYyjZ2Sem9DbFyi', 'Postulante', true, NOW(), NOW());
INSERT INTO postulantes (id, ci, nombres, apellidos, fecha_nacimiento, sexo, direccion, telefono, email, colegio_procedencia, ciudad, titulo_bachiller, primera_opcion_id, segunda_opcion_id, turno_preferencia, gestion_id, estado, recurrente, user_id, created_at, updated_at) VALUES (146, '2386235', 'Leticia', 'Ortiz', '2005-01-15', 'M', NULL, '59162225886', 'leticiaortiz145@estudiante.edu.bo', 'Colegio Boliviano', 'Santa Cruz de la Sierra', NULL, 1, 2, 'Manana', 1, 'Preinscrito', false, 245, NOW(), NOW());
INSERT INTO requisitos_documentales (postulante_id, ci_digitalizado, certificado_nacimiento, titulo_bachiller_legalizado, formulario_preinscripcion, verificado_bd_externa, updated_at) VALUES (146, false, false, false, false, false, NOW());
INSERT INTO users (id, name, email, password, role, active, created_at, updated_at) VALUES (246, 'Marisol Flores', 'marisolflores146@estudiante.edu.bo', '\$2y\$12\$TyO9cTQJ0O7NSPORyyP8Hup.wk8.BWNWu4itdEJYyjZ2Sem9DbFyi', 'Postulante', true, NOW(), NOW());
INSERT INTO postulantes (id, ci, nombres, apellidos, fecha_nacimiento, sexo, direccion, telefono, email, colegio_procedencia, ciudad, titulo_bachiller, primera_opcion_id, segunda_opcion_id, turno_preferencia, gestion_id, estado, recurrente, user_id, created_at, updated_at) VALUES (147, '1268959', 'Marisol', 'Flores', '2005-01-15', 'M', NULL, '59192626049', 'marisolflores146@estudiante.edu.bo', 'Colegio Boliviano', 'Santa Cruz de la Sierra', NULL, 1, 2, 'Noche', 1, 'Preinscrito', false, 246, NOW(), NOW());
INSERT INTO requisitos_documentales (postulante_id, ci_digitalizado, certificado_nacimiento, titulo_bachiller_legalizado, formulario_preinscripcion, verificado_bd_externa, updated_at) VALUES (147, false, false, false, false, false, NOW());
INSERT INTO users (id, name, email, password, role, active, created_at, updated_at) VALUES (247, 'Sergio Ruiz', 'sergioruiz147@estudiante.edu.bo', '\$2y\$12\$TyO9cTQJ0O7NSPORyyP8Hup.wk8.BWNWu4itdEJYyjZ2Sem9DbFyi', 'Postulante', true, NOW(), NOW());
INSERT INTO postulantes (id, ci, nombres, apellidos, fecha_nacimiento, sexo, direccion, telefono, email, colegio_procedencia, ciudad, titulo_bachiller, primera_opcion_id, segunda_opcion_id, turno_preferencia, gestion_id, estado, recurrente, user_id, created_at, updated_at) VALUES (148, '8818315', 'Sergio', 'Ruiz', '2005-01-15', 'M', NULL, '59172108978', 'sergioruiz147@estudiante.edu.bo', 'Colegio Boliviano', 'Santa Cruz de la Sierra', NULL, 1, 2, 'Tarde', 1, 'Preinscrito', false, 247, NOW(), NOW());
INSERT INTO requisitos_documentales (postulante_id, ci_digitalizado, certificado_nacimiento, titulo_bachiller_legalizado, formulario_preinscripcion, verificado_bd_externa, updated_at) VALUES (148, false, false, false, false, false, NOW());
INSERT INTO users (id, name, email, password, role, active, created_at, updated_at) VALUES (248, 'Francisca Molina', 'franciscamolina148@estudiante.edu.bo', '\$2y\$12\$TyO9cTQJ0O7NSPORyyP8Hup.wk8.BWNWu4itdEJYyjZ2Sem9DbFyi', 'Postulante', true, NOW(), NOW());
INSERT INTO postulantes (id, ci, nombres, apellidos, fecha_nacimiento, sexo, direccion, telefono, email, colegio_procedencia, ciudad, titulo_bachiller, primera_opcion_id, segunda_opcion_id, turno_preferencia, gestion_id, estado, recurrente, user_id, created_at, updated_at) VALUES (149, '8535983', 'Francisca', 'Molina', '2005-01-15', 'M', NULL, '59174939527', 'franciscamolina148@estudiante.edu.bo', 'Colegio Boliviano', 'Santa Cruz de la Sierra', NULL, 1, 2, 'Noche', 1, 'Preinscrito', false, 248, NOW(), NOW());
INSERT INTO requisitos_documentales (postulante_id, ci_digitalizado, certificado_nacimiento, titulo_bachiller_legalizado, formulario_preinscripcion, verificado_bd_externa, updated_at) VALUES (149, false, false, false, false, false, NOW());
INSERT INTO users (id, name, email, password, role, active, created_at, updated_at) VALUES (249, 'Sandra Domínguez', 'sandradomínguez149@estudiante.edu.bo', '\$2y\$12\$TyO9cTQJ0O7NSPORyyP8Hup.wk8.BWNWu4itdEJYyjZ2Sem9DbFyi', 'Postulante', true, NOW(), NOW());
INSERT INTO postulantes (id, ci, nombres, apellidos, fecha_nacimiento, sexo, direccion, telefono, email, colegio_procedencia, ciudad, titulo_bachiller, primera_opcion_id, segunda_opcion_id, turno_preferencia, gestion_id, estado, recurrente, user_id, created_at, updated_at) VALUES (150, '6865665', 'Sandra', 'Domínguez', '2005-01-15', 'M', NULL, '59190830892', 'sandradomínguez149@estudiante.edu.bo', 'Colegio Boliviano', 'Santa Cruz de la Sierra', NULL, 1, 2, 'Noche', 1, 'Preinscrito', false, 249, NOW(), NOW());
INSERT INTO requisitos_documentales (postulante_id, ci_digitalizado, certificado_nacimiento, titulo_bachiller_legalizado, formulario_preinscripcion, verificado_bd_externa, updated_at) VALUES (150, false, false, false, false, false, NOW());
INSERT INTO users (id, name, email, password, role, active, created_at, updated_at) VALUES (250, 'Rosa Morales', 'rosamorales150@estudiante.edu.bo', '\$2y\$12\$TyO9cTQJ0O7NSPORyyP8Hup.wk8.BWNWu4itdEJYyjZ2Sem9DbFyi', 'Postulante', true, NOW(), NOW());
INSERT INTO postulantes (id, ci, nombres, apellidos, fecha_nacimiento, sexo, direccion, telefono, email, colegio_procedencia, ciudad, titulo_bachiller, primera_opcion_id, segunda_opcion_id, turno_preferencia, gestion_id, estado, recurrente, user_id, created_at, updated_at) VALUES (151, '2327680', 'Rosa', 'Morales', '2005-01-15', 'M', NULL, '59162097455', 'rosamorales150@estudiante.edu.bo', 'Colegio Boliviano', 'Santa Cruz de la Sierra', NULL, 1, 2, 'Manana', 1, 'Preinscrito', false, 250, NOW(), NOW());
INSERT INTO requisitos_documentales (postulante_id, ci_digitalizado, certificado_nacimiento, titulo_bachiller_legalizado, formulario_preinscripcion, verificado_bd_externa, updated_at) VALUES (151, false, false, false, false, false, NOW());
INSERT INTO users (id, name, email, password, role, active, created_at, updated_at) VALUES (251, 'Eduardo Reyes', 'eduardoreyes151@estudiante.edu.bo', '\$2y\$12\$TyO9cTQJ0O7NSPORyyP8Hup.wk8.BWNWu4itdEJYyjZ2Sem9DbFyi', 'Postulante', true, NOW(), NOW());
INSERT INTO postulantes (id, ci, nombres, apellidos, fecha_nacimiento, sexo, direccion, telefono, email, colegio_procedencia, ciudad, titulo_bachiller, primera_opcion_id, segunda_opcion_id, turno_preferencia, gestion_id, estado, recurrente, user_id, created_at, updated_at) VALUES (152, '8706122', 'Eduardo', 'Reyes', '2005-01-15', 'M', NULL, '59178027069', 'eduardoreyes151@estudiante.edu.bo', 'Colegio Boliviano', 'Santa Cruz de la Sierra', NULL, 1, 2, 'Manana', 1, 'Preinscrito', false, 251, NOW(), NOW());
INSERT INTO requisitos_documentales (postulante_id, ci_digitalizado, certificado_nacimiento, titulo_bachiller_legalizado, formulario_preinscripcion, verificado_bd_externa, updated_at) VALUES (152, false, false, false, false, false, NOW());
INSERT INTO users (id, name, email, password, role, active, created_at, updated_at) VALUES (252, 'Raúl Vargas', 'raúlvargas152@estudiante.edu.bo', '\$2y\$12\$TyO9cTQJ0O7NSPORyyP8Hup.wk8.BWNWu4itdEJYyjZ2Sem9DbFyi', 'Postulante', true, NOW(), NOW());
INSERT INTO postulantes (id, ci, nombres, apellidos, fecha_nacimiento, sexo, direccion, telefono, email, colegio_procedencia, ciudad, titulo_bachiller, primera_opcion_id, segunda_opcion_id, turno_preferencia, gestion_id, estado, recurrente, user_id, created_at, updated_at) VALUES (153, '4168910', 'Raúl', 'Vargas', '2005-01-15', 'M', NULL, '59171638035', 'raúlvargas152@estudiante.edu.bo', 'Colegio Boliviano', 'Santa Cruz de la Sierra', NULL, 1, 2, 'Noche', 1, 'Preinscrito', false, 252, NOW(), NOW());
INSERT INTO requisitos_documentales (postulante_id, ci_digitalizado, certificado_nacimiento, titulo_bachiller_legalizado, formulario_preinscripcion, verificado_bd_externa, updated_at) VALUES (153, false, false, false, false, false, NOW());
INSERT INTO users (id, name, email, password, role, active, created_at, updated_at) VALUES (253, 'Raúl Sánchez', 'raúlsánchez153@estudiante.edu.bo', '\$2y\$12\$TyO9cTQJ0O7NSPORyyP8Hup.wk8.BWNWu4itdEJYyjZ2Sem9DbFyi', 'Postulante', true, NOW(), NOW());
INSERT INTO postulantes (id, ci, nombres, apellidos, fecha_nacimiento, sexo, direccion, telefono, email, colegio_procedencia, ciudad, titulo_bachiller, primera_opcion_id, segunda_opcion_id, turno_preferencia, gestion_id, estado, recurrente, user_id, created_at, updated_at) VALUES (154, '8954355', 'Raúl', 'Sánchez', '2005-01-15', 'M', NULL, '59166689423', 'raúlsánchez153@estudiante.edu.bo', 'Colegio Boliviano', 'Santa Cruz de la Sierra', NULL, 1, 2, 'Manana', 1, 'Preinscrito', false, 253, NOW(), NOW());
INSERT INTO requisitos_documentales (postulante_id, ci_digitalizado, certificado_nacimiento, titulo_bachiller_legalizado, formulario_preinscripcion, verificado_bd_externa, updated_at) VALUES (154, false, false, false, false, false, NOW());
INSERT INTO users (id, name, email, password, role, active, created_at, updated_at) VALUES (254, 'Antonio Morales', 'antoniomorales154@estudiante.edu.bo', '\$2y\$12\$TyO9cTQJ0O7NSPORyyP8Hup.wk8.BWNWu4itdEJYyjZ2Sem9DbFyi', 'Postulante', true, NOW(), NOW());
INSERT INTO postulantes (id, ci, nombres, apellidos, fecha_nacimiento, sexo, direccion, telefono, email, colegio_procedencia, ciudad, titulo_bachiller, primera_opcion_id, segunda_opcion_id, turno_preferencia, gestion_id, estado, recurrente, user_id, created_at, updated_at) VALUES (155, '9774432', 'Antonio', 'Morales', '2005-01-15', 'M', NULL, '59195304188', 'antoniomorales154@estudiante.edu.bo', 'Colegio Boliviano', 'Santa Cruz de la Sierra', NULL, 1, 2, 'Noche', 1, 'Preinscrito', false, 254, NOW(), NOW());
INSERT INTO requisitos_documentales (postulante_id, ci_digitalizado, certificado_nacimiento, titulo_bachiller_legalizado, formulario_preinscripcion, verificado_bd_externa, updated_at) VALUES (155, false, false, false, false, false, NOW());
INSERT INTO users (id, name, email, password, role, active, created_at, updated_at) VALUES (255, 'Sandra Campos', 'sandracampos155@estudiante.edu.bo', '\$2y\$12\$TyO9cTQJ0O7NSPORyyP8Hup.wk8.BWNWu4itdEJYyjZ2Sem9DbFyi', 'Postulante', true, NOW(), NOW());
INSERT INTO postulantes (id, ci, nombres, apellidos, fecha_nacimiento, sexo, direccion, telefono, email, colegio_procedencia, ciudad, titulo_bachiller, primera_opcion_id, segunda_opcion_id, turno_preferencia, gestion_id, estado, recurrente, user_id, created_at, updated_at) VALUES (156, '1070726', 'Sandra', 'Campos', '2005-01-15', 'M', NULL, '59195942825', 'sandracampos155@estudiante.edu.bo', 'Colegio Boliviano', 'Santa Cruz de la Sierra', NULL, 1, 2, 'Tarde', 1, 'Preinscrito', false, 255, NOW(), NOW());
INSERT INTO requisitos_documentales (postulante_id, ci_digitalizado, certificado_nacimiento, titulo_bachiller_legalizado, formulario_preinscripcion, verificado_bd_externa, updated_at) VALUES (156, false, false, false, false, false, NOW());
INSERT INTO users (id, name, email, password, role, active, created_at, updated_at) VALUES (256, 'Isabel Molina', 'isabelmolina156@estudiante.edu.bo', '\$2y\$12\$TyO9cTQJ0O7NSPORyyP8Hup.wk8.BWNWu4itdEJYyjZ2Sem9DbFyi', 'Postulante', true, NOW(), NOW());
INSERT INTO postulantes (id, ci, nombres, apellidos, fecha_nacimiento, sexo, direccion, telefono, email, colegio_procedencia, ciudad, titulo_bachiller, primera_opcion_id, segunda_opcion_id, turno_preferencia, gestion_id, estado, recurrente, user_id, created_at, updated_at) VALUES (157, '7605841', 'Isabel', 'Molina', '2005-01-15', 'M', NULL, '59191025361', 'isabelmolina156@estudiante.edu.bo', 'Colegio Boliviano', 'Santa Cruz de la Sierra', NULL, 1, 2, 'Noche', 1, 'Preinscrito', false, 256, NOW(), NOW());
INSERT INTO requisitos_documentales (postulante_id, ci_digitalizado, certificado_nacimiento, titulo_bachiller_legalizado, formulario_preinscripcion, verificado_bd_externa, updated_at) VALUES (157, false, false, false, false, false, NOW());
INSERT INTO users (id, name, email, password, role, active, created_at, updated_at) VALUES (257, 'Carmen Cortés', 'carmencortés157@estudiante.edu.bo', '\$2y\$12\$TyO9cTQJ0O7NSPORyyP8Hup.wk8.BWNWu4itdEJYyjZ2Sem9DbFyi', 'Postulante', true, NOW(), NOW());
INSERT INTO postulantes (id, ci, nombres, apellidos, fecha_nacimiento, sexo, direccion, telefono, email, colegio_procedencia, ciudad, titulo_bachiller, primera_opcion_id, segunda_opcion_id, turno_preferencia, gestion_id, estado, recurrente, user_id, created_at, updated_at) VALUES (158, '6128306', 'Carmen', 'Cortés', '2005-01-15', 'M', NULL, '59172854281', 'carmencortés157@estudiante.edu.bo', 'Colegio Boliviano', 'Santa Cruz de la Sierra', NULL, 1, 2, 'Manana', 1, 'Preinscrito', false, 257, NOW(), NOW());
INSERT INTO requisitos_documentales (postulante_id, ci_digitalizado, certificado_nacimiento, titulo_bachiller_legalizado, formulario_preinscripcion, verificado_bd_externa, updated_at) VALUES (158, false, false, false, false, false, NOW());
INSERT INTO users (id, name, email, password, role, active, created_at, updated_at) VALUES (258, 'Eduardo Cortés', 'eduardocortés158@estudiante.edu.bo', '\$2y\$12\$TyO9cTQJ0O7NSPORyyP8Hup.wk8.BWNWu4itdEJYyjZ2Sem9DbFyi', 'Postulante', true, NOW(), NOW());
INSERT INTO postulantes (id, ci, nombres, apellidos, fecha_nacimiento, sexo, direccion, telefono, email, colegio_procedencia, ciudad, titulo_bachiller, primera_opcion_id, segunda_opcion_id, turno_preferencia, gestion_id, estado, recurrente, user_id, created_at, updated_at) VALUES (159, '8663147', 'Eduardo', 'Cortés', '2005-01-15', 'M', NULL, '59191381238', 'eduardocortés158@estudiante.edu.bo', 'Colegio Boliviano', 'Santa Cruz de la Sierra', NULL, 1, 2, 'Tarde', 1, 'Preinscrito', false, 258, NOW(), NOW());
INSERT INTO requisitos_documentales (postulante_id, ci_digitalizado, certificado_nacimiento, titulo_bachiller_legalizado, formulario_preinscripcion, verificado_bd_externa, updated_at) VALUES (159, false, false, false, false, false, NOW());
INSERT INTO users (id, name, email, password, role, active, created_at, updated_at) VALUES (259, 'Javier Domínguez', 'javierdomínguez159@estudiante.edu.bo', '\$2y\$12\$TyO9cTQJ0O7NSPORyyP8Hup.wk8.BWNWu4itdEJYyjZ2Sem9DbFyi', 'Postulante', true, NOW(), NOW());
INSERT INTO postulantes (id, ci, nombres, apellidos, fecha_nacimiento, sexo, direccion, telefono, email, colegio_procedencia, ciudad, titulo_bachiller, primera_opcion_id, segunda_opcion_id, turno_preferencia, gestion_id, estado, recurrente, user_id, created_at, updated_at) VALUES (160, '9026381', 'Javier', 'Domínguez', '2005-01-15', 'M', NULL, '59175306905', 'javierdomínguez159@estudiante.edu.bo', 'Colegio Boliviano', 'Santa Cruz de la Sierra', NULL, 1, 2, 'Tarde', 1, 'Preinscrito', false, 259, NOW(), NOW());
INSERT INTO requisitos_documentales (postulante_id, ci_digitalizado, certificado_nacimiento, titulo_bachiller_legalizado, formulario_preinscripcion, verificado_bd_externa, updated_at) VALUES (160, false, false, false, false, false, NOW());
INSERT INTO users (id, name, email, password, role, active, created_at, updated_at) VALUES (260, 'María Silva', 'maríasilva160@estudiante.edu.bo', '\$2y\$12\$TyO9cTQJ0O7NSPORyyP8Hup.wk8.BWNWu4itdEJYyjZ2Sem9DbFyi', 'Postulante', true, NOW(), NOW());
INSERT INTO postulantes (id, ci, nombres, apellidos, fecha_nacimiento, sexo, direccion, telefono, email, colegio_procedencia, ciudad, titulo_bachiller, primera_opcion_id, segunda_opcion_id, turno_preferencia, gestion_id, estado, recurrente, user_id, created_at, updated_at) VALUES (161, '2889180', 'María', 'Silva', '2005-01-15', 'M', NULL, '59177844551', 'maríasilva160@estudiante.edu.bo', 'Colegio Boliviano', 'Santa Cruz de la Sierra', NULL, 1, 2, 'Noche', 1, 'Preinscrito', false, 260, NOW(), NOW());
INSERT INTO requisitos_documentales (postulante_id, ci_digitalizado, certificado_nacimiento, titulo_bachiller_legalizado, formulario_preinscripcion, verificado_bd_externa, updated_at) VALUES (161, false, false, false, false, false, NOW());
INSERT INTO users (id, name, email, password, role, active, created_at, updated_at) VALUES (261, 'Patricia Pérez', 'patriciapérez161@estudiante.edu.bo', '\$2y\$12\$TyO9cTQJ0O7NSPORyyP8Hup.wk8.BWNWu4itdEJYyjZ2Sem9DbFyi', 'Postulante', true, NOW(), NOW());
INSERT INTO postulantes (id, ci, nombres, apellidos, fecha_nacimiento, sexo, direccion, telefono, email, colegio_procedencia, ciudad, titulo_bachiller, primera_opcion_id, segunda_opcion_id, turno_preferencia, gestion_id, estado, recurrente, user_id, created_at, updated_at) VALUES (162, '9406782', 'Patricia', 'Pérez', '2005-01-15', 'M', NULL, '59175461504', 'patriciapérez161@estudiante.edu.bo', 'Colegio Boliviano', 'Santa Cruz de la Sierra', NULL, 1, 2, 'Noche', 1, 'Preinscrito', false, 261, NOW(), NOW());
INSERT INTO requisitos_documentales (postulante_id, ci_digitalizado, certificado_nacimiento, titulo_bachiller_legalizado, formulario_preinscripcion, verificado_bd_externa, updated_at) VALUES (162, false, false, false, false, false, NOW());
INSERT INTO users (id, name, email, password, role, active, created_at, updated_at) VALUES (262, 'Gabriela González', 'gabrielagonzález162@estudiante.edu.bo', '\$2y\$12\$TyO9cTQJ0O7NSPORyyP8Hup.wk8.BWNWu4itdEJYyjZ2Sem9DbFyi', 'Postulante', true, NOW(), NOW());
INSERT INTO postulantes (id, ci, nombres, apellidos, fecha_nacimiento, sexo, direccion, telefono, email, colegio_procedencia, ciudad, titulo_bachiller, primera_opcion_id, segunda_opcion_id, turno_preferencia, gestion_id, estado, recurrente, user_id, created_at, updated_at) VALUES (163, '1168778', 'Gabriela', 'González', '2005-01-15', 'M', NULL, '59167019677', 'gabrielagonzález162@estudiante.edu.bo', 'Colegio Boliviano', 'Santa Cruz de la Sierra', NULL, 1, 2, 'Tarde', 1, 'Preinscrito', false, 262, NOW(), NOW());
INSERT INTO requisitos_documentales (postulante_id, ci_digitalizado, certificado_nacimiento, titulo_bachiller_legalizado, formulario_preinscripcion, verificado_bd_externa, updated_at) VALUES (163, false, false, false, false, false, NOW());
INSERT INTO users (id, name, email, password, role, active, created_at, updated_at) VALUES (263, 'Miguel Pérez', 'miguelpérez163@estudiante.edu.bo', '\$2y\$12\$TyO9cTQJ0O7NSPORyyP8Hup.wk8.BWNWu4itdEJYyjZ2Sem9DbFyi', 'Postulante', true, NOW(), NOW());
INSERT INTO postulantes (id, ci, nombres, apellidos, fecha_nacimiento, sexo, direccion, telefono, email, colegio_procedencia, ciudad, titulo_bachiller, primera_opcion_id, segunda_opcion_id, turno_preferencia, gestion_id, estado, recurrente, user_id, created_at, updated_at) VALUES (164, '2163210', 'Miguel', 'Pérez', '2005-01-15', 'M', NULL, '59177449376', 'miguelpérez163@estudiante.edu.bo', 'Colegio Boliviano', 'Santa Cruz de la Sierra', NULL, 1, 2, 'Manana', 1, 'Preinscrito', false, 263, NOW(), NOW());
INSERT INTO requisitos_documentales (postulante_id, ci_digitalizado, certificado_nacimiento, titulo_bachiller_legalizado, formulario_preinscripcion, verificado_bd_externa, updated_at) VALUES (164, false, false, false, false, false, NOW());
INSERT INTO users (id, name, email, password, role, active, created_at, updated_at) VALUES (264, 'Oscar Ramírez', 'oscarramírez164@estudiante.edu.bo', '\$2y\$12\$TyO9cTQJ0O7NSPORyyP8Hup.wk8.BWNWu4itdEJYyjZ2Sem9DbFyi', 'Postulante', true, NOW(), NOW());
INSERT INTO postulantes (id, ci, nombres, apellidos, fecha_nacimiento, sexo, direccion, telefono, email, colegio_procedencia, ciudad, titulo_bachiller, primera_opcion_id, segunda_opcion_id, turno_preferencia, gestion_id, estado, recurrente, user_id, created_at, updated_at) VALUES (165, '8047309', 'Oscar', 'Ramírez', '2005-01-15', 'M', NULL, '59173588861', 'oscarramírez164@estudiante.edu.bo', 'Colegio Boliviano', 'Santa Cruz de la Sierra', NULL, 1, 2, 'Manana', 1, 'Preinscrito', false, 264, NOW(), NOW());
INSERT INTO requisitos_documentales (postulante_id, ci_digitalizado, certificado_nacimiento, titulo_bachiller_legalizado, formulario_preinscripcion, verificado_bd_externa, updated_at) VALUES (165, false, false, false, false, false, NOW());
INSERT INTO users (id, name, email, password, role, active, created_at, updated_at) VALUES (265, 'Sergio Torres', 'sergiotorres165@estudiante.edu.bo', '\$2y\$12\$TyO9cTQJ0O7NSPORyyP8Hup.wk8.BWNWu4itdEJYyjZ2Sem9DbFyi', 'Postulante', true, NOW(), NOW());
INSERT INTO postulantes (id, ci, nombres, apellidos, fecha_nacimiento, sexo, direccion, telefono, email, colegio_procedencia, ciudad, titulo_bachiller, primera_opcion_id, segunda_opcion_id, turno_preferencia, gestion_id, estado, recurrente, user_id, created_at, updated_at) VALUES (166, '5865745', 'Sergio', 'Torres', '2005-01-15', 'M', NULL, '59181576104', 'sergiotorres165@estudiante.edu.bo', 'Colegio Boliviano', 'Santa Cruz de la Sierra', NULL, 1, 2, 'Noche', 1, 'Preinscrito', false, 265, NOW(), NOW());
INSERT INTO requisitos_documentales (postulante_id, ci_digitalizado, certificado_nacimiento, titulo_bachiller_legalizado, formulario_preinscripcion, verificado_bd_externa, updated_at) VALUES (166, false, false, false, false, false, NOW());
INSERT INTO users (id, name, email, password, role, active, created_at, updated_at) VALUES (266, 'Luis Contreras', 'luiscontreras166@estudiante.edu.bo', '\$2y\$12\$TyO9cTQJ0O7NSPORyyP8Hup.wk8.BWNWu4itdEJYyjZ2Sem9DbFyi', 'Postulante', true, NOW(), NOW());
INSERT INTO postulantes (id, ci, nombres, apellidos, fecha_nacimiento, sexo, direccion, telefono, email, colegio_procedencia, ciudad, titulo_bachiller, primera_opcion_id, segunda_opcion_id, turno_preferencia, gestion_id, estado, recurrente, user_id, created_at, updated_at) VALUES (167, '6245004', 'Luis', 'Contreras', '2005-01-15', 'M', NULL, '59189645565', 'luiscontreras166@estudiante.edu.bo', 'Colegio Boliviano', 'Santa Cruz de la Sierra', NULL, 1, 2, 'Manana', 1, 'Preinscrito', false, 266, NOW(), NOW());
INSERT INTO requisitos_documentales (postulante_id, ci_digitalizado, certificado_nacimiento, titulo_bachiller_legalizado, formulario_preinscripcion, verificado_bd_externa, updated_at) VALUES (167, false, false, false, false, false, NOW());
INSERT INTO users (id, name, email, password, role, active, created_at, updated_at) VALUES (267, 'Oscar Campos', 'oscarcampos167@estudiante.edu.bo', '\$2y\$12\$TyO9cTQJ0O7NSPORyyP8Hup.wk8.BWNWu4itdEJYyjZ2Sem9DbFyi', 'Postulante', true, NOW(), NOW());
INSERT INTO postulantes (id, ci, nombres, apellidos, fecha_nacimiento, sexo, direccion, telefono, email, colegio_procedencia, ciudad, titulo_bachiller, primera_opcion_id, segunda_opcion_id, turno_preferencia, gestion_id, estado, recurrente, user_id, created_at, updated_at) VALUES (168, '1978267', 'Oscar', 'Campos', '2005-01-15', 'M', NULL, '59163070885', 'oscarcampos167@estudiante.edu.bo', 'Colegio Boliviano', 'Santa Cruz de la Sierra', NULL, 1, 2, 'Manana', 1, 'Preinscrito', false, 267, NOW(), NOW());
INSERT INTO requisitos_documentales (postulante_id, ci_digitalizado, certificado_nacimiento, titulo_bachiller_legalizado, formulario_preinscripcion, verificado_bd_externa, updated_at) VALUES (168, false, false, false, false, false, NOW());
INSERT INTO users (id, name, email, password, role, active, created_at, updated_at) VALUES (268, 'Constanza Contreras', 'constanzacontreras168@estudiante.edu.bo', '\$2y\$12\$TyO9cTQJ0O7NSPORyyP8Hup.wk8.BWNWu4itdEJYyjZ2Sem9DbFyi', 'Postulante', true, NOW(), NOW());
INSERT INTO postulantes (id, ci, nombres, apellidos, fecha_nacimiento, sexo, direccion, telefono, email, colegio_procedencia, ciudad, titulo_bachiller, primera_opcion_id, segunda_opcion_id, turno_preferencia, gestion_id, estado, recurrente, user_id, created_at, updated_at) VALUES (169, '9071342', 'Constanza', 'Contreras', '2005-01-15', 'M', NULL, '59191298485', 'constanzacontreras168@estudiante.edu.bo', 'Colegio Boliviano', 'Santa Cruz de la Sierra', NULL, 1, 2, 'Manana', 1, 'Preinscrito', false, 268, NOW(), NOW());
INSERT INTO requisitos_documentales (postulante_id, ci_digitalizado, certificado_nacimiento, titulo_bachiller_legalizado, formulario_preinscripcion, verificado_bd_externa, updated_at) VALUES (169, false, false, false, false, false, NOW());
INSERT INTO users (id, name, email, password, role, active, created_at, updated_at) VALUES (269, 'Oscar Reyes', 'oscarreyes169@estudiante.edu.bo', '\$2y\$12\$TyO9cTQJ0O7NSPORyyP8Hup.wk8.BWNWu4itdEJYyjZ2Sem9DbFyi', 'Postulante', true, NOW(), NOW());
INSERT INTO postulantes (id, ci, nombres, apellidos, fecha_nacimiento, sexo, direccion, telefono, email, colegio_procedencia, ciudad, titulo_bachiller, primera_opcion_id, segunda_opcion_id, turno_preferencia, gestion_id, estado, recurrente, user_id, created_at, updated_at) VALUES (170, '7225915', 'Oscar', 'Reyes', '2005-01-15', 'M', NULL, '59180257149', 'oscarreyes169@estudiante.edu.bo', 'Colegio Boliviano', 'Santa Cruz de la Sierra', NULL, 1, 2, 'Manana', 1, 'Preinscrito', false, 269, NOW(), NOW());
INSERT INTO requisitos_documentales (postulante_id, ci_digitalizado, certificado_nacimiento, titulo_bachiller_legalizado, formulario_preinscripcion, verificado_bd_externa, updated_at) VALUES (170, false, false, false, false, false, NOW());
INSERT INTO users (id, name, email, password, role, active, created_at, updated_at) VALUES (270, 'Diego Vargas', 'diegovargas170@estudiante.edu.bo', '\$2y\$12\$TyO9cTQJ0O7NSPORyyP8Hup.wk8.BWNWu4itdEJYyjZ2Sem9DbFyi', 'Postulante', true, NOW(), NOW());
INSERT INTO postulantes (id, ci, nombres, apellidos, fecha_nacimiento, sexo, direccion, telefono, email, colegio_procedencia, ciudad, titulo_bachiller, primera_opcion_id, segunda_opcion_id, turno_preferencia, gestion_id, estado, recurrente, user_id, created_at, updated_at) VALUES (171, '6627297', 'Diego', 'Vargas', '2005-01-15', 'M', NULL, '59187469562', 'diegovargas170@estudiante.edu.bo', 'Colegio Boliviano', 'Santa Cruz de la Sierra', NULL, 1, 2, 'Manana', 1, 'Preinscrito', false, 270, NOW(), NOW());
INSERT INTO requisitos_documentales (postulante_id, ci_digitalizado, certificado_nacimiento, titulo_bachiller_legalizado, formulario_preinscripcion, verificado_bd_externa, updated_at) VALUES (171, false, false, false, false, false, NOW());
INSERT INTO users (id, name, email, password, role, active, created_at, updated_at) VALUES (271, 'Ricardo Flores', 'ricardoflores171@estudiante.edu.bo', '\$2y\$12\$TyO9cTQJ0O7NSPORyyP8Hup.wk8.BWNWu4itdEJYyjZ2Sem9DbFyi', 'Postulante', true, NOW(), NOW());
INSERT INTO postulantes (id, ci, nombres, apellidos, fecha_nacimiento, sexo, direccion, telefono, email, colegio_procedencia, ciudad, titulo_bachiller, primera_opcion_id, segunda_opcion_id, turno_preferencia, gestion_id, estado, recurrente, user_id, created_at, updated_at) VALUES (172, '9034335', 'Ricardo', 'Flores', '2005-01-15', 'M', NULL, '59167496261', 'ricardoflores171@estudiante.edu.bo', 'Colegio Boliviano', 'Santa Cruz de la Sierra', NULL, 1, 2, 'Noche', 1, 'Preinscrito', false, 271, NOW(), NOW());
INSERT INTO requisitos_documentales (postulante_id, ci_digitalizado, certificado_nacimiento, titulo_bachiller_legalizado, formulario_preinscripcion, verificado_bd_externa, updated_at) VALUES (172, false, false, false, false, false, NOW());
INSERT INTO users (id, name, email, password, role, active, created_at, updated_at) VALUES (272, 'Sergio Rivas', 'sergiorivas172@estudiante.edu.bo', '\$2y\$12\$TyO9cTQJ0O7NSPORyyP8Hup.wk8.BWNWu4itdEJYyjZ2Sem9DbFyi', 'Postulante', true, NOW(), NOW());
INSERT INTO postulantes (id, ci, nombres, apellidos, fecha_nacimiento, sexo, direccion, telefono, email, colegio_procedencia, ciudad, titulo_bachiller, primera_opcion_id, segunda_opcion_id, turno_preferencia, gestion_id, estado, recurrente, user_id, created_at, updated_at) VALUES (173, '1384426', 'Sergio', 'Rivas', '2005-01-15', 'M', NULL, '59174749116', 'sergiorivas172@estudiante.edu.bo', 'Colegio Boliviano', 'Santa Cruz de la Sierra', NULL, 1, 2, 'Manana', 1, 'Preinscrito', false, 272, NOW(), NOW());
INSERT INTO requisitos_documentales (postulante_id, ci_digitalizado, certificado_nacimiento, titulo_bachiller_legalizado, formulario_preinscripcion, verificado_bd_externa, updated_at) VALUES (173, false, false, false, false, false, NOW());
INSERT INTO users (id, name, email, password, role, active, created_at, updated_at) VALUES (273, 'Leticia Sánchez', 'leticiasánchez173@estudiante.edu.bo', '\$2y\$12\$TyO9cTQJ0O7NSPORyyP8Hup.wk8.BWNWu4itdEJYyjZ2Sem9DbFyi', 'Postulante', true, NOW(), NOW());
INSERT INTO postulantes (id, ci, nombres, apellidos, fecha_nacimiento, sexo, direccion, telefono, email, colegio_procedencia, ciudad, titulo_bachiller, primera_opcion_id, segunda_opcion_id, turno_preferencia, gestion_id, estado, recurrente, user_id, created_at, updated_at) VALUES (174, '9485856', 'Leticia', 'Sánchez', '2005-01-15', 'M', NULL, '59187919718', 'leticiasánchez173@estudiante.edu.bo', 'Colegio Boliviano', 'Santa Cruz de la Sierra', NULL, 1, 2, 'Noche', 1, 'Preinscrito', false, 273, NOW(), NOW());
INSERT INTO requisitos_documentales (postulante_id, ci_digitalizado, certificado_nacimiento, titulo_bachiller_legalizado, formulario_preinscripcion, verificado_bd_externa, updated_at) VALUES (174, false, false, false, false, false, NOW());
INSERT INTO users (id, name, email, password, role, active, created_at, updated_at) VALUES (274, 'Isabel Acosta', 'isabelacosta174@estudiante.edu.bo', '\$2y\$12\$TyO9cTQJ0O7NSPORyyP8Hup.wk8.BWNWu4itdEJYyjZ2Sem9DbFyi', 'Postulante', true, NOW(), NOW());
INSERT INTO postulantes (id, ci, nombres, apellidos, fecha_nacimiento, sexo, direccion, telefono, email, colegio_procedencia, ciudad, titulo_bachiller, primera_opcion_id, segunda_opcion_id, turno_preferencia, gestion_id, estado, recurrente, user_id, created_at, updated_at) VALUES (175, '3194798', 'Isabel', 'Acosta', '2005-01-15', 'M', NULL, '59180111329', 'isabelacosta174@estudiante.edu.bo', 'Colegio Boliviano', 'Santa Cruz de la Sierra', NULL, 1, 2, 'Tarde', 1, 'Preinscrito', false, 274, NOW(), NOW());
INSERT INTO requisitos_documentales (postulante_id, ci_digitalizado, certificado_nacimiento, titulo_bachiller_legalizado, formulario_preinscripcion, verificado_bd_externa, updated_at) VALUES (175, false, false, false, false, false, NOW());
INSERT INTO users (id, name, email, password, role, active, created_at, updated_at) VALUES (275, 'Esperanza Ortiz', 'esperanzaortiz175@estudiante.edu.bo', '\$2y\$12\$TyO9cTQJ0O7NSPORyyP8Hup.wk8.BWNWu4itdEJYyjZ2Sem9DbFyi', 'Postulante', true, NOW(), NOW());
INSERT INTO postulantes (id, ci, nombres, apellidos, fecha_nacimiento, sexo, direccion, telefono, email, colegio_procedencia, ciudad, titulo_bachiller, primera_opcion_id, segunda_opcion_id, turno_preferencia, gestion_id, estado, recurrente, user_id, created_at, updated_at) VALUES (176, '6032810', 'Esperanza', 'Ortiz', '2005-01-15', 'M', NULL, '59163656637', 'esperanzaortiz175@estudiante.edu.bo', 'Colegio Boliviano', 'Santa Cruz de la Sierra', NULL, 1, 2, 'Manana', 1, 'Preinscrito', false, 275, NOW(), NOW());
INSERT INTO requisitos_documentales (postulante_id, ci_digitalizado, certificado_nacimiento, titulo_bachiller_legalizado, formulario_preinscripcion, verificado_bd_externa, updated_at) VALUES (176, false, false, false, false, false, NOW());
INSERT INTO users (id, name, email, password, role, active, created_at, updated_at) VALUES (276, 'Roberto Castillo', 'robertocastillo176@estudiante.edu.bo', '\$2y\$12\$TyO9cTQJ0O7NSPORyyP8Hup.wk8.BWNWu4itdEJYyjZ2Sem9DbFyi', 'Postulante', true, NOW(), NOW());
INSERT INTO postulantes (id, ci, nombres, apellidos, fecha_nacimiento, sexo, direccion, telefono, email, colegio_procedencia, ciudad, titulo_bachiller, primera_opcion_id, segunda_opcion_id, turno_preferencia, gestion_id, estado, recurrente, user_id, created_at, updated_at) VALUES (177, '2703172', 'Roberto', 'Castillo', '2005-01-15', 'M', NULL, '59199469171', 'robertocastillo176@estudiante.edu.bo', 'Colegio Boliviano', 'Santa Cruz de la Sierra', NULL, 1, 2, 'Noche', 1, 'Preinscrito', false, 276, NOW(), NOW());
INSERT INTO requisitos_documentales (postulante_id, ci_digitalizado, certificado_nacimiento, titulo_bachiller_legalizado, formulario_preinscripcion, verificado_bd_externa, updated_at) VALUES (177, false, false, false, false, false, NOW());
INSERT INTO users (id, name, email, password, role, active, created_at, updated_at) VALUES (277, 'Roberto Vidal', 'robertovidal177@estudiante.edu.bo', '\$2y\$12\$TyO9cTQJ0O7NSPORyyP8Hup.wk8.BWNWu4itdEJYyjZ2Sem9DbFyi', 'Postulante', true, NOW(), NOW());
INSERT INTO postulantes (id, ci, nombres, apellidos, fecha_nacimiento, sexo, direccion, telefono, email, colegio_procedencia, ciudad, titulo_bachiller, primera_opcion_id, segunda_opcion_id, turno_preferencia, gestion_id, estado, recurrente, user_id, created_at, updated_at) VALUES (178, '4944740', 'Roberto', 'Vidal', '2005-01-15', 'M', NULL, '59183488152', 'robertovidal177@estudiante.edu.bo', 'Colegio Boliviano', 'Santa Cruz de la Sierra', NULL, 1, 2, 'Manana', 1, 'Preinscrito', false, 277, NOW(), NOW());
INSERT INTO requisitos_documentales (postulante_id, ci_digitalizado, certificado_nacimiento, titulo_bachiller_legalizado, formulario_preinscripcion, verificado_bd_externa, updated_at) VALUES (178, false, false, false, false, false, NOW());
INSERT INTO users (id, name, email, password, role, active, created_at, updated_at) VALUES (278, 'Leticia Castillo', 'leticiacastillo178@estudiante.edu.bo', '\$2y\$12\$TyO9cTQJ0O7NSPORyyP8Hup.wk8.BWNWu4itdEJYyjZ2Sem9DbFyi', 'Postulante', true, NOW(), NOW());
INSERT INTO postulantes (id, ci, nombres, apellidos, fecha_nacimiento, sexo, direccion, telefono, email, colegio_procedencia, ciudad, titulo_bachiller, primera_opcion_id, segunda_opcion_id, turno_preferencia, gestion_id, estado, recurrente, user_id, created_at, updated_at) VALUES (179, '9407998', 'Leticia', 'Castillo', '2005-01-15', 'M', NULL, '59184560126', 'leticiacastillo178@estudiante.edu.bo', 'Colegio Boliviano', 'Santa Cruz de la Sierra', NULL, 1, 2, 'Tarde', 1, 'Preinscrito', false, 278, NOW(), NOW());
INSERT INTO requisitos_documentales (postulante_id, ci_digitalizado, certificado_nacimiento, titulo_bachiller_legalizado, formulario_preinscripcion, verificado_bd_externa, updated_at) VALUES (179, false, false, false, false, false, NOW());
INSERT INTO users (id, name, email, password, role, active, created_at, updated_at) VALUES (279, 'Miguel Vega', 'miguelvega179@estudiante.edu.bo', '\$2y\$12\$TyO9cTQJ0O7NSPORyyP8Hup.wk8.BWNWu4itdEJYyjZ2Sem9DbFyi', 'Postulante', true, NOW(), NOW());
INSERT INTO postulantes (id, ci, nombres, apellidos, fecha_nacimiento, sexo, direccion, telefono, email, colegio_procedencia, ciudad, titulo_bachiller, primera_opcion_id, segunda_opcion_id, turno_preferencia, gestion_id, estado, recurrente, user_id, created_at, updated_at) VALUES (180, '9158824', 'Miguel', 'Vega', '2005-01-15', 'M', NULL, '59179726405', 'miguelvega179@estudiante.edu.bo', 'Colegio Boliviano', 'Santa Cruz de la Sierra', NULL, 1, 2, 'Tarde', 1, 'Preinscrito', false, 279, NOW(), NOW());
INSERT INTO requisitos_documentales (postulante_id, ci_digitalizado, certificado_nacimiento, titulo_bachiller_legalizado, formulario_preinscripcion, verificado_bd_externa, updated_at) VALUES (180, false, false, false, false, false, NOW());
INSERT INTO users (id, name, email, password, role, active, created_at, updated_at) VALUES (280, 'Miguel Vargas', 'miguelvargas180@estudiante.edu.bo', '\$2y\$12\$TyO9cTQJ0O7NSPORyyP8Hup.wk8.BWNWu4itdEJYyjZ2Sem9DbFyi', 'Postulante', true, NOW(), NOW());
INSERT INTO postulantes (id, ci, nombres, apellidos, fecha_nacimiento, sexo, direccion, telefono, email, colegio_procedencia, ciudad, titulo_bachiller, primera_opcion_id, segunda_opcion_id, turno_preferencia, gestion_id, estado, recurrente, user_id, created_at, updated_at) VALUES (181, '6606136', 'Miguel', 'Vargas', '2005-01-15', 'M', NULL, '59176542516', 'miguelvargas180@estudiante.edu.bo', 'Colegio Boliviano', 'Santa Cruz de la Sierra', NULL, 1, 2, 'Tarde', 1, 'Preinscrito', false, 280, NOW(), NOW());
INSERT INTO requisitos_documentales (postulante_id, ci_digitalizado, certificado_nacimiento, titulo_bachiller_legalizado, formulario_preinscripcion, verificado_bd_externa, updated_at) VALUES (181, false, false, false, false, false, NOW());
INSERT INTO users (id, name, email, password, role, active, created_at, updated_at) VALUES (281, 'Héctor Cortés', 'héctorcortés181@estudiante.edu.bo', '\$2y\$12\$TyO9cTQJ0O7NSPORyyP8Hup.wk8.BWNWu4itdEJYyjZ2Sem9DbFyi', 'Postulante', true, NOW(), NOW());
INSERT INTO postulantes (id, ci, nombres, apellidos, fecha_nacimiento, sexo, direccion, telefono, email, colegio_procedencia, ciudad, titulo_bachiller, primera_opcion_id, segunda_opcion_id, turno_preferencia, gestion_id, estado, recurrente, user_id, created_at, updated_at) VALUES (182, '3852972', 'Héctor', 'Cortés', '2005-01-15', 'M', NULL, '59199726784', 'héctorcortés181@estudiante.edu.bo', 'Colegio Boliviano', 'Santa Cruz de la Sierra', NULL, 1, 2, 'Manana', 1, 'Preinscrito', false, 281, NOW(), NOW());
INSERT INTO requisitos_documentales (postulante_id, ci_digitalizado, certificado_nacimiento, titulo_bachiller_legalizado, formulario_preinscripcion, verificado_bd_externa, updated_at) VALUES (182, false, false, false, false, false, NOW());
INSERT INTO users (id, name, email, password, role, active, created_at, updated_at) VALUES (282, 'Lorena Delgado', 'lorenadelgado182@estudiante.edu.bo', '\$2y\$12\$TyO9cTQJ0O7NSPORyyP8Hup.wk8.BWNWu4itdEJYyjZ2Sem9DbFyi', 'Postulante', true, NOW(), NOW());
INSERT INTO postulantes (id, ci, nombres, apellidos, fecha_nacimiento, sexo, direccion, telefono, email, colegio_procedencia, ciudad, titulo_bachiller, primera_opcion_id, segunda_opcion_id, turno_preferencia, gestion_id, estado, recurrente, user_id, created_at, updated_at) VALUES (183, '7255200', 'Lorena', 'Delgado', '2005-01-15', 'M', NULL, '59177959467', 'lorenadelgado182@estudiante.edu.bo', 'Colegio Boliviano', 'Santa Cruz de la Sierra', NULL, 1, 2, 'Noche', 1, 'Preinscrito', false, 282, NOW(), NOW());
INSERT INTO requisitos_documentales (postulante_id, ci_digitalizado, certificado_nacimiento, titulo_bachiller_legalizado, formulario_preinscripcion, verificado_bd_externa, updated_at) VALUES (183, false, false, false, false, false, NOW());
INSERT INTO users (id, name, email, password, role, active, created_at, updated_at) VALUES (283, 'Patricia Hernández', 'patriciahernández183@estudiante.edu.bo', '\$2y\$12\$TyO9cTQJ0O7NSPORyyP8Hup.wk8.BWNWu4itdEJYyjZ2Sem9DbFyi', 'Postulante', true, NOW(), NOW());
INSERT INTO postulantes (id, ci, nombres, apellidos, fecha_nacimiento, sexo, direccion, telefono, email, colegio_procedencia, ciudad, titulo_bachiller, primera_opcion_id, segunda_opcion_id, turno_preferencia, gestion_id, estado, recurrente, user_id, created_at, updated_at) VALUES (184, '7382920', 'Patricia', 'Hernández', '2005-01-15', 'M', NULL, '59169926553', 'patriciahernández183@estudiante.edu.bo', 'Colegio Boliviano', 'Santa Cruz de la Sierra', NULL, 1, 2, 'Manana', 1, 'Preinscrito', false, 283, NOW(), NOW());
INSERT INTO requisitos_documentales (postulante_id, ci_digitalizado, certificado_nacimiento, titulo_bachiller_legalizado, formulario_preinscripcion, verificado_bd_externa, updated_at) VALUES (184, false, false, false, false, false, NOW());
INSERT INTO users (id, name, email, password, role, active, created_at, updated_at) VALUES (284, 'Roberto Domínguez', 'robertodomínguez184@estudiante.edu.bo', '\$2y\$12\$TyO9cTQJ0O7NSPORyyP8Hup.wk8.BWNWu4itdEJYyjZ2Sem9DbFyi', 'Postulante', true, NOW(), NOW());
INSERT INTO postulantes (id, ci, nombres, apellidos, fecha_nacimiento, sexo, direccion, telefono, email, colegio_procedencia, ciudad, titulo_bachiller, primera_opcion_id, segunda_opcion_id, turno_preferencia, gestion_id, estado, recurrente, user_id, created_at, updated_at) VALUES (185, '8064338', 'Roberto', 'Domínguez', '2005-01-15', 'M', NULL, '59180994349', 'robertodomínguez184@estudiante.edu.bo', 'Colegio Boliviano', 'Santa Cruz de la Sierra', NULL, 1, 2, 'Tarde', 1, 'Preinscrito', false, 284, NOW(), NOW());
INSERT INTO requisitos_documentales (postulante_id, ci_digitalizado, certificado_nacimiento, titulo_bachiller_legalizado, formulario_preinscripcion, verificado_bd_externa, updated_at) VALUES (185, false, false, false, false, false, NOW());
INSERT INTO users (id, name, email, password, role, active, created_at, updated_at) VALUES (285, 'María Rivera', 'maríarivera185@estudiante.edu.bo', '\$2y\$12\$TyO9cTQJ0O7NSPORyyP8Hup.wk8.BWNWu4itdEJYyjZ2Sem9DbFyi', 'Postulante', true, NOW(), NOW());
INSERT INTO postulantes (id, ci, nombres, apellidos, fecha_nacimiento, sexo, direccion, telefono, email, colegio_procedencia, ciudad, titulo_bachiller, primera_opcion_id, segunda_opcion_id, turno_preferencia, gestion_id, estado, recurrente, user_id, created_at, updated_at) VALUES (186, '9845216', 'María', 'Rivera', '2005-01-15', 'M', NULL, '59170794698', 'maríarivera185@estudiante.edu.bo', 'Colegio Boliviano', 'Santa Cruz de la Sierra', NULL, 1, 2, 'Noche', 1, 'Preinscrito', false, 285, NOW(), NOW());
INSERT INTO requisitos_documentales (postulante_id, ci_digitalizado, certificado_nacimiento, titulo_bachiller_legalizado, formulario_preinscripcion, verificado_bd_externa, updated_at) VALUES (186, false, false, false, false, false, NOW());
INSERT INTO users (id, name, email, password, role, active, created_at, updated_at) VALUES (286, 'Héctor Valencia', 'héctorvalencia186@estudiante.edu.bo', '\$2y\$12\$TyO9cTQJ0O7NSPORyyP8Hup.wk8.BWNWu4itdEJYyjZ2Sem9DbFyi', 'Postulante', true, NOW(), NOW());
INSERT INTO postulantes (id, ci, nombres, apellidos, fecha_nacimiento, sexo, direccion, telefono, email, colegio_procedencia, ciudad, titulo_bachiller, primera_opcion_id, segunda_opcion_id, turno_preferencia, gestion_id, estado, recurrente, user_id, created_at, updated_at) VALUES (187, '8720188', 'Héctor', 'Valencia', '2005-01-15', 'M', NULL, '59185476138', 'héctorvalencia186@estudiante.edu.bo', 'Colegio Boliviano', 'Santa Cruz de la Sierra', NULL, 1, 2, 'Tarde', 1, 'Preinscrito', false, 286, NOW(), NOW());
INSERT INTO requisitos_documentales (postulante_id, ci_digitalizado, certificado_nacimiento, titulo_bachiller_legalizado, formulario_preinscripcion, verificado_bd_externa, updated_at) VALUES (187, false, false, false, false, false, NOW());
INSERT INTO users (id, name, email, password, role, active, created_at, updated_at) VALUES (287, 'Beatriz Rojas', 'beatrizrojas187@estudiante.edu.bo', '\$2y\$12\$TyO9cTQJ0O7NSPORyyP8Hup.wk8.BWNWu4itdEJYyjZ2Sem9DbFyi', 'Postulante', true, NOW(), NOW());
INSERT INTO postulantes (id, ci, nombres, apellidos, fecha_nacimiento, sexo, direccion, telefono, email, colegio_procedencia, ciudad, titulo_bachiller, primera_opcion_id, segunda_opcion_id, turno_preferencia, gestion_id, estado, recurrente, user_id, created_at, updated_at) VALUES (188, '1410261', 'Beatriz', 'Rojas', '2005-01-15', 'M', NULL, '59169491512', 'beatrizrojas187@estudiante.edu.bo', 'Colegio Boliviano', 'Santa Cruz de la Sierra', NULL, 1, 2, 'Manana', 1, 'Preinscrito', false, 287, NOW(), NOW());
INSERT INTO requisitos_documentales (postulante_id, ci_digitalizado, certificado_nacimiento, titulo_bachiller_legalizado, formulario_preinscripcion, verificado_bd_externa, updated_at) VALUES (188, false, false, false, false, false, NOW());
INSERT INTO users (id, name, email, password, role, active, created_at, updated_at) VALUES (288, 'Valentina Vázquez', 'valentinavázquez188@estudiante.edu.bo', '\$2y\$12\$TyO9cTQJ0O7NSPORyyP8Hup.wk8.BWNWu4itdEJYyjZ2Sem9DbFyi', 'Postulante', true, NOW(), NOW());
INSERT INTO postulantes (id, ci, nombres, apellidos, fecha_nacimiento, sexo, direccion, telefono, email, colegio_procedencia, ciudad, titulo_bachiller, primera_opcion_id, segunda_opcion_id, turno_preferencia, gestion_id, estado, recurrente, user_id, created_at, updated_at) VALUES (189, '3948433', 'Valentina', 'Vázquez', '2005-01-15', 'M', NULL, '59165789684', 'valentinavázquez188@estudiante.edu.bo', 'Colegio Boliviano', 'Santa Cruz de la Sierra', NULL, 1, 2, 'Manana', 1, 'Preinscrito', false, 288, NOW(), NOW());
INSERT INTO requisitos_documentales (postulante_id, ci_digitalizado, certificado_nacimiento, titulo_bachiller_legalizado, formulario_preinscripcion, verificado_bd_externa, updated_at) VALUES (189, false, false, false, false, false, NOW());
INSERT INTO users (id, name, email, password, role, active, created_at, updated_at) VALUES (289, 'Juan Vázquez', 'juanvázquez189@estudiante.edu.bo', '\$2y\$12\$TyO9cTQJ0O7NSPORyyP8Hup.wk8.BWNWu4itdEJYyjZ2Sem9DbFyi', 'Postulante', true, NOW(), NOW());
INSERT INTO postulantes (id, ci, nombres, apellidos, fecha_nacimiento, sexo, direccion, telefono, email, colegio_procedencia, ciudad, titulo_bachiller, primera_opcion_id, segunda_opcion_id, turno_preferencia, gestion_id, estado, recurrente, user_id, created_at, updated_at) VALUES (190, '4856773', 'Juan', 'Vázquez', '2005-01-15', 'M', NULL, '59163934230', 'juanvázquez189@estudiante.edu.bo', 'Colegio Boliviano', 'Santa Cruz de la Sierra', NULL, 1, 2, 'Manana', 1, 'Preinscrito', false, 289, NOW(), NOW());
INSERT INTO requisitos_documentales (postulante_id, ci_digitalizado, certificado_nacimiento, titulo_bachiller_legalizado, formulario_preinscripcion, verificado_bd_externa, updated_at) VALUES (190, false, false, false, false, false, NOW());
INSERT INTO users (id, name, email, password, role, active, created_at, updated_at) VALUES (290, 'Jorge Flores', 'jorgeflores190@estudiante.edu.bo', '\$2y\$12\$TyO9cTQJ0O7NSPORyyP8Hup.wk8.BWNWu4itdEJYyjZ2Sem9DbFyi', 'Postulante', true, NOW(), NOW());
INSERT INTO postulantes (id, ci, nombres, apellidos, fecha_nacimiento, sexo, direccion, telefono, email, colegio_procedencia, ciudad, titulo_bachiller, primera_opcion_id, segunda_opcion_id, turno_preferencia, gestion_id, estado, recurrente, user_id, created_at, updated_at) VALUES (191, '4919001', 'Jorge', 'Flores', '2005-01-15', 'M', NULL, '59172588930', 'jorgeflores190@estudiante.edu.bo', 'Colegio Boliviano', 'Santa Cruz de la Sierra', NULL, 1, 2, 'Tarde', 1, 'Preinscrito', false, 290, NOW(), NOW());
INSERT INTO requisitos_documentales (postulante_id, ci_digitalizado, certificado_nacimiento, titulo_bachiller_legalizado, formulario_preinscripcion, verificado_bd_externa, updated_at) VALUES (191, false, false, false, false, false, NOW());
INSERT INTO users (id, name, email, password, role, active, created_at, updated_at) VALUES (291, 'Natalia Valencia', 'nataliavalencia191@estudiante.edu.bo', '\$2y\$12\$TyO9cTQJ0O7NSPORyyP8Hup.wk8.BWNWu4itdEJYyjZ2Sem9DbFyi', 'Postulante', true, NOW(), NOW());
INSERT INTO postulantes (id, ci, nombres, apellidos, fecha_nacimiento, sexo, direccion, telefono, email, colegio_procedencia, ciudad, titulo_bachiller, primera_opcion_id, segunda_opcion_id, turno_preferencia, gestion_id, estado, recurrente, user_id, created_at, updated_at) VALUES (192, '5360520', 'Natalia', 'Valencia', '2005-01-15', 'M', NULL, '59195368782', 'nataliavalencia191@estudiante.edu.bo', 'Colegio Boliviano', 'Santa Cruz de la Sierra', NULL, 1, 2, 'Manana', 1, 'Preinscrito', false, 291, NOW(), NOW());
INSERT INTO requisitos_documentales (postulante_id, ci_digitalizado, certificado_nacimiento, titulo_bachiller_legalizado, formulario_preinscripcion, verificado_bd_externa, updated_at) VALUES (192, false, false, false, false, false, NOW());
INSERT INTO users (id, name, email, password, role, active, created_at, updated_at) VALUES (292, 'Rosa Tapia', 'rosatapia192@estudiante.edu.bo', '\$2y\$12\$TyO9cTQJ0O7NSPORyyP8Hup.wk8.BWNWu4itdEJYyjZ2Sem9DbFyi', 'Postulante', true, NOW(), NOW());
INSERT INTO postulantes (id, ci, nombres, apellidos, fecha_nacimiento, sexo, direccion, telefono, email, colegio_procedencia, ciudad, titulo_bachiller, primera_opcion_id, segunda_opcion_id, turno_preferencia, gestion_id, estado, recurrente, user_id, created_at, updated_at) VALUES (193, '5534965', 'Rosa', 'Tapia', '2005-01-15', 'M', NULL, '59181012107', 'rosatapia192@estudiante.edu.bo', 'Colegio Boliviano', 'Santa Cruz de la Sierra', NULL, 1, 2, 'Noche', 1, 'Preinscrito', false, 292, NOW(), NOW());
INSERT INTO requisitos_documentales (postulante_id, ci_digitalizado, certificado_nacimiento, titulo_bachiller_legalizado, formulario_preinscripcion, verificado_bd_externa, updated_at) VALUES (193, false, false, false, false, false, NOW());
INSERT INTO users (id, name, email, password, role, active, created_at, updated_at) VALUES (293, 'Rosario Contreras', 'rosariocontreras193@estudiante.edu.bo', '\$2y\$12\$TyO9cTQJ0O7NSPORyyP8Hup.wk8.BWNWu4itdEJYyjZ2Sem9DbFyi', 'Postulante', true, NOW(), NOW());
INSERT INTO postulantes (id, ci, nombres, apellidos, fecha_nacimiento, sexo, direccion, telefono, email, colegio_procedencia, ciudad, titulo_bachiller, primera_opcion_id, segunda_opcion_id, turno_preferencia, gestion_id, estado, recurrente, user_id, created_at, updated_at) VALUES (194, '4604507', 'Rosario', 'Contreras', '2005-01-15', 'M', NULL, '59170914219', 'rosariocontreras193@estudiante.edu.bo', 'Colegio Boliviano', 'Santa Cruz de la Sierra', NULL, 1, 2, 'Manana', 1, 'Preinscrito', false, 293, NOW(), NOW());
INSERT INTO requisitos_documentales (postulante_id, ci_digitalizado, certificado_nacimiento, titulo_bachiller_legalizado, formulario_preinscripcion, verificado_bd_externa, updated_at) VALUES (194, false, false, false, false, false, NOW());
INSERT INTO users (id, name, email, password, role, active, created_at, updated_at) VALUES (294, 'Luis González', 'luisgonzález194@estudiante.edu.bo', '\$2y\$12\$TyO9cTQJ0O7NSPORyyP8Hup.wk8.BWNWu4itdEJYyjZ2Sem9DbFyi', 'Postulante', true, NOW(), NOW());
INSERT INTO postulantes (id, ci, nombres, apellidos, fecha_nacimiento, sexo, direccion, telefono, email, colegio_procedencia, ciudad, titulo_bachiller, primera_opcion_id, segunda_opcion_id, turno_preferencia, gestion_id, estado, recurrente, user_id, created_at, updated_at) VALUES (195, '4047290', 'Luis', 'González', '2005-01-15', 'M', NULL, '59197228505', 'luisgonzález194@estudiante.edu.bo', 'Colegio Boliviano', 'Santa Cruz de la Sierra', NULL, 1, 2, 'Tarde', 1, 'Preinscrito', false, 294, NOW(), NOW());
INSERT INTO requisitos_documentales (postulante_id, ci_digitalizado, certificado_nacimiento, titulo_bachiller_legalizado, formulario_preinscripcion, verificado_bd_externa, updated_at) VALUES (195, false, false, false, false, false, NOW());
INSERT INTO users (id, name, email, password, role, active, created_at, updated_at) VALUES (295, 'Andrés Morales', 'andrésmorales195@estudiante.edu.bo', '\$2y\$12\$TyO9cTQJ0O7NSPORyyP8Hup.wk8.BWNWu4itdEJYyjZ2Sem9DbFyi', 'Postulante', true, NOW(), NOW());
INSERT INTO postulantes (id, ci, nombres, apellidos, fecha_nacimiento, sexo, direccion, telefono, email, colegio_procedencia, ciudad, titulo_bachiller, primera_opcion_id, segunda_opcion_id, turno_preferencia, gestion_id, estado, recurrente, user_id, created_at, updated_at) VALUES (196, '7985723', 'Andrés', 'Morales', '2005-01-15', 'M', NULL, '59186891735', 'andrésmorales195@estudiante.edu.bo', 'Colegio Boliviano', 'Santa Cruz de la Sierra', NULL, 1, 2, 'Manana', 1, 'Preinscrito', false, 295, NOW(), NOW());
INSERT INTO requisitos_documentales (postulante_id, ci_digitalizado, certificado_nacimiento, titulo_bachiller_legalizado, formulario_preinscripcion, verificado_bd_externa, updated_at) VALUES (196, false, false, false, false, false, NOW());
INSERT INTO users (id, name, email, password, role, active, created_at, updated_at) VALUES (296, 'Laura Ramírez', 'lauraramírez196@estudiante.edu.bo', '\$2y\$12\$TyO9cTQJ0O7NSPORyyP8Hup.wk8.BWNWu4itdEJYyjZ2Sem9DbFyi', 'Postulante', true, NOW(), NOW());
INSERT INTO postulantes (id, ci, nombres, apellidos, fecha_nacimiento, sexo, direccion, telefono, email, colegio_procedencia, ciudad, titulo_bachiller, primera_opcion_id, segunda_opcion_id, turno_preferencia, gestion_id, estado, recurrente, user_id, created_at, updated_at) VALUES (197, '5954361', 'Laura', 'Ramírez', '2005-01-15', 'M', NULL, '59177639540', 'lauraramírez196@estudiante.edu.bo', 'Colegio Boliviano', 'Santa Cruz de la Sierra', NULL, 1, 2, 'Manana', 1, 'Preinscrito', false, 296, NOW(), NOW());
INSERT INTO requisitos_documentales (postulante_id, ci_digitalizado, certificado_nacimiento, titulo_bachiller_legalizado, formulario_preinscripcion, verificado_bd_externa, updated_at) VALUES (197, false, false, false, false, false, NOW());
INSERT INTO users (id, name, email, password, role, active, created_at, updated_at) VALUES (297, 'Natalia Guerrero', 'nataliaguerrero197@estudiante.edu.bo', '\$2y\$12\$TyO9cTQJ0O7NSPORyyP8Hup.wk8.BWNWu4itdEJYyjZ2Sem9DbFyi', 'Postulante', true, NOW(), NOW());
INSERT INTO postulantes (id, ci, nombres, apellidos, fecha_nacimiento, sexo, direccion, telefono, email, colegio_procedencia, ciudad, titulo_bachiller, primera_opcion_id, segunda_opcion_id, turno_preferencia, gestion_id, estado, recurrente, user_id, created_at, updated_at) VALUES (198, '3606042', 'Natalia', 'Guerrero', '2005-01-15', 'M', NULL, '59162589244', 'nataliaguerrero197@estudiante.edu.bo', 'Colegio Boliviano', 'Santa Cruz de la Sierra', NULL, 1, 2, 'Noche', 1, 'Preinscrito', false, 297, NOW(), NOW());
INSERT INTO requisitos_documentales (postulante_id, ci_digitalizado, certificado_nacimiento, titulo_bachiller_legalizado, formulario_preinscripcion, verificado_bd_externa, updated_at) VALUES (198, false, false, false, false, false, NOW());
INSERT INTO users (id, name, email, password, role, active, created_at, updated_at) VALUES (298, 'Fernando Navarro', 'fernandonavarro198@estudiante.edu.bo', '\$2y\$12\$TyO9cTQJ0O7NSPORyyP8Hup.wk8.BWNWu4itdEJYyjZ2Sem9DbFyi', 'Postulante', true, NOW(), NOW());
INSERT INTO postulantes (id, ci, nombres, apellidos, fecha_nacimiento, sexo, direccion, telefono, email, colegio_procedencia, ciudad, titulo_bachiller, primera_opcion_id, segunda_opcion_id, turno_preferencia, gestion_id, estado, recurrente, user_id, created_at, updated_at) VALUES (199, '2081387', 'Fernando', 'Navarro', '2005-01-15', 'M', NULL, '59179176163', 'fernandonavarro198@estudiante.edu.bo', 'Colegio Boliviano', 'Santa Cruz de la Sierra', NULL, 1, 2, 'Manana', 1, 'Preinscrito', false, 298, NOW(), NOW());
INSERT INTO requisitos_documentales (postulante_id, ci_digitalizado, certificado_nacimiento, titulo_bachiller_legalizado, formulario_preinscripcion, verificado_bd_externa, updated_at) VALUES (199, false, false, false, false, false, NOW());
INSERT INTO users (id, name, email, password, role, active, created_at, updated_at) VALUES (299, 'Bruno Acosta', 'brunoacosta199@estudiante.edu.bo', '\$2y\$12\$TyO9cTQJ0O7NSPORyyP8Hup.wk8.BWNWu4itdEJYyjZ2Sem9DbFyi', 'Postulante', true, NOW(), NOW());
INSERT INTO postulantes (id, ci, nombres, apellidos, fecha_nacimiento, sexo, direccion, telefono, email, colegio_procedencia, ciudad, titulo_bachiller, primera_opcion_id, segunda_opcion_id, turno_preferencia, gestion_id, estado, recurrente, user_id, created_at, updated_at) VALUES (200, '2343828', 'Bruno', 'Acosta', '2005-01-15', 'M', NULL, '59169898225', 'brunoacosta199@estudiante.edu.bo', 'Colegio Boliviano', 'Santa Cruz de la Sierra', NULL, 1, 2, 'Tarde', 1, 'Preinscrito', false, 299, NOW(), NOW());
INSERT INTO requisitos_documentales (postulante_id, ci_digitalizado, certificado_nacimiento, titulo_bachiller_legalizado, formulario_preinscripcion, verificado_bd_externa, updated_at) VALUES (200, false, false, false, false, false, NOW());
-- 200 postulantes insertados...
INSERT INTO users (id, name, email, password, role, active, created_at, updated_at) VALUES (300, 'Eduardo Vargas', 'eduardovargas0@estudiante.edu.bo', '\$2y\$12\$TyO9cTQJ0O7NSPORyyP8Hup.wk8.BWNWu4itdEJYyjZ2Sem9DbFyi', 'Postulante', true, NOW(), NOW());
INSERT INTO postulantes (id, ci, nombres, apellidos, fecha_nacimiento, sexo, direccion, telefono, email, colegio_procedencia, ciudad, titulo_bachiller, primera_opcion_id, segunda_opcion_id, turno_preferencia, gestion_id, estado, recurrente, user_id, created_at, updated_at) VALUES (201, '5025824', 'Eduardo', 'Vargas', '2005-01-15', 'M', NULL, '59198017117', 'eduardovargas0@estudiante.edu.bo', 'Colegio Boliviano', 'Santa Cruz de la Sierra', NULL, 2, 4, 'Tarde', 1, 'Preinscrito', false, 300, NOW(), NOW());
INSERT INTO requisitos_documentales (postulante_id, ci_digitalizado, certificado_nacimiento, titulo_bachiller_legalizado, formulario_preinscripcion, verificado_bd_externa, updated_at) VALUES (201, false, false, false, false, false, NOW());
INSERT INTO users (id, name, email, password, role, active, created_at, updated_at) VALUES (301, 'Oscar Campos', 'oscarcampos1@estudiante.edu.bo', '\$2y\$12\$TyO9cTQJ0O7NSPORyyP8Hup.wk8.BWNWu4itdEJYyjZ2Sem9DbFyi', 'Postulante', true, NOW(), NOW());
INSERT INTO postulantes (id, ci, nombres, apellidos, fecha_nacimiento, sexo, direccion, telefono, email, colegio_procedencia, ciudad, titulo_bachiller, primera_opcion_id, segunda_opcion_id, turno_preferencia, gestion_id, estado, recurrente, user_id, created_at, updated_at) VALUES (202, '5047076', 'Oscar', 'Campos', '2005-01-15', 'M', NULL, '59164238700', 'oscarcampos1@estudiante.edu.bo', 'Colegio Boliviano', 'Santa Cruz de la Sierra', NULL, 2, 4, 'Manana', 1, 'Preinscrito', false, 301, NOW(), NOW());
INSERT INTO requisitos_documentales (postulante_id, ci_digitalizado, certificado_nacimiento, titulo_bachiller_legalizado, formulario_preinscripcion, verificado_bd_externa, updated_at) VALUES (202, false, false, false, false, false, NOW());
INSERT INTO users (id, name, email, password, role, active, created_at, updated_at) VALUES (302, 'Ana Vázquez', 'anavázquez2@estudiante.edu.bo', '\$2y\$12\$TyO9cTQJ0O7NSPORyyP8Hup.wk8.BWNWu4itdEJYyjZ2Sem9DbFyi', 'Postulante', true, NOW(), NOW());
INSERT INTO postulantes (id, ci, nombres, apellidos, fecha_nacimiento, sexo, direccion, telefono, email, colegio_procedencia, ciudad, titulo_bachiller, primera_opcion_id, segunda_opcion_id, turno_preferencia, gestion_id, estado, recurrente, user_id, created_at, updated_at) VALUES (203, '9706600', 'Ana', 'Vázquez', '2005-01-15', 'M', NULL, '59167699255', 'anavázquez2@estudiante.edu.bo', 'Colegio Boliviano', 'Santa Cruz de la Sierra', NULL, 2, 4, 'Tarde', 1, 'Preinscrito', false, 302, NOW(), NOW());
INSERT INTO requisitos_documentales (postulante_id, ci_digitalizado, certificado_nacimiento, titulo_bachiller_legalizado, formulario_preinscripcion, verificado_bd_externa, updated_at) VALUES (203, false, false, false, false, false, NOW());
INSERT INTO users (id, name, email, password, role, active, created_at, updated_at) VALUES (303, 'Manuel Valencia', 'manuelvalencia3@estudiante.edu.bo', '\$2y\$12\$TyO9cTQJ0O7NSPORyyP8Hup.wk8.BWNWu4itdEJYyjZ2Sem9DbFyi', 'Postulante', true, NOW(), NOW());
INSERT INTO postulantes (id, ci, nombres, apellidos, fecha_nacimiento, sexo, direccion, telefono, email, colegio_procedencia, ciudad, titulo_bachiller, primera_opcion_id, segunda_opcion_id, turno_preferencia, gestion_id, estado, recurrente, user_id, created_at, updated_at) VALUES (204, '8208710', 'Manuel', 'Valencia', '2005-01-15', 'M', NULL, '59193321723', 'manuelvalencia3@estudiante.edu.bo', 'Colegio Boliviano', 'Santa Cruz de la Sierra', NULL, 2, 4, 'Tarde', 1, 'Preinscrito', false, 303, NOW(), NOW());
INSERT INTO requisitos_documentales (postulante_id, ci_digitalizado, certificado_nacimiento, titulo_bachiller_legalizado, formulario_preinscripcion, verificado_bd_externa, updated_at) VALUES (204, false, false, false, false, false, NOW());
INSERT INTO users (id, name, email, password, role, active, created_at, updated_at) VALUES (304, 'Bruno Vega', 'brunovega4@estudiante.edu.bo', '\$2y\$12\$TyO9cTQJ0O7NSPORyyP8Hup.wk8.BWNWu4itdEJYyjZ2Sem9DbFyi', 'Postulante', true, NOW(), NOW());
INSERT INTO postulantes (id, ci, nombres, apellidos, fecha_nacimiento, sexo, direccion, telefono, email, colegio_procedencia, ciudad, titulo_bachiller, primera_opcion_id, segunda_opcion_id, turno_preferencia, gestion_id, estado, recurrente, user_id, created_at, updated_at) VALUES (205, '1739226', 'Bruno', 'Vega', '2005-01-15', 'M', NULL, '59199464495', 'brunovega4@estudiante.edu.bo', 'Colegio Boliviano', 'Santa Cruz de la Sierra', NULL, 2, 4, 'Manana', 1, 'Preinscrito', false, 304, NOW(), NOW());
INSERT INTO requisitos_documentales (postulante_id, ci_digitalizado, certificado_nacimiento, titulo_bachiller_legalizado, formulario_preinscripcion, verificado_bd_externa, updated_at) VALUES (205, false, false, false, false, false, NOW());
INSERT INTO users (id, name, email, password, role, active, created_at, updated_at) VALUES (305, 'Manuel Castillo', 'manuelcastillo5@estudiante.edu.bo', '\$2y\$12\$TyO9cTQJ0O7NSPORyyP8Hup.wk8.BWNWu4itdEJYyjZ2Sem9DbFyi', 'Postulante', true, NOW(), NOW());
INSERT INTO postulantes (id, ci, nombres, apellidos, fecha_nacimiento, sexo, direccion, telefono, email, colegio_procedencia, ciudad, titulo_bachiller, primera_opcion_id, segunda_opcion_id, turno_preferencia, gestion_id, estado, recurrente, user_id, created_at, updated_at) VALUES (206, '7761957', 'Manuel', 'Castillo', '2005-01-15', 'M', NULL, '59191684481', 'manuelcastillo5@estudiante.edu.bo', 'Colegio Boliviano', 'Santa Cruz de la Sierra', NULL, 2, 4, 'Manana', 1, 'Preinscrito', false, 305, NOW(), NOW());
INSERT INTO requisitos_documentales (postulante_id, ci_digitalizado, certificado_nacimiento, titulo_bachiller_legalizado, formulario_preinscripcion, verificado_bd_externa, updated_at) VALUES (206, false, false, false, false, false, NOW());
INSERT INTO users (id, name, email, password, role, active, created_at, updated_at) VALUES (306, 'Eduardo Ruiz', 'eduardoruiz6@estudiante.edu.bo', '\$2y\$12\$TyO9cTQJ0O7NSPORyyP8Hup.wk8.BWNWu4itdEJYyjZ2Sem9DbFyi', 'Postulante', true, NOW(), NOW());
INSERT INTO postulantes (id, ci, nombres, apellidos, fecha_nacimiento, sexo, direccion, telefono, email, colegio_procedencia, ciudad, titulo_bachiller, primera_opcion_id, segunda_opcion_id, turno_preferencia, gestion_id, estado, recurrente, user_id, created_at, updated_at) VALUES (207, '7670828', 'Eduardo', 'Ruiz', '2005-01-15', 'M', NULL, '59175012064', 'eduardoruiz6@estudiante.edu.bo', 'Colegio Boliviano', 'Santa Cruz de la Sierra', NULL, 2, 4, 'Manana', 1, 'Preinscrito', false, 306, NOW(), NOW());
INSERT INTO requisitos_documentales (postulante_id, ci_digitalizado, certificado_nacimiento, titulo_bachiller_legalizado, formulario_preinscripcion, verificado_bd_externa, updated_at) VALUES (207, false, false, false, false, false, NOW());
INSERT INTO users (id, name, email, password, role, active, created_at, updated_at) VALUES (307, 'Pedro Medina', 'pedromedina7@estudiante.edu.bo', '\$2y\$12\$TyO9cTQJ0O7NSPORyyP8Hup.wk8.BWNWu4itdEJYyjZ2Sem9DbFyi', 'Postulante', true, NOW(), NOW());
INSERT INTO postulantes (id, ci, nombres, apellidos, fecha_nacimiento, sexo, direccion, telefono, email, colegio_procedencia, ciudad, titulo_bachiller, primera_opcion_id, segunda_opcion_id, turno_preferencia, gestion_id, estado, recurrente, user_id, created_at, updated_at) VALUES (208, '8074252', 'Pedro', 'Medina', '2005-01-15', 'M', NULL, '59161444495', 'pedromedina7@estudiante.edu.bo', 'Colegio Boliviano', 'Santa Cruz de la Sierra', NULL, 2, 4, 'Tarde', 1, 'Preinscrito', false, 307, NOW(), NOW());
INSERT INTO requisitos_documentales (postulante_id, ci_digitalizado, certificado_nacimiento, titulo_bachiller_legalizado, formulario_preinscripcion, verificado_bd_externa, updated_at) VALUES (208, false, false, false, false, false, NOW());
INSERT INTO users (id, name, email, password, role, active, created_at, updated_at) VALUES (308, 'Jorge Guerrero', 'jorgeguerrero8@estudiante.edu.bo', '\$2y\$12\$TyO9cTQJ0O7NSPORyyP8Hup.wk8.BWNWu4itdEJYyjZ2Sem9DbFyi', 'Postulante', true, NOW(), NOW());
INSERT INTO postulantes (id, ci, nombres, apellidos, fecha_nacimiento, sexo, direccion, telefono, email, colegio_procedencia, ciudad, titulo_bachiller, primera_opcion_id, segunda_opcion_id, turno_preferencia, gestion_id, estado, recurrente, user_id, created_at, updated_at) VALUES (209, '2842402', 'Jorge', 'Guerrero', '2005-01-15', 'M', NULL, '59165280483', 'jorgeguerrero8@estudiante.edu.bo', 'Colegio Boliviano', 'Santa Cruz de la Sierra', NULL, 2, 4, 'Manana', 1, 'Preinscrito', false, 308, NOW(), NOW());
INSERT INTO requisitos_documentales (postulante_id, ci_digitalizado, certificado_nacimiento, titulo_bachiller_legalizado, formulario_preinscripcion, verificado_bd_externa, updated_at) VALUES (209, false, false, false, false, false, NOW());
INSERT INTO users (id, name, email, password, role, active, created_at, updated_at) VALUES (309, 'Fernando Pérez', 'fernandopérez9@estudiante.edu.bo', '\$2y\$12\$TyO9cTQJ0O7NSPORyyP8Hup.wk8.BWNWu4itdEJYyjZ2Sem9DbFyi', 'Postulante', true, NOW(), NOW());
INSERT INTO postulantes (id, ci, nombres, apellidos, fecha_nacimiento, sexo, direccion, telefono, email, colegio_procedencia, ciudad, titulo_bachiller, primera_opcion_id, segunda_opcion_id, turno_preferencia, gestion_id, estado, recurrente, user_id, created_at, updated_at) VALUES (210, '9397899', 'Fernando', 'Pérez', '2005-01-15', 'M', NULL, '59173794518', 'fernandopérez9@estudiante.edu.bo', 'Colegio Boliviano', 'Santa Cruz de la Sierra', NULL, 2, 4, 'Noche', 1, 'Preinscrito', false, 309, NOW(), NOW());
INSERT INTO requisitos_documentales (postulante_id, ci_digitalizado, certificado_nacimiento, titulo_bachiller_legalizado, formulario_preinscripcion, verificado_bd_externa, updated_at) VALUES (210, false, false, false, false, false, NOW());
INSERT INTO users (id, name, email, password, role, active, created_at, updated_at) VALUES (310, 'Antonio Contreras', 'antoniocontreras10@estudiante.edu.bo', '\$2y\$12\$TyO9cTQJ0O7NSPORyyP8Hup.wk8.BWNWu4itdEJYyjZ2Sem9DbFyi', 'Postulante', true, NOW(), NOW());
INSERT INTO postulantes (id, ci, nombres, apellidos, fecha_nacimiento, sexo, direccion, telefono, email, colegio_procedencia, ciudad, titulo_bachiller, primera_opcion_id, segunda_opcion_id, turno_preferencia, gestion_id, estado, recurrente, user_id, created_at, updated_at) VALUES (211, '7910702', 'Antonio', 'Contreras', '2005-01-15', 'M', NULL, '59168290205', 'antoniocontreras10@estudiante.edu.bo', 'Colegio Boliviano', 'Santa Cruz de la Sierra', NULL, 2, 4, 'Manana', 1, 'Preinscrito', false, 310, NOW(), NOW());
INSERT INTO requisitos_documentales (postulante_id, ci_digitalizado, certificado_nacimiento, titulo_bachiller_legalizado, formulario_preinscripcion, verificado_bd_externa, updated_at) VALUES (211, false, false, false, false, false, NOW());
INSERT INTO users (id, name, email, password, role, active, created_at, updated_at) VALUES (311, 'Sandra Morales', 'sandramorales11@estudiante.edu.bo', '\$2y\$12\$TyO9cTQJ0O7NSPORyyP8Hup.wk8.BWNWu4itdEJYyjZ2Sem9DbFyi', 'Postulante', true, NOW(), NOW());
INSERT INTO postulantes (id, ci, nombres, apellidos, fecha_nacimiento, sexo, direccion, telefono, email, colegio_procedencia, ciudad, titulo_bachiller, primera_opcion_id, segunda_opcion_id, turno_preferencia, gestion_id, estado, recurrente, user_id, created_at, updated_at) VALUES (212, '8088265', 'Sandra', 'Morales', '2005-01-15', 'M', NULL, '59183422420', 'sandramorales11@estudiante.edu.bo', 'Colegio Boliviano', 'Santa Cruz de la Sierra', NULL, 2, 4, 'Manana', 1, 'Preinscrito', false, 311, NOW(), NOW());
INSERT INTO requisitos_documentales (postulante_id, ci_digitalizado, certificado_nacimiento, titulo_bachiller_legalizado, formulario_preinscripcion, verificado_bd_externa, updated_at) VALUES (212, false, false, false, false, false, NOW());
INSERT INTO users (id, name, email, password, role, active, created_at, updated_at) VALUES (312, 'Rosa Silva', 'rosasilva12@estudiante.edu.bo', '\$2y\$12\$TyO9cTQJ0O7NSPORyyP8Hup.wk8.BWNWu4itdEJYyjZ2Sem9DbFyi', 'Postulante', true, NOW(), NOW());
INSERT INTO postulantes (id, ci, nombres, apellidos, fecha_nacimiento, sexo, direccion, telefono, email, colegio_procedencia, ciudad, titulo_bachiller, primera_opcion_id, segunda_opcion_id, turno_preferencia, gestion_id, estado, recurrente, user_id, created_at, updated_at) VALUES (213, '2191733', 'Rosa', 'Silva', '2005-01-15', 'M', NULL, '59191059964', 'rosasilva12@estudiante.edu.bo', 'Colegio Boliviano', 'Santa Cruz de la Sierra', NULL, 2, 4, 'Manana', 1, 'Preinscrito', false, 312, NOW(), NOW());
INSERT INTO requisitos_documentales (postulante_id, ci_digitalizado, certificado_nacimiento, titulo_bachiller_legalizado, formulario_preinscripcion, verificado_bd_externa, updated_at) VALUES (213, false, false, false, false, false, NOW());
INSERT INTO users (id, name, email, password, role, active, created_at, updated_at) VALUES (313, 'María Cortés', 'maríacortés13@estudiante.edu.bo', '\$2y\$12\$TyO9cTQJ0O7NSPORyyP8Hup.wk8.BWNWu4itdEJYyjZ2Sem9DbFyi', 'Postulante', true, NOW(), NOW());
INSERT INTO postulantes (id, ci, nombres, apellidos, fecha_nacimiento, sexo, direccion, telefono, email, colegio_procedencia, ciudad, titulo_bachiller, primera_opcion_id, segunda_opcion_id, turno_preferencia, gestion_id, estado, recurrente, user_id, created_at, updated_at) VALUES (214, '8401212', 'María', 'Cortés', '2005-01-15', 'M', NULL, '59170962532', 'maríacortés13@estudiante.edu.bo', 'Colegio Boliviano', 'Santa Cruz de la Sierra', NULL, 2, 4, 'Manana', 1, 'Preinscrito', false, 313, NOW(), NOW());
INSERT INTO requisitos_documentales (postulante_id, ci_digitalizado, certificado_nacimiento, titulo_bachiller_legalizado, formulario_preinscripcion, verificado_bd_externa, updated_at) VALUES (214, false, false, false, false, false, NOW());
INSERT INTO users (id, name, email, password, role, active, created_at, updated_at) VALUES (314, 'Francisca Morales', 'franciscamorales14@estudiante.edu.bo', '\$2y\$12\$TyO9cTQJ0O7NSPORyyP8Hup.wk8.BWNWu4itdEJYyjZ2Sem9DbFyi', 'Postulante', true, NOW(), NOW());
INSERT INTO postulantes (id, ci, nombres, apellidos, fecha_nacimiento, sexo, direccion, telefono, email, colegio_procedencia, ciudad, titulo_bachiller, primera_opcion_id, segunda_opcion_id, turno_preferencia, gestion_id, estado, recurrente, user_id, created_at, updated_at) VALUES (215, '9604262', 'Francisca', 'Morales', '2005-01-15', 'M', NULL, '59192898981', 'franciscamorales14@estudiante.edu.bo', 'Colegio Boliviano', 'Santa Cruz de la Sierra', NULL, 2, 4, 'Manana', 1, 'Preinscrito', false, 314, NOW(), NOW());
INSERT INTO requisitos_documentales (postulante_id, ci_digitalizado, certificado_nacimiento, titulo_bachiller_legalizado, formulario_preinscripcion, verificado_bd_externa, updated_at) VALUES (215, false, false, false, false, false, NOW());
INSERT INTO users (id, name, email, password, role, active, created_at, updated_at) VALUES (315, 'Héctor Rodríguez', 'héctorrodríguez15@estudiante.edu.bo', '\$2y\$12\$TyO9cTQJ0O7NSPORyyP8Hup.wk8.BWNWu4itdEJYyjZ2Sem9DbFyi', 'Postulante', true, NOW(), NOW());
INSERT INTO postulantes (id, ci, nombres, apellidos, fecha_nacimiento, sexo, direccion, telefono, email, colegio_procedencia, ciudad, titulo_bachiller, primera_opcion_id, segunda_opcion_id, turno_preferencia, gestion_id, estado, recurrente, user_id, created_at, updated_at) VALUES (216, '3762686', 'Héctor', 'Rodríguez', '2005-01-15', 'M', NULL, '59165182357', 'héctorrodríguez15@estudiante.edu.bo', 'Colegio Boliviano', 'Santa Cruz de la Sierra', NULL, 2, 4, 'Tarde', 1, 'Preinscrito', false, 315, NOW(), NOW());
INSERT INTO requisitos_documentales (postulante_id, ci_digitalizado, certificado_nacimiento, titulo_bachiller_legalizado, formulario_preinscripcion, verificado_bd_externa, updated_at) VALUES (216, false, false, false, false, false, NOW());
INSERT INTO users (id, name, email, password, role, active, created_at, updated_at) VALUES (316, 'Irene Delgado', 'irenedelgado16@estudiante.edu.bo', '\$2y\$12\$TyO9cTQJ0O7NSPORyyP8Hup.wk8.BWNWu4itdEJYyjZ2Sem9DbFyi', 'Postulante', true, NOW(), NOW());
INSERT INTO postulantes (id, ci, nombres, apellidos, fecha_nacimiento, sexo, direccion, telefono, email, colegio_procedencia, ciudad, titulo_bachiller, primera_opcion_id, segunda_opcion_id, turno_preferencia, gestion_id, estado, recurrente, user_id, created_at, updated_at) VALUES (217, '7225649', 'Irene', 'Delgado', '2005-01-15', 'M', NULL, '59193109334', 'irenedelgado16@estudiante.edu.bo', 'Colegio Boliviano', 'Santa Cruz de la Sierra', NULL, 2, 4, 'Manana', 1, 'Preinscrito', false, 316, NOW(), NOW());
INSERT INTO requisitos_documentales (postulante_id, ci_digitalizado, certificado_nacimiento, titulo_bachiller_legalizado, formulario_preinscripcion, verificado_bd_externa, updated_at) VALUES (217, false, false, false, false, false, NOW());
INSERT INTO users (id, name, email, password, role, active, created_at, updated_at) VALUES (317, 'Miguel Guerrero', 'miguelguerrero17@estudiante.edu.bo', '\$2y\$12\$TyO9cTQJ0O7NSPORyyP8Hup.wk8.BWNWu4itdEJYyjZ2Sem9DbFyi', 'Postulante', true, NOW(), NOW());
INSERT INTO postulantes (id, ci, nombres, apellidos, fecha_nacimiento, sexo, direccion, telefono, email, colegio_procedencia, ciudad, titulo_bachiller, primera_opcion_id, segunda_opcion_id, turno_preferencia, gestion_id, estado, recurrente, user_id, created_at, updated_at) VALUES (218, '3105842', 'Miguel', 'Guerrero', '2005-01-15', 'M', NULL, '59188008245', 'miguelguerrero17@estudiante.edu.bo', 'Colegio Boliviano', 'Santa Cruz de la Sierra', NULL, 2, 4, 'Manana', 1, 'Preinscrito', false, 317, NOW(), NOW());
INSERT INTO requisitos_documentales (postulante_id, ci_digitalizado, certificado_nacimiento, titulo_bachiller_legalizado, formulario_preinscripcion, verificado_bd_externa, updated_at) VALUES (218, false, false, false, false, false, NOW());
INSERT INTO users (id, name, email, password, role, active, created_at, updated_at) VALUES (318, 'Aurora Ramírez', 'auroraramírez18@estudiante.edu.bo', '\$2y\$12\$TyO9cTQJ0O7NSPORyyP8Hup.wk8.BWNWu4itdEJYyjZ2Sem9DbFyi', 'Postulante', true, NOW(), NOW());
INSERT INTO postulantes (id, ci, nombres, apellidos, fecha_nacimiento, sexo, direccion, telefono, email, colegio_procedencia, ciudad, titulo_bachiller, primera_opcion_id, segunda_opcion_id, turno_preferencia, gestion_id, estado, recurrente, user_id, created_at, updated_at) VALUES (219, '9557138', 'Aurora', 'Ramírez', '2005-01-15', 'M', NULL, '59190083304', 'auroraramírez18@estudiante.edu.bo', 'Colegio Boliviano', 'Santa Cruz de la Sierra', NULL, 2, 4, 'Noche', 1, 'Preinscrito', false, 318, NOW(), NOW());
INSERT INTO requisitos_documentales (postulante_id, ci_digitalizado, certificado_nacimiento, titulo_bachiller_legalizado, formulario_preinscripcion, verificado_bd_externa, updated_at) VALUES (219, false, false, false, false, false, NOW());
INSERT INTO users (id, name, email, password, role, active, created_at, updated_at) VALUES (319, 'Leticia Carrillo', 'leticiacarrillo19@estudiante.edu.bo', '\$2y\$12\$TyO9cTQJ0O7NSPORyyP8Hup.wk8.BWNWu4itdEJYyjZ2Sem9DbFyi', 'Postulante', true, NOW(), NOW());
INSERT INTO postulantes (id, ci, nombres, apellidos, fecha_nacimiento, sexo, direccion, telefono, email, colegio_procedencia, ciudad, titulo_bachiller, primera_opcion_id, segunda_opcion_id, turno_preferencia, gestion_id, estado, recurrente, user_id, created_at, updated_at) VALUES (220, '5274360', 'Leticia', 'Carrillo', '2005-01-15', 'M', NULL, '59164170009', 'leticiacarrillo19@estudiante.edu.bo', 'Colegio Boliviano', 'Santa Cruz de la Sierra', NULL, 2, 4, 'Manana', 1, 'Preinscrito', false, 319, NOW(), NOW());
INSERT INTO requisitos_documentales (postulante_id, ci_digitalizado, certificado_nacimiento, titulo_bachiller_legalizado, formulario_preinscripcion, verificado_bd_externa, updated_at) VALUES (220, false, false, false, false, false, NOW());
INSERT INTO users (id, name, email, password, role, active, created_at, updated_at) VALUES (320, 'Miguel Vargas', 'miguelvargas20@estudiante.edu.bo', '\$2y\$12\$TyO9cTQJ0O7NSPORyyP8Hup.wk8.BWNWu4itdEJYyjZ2Sem9DbFyi', 'Postulante', true, NOW(), NOW());
INSERT INTO postulantes (id, ci, nombres, apellidos, fecha_nacimiento, sexo, direccion, telefono, email, colegio_procedencia, ciudad, titulo_bachiller, primera_opcion_id, segunda_opcion_id, turno_preferencia, gestion_id, estado, recurrente, user_id, created_at, updated_at) VALUES (221, '5116676', 'Miguel', 'Vargas', '2005-01-15', 'M', NULL, '59165655786', 'miguelvargas20@estudiante.edu.bo', 'Colegio Boliviano', 'Santa Cruz de la Sierra', NULL, 2, 4, 'Noche', 1, 'Preinscrito', false, 320, NOW(), NOW());
INSERT INTO requisitos_documentales (postulante_id, ci_digitalizado, certificado_nacimiento, titulo_bachiller_legalizado, formulario_preinscripcion, verificado_bd_externa, updated_at) VALUES (221, false, false, false, false, false, NOW());
INSERT INTO users (id, name, email, password, role, active, created_at, updated_at) VALUES (321, 'Carlos Vázquez', 'carlosvázquez21@estudiante.edu.bo', '\$2y\$12\$TyO9cTQJ0O7NSPORyyP8Hup.wk8.BWNWu4itdEJYyjZ2Sem9DbFyi', 'Postulante', true, NOW(), NOW());
INSERT INTO postulantes (id, ci, nombres, apellidos, fecha_nacimiento, sexo, direccion, telefono, email, colegio_procedencia, ciudad, titulo_bachiller, primera_opcion_id, segunda_opcion_id, turno_preferencia, gestion_id, estado, recurrente, user_id, created_at, updated_at) VALUES (222, '3867901', 'Carlos', 'Vázquez', '2005-01-15', 'M', NULL, '59180520698', 'carlosvázquez21@estudiante.edu.bo', 'Colegio Boliviano', 'Santa Cruz de la Sierra', NULL, 2, 4, 'Manana', 1, 'Preinscrito', false, 321, NOW(), NOW());
INSERT INTO requisitos_documentales (postulante_id, ci_digitalizado, certificado_nacimiento, titulo_bachiller_legalizado, formulario_preinscripcion, verificado_bd_externa, updated_at) VALUES (222, false, false, false, false, false, NOW());
INSERT INTO users (id, name, email, password, role, active, created_at, updated_at) VALUES (322, 'Guillermo Ortiz', 'guillermoortiz22@estudiante.edu.bo', '\$2y\$12\$TyO9cTQJ0O7NSPORyyP8Hup.wk8.BWNWu4itdEJYyjZ2Sem9DbFyi', 'Postulante', true, NOW(), NOW());
INSERT INTO postulantes (id, ci, nombres, apellidos, fecha_nacimiento, sexo, direccion, telefono, email, colegio_procedencia, ciudad, titulo_bachiller, primera_opcion_id, segunda_opcion_id, turno_preferencia, gestion_id, estado, recurrente, user_id, created_at, updated_at) VALUES (223, '9528214', 'Guillermo', 'Ortiz', '2005-01-15', 'M', NULL, '59168332188', 'guillermoortiz22@estudiante.edu.bo', 'Colegio Boliviano', 'Santa Cruz de la Sierra', NULL, 2, 4, 'Noche', 1, 'Preinscrito', false, 322, NOW(), NOW());
INSERT INTO requisitos_documentales (postulante_id, ci_digitalizado, certificado_nacimiento, titulo_bachiller_legalizado, formulario_preinscripcion, verificado_bd_externa, updated_at) VALUES (223, false, false, false, false, false, NOW());
INSERT INTO users (id, name, email, password, role, active, created_at, updated_at) VALUES (323, 'Marisol Campos', 'marisolcampos23@estudiante.edu.bo', '\$2y\$12\$TyO9cTQJ0O7NSPORyyP8Hup.wk8.BWNWu4itdEJYyjZ2Sem9DbFyi', 'Postulante', true, NOW(), NOW());
INSERT INTO postulantes (id, ci, nombres, apellidos, fecha_nacimiento, sexo, direccion, telefono, email, colegio_procedencia, ciudad, titulo_bachiller, primera_opcion_id, segunda_opcion_id, turno_preferencia, gestion_id, estado, recurrente, user_id, created_at, updated_at) VALUES (224, '4106518', 'Marisol', 'Campos', '2005-01-15', 'M', NULL, '59174428885', 'marisolcampos23@estudiante.edu.bo', 'Colegio Boliviano', 'Santa Cruz de la Sierra', NULL, 2, 4, 'Tarde', 1, 'Preinscrito', false, 323, NOW(), NOW());
INSERT INTO requisitos_documentales (postulante_id, ci_digitalizado, certificado_nacimiento, titulo_bachiller_legalizado, formulario_preinscripcion, verificado_bd_externa, updated_at) VALUES (224, false, false, false, false, false, NOW());
INSERT INTO users (id, name, email, password, role, active, created_at, updated_at) VALUES (324, 'Antonio Carrillo', 'antoniocarrillo24@estudiante.edu.bo', '\$2y\$12\$TyO9cTQJ0O7NSPORyyP8Hup.wk8.BWNWu4itdEJYyjZ2Sem9DbFyi', 'Postulante', true, NOW(), NOW());
INSERT INTO postulantes (id, ci, nombres, apellidos, fecha_nacimiento, sexo, direccion, telefono, email, colegio_procedencia, ciudad, titulo_bachiller, primera_opcion_id, segunda_opcion_id, turno_preferencia, gestion_id, estado, recurrente, user_id, created_at, updated_at) VALUES (225, '1280517', 'Antonio', 'Carrillo', '2005-01-15', 'M', NULL, '59175734725', 'antoniocarrillo24@estudiante.edu.bo', 'Colegio Boliviano', 'Santa Cruz de la Sierra', NULL, 2, 4, 'Noche', 1, 'Preinscrito', false, 324, NOW(), NOW());
INSERT INTO requisitos_documentales (postulante_id, ci_digitalizado, certificado_nacimiento, titulo_bachiller_legalizado, formulario_preinscripcion, verificado_bd_externa, updated_at) VALUES (225, false, false, false, false, false, NOW());
INSERT INTO users (id, name, email, password, role, active, created_at, updated_at) VALUES (325, 'Rafael López', 'rafaellópez25@estudiante.edu.bo', '\$2y\$12\$TyO9cTQJ0O7NSPORyyP8Hup.wk8.BWNWu4itdEJYyjZ2Sem9DbFyi', 'Postulante', true, NOW(), NOW());
INSERT INTO postulantes (id, ci, nombres, apellidos, fecha_nacimiento, sexo, direccion, telefono, email, colegio_procedencia, ciudad, titulo_bachiller, primera_opcion_id, segunda_opcion_id, turno_preferencia, gestion_id, estado, recurrente, user_id, created_at, updated_at) VALUES (226, '1221914', 'Rafael', 'López', '2005-01-15', 'M', NULL, '59187677788', 'rafaellópez25@estudiante.edu.bo', 'Colegio Boliviano', 'Santa Cruz de la Sierra', NULL, 2, 4, 'Noche', 1, 'Preinscrito', false, 325, NOW(), NOW());
INSERT INTO requisitos_documentales (postulante_id, ci_digitalizado, certificado_nacimiento, titulo_bachiller_legalizado, formulario_preinscripcion, verificado_bd_externa, updated_at) VALUES (226, false, false, false, false, false, NOW());
INSERT INTO users (id, name, email, password, role, active, created_at, updated_at) VALUES (326, 'Rafael Rodríguez', 'rafaelrodríguez26@estudiante.edu.bo', '\$2y\$12\$TyO9cTQJ0O7NSPORyyP8Hup.wk8.BWNWu4itdEJYyjZ2Sem9DbFyi', 'Postulante', true, NOW(), NOW());
INSERT INTO postulantes (id, ci, nombres, apellidos, fecha_nacimiento, sexo, direccion, telefono, email, colegio_procedencia, ciudad, titulo_bachiller, primera_opcion_id, segunda_opcion_id, turno_preferencia, gestion_id, estado, recurrente, user_id, created_at, updated_at) VALUES (227, '9547702', 'Rafael', 'Rodríguez', '2005-01-15', 'M', NULL, '59161014431', 'rafaelrodríguez26@estudiante.edu.bo', 'Colegio Boliviano', 'Santa Cruz de la Sierra', NULL, 2, 4, 'Noche', 1, 'Preinscrito', false, 326, NOW(), NOW());
INSERT INTO requisitos_documentales (postulante_id, ci_digitalizado, certificado_nacimiento, titulo_bachiller_legalizado, formulario_preinscripcion, verificado_bd_externa, updated_at) VALUES (227, false, false, false, false, false, NOW());
INSERT INTO users (id, name, email, password, role, active, created_at, updated_at) VALUES (327, 'Matías Valencia', 'matíasvalencia27@estudiante.edu.bo', '\$2y\$12\$TyO9cTQJ0O7NSPORyyP8Hup.wk8.BWNWu4itdEJYyjZ2Sem9DbFyi', 'Postulante', true, NOW(), NOW());
INSERT INTO postulantes (id, ci, nombres, apellidos, fecha_nacimiento, sexo, direccion, telefono, email, colegio_procedencia, ciudad, titulo_bachiller, primera_opcion_id, segunda_opcion_id, turno_preferencia, gestion_id, estado, recurrente, user_id, created_at, updated_at) VALUES (228, '2826656', 'Matías', 'Valencia', '2005-01-15', 'M', NULL, '59166614345', 'matíasvalencia27@estudiante.edu.bo', 'Colegio Boliviano', 'Santa Cruz de la Sierra', NULL, 2, 4, 'Tarde', 1, 'Preinscrito', false, 327, NOW(), NOW());
INSERT INTO requisitos_documentales (postulante_id, ci_digitalizado, certificado_nacimiento, titulo_bachiller_legalizado, formulario_preinscripcion, verificado_bd_externa, updated_at) VALUES (228, false, false, false, false, false, NOW());
INSERT INTO users (id, name, email, password, role, active, created_at, updated_at) VALUES (328, 'Rafael Domínguez', 'rafaeldomínguez28@estudiante.edu.bo', '\$2y\$12\$TyO9cTQJ0O7NSPORyyP8Hup.wk8.BWNWu4itdEJYyjZ2Sem9DbFyi', 'Postulante', true, NOW(), NOW());
INSERT INTO postulantes (id, ci, nombres, apellidos, fecha_nacimiento, sexo, direccion, telefono, email, colegio_procedencia, ciudad, titulo_bachiller, primera_opcion_id, segunda_opcion_id, turno_preferencia, gestion_id, estado, recurrente, user_id, created_at, updated_at) VALUES (229, '5176829', 'Rafael', 'Domínguez', '2005-01-15', 'M', NULL, '59198242643', 'rafaeldomínguez28@estudiante.edu.bo', 'Colegio Boliviano', 'Santa Cruz de la Sierra', NULL, 2, 4, 'Manana', 1, 'Preinscrito', false, 328, NOW(), NOW());
INSERT INTO requisitos_documentales (postulante_id, ci_digitalizado, certificado_nacimiento, titulo_bachiller_legalizado, formulario_preinscripcion, verificado_bd_externa, updated_at) VALUES (229, false, false, false, false, false, NOW());
INSERT INTO users (id, name, email, password, role, active, created_at, updated_at) VALUES (329, 'Roberto Guerrero', 'robertoguerrero29@estudiante.edu.bo', '\$2y\$12\$TyO9cTQJ0O7NSPORyyP8Hup.wk8.BWNWu4itdEJYyjZ2Sem9DbFyi', 'Postulante', true, NOW(), NOW());
INSERT INTO postulantes (id, ci, nombres, apellidos, fecha_nacimiento, sexo, direccion, telefono, email, colegio_procedencia, ciudad, titulo_bachiller, primera_opcion_id, segunda_opcion_id, turno_preferencia, gestion_id, estado, recurrente, user_id, created_at, updated_at) VALUES (230, '9488673', 'Roberto', 'Guerrero', '2005-01-15', 'M', NULL, '59167880078', 'robertoguerrero29@estudiante.edu.bo', 'Colegio Boliviano', 'Santa Cruz de la Sierra', NULL, 2, 4, 'Noche', 1, 'Preinscrito', false, 329, NOW(), NOW());
INSERT INTO requisitos_documentales (postulante_id, ci_digitalizado, certificado_nacimiento, titulo_bachiller_legalizado, formulario_preinscripcion, verificado_bd_externa, updated_at) VALUES (230, false, false, false, false, false, NOW());
INSERT INTO users (id, name, email, password, role, active, created_at, updated_at) VALUES (330, 'Rosario Morales', 'rosariomorales30@estudiante.edu.bo', '\$2y\$12\$TyO9cTQJ0O7NSPORyyP8Hup.wk8.BWNWu4itdEJYyjZ2Sem9DbFyi', 'Postulante', true, NOW(), NOW());
INSERT INTO postulantes (id, ci, nombres, apellidos, fecha_nacimiento, sexo, direccion, telefono, email, colegio_procedencia, ciudad, titulo_bachiller, primera_opcion_id, segunda_opcion_id, turno_preferencia, gestion_id, estado, recurrente, user_id, created_at, updated_at) VALUES (231, '9695320', 'Rosario', 'Morales', '2005-01-15', 'M', NULL, '59179420930', 'rosariomorales30@estudiante.edu.bo', 'Colegio Boliviano', 'Santa Cruz de la Sierra', NULL, 2, 4, 'Manana', 1, 'Preinscrito', false, 330, NOW(), NOW());
INSERT INTO requisitos_documentales (postulante_id, ci_digitalizado, certificado_nacimiento, titulo_bachiller_legalizado, formulario_preinscripcion, verificado_bd_externa, updated_at) VALUES (231, false, false, false, false, false, NOW());
INSERT INTO users (id, name, email, password, role, active, created_at, updated_at) VALUES (331, 'Oscar Cortés', 'oscarcortés31@estudiante.edu.bo', '\$2y\$12\$TyO9cTQJ0O7NSPORyyP8Hup.wk8.BWNWu4itdEJYyjZ2Sem9DbFyi', 'Postulante', true, NOW(), NOW());
INSERT INTO postulantes (id, ci, nombres, apellidos, fecha_nacimiento, sexo, direccion, telefono, email, colegio_procedencia, ciudad, titulo_bachiller, primera_opcion_id, segunda_opcion_id, turno_preferencia, gestion_id, estado, recurrente, user_id, created_at, updated_at) VALUES (232, '1656574', 'Oscar', 'Cortés', '2005-01-15', 'M', NULL, '59171271279', 'oscarcortés31@estudiante.edu.bo', 'Colegio Boliviano', 'Santa Cruz de la Sierra', NULL, 2, 4, 'Noche', 1, 'Preinscrito', false, 331, NOW(), NOW());
INSERT INTO requisitos_documentales (postulante_id, ci_digitalizado, certificado_nacimiento, titulo_bachiller_legalizado, formulario_preinscripcion, verificado_bd_externa, updated_at) VALUES (232, false, false, false, false, false, NOW());
INSERT INTO users (id, name, email, password, role, active, created_at, updated_at) VALUES (332, 'Valentina Torres', 'valentinatorres32@estudiante.edu.bo', '\$2y\$12\$TyO9cTQJ0O7NSPORyyP8Hup.wk8.BWNWu4itdEJYyjZ2Sem9DbFyi', 'Postulante', true, NOW(), NOW());
INSERT INTO postulantes (id, ci, nombres, apellidos, fecha_nacimiento, sexo, direccion, telefono, email, colegio_procedencia, ciudad, titulo_bachiller, primera_opcion_id, segunda_opcion_id, turno_preferencia, gestion_id, estado, recurrente, user_id, created_at, updated_at) VALUES (233, '2101309', 'Valentina', 'Torres', '2005-01-15', 'M', NULL, '59172882624', 'valentinatorres32@estudiante.edu.bo', 'Colegio Boliviano', 'Santa Cruz de la Sierra', NULL, 2, 4, 'Noche', 1, 'Preinscrito', false, 332, NOW(), NOW());
INSERT INTO requisitos_documentales (postulante_id, ci_digitalizado, certificado_nacimiento, titulo_bachiller_legalizado, formulario_preinscripcion, verificado_bd_externa, updated_at) VALUES (233, false, false, false, false, false, NOW());
INSERT INTO users (id, name, email, password, role, active, created_at, updated_at) VALUES (333, 'Guillermo Valdez', 'guillermovaldez33@estudiante.edu.bo', '\$2y\$12\$TyO9cTQJ0O7NSPORyyP8Hup.wk8.BWNWu4itdEJYyjZ2Sem9DbFyi', 'Postulante', true, NOW(), NOW());
INSERT INTO postulantes (id, ci, nombres, apellidos, fecha_nacimiento, sexo, direccion, telefono, email, colegio_procedencia, ciudad, titulo_bachiller, primera_opcion_id, segunda_opcion_id, turno_preferencia, gestion_id, estado, recurrente, user_id, created_at, updated_at) VALUES (234, '7656331', 'Guillermo', 'Valdez', '2005-01-15', 'M', NULL, '59176612523', 'guillermovaldez33@estudiante.edu.bo', 'Colegio Boliviano', 'Santa Cruz de la Sierra', NULL, 2, 4, 'Tarde', 1, 'Preinscrito', false, 333, NOW(), NOW());
INSERT INTO requisitos_documentales (postulante_id, ci_digitalizado, certificado_nacimiento, titulo_bachiller_legalizado, formulario_preinscripcion, verificado_bd_externa, updated_at) VALUES (234, false, false, false, false, false, NOW());
INSERT INTO users (id, name, email, password, role, active, created_at, updated_at) VALUES (334, 'María Fuentes', 'maríafuentes34@estudiante.edu.bo', '\$2y\$12\$TyO9cTQJ0O7NSPORyyP8Hup.wk8.BWNWu4itdEJYyjZ2Sem9DbFyi', 'Postulante', true, NOW(), NOW());
INSERT INTO postulantes (id, ci, nombres, apellidos, fecha_nacimiento, sexo, direccion, telefono, email, colegio_procedencia, ciudad, titulo_bachiller, primera_opcion_id, segunda_opcion_id, turno_preferencia, gestion_id, estado, recurrente, user_id, created_at, updated_at) VALUES (235, '7853482', 'María', 'Fuentes', '2005-01-15', 'M', NULL, '59180365438', 'maríafuentes34@estudiante.edu.bo', 'Colegio Boliviano', 'Santa Cruz de la Sierra', NULL, 2, 4, 'Manana', 1, 'Preinscrito', false, 334, NOW(), NOW());
INSERT INTO requisitos_documentales (postulante_id, ci_digitalizado, certificado_nacimiento, titulo_bachiller_legalizado, formulario_preinscripcion, verificado_bd_externa, updated_at) VALUES (235, false, false, false, false, false, NOW());
INSERT INTO users (id, name, email, password, role, active, created_at, updated_at) VALUES (335, 'Verónica Ruiz', 'verónicaruiz35@estudiante.edu.bo', '\$2y\$12\$TyO9cTQJ0O7NSPORyyP8Hup.wk8.BWNWu4itdEJYyjZ2Sem9DbFyi', 'Postulante', true, NOW(), NOW());
INSERT INTO postulantes (id, ci, nombres, apellidos, fecha_nacimiento, sexo, direccion, telefono, email, colegio_procedencia, ciudad, titulo_bachiller, primera_opcion_id, segunda_opcion_id, turno_preferencia, gestion_id, estado, recurrente, user_id, created_at, updated_at) VALUES (236, '6737489', 'Verónica', 'Ruiz', '2005-01-15', 'M', NULL, '59191437832', 'verónicaruiz35@estudiante.edu.bo', 'Colegio Boliviano', 'Santa Cruz de la Sierra', NULL, 2, 4, 'Noche', 1, 'Preinscrito', false, 335, NOW(), NOW());
INSERT INTO requisitos_documentales (postulante_id, ci_digitalizado, certificado_nacimiento, titulo_bachiller_legalizado, formulario_preinscripcion, verificado_bd_externa, updated_at) VALUES (236, false, false, false, false, false, NOW());
INSERT INTO users (id, name, email, password, role, active, created_at, updated_at) VALUES (336, 'Carmen Medina', 'carmenmedina36@estudiante.edu.bo', '\$2y\$12\$TyO9cTQJ0O7NSPORyyP8Hup.wk8.BWNWu4itdEJYyjZ2Sem9DbFyi', 'Postulante', true, NOW(), NOW());
INSERT INTO postulantes (id, ci, nombres, apellidos, fecha_nacimiento, sexo, direccion, telefono, email, colegio_procedencia, ciudad, titulo_bachiller, primera_opcion_id, segunda_opcion_id, turno_preferencia, gestion_id, estado, recurrente, user_id, created_at, updated_at) VALUES (237, '6617068', 'Carmen', 'Medina', '2005-01-15', 'M', NULL, '59182798917', 'carmenmedina36@estudiante.edu.bo', 'Colegio Boliviano', 'Santa Cruz de la Sierra', NULL, 2, 4, 'Tarde', 1, 'Preinscrito', false, 336, NOW(), NOW());
INSERT INTO requisitos_documentales (postulante_id, ci_digitalizado, certificado_nacimiento, titulo_bachiller_legalizado, formulario_preinscripcion, verificado_bd_externa, updated_at) VALUES (237, false, false, false, false, false, NOW());
INSERT INTO users (id, name, email, password, role, active, created_at, updated_at) VALUES (337, 'Beatriz Rivas', 'beatrizrivas37@estudiante.edu.bo', '\$2y\$12\$TyO9cTQJ0O7NSPORyyP8Hup.wk8.BWNWu4itdEJYyjZ2Sem9DbFyi', 'Postulante', true, NOW(), NOW());
INSERT INTO postulantes (id, ci, nombres, apellidos, fecha_nacimiento, sexo, direccion, telefono, email, colegio_procedencia, ciudad, titulo_bachiller, primera_opcion_id, segunda_opcion_id, turno_preferencia, gestion_id, estado, recurrente, user_id, created_at, updated_at) VALUES (238, '9973817', 'Beatriz', 'Rivas', '2005-01-15', 'M', NULL, '59169182091', 'beatrizrivas37@estudiante.edu.bo', 'Colegio Boliviano', 'Santa Cruz de la Sierra', NULL, 2, 4, 'Noche', 1, 'Preinscrito', false, 337, NOW(), NOW());
INSERT INTO requisitos_documentales (postulante_id, ci_digitalizado, certificado_nacimiento, titulo_bachiller_legalizado, formulario_preinscripcion, verificado_bd_externa, updated_at) VALUES (238, false, false, false, false, false, NOW());
INSERT INTO users (id, name, email, password, role, active, created_at, updated_at) VALUES (338, 'Andrés Tapia', 'andréstapia38@estudiante.edu.bo', '\$2y\$12\$TyO9cTQJ0O7NSPORyyP8Hup.wk8.BWNWu4itdEJYyjZ2Sem9DbFyi', 'Postulante', true, NOW(), NOW());
INSERT INTO postulantes (id, ci, nombres, apellidos, fecha_nacimiento, sexo, direccion, telefono, email, colegio_procedencia, ciudad, titulo_bachiller, primera_opcion_id, segunda_opcion_id, turno_preferencia, gestion_id, estado, recurrente, user_id, created_at, updated_at) VALUES (239, '7577002', 'Andrés', 'Tapia', '2005-01-15', 'M', NULL, '59197383193', 'andréstapia38@estudiante.edu.bo', 'Colegio Boliviano', 'Santa Cruz de la Sierra', NULL, 2, 4, 'Tarde', 1, 'Preinscrito', false, 338, NOW(), NOW());
INSERT INTO requisitos_documentales (postulante_id, ci_digitalizado, certificado_nacimiento, titulo_bachiller_legalizado, formulario_preinscripcion, verificado_bd_externa, updated_at) VALUES (239, false, false, false, false, false, NOW());
INSERT INTO users (id, name, email, password, role, active, created_at, updated_at) VALUES (339, 'Lorena Contreras', 'lorenacontreras39@estudiante.edu.bo', '\$2y\$12\$TyO9cTQJ0O7NSPORyyP8Hup.wk8.BWNWu4itdEJYyjZ2Sem9DbFyi', 'Postulante', true, NOW(), NOW());
INSERT INTO postulantes (id, ci, nombres, apellidos, fecha_nacimiento, sexo, direccion, telefono, email, colegio_procedencia, ciudad, titulo_bachiller, primera_opcion_id, segunda_opcion_id, turno_preferencia, gestion_id, estado, recurrente, user_id, created_at, updated_at) VALUES (240, '8449926', 'Lorena', 'Contreras', '2005-01-15', 'M', NULL, '59162256115', 'lorenacontreras39@estudiante.edu.bo', 'Colegio Boliviano', 'Santa Cruz de la Sierra', NULL, 2, 4, 'Tarde', 1, 'Preinscrito', false, 339, NOW(), NOW());
INSERT INTO requisitos_documentales (postulante_id, ci_digitalizado, certificado_nacimiento, titulo_bachiller_legalizado, formulario_preinscripcion, verificado_bd_externa, updated_at) VALUES (240, false, false, false, false, false, NOW());
INSERT INTO users (id, name, email, password, role, active, created_at, updated_at) VALUES (340, 'Esperanza Vidal', 'esperanzavidal40@estudiante.edu.bo', '\$2y\$12\$TyO9cTQJ0O7NSPORyyP8Hup.wk8.BWNWu4itdEJYyjZ2Sem9DbFyi', 'Postulante', true, NOW(), NOW());
INSERT INTO postulantes (id, ci, nombres, apellidos, fecha_nacimiento, sexo, direccion, telefono, email, colegio_procedencia, ciudad, titulo_bachiller, primera_opcion_id, segunda_opcion_id, turno_preferencia, gestion_id, estado, recurrente, user_id, created_at, updated_at) VALUES (241, '4440108', 'Esperanza', 'Vidal', '2005-01-15', 'M', NULL, '59199143759', 'esperanzavidal40@estudiante.edu.bo', 'Colegio Boliviano', 'Santa Cruz de la Sierra', NULL, 2, 4, 'Noche', 1, 'Preinscrito', false, 340, NOW(), NOW());
INSERT INTO requisitos_documentales (postulante_id, ci_digitalizado, certificado_nacimiento, titulo_bachiller_legalizado, formulario_preinscripcion, verificado_bd_externa, updated_at) VALUES (241, false, false, false, false, false, NOW());
INSERT INTO users (id, name, email, password, role, active, created_at, updated_at) VALUES (341, 'Luis Acosta', 'luisacosta41@estudiante.edu.bo', '\$2y\$12\$TyO9cTQJ0O7NSPORyyP8Hup.wk8.BWNWu4itdEJYyjZ2Sem9DbFyi', 'Postulante', true, NOW(), NOW());
INSERT INTO postulantes (id, ci, nombres, apellidos, fecha_nacimiento, sexo, direccion, telefono, email, colegio_procedencia, ciudad, titulo_bachiller, primera_opcion_id, segunda_opcion_id, turno_preferencia, gestion_id, estado, recurrente, user_id, created_at, updated_at) VALUES (242, '6872708', 'Luis', 'Acosta', '2005-01-15', 'M', NULL, '59197413170', 'luisacosta41@estudiante.edu.bo', 'Colegio Boliviano', 'Santa Cruz de la Sierra', NULL, 2, 4, 'Tarde', 1, 'Preinscrito', false, 341, NOW(), NOW());
INSERT INTO requisitos_documentales (postulante_id, ci_digitalizado, certificado_nacimiento, titulo_bachiller_legalizado, formulario_preinscripcion, verificado_bd_externa, updated_at) VALUES (242, false, false, false, false, false, NOW());
INSERT INTO users (id, name, email, password, role, active, created_at, updated_at) VALUES (342, 'Alejandro Rivera', 'alejandrorivera42@estudiante.edu.bo', '\$2y\$12\$TyO9cTQJ0O7NSPORyyP8Hup.wk8.BWNWu4itdEJYyjZ2Sem9DbFyi', 'Postulante', true, NOW(), NOW());
INSERT INTO postulantes (id, ci, nombres, apellidos, fecha_nacimiento, sexo, direccion, telefono, email, colegio_procedencia, ciudad, titulo_bachiller, primera_opcion_id, segunda_opcion_id, turno_preferencia, gestion_id, estado, recurrente, user_id, created_at, updated_at) VALUES (243, '4070517', 'Alejandro', 'Rivera', '2005-01-15', 'M', NULL, '59187447243', 'alejandrorivera42@estudiante.edu.bo', 'Colegio Boliviano', 'Santa Cruz de la Sierra', NULL, 2, 4, 'Noche', 1, 'Preinscrito', false, 342, NOW(), NOW());
INSERT INTO requisitos_documentales (postulante_id, ci_digitalizado, certificado_nacimiento, titulo_bachiller_legalizado, formulario_preinscripcion, verificado_bd_externa, updated_at) VALUES (243, false, false, false, false, false, NOW());
INSERT INTO users (id, name, email, password, role, active, created_at, updated_at) VALUES (343, 'Matías Domínguez', 'matíasdomínguez43@estudiante.edu.bo', '\$2y\$12\$TyO9cTQJ0O7NSPORyyP8Hup.wk8.BWNWu4itdEJYyjZ2Sem9DbFyi', 'Postulante', true, NOW(), NOW());
INSERT INTO postulantes (id, ci, nombres, apellidos, fecha_nacimiento, sexo, direccion, telefono, email, colegio_procedencia, ciudad, titulo_bachiller, primera_opcion_id, segunda_opcion_id, turno_preferencia, gestion_id, estado, recurrente, user_id, created_at, updated_at) VALUES (244, '7225034', 'Matías', 'Domínguez', '2005-01-15', 'M', NULL, '59167542112', 'matíasdomínguez43@estudiante.edu.bo', 'Colegio Boliviano', 'Santa Cruz de la Sierra', NULL, 2, 4, 'Tarde', 1, 'Preinscrito', false, 343, NOW(), NOW());
INSERT INTO requisitos_documentales (postulante_id, ci_digitalizado, certificado_nacimiento, titulo_bachiller_legalizado, formulario_preinscripcion, verificado_bd_externa, updated_at) VALUES (244, false, false, false, false, false, NOW());
INSERT INTO users (id, name, email, password, role, active, created_at, updated_at) VALUES (344, 'Elena Rojas', 'elenarojas44@estudiante.edu.bo', '\$2y\$12\$TyO9cTQJ0O7NSPORyyP8Hup.wk8.BWNWu4itdEJYyjZ2Sem9DbFyi', 'Postulante', true, NOW(), NOW());
INSERT INTO postulantes (id, ci, nombres, apellidos, fecha_nacimiento, sexo, direccion, telefono, email, colegio_procedencia, ciudad, titulo_bachiller, primera_opcion_id, segunda_opcion_id, turno_preferencia, gestion_id, estado, recurrente, user_id, created_at, updated_at) VALUES (245, '3637875', 'Elena', 'Rojas', '2005-01-15', 'M', NULL, '59181729046', 'elenarojas44@estudiante.edu.bo', 'Colegio Boliviano', 'Santa Cruz de la Sierra', NULL, 2, 4, 'Tarde', 1, 'Preinscrito', false, 344, NOW(), NOW());
INSERT INTO requisitos_documentales (postulante_id, ci_digitalizado, certificado_nacimiento, titulo_bachiller_legalizado, formulario_preinscripcion, verificado_bd_externa, updated_at) VALUES (245, false, false, false, false, false, NOW());
INSERT INTO users (id, name, email, password, role, active, created_at, updated_at) VALUES (345, 'Rosario Pérez', 'rosariopérez45@estudiante.edu.bo', '\$2y\$12\$TyO9cTQJ0O7NSPORyyP8Hup.wk8.BWNWu4itdEJYyjZ2Sem9DbFyi', 'Postulante', true, NOW(), NOW());
INSERT INTO postulantes (id, ci, nombres, apellidos, fecha_nacimiento, sexo, direccion, telefono, email, colegio_procedencia, ciudad, titulo_bachiller, primera_opcion_id, segunda_opcion_id, turno_preferencia, gestion_id, estado, recurrente, user_id, created_at, updated_at) VALUES (246, '5707056', 'Rosario', 'Pérez', '2005-01-15', 'M', NULL, '59168611354', 'rosariopérez45@estudiante.edu.bo', 'Colegio Boliviano', 'Santa Cruz de la Sierra', NULL, 2, 4, 'Tarde', 1, 'Preinscrito', false, 345, NOW(), NOW());
INSERT INTO requisitos_documentales (postulante_id, ci_digitalizado, certificado_nacimiento, titulo_bachiller_legalizado, formulario_preinscripcion, verificado_bd_externa, updated_at) VALUES (246, false, false, false, false, false, NOW());
INSERT INTO users (id, name, email, password, role, active, created_at, updated_at) VALUES (346, 'Carlos Rojas', 'carlosrojas46@estudiante.edu.bo', '\$2y\$12\$TyO9cTQJ0O7NSPORyyP8Hup.wk8.BWNWu4itdEJYyjZ2Sem9DbFyi', 'Postulante', true, NOW(), NOW());
INSERT INTO postulantes (id, ci, nombres, apellidos, fecha_nacimiento, sexo, direccion, telefono, email, colegio_procedencia, ciudad, titulo_bachiller, primera_opcion_id, segunda_opcion_id, turno_preferencia, gestion_id, estado, recurrente, user_id, created_at, updated_at) VALUES (247, '4871000', 'Carlos', 'Rojas', '2005-01-15', 'M', NULL, '59160796888', 'carlosrojas46@estudiante.edu.bo', 'Colegio Boliviano', 'Santa Cruz de la Sierra', NULL, 2, 4, 'Tarde', 1, 'Preinscrito', false, 346, NOW(), NOW());
INSERT INTO requisitos_documentales (postulante_id, ci_digitalizado, certificado_nacimiento, titulo_bachiller_legalizado, formulario_preinscripcion, verificado_bd_externa, updated_at) VALUES (247, false, false, false, false, false, NOW());
INSERT INTO users (id, name, email, password, role, active, created_at, updated_at) VALUES (347, 'Isabel Valencia', 'isabelvalencia47@estudiante.edu.bo', '\$2y\$12\$TyO9cTQJ0O7NSPORyyP8Hup.wk8.BWNWu4itdEJYyjZ2Sem9DbFyi', 'Postulante', true, NOW(), NOW());
INSERT INTO postulantes (id, ci, nombres, apellidos, fecha_nacimiento, sexo, direccion, telefono, email, colegio_procedencia, ciudad, titulo_bachiller, primera_opcion_id, segunda_opcion_id, turno_preferencia, gestion_id, estado, recurrente, user_id, created_at, updated_at) VALUES (248, '8392549', 'Isabel', 'Valencia', '2005-01-15', 'M', NULL, '59173034666', 'isabelvalencia47@estudiante.edu.bo', 'Colegio Boliviano', 'Santa Cruz de la Sierra', NULL, 2, 4, 'Manana', 1, 'Preinscrito', false, 347, NOW(), NOW());
INSERT INTO requisitos_documentales (postulante_id, ci_digitalizado, certificado_nacimiento, titulo_bachiller_legalizado, formulario_preinscripcion, verificado_bd_externa, updated_at) VALUES (248, false, false, false, false, false, NOW());
INSERT INTO users (id, name, email, password, role, active, created_at, updated_at) VALUES (348, 'Javier Morales', 'javiermorales48@estudiante.edu.bo', '\$2y\$12\$TyO9cTQJ0O7NSPORyyP8Hup.wk8.BWNWu4itdEJYyjZ2Sem9DbFyi', 'Postulante', true, NOW(), NOW());
INSERT INTO postulantes (id, ci, nombres, apellidos, fecha_nacimiento, sexo, direccion, telefono, email, colegio_procedencia, ciudad, titulo_bachiller, primera_opcion_id, segunda_opcion_id, turno_preferencia, gestion_id, estado, recurrente, user_id, created_at, updated_at) VALUES (249, '7276983', 'Javier', 'Morales', '2005-01-15', 'M', NULL, '59197723201', 'javiermorales48@estudiante.edu.bo', 'Colegio Boliviano', 'Santa Cruz de la Sierra', NULL, 2, 4, 'Tarde', 1, 'Preinscrito', false, 348, NOW(), NOW());
INSERT INTO requisitos_documentales (postulante_id, ci_digitalizado, certificado_nacimiento, titulo_bachiller_legalizado, formulario_preinscripcion, verificado_bd_externa, updated_at) VALUES (249, false, false, false, false, false, NOW());
INSERT INTO users (id, name, email, password, role, active, created_at, updated_at) VALUES (349, 'Héctor Silva', 'héctorsilva49@estudiante.edu.bo', '\$2y\$12\$TyO9cTQJ0O7NSPORyyP8Hup.wk8.BWNWu4itdEJYyjZ2Sem9DbFyi', 'Postulante', true, NOW(), NOW());
INSERT INTO postulantes (id, ci, nombres, apellidos, fecha_nacimiento, sexo, direccion, telefono, email, colegio_procedencia, ciudad, titulo_bachiller, primera_opcion_id, segunda_opcion_id, turno_preferencia, gestion_id, estado, recurrente, user_id, created_at, updated_at) VALUES (250, '7500097', 'Héctor', 'Silva', '2005-01-15', 'M', NULL, '59161088048', 'héctorsilva49@estudiante.edu.bo', 'Colegio Boliviano', 'Santa Cruz de la Sierra', NULL, 2, 4, 'Noche', 1, 'Preinscrito', false, 349, NOW(), NOW());
INSERT INTO requisitos_documentales (postulante_id, ci_digitalizado, certificado_nacimiento, titulo_bachiller_legalizado, formulario_preinscripcion, verificado_bd_externa, updated_at) VALUES (250, false, false, false, false, false, NOW());
INSERT INTO users (id, name, email, password, role, active, created_at, updated_at) VALUES (350, 'Sergio Rivera', 'sergiorivera50@estudiante.edu.bo', '\$2y\$12\$TyO9cTQJ0O7NSPORyyP8Hup.wk8.BWNWu4itdEJYyjZ2Sem9DbFyi', 'Postulante', true, NOW(), NOW());
INSERT INTO postulantes (id, ci, nombres, apellidos, fecha_nacimiento, sexo, direccion, telefono, email, colegio_procedencia, ciudad, titulo_bachiller, primera_opcion_id, segunda_opcion_id, turno_preferencia, gestion_id, estado, recurrente, user_id, created_at, updated_at) VALUES (251, '2958455', 'Sergio', 'Rivera', '2005-01-15', 'M', NULL, '59164184154', 'sergiorivera50@estudiante.edu.bo', 'Colegio Boliviano', 'Santa Cruz de la Sierra', NULL, 2, 4, 'Manana', 1, 'Preinscrito', false, 350, NOW(), NOW());
INSERT INTO requisitos_documentales (postulante_id, ci_digitalizado, certificado_nacimiento, titulo_bachiller_legalizado, formulario_preinscripcion, verificado_bd_externa, updated_at) VALUES (251, false, false, false, false, false, NOW());
INSERT INTO users (id, name, email, password, role, active, created_at, updated_at) VALUES (351, 'Antonio Vidal', 'antoniovidal51@estudiante.edu.bo', '\$2y\$12\$TyO9cTQJ0O7NSPORyyP8Hup.wk8.BWNWu4itdEJYyjZ2Sem9DbFyi', 'Postulante', true, NOW(), NOW());
INSERT INTO postulantes (id, ci, nombres, apellidos, fecha_nacimiento, sexo, direccion, telefono, email, colegio_procedencia, ciudad, titulo_bachiller, primera_opcion_id, segunda_opcion_id, turno_preferencia, gestion_id, estado, recurrente, user_id, created_at, updated_at) VALUES (252, '1273215', 'Antonio', 'Vidal', '2005-01-15', 'M', NULL, '59177303306', 'antoniovidal51@estudiante.edu.bo', 'Colegio Boliviano', 'Santa Cruz de la Sierra', NULL, 2, 4, 'Manana', 1, 'Preinscrito', false, 351, NOW(), NOW());
INSERT INTO requisitos_documentales (postulante_id, ci_digitalizado, certificado_nacimiento, titulo_bachiller_legalizado, formulario_preinscripcion, verificado_bd_externa, updated_at) VALUES (252, false, false, false, false, false, NOW());
INSERT INTO users (id, name, email, password, role, active, created_at, updated_at) VALUES (352, 'Guillermo Domínguez', 'guillermodomínguez52@estudiante.edu.bo', '\$2y\$12\$TyO9cTQJ0O7NSPORyyP8Hup.wk8.BWNWu4itdEJYyjZ2Sem9DbFyi', 'Postulante', true, NOW(), NOW());
INSERT INTO postulantes (id, ci, nombres, apellidos, fecha_nacimiento, sexo, direccion, telefono, email, colegio_procedencia, ciudad, titulo_bachiller, primera_opcion_id, segunda_opcion_id, turno_preferencia, gestion_id, estado, recurrente, user_id, created_at, updated_at) VALUES (253, '6381350', 'Guillermo', 'Domínguez', '2005-01-15', 'M', NULL, '59191171963', 'guillermodomínguez52@estudiante.edu.bo', 'Colegio Boliviano', 'Santa Cruz de la Sierra', NULL, 2, 4, 'Tarde', 1, 'Preinscrito', false, 352, NOW(), NOW());
INSERT INTO requisitos_documentales (postulante_id, ci_digitalizado, certificado_nacimiento, titulo_bachiller_legalizado, formulario_preinscripcion, verificado_bd_externa, updated_at) VALUES (253, false, false, false, false, false, NOW());
INSERT INTO users (id, name, email, password, role, active, created_at, updated_at) VALUES (353, 'Matías Delgado', 'matíasdelgado53@estudiante.edu.bo', '\$2y\$12\$TyO9cTQJ0O7NSPORyyP8Hup.wk8.BWNWu4itdEJYyjZ2Sem9DbFyi', 'Postulante', true, NOW(), NOW());
INSERT INTO postulantes (id, ci, nombres, apellidos, fecha_nacimiento, sexo, direccion, telefono, email, colegio_procedencia, ciudad, titulo_bachiller, primera_opcion_id, segunda_opcion_id, turno_preferencia, gestion_id, estado, recurrente, user_id, created_at, updated_at) VALUES (254, '3453686', 'Matías', 'Delgado', '2005-01-15', 'M', NULL, '59172155186', 'matíasdelgado53@estudiante.edu.bo', 'Colegio Boliviano', 'Santa Cruz de la Sierra', NULL, 2, 4, 'Tarde', 1, 'Preinscrito', false, 353, NOW(), NOW());
INSERT INTO requisitos_documentales (postulante_id, ci_digitalizado, certificado_nacimiento, titulo_bachiller_legalizado, formulario_preinscripcion, verificado_bd_externa, updated_at) VALUES (254, false, false, false, false, false, NOW());
INSERT INTO users (id, name, email, password, role, active, created_at, updated_at) VALUES (354, 'Irene Cortés', 'irenecortés54@estudiante.edu.bo', '\$2y\$12\$TyO9cTQJ0O7NSPORyyP8Hup.wk8.BWNWu4itdEJYyjZ2Sem9DbFyi', 'Postulante', true, NOW(), NOW());
INSERT INTO postulantes (id, ci, nombres, apellidos, fecha_nacimiento, sexo, direccion, telefono, email, colegio_procedencia, ciudad, titulo_bachiller, primera_opcion_id, segunda_opcion_id, turno_preferencia, gestion_id, estado, recurrente, user_id, created_at, updated_at) VALUES (255, '8516611', 'Irene', 'Cortés', '2005-01-15', 'M', NULL, '59179823307', 'irenecortés54@estudiante.edu.bo', 'Colegio Boliviano', 'Santa Cruz de la Sierra', NULL, 2, 4, 'Noche', 1, 'Preinscrito', false, 354, NOW(), NOW());
INSERT INTO requisitos_documentales (postulante_id, ci_digitalizado, certificado_nacimiento, titulo_bachiller_legalizado, formulario_preinscripcion, verificado_bd_externa, updated_at) VALUES (255, false, false, false, false, false, NOW());
INSERT INTO users (id, name, email, password, role, active, created_at, updated_at) VALUES (355, 'Esperanza Campos', 'esperanzacampos55@estudiante.edu.bo', '\$2y\$12\$TyO9cTQJ0O7NSPORyyP8Hup.wk8.BWNWu4itdEJYyjZ2Sem9DbFyi', 'Postulante', true, NOW(), NOW());
INSERT INTO postulantes (id, ci, nombres, apellidos, fecha_nacimiento, sexo, direccion, telefono, email, colegio_procedencia, ciudad, titulo_bachiller, primera_opcion_id, segunda_opcion_id, turno_preferencia, gestion_id, estado, recurrente, user_id, created_at, updated_at) VALUES (256, '6598489', 'Esperanza', 'Campos', '2005-01-15', 'M', NULL, '59177961048', 'esperanzacampos55@estudiante.edu.bo', 'Colegio Boliviano', 'Santa Cruz de la Sierra', NULL, 2, 4, 'Noche', 1, 'Preinscrito', false, 355, NOW(), NOW());
INSERT INTO requisitos_documentales (postulante_id, ci_digitalizado, certificado_nacimiento, titulo_bachiller_legalizado, formulario_preinscripcion, verificado_bd_externa, updated_at) VALUES (256, false, false, false, false, false, NOW());
INSERT INTO users (id, name, email, password, role, active, created_at, updated_at) VALUES (356, 'Pedro Jiménez', 'pedrojiménez56@estudiante.edu.bo', '\$2y\$12\$TyO9cTQJ0O7NSPORyyP8Hup.wk8.BWNWu4itdEJYyjZ2Sem9DbFyi', 'Postulante', true, NOW(), NOW());
INSERT INTO postulantes (id, ci, nombres, apellidos, fecha_nacimiento, sexo, direccion, telefono, email, colegio_procedencia, ciudad, titulo_bachiller, primera_opcion_id, segunda_opcion_id, turno_preferencia, gestion_id, estado, recurrente, user_id, created_at, updated_at) VALUES (257, '7980807', 'Pedro', 'Jiménez', '2005-01-15', 'M', NULL, '59165567570', 'pedrojiménez56@estudiante.edu.bo', 'Colegio Boliviano', 'Santa Cruz de la Sierra', NULL, 2, 4, 'Noche', 1, 'Preinscrito', false, 356, NOW(), NOW());
INSERT INTO requisitos_documentales (postulante_id, ci_digitalizado, certificado_nacimiento, titulo_bachiller_legalizado, formulario_preinscripcion, verificado_bd_externa, updated_at) VALUES (257, false, false, false, false, false, NOW());
INSERT INTO users (id, name, email, password, role, active, created_at, updated_at) VALUES (357, 'Constanza Valdez', 'constanzavaldez57@estudiante.edu.bo', '\$2y\$12\$TyO9cTQJ0O7NSPORyyP8Hup.wk8.BWNWu4itdEJYyjZ2Sem9DbFyi', 'Postulante', true, NOW(), NOW());
INSERT INTO postulantes (id, ci, nombres, apellidos, fecha_nacimiento, sexo, direccion, telefono, email, colegio_procedencia, ciudad, titulo_bachiller, primera_opcion_id, segunda_opcion_id, turno_preferencia, gestion_id, estado, recurrente, user_id, created_at, updated_at) VALUES (258, '9944319', 'Constanza', 'Valdez', '2005-01-15', 'M', NULL, '59177996938', 'constanzavaldez57@estudiante.edu.bo', 'Colegio Boliviano', 'Santa Cruz de la Sierra', NULL, 2, 4, 'Noche', 1, 'Preinscrito', false, 357, NOW(), NOW());
INSERT INTO requisitos_documentales (postulante_id, ci_digitalizado, certificado_nacimiento, titulo_bachiller_legalizado, formulario_preinscripcion, verificado_bd_externa, updated_at) VALUES (258, false, false, false, false, false, NOW());
INSERT INTO users (id, name, email, password, role, active, created_at, updated_at) VALUES (358, 'Rosario Jiménez', 'rosariojiménez58@estudiante.edu.bo', '\$2y\$12\$TyO9cTQJ0O7NSPORyyP8Hup.wk8.BWNWu4itdEJYyjZ2Sem9DbFyi', 'Postulante', true, NOW(), NOW());
INSERT INTO postulantes (id, ci, nombres, apellidos, fecha_nacimiento, sexo, direccion, telefono, email, colegio_procedencia, ciudad, titulo_bachiller, primera_opcion_id, segunda_opcion_id, turno_preferencia, gestion_id, estado, recurrente, user_id, created_at, updated_at) VALUES (259, '3265258', 'Rosario', 'Jiménez', '2005-01-15', 'M', NULL, '59194135493', 'rosariojiménez58@estudiante.edu.bo', 'Colegio Boliviano', 'Santa Cruz de la Sierra', NULL, 2, 4, 'Tarde', 1, 'Preinscrito', false, 358, NOW(), NOW());
INSERT INTO requisitos_documentales (postulante_id, ci_digitalizado, certificado_nacimiento, titulo_bachiller_legalizado, formulario_preinscripcion, verificado_bd_externa, updated_at) VALUES (259, false, false, false, false, false, NOW());
INSERT INTO users (id, name, email, password, role, active, created_at, updated_at) VALUES (359, 'Diego Medina', 'diegomedina59@estudiante.edu.bo', '\$2y\$12\$TyO9cTQJ0O7NSPORyyP8Hup.wk8.BWNWu4itdEJYyjZ2Sem9DbFyi', 'Postulante', true, NOW(), NOW());
INSERT INTO postulantes (id, ci, nombres, apellidos, fecha_nacimiento, sexo, direccion, telefono, email, colegio_procedencia, ciudad, titulo_bachiller, primera_opcion_id, segunda_opcion_id, turno_preferencia, gestion_id, estado, recurrente, user_id, created_at, updated_at) VALUES (260, '8297814', 'Diego', 'Medina', '2005-01-15', 'M', NULL, '59191678489', 'diegomedina59@estudiante.edu.bo', 'Colegio Boliviano', 'Santa Cruz de la Sierra', NULL, 2, 4, 'Noche', 1, 'Preinscrito', false, 359, NOW(), NOW());
INSERT INTO requisitos_documentales (postulante_id, ci_digitalizado, certificado_nacimiento, titulo_bachiller_legalizado, formulario_preinscripcion, verificado_bd_externa, updated_at) VALUES (260, false, false, false, false, false, NOW());
INSERT INTO users (id, name, email, password, role, active, created_at, updated_at) VALUES (360, 'Fernando Medina', 'fernandomedina60@estudiante.edu.bo', '\$2y\$12\$TyO9cTQJ0O7NSPORyyP8Hup.wk8.BWNWu4itdEJYyjZ2Sem9DbFyi', 'Postulante', true, NOW(), NOW());
INSERT INTO postulantes (id, ci, nombres, apellidos, fecha_nacimiento, sexo, direccion, telefono, email, colegio_procedencia, ciudad, titulo_bachiller, primera_opcion_id, segunda_opcion_id, turno_preferencia, gestion_id, estado, recurrente, user_id, created_at, updated_at) VALUES (261, '2228981', 'Fernando', 'Medina', '2005-01-15', 'M', NULL, '59188583393', 'fernandomedina60@estudiante.edu.bo', 'Colegio Boliviano', 'Santa Cruz de la Sierra', NULL, 2, 4, 'Manana', 1, 'Preinscrito', false, 360, NOW(), NOW());
INSERT INTO requisitos_documentales (postulante_id, ci_digitalizado, certificado_nacimiento, titulo_bachiller_legalizado, formulario_preinscripcion, verificado_bd_externa, updated_at) VALUES (261, false, false, false, false, false, NOW());
INSERT INTO users (id, name, email, password, role, active, created_at, updated_at) VALUES (361, 'Esperanza Castillo', 'esperanzacastillo61@estudiante.edu.bo', '\$2y\$12\$TyO9cTQJ0O7NSPORyyP8Hup.wk8.BWNWu4itdEJYyjZ2Sem9DbFyi', 'Postulante', true, NOW(), NOW());
INSERT INTO postulantes (id, ci, nombres, apellidos, fecha_nacimiento, sexo, direccion, telefono, email, colegio_procedencia, ciudad, titulo_bachiller, primera_opcion_id, segunda_opcion_id, turno_preferencia, gestion_id, estado, recurrente, user_id, created_at, updated_at) VALUES (262, '6299890', 'Esperanza', 'Castillo', '2005-01-15', 'M', NULL, '59177040815', 'esperanzacastillo61@estudiante.edu.bo', 'Colegio Boliviano', 'Santa Cruz de la Sierra', NULL, 2, 4, 'Tarde', 1, 'Preinscrito', false, 361, NOW(), NOW());
INSERT INTO requisitos_documentales (postulante_id, ci_digitalizado, certificado_nacimiento, titulo_bachiller_legalizado, formulario_preinscripcion, verificado_bd_externa, updated_at) VALUES (262, false, false, false, false, false, NOW());
INSERT INTO users (id, name, email, password, role, active, created_at, updated_at) VALUES (362, 'Raúl Fuentes', 'raúlfuentes62@estudiante.edu.bo', '\$2y\$12\$TyO9cTQJ0O7NSPORyyP8Hup.wk8.BWNWu4itdEJYyjZ2Sem9DbFyi', 'Postulante', true, NOW(), NOW());
INSERT INTO postulantes (id, ci, nombres, apellidos, fecha_nacimiento, sexo, direccion, telefono, email, colegio_procedencia, ciudad, titulo_bachiller, primera_opcion_id, segunda_opcion_id, turno_preferencia, gestion_id, estado, recurrente, user_id, created_at, updated_at) VALUES (263, '1645545', 'Raúl', 'Fuentes', '2005-01-15', 'M', NULL, '59199521480', 'raúlfuentes62@estudiante.edu.bo', 'Colegio Boliviano', 'Santa Cruz de la Sierra', NULL, 2, 4, 'Manana', 1, 'Preinscrito', false, 362, NOW(), NOW());
INSERT INTO requisitos_documentales (postulante_id, ci_digitalizado, certificado_nacimiento, titulo_bachiller_legalizado, formulario_preinscripcion, verificado_bd_externa, updated_at) VALUES (263, false, false, false, false, false, NOW());
INSERT INTO users (id, name, email, password, role, active, created_at, updated_at) VALUES (363, 'Valentina Silva', 'valentinasilva63@estudiante.edu.bo', '\$2y\$12\$TyO9cTQJ0O7NSPORyyP8Hup.wk8.BWNWu4itdEJYyjZ2Sem9DbFyi', 'Postulante', true, NOW(), NOW());
INSERT INTO postulantes (id, ci, nombres, apellidos, fecha_nacimiento, sexo, direccion, telefono, email, colegio_procedencia, ciudad, titulo_bachiller, primera_opcion_id, segunda_opcion_id, turno_preferencia, gestion_id, estado, recurrente, user_id, created_at, updated_at) VALUES (264, '5152194', 'Valentina', 'Silva', '2005-01-15', 'M', NULL, '59186715014', 'valentinasilva63@estudiante.edu.bo', 'Colegio Boliviano', 'Santa Cruz de la Sierra', NULL, 2, 4, 'Tarde', 1, 'Preinscrito', false, 363, NOW(), NOW());
INSERT INTO requisitos_documentales (postulante_id, ci_digitalizado, certificado_nacimiento, titulo_bachiller_legalizado, formulario_preinscripcion, verificado_bd_externa, updated_at) VALUES (264, false, false, false, false, false, NOW());
INSERT INTO users (id, name, email, password, role, active, created_at, updated_at) VALUES (364, 'Aurora Valdez', 'auroravaldez64@estudiante.edu.bo', '\$2y\$12\$TyO9cTQJ0O7NSPORyyP8Hup.wk8.BWNWu4itdEJYyjZ2Sem9DbFyi', 'Postulante', true, NOW(), NOW());
INSERT INTO postulantes (id, ci, nombres, apellidos, fecha_nacimiento, sexo, direccion, telefono, email, colegio_procedencia, ciudad, titulo_bachiller, primera_opcion_id, segunda_opcion_id, turno_preferencia, gestion_id, estado, recurrente, user_id, created_at, updated_at) VALUES (265, '6598983', 'Aurora', 'Valdez', '2005-01-15', 'M', NULL, '59164456190', 'auroravaldez64@estudiante.edu.bo', 'Colegio Boliviano', 'Santa Cruz de la Sierra', NULL, 2, 4, 'Manana', 1, 'Preinscrito', false, 364, NOW(), NOW());
INSERT INTO requisitos_documentales (postulante_id, ci_digitalizado, certificado_nacimiento, titulo_bachiller_legalizado, formulario_preinscripcion, verificado_bd_externa, updated_at) VALUES (265, false, false, false, false, false, NOW());
INSERT INTO users (id, name, email, password, role, active, created_at, updated_at) VALUES (365, 'Marisol Morales', 'marisolmorales65@estudiante.edu.bo', '\$2y\$12\$TyO9cTQJ0O7NSPORyyP8Hup.wk8.BWNWu4itdEJYyjZ2Sem9DbFyi', 'Postulante', true, NOW(), NOW());
INSERT INTO postulantes (id, ci, nombres, apellidos, fecha_nacimiento, sexo, direccion, telefono, email, colegio_procedencia, ciudad, titulo_bachiller, primera_opcion_id, segunda_opcion_id, turno_preferencia, gestion_id, estado, recurrente, user_id, created_at, updated_at) VALUES (266, '6720189', 'Marisol', 'Morales', '2005-01-15', 'M', NULL, '59187591246', 'marisolmorales65@estudiante.edu.bo', 'Colegio Boliviano', 'Santa Cruz de la Sierra', NULL, 2, 4, 'Manana', 1, 'Preinscrito', false, 365, NOW(), NOW());
INSERT INTO requisitos_documentales (postulante_id, ci_digitalizado, certificado_nacimiento, titulo_bachiller_legalizado, formulario_preinscripcion, verificado_bd_externa, updated_at) VALUES (266, false, false, false, false, false, NOW());
INSERT INTO users (id, name, email, password, role, active, created_at, updated_at) VALUES (366, 'Francisca Rivas', 'franciscarivas66@estudiante.edu.bo', '\$2y\$12\$TyO9cTQJ0O7NSPORyyP8Hup.wk8.BWNWu4itdEJYyjZ2Sem9DbFyi', 'Postulante', true, NOW(), NOW());
INSERT INTO postulantes (id, ci, nombres, apellidos, fecha_nacimiento, sexo, direccion, telefono, email, colegio_procedencia, ciudad, titulo_bachiller, primera_opcion_id, segunda_opcion_id, turno_preferencia, gestion_id, estado, recurrente, user_id, created_at, updated_at) VALUES (267, '1060836', 'Francisca', 'Rivas', '2005-01-15', 'M', NULL, '59175991867', 'franciscarivas66@estudiante.edu.bo', 'Colegio Boliviano', 'Santa Cruz de la Sierra', NULL, 2, 4, 'Manana', 1, 'Preinscrito', false, 366, NOW(), NOW());
INSERT INTO requisitos_documentales (postulante_id, ci_digitalizado, certificado_nacimiento, titulo_bachiller_legalizado, formulario_preinscripcion, verificado_bd_externa, updated_at) VALUES (267, false, false, false, false, false, NOW());
INSERT INTO users (id, name, email, password, role, active, created_at, updated_at) VALUES (367, 'Fernando Ruiz', 'fernandoruiz67@estudiante.edu.bo', '\$2y\$12\$TyO9cTQJ0O7NSPORyyP8Hup.wk8.BWNWu4itdEJYyjZ2Sem9DbFyi', 'Postulante', true, NOW(), NOW());
INSERT INTO postulantes (id, ci, nombres, apellidos, fecha_nacimiento, sexo, direccion, telefono, email, colegio_procedencia, ciudad, titulo_bachiller, primera_opcion_id, segunda_opcion_id, turno_preferencia, gestion_id, estado, recurrente, user_id, created_at, updated_at) VALUES (268, '6038382', 'Fernando', 'Ruiz', '2005-01-15', 'M', NULL, '59168243336', 'fernandoruiz67@estudiante.edu.bo', 'Colegio Boliviano', 'Santa Cruz de la Sierra', NULL, 2, 4, 'Manana', 1, 'Preinscrito', false, 367, NOW(), NOW());
INSERT INTO requisitos_documentales (postulante_id, ci_digitalizado, certificado_nacimiento, titulo_bachiller_legalizado, formulario_preinscripcion, verificado_bd_externa, updated_at) VALUES (268, false, false, false, false, false, NOW());
INSERT INTO users (id, name, email, password, role, active, created_at, updated_at) VALUES (368, 'Arturo Vidal', 'arturovidal68@estudiante.edu.bo', '\$2y\$12\$TyO9cTQJ0O7NSPORyyP8Hup.wk8.BWNWu4itdEJYyjZ2Sem9DbFyi', 'Postulante', true, NOW(), NOW());
INSERT INTO postulantes (id, ci, nombres, apellidos, fecha_nacimiento, sexo, direccion, telefono, email, colegio_procedencia, ciudad, titulo_bachiller, primera_opcion_id, segunda_opcion_id, turno_preferencia, gestion_id, estado, recurrente, user_id, created_at, updated_at) VALUES (269, '2392645', 'Arturo', 'Vidal', '2005-01-15', 'M', NULL, '59160194043', 'arturovidal68@estudiante.edu.bo', 'Colegio Boliviano', 'Santa Cruz de la Sierra', NULL, 2, 4, 'Noche', 1, 'Preinscrito', false, 368, NOW(), NOW());
INSERT INTO requisitos_documentales (postulante_id, ci_digitalizado, certificado_nacimiento, titulo_bachiller_legalizado, formulario_preinscripcion, verificado_bd_externa, updated_at) VALUES (269, false, false, false, false, false, NOW());
INSERT INTO users (id, name, email, password, role, active, created_at, updated_at) VALUES (369, 'Carlos Torres', 'carlostorres69@estudiante.edu.bo', '\$2y\$12\$TyO9cTQJ0O7NSPORyyP8Hup.wk8.BWNWu4itdEJYyjZ2Sem9DbFyi', 'Postulante', true, NOW(), NOW());
INSERT INTO postulantes (id, ci, nombres, apellidos, fecha_nacimiento, sexo, direccion, telefono, email, colegio_procedencia, ciudad, titulo_bachiller, primera_opcion_id, segunda_opcion_id, turno_preferencia, gestion_id, estado, recurrente, user_id, created_at, updated_at) VALUES (270, '5574481', 'Carlos', 'Torres', '2005-01-15', 'M', NULL, '59165163271', 'carlostorres69@estudiante.edu.bo', 'Colegio Boliviano', 'Santa Cruz de la Sierra', NULL, 2, 4, 'Noche', 1, 'Preinscrito', false, 369, NOW(), NOW());
INSERT INTO requisitos_documentales (postulante_id, ci_digitalizado, certificado_nacimiento, titulo_bachiller_legalizado, formulario_preinscripcion, verificado_bd_externa, updated_at) VALUES (270, false, false, false, false, false, NOW());
INSERT INTO users (id, name, email, password, role, active, created_at, updated_at) VALUES (370, 'Víctor Vega', 'víctorvega70@estudiante.edu.bo', '\$2y\$12\$TyO9cTQJ0O7NSPORyyP8Hup.wk8.BWNWu4itdEJYyjZ2Sem9DbFyi', 'Postulante', true, NOW(), NOW());
INSERT INTO postulantes (id, ci, nombres, apellidos, fecha_nacimiento, sexo, direccion, telefono, email, colegio_procedencia, ciudad, titulo_bachiller, primera_opcion_id, segunda_opcion_id, turno_preferencia, gestion_id, estado, recurrente, user_id, created_at, updated_at) VALUES (271, '4605492', 'Víctor', 'Vega', '2005-01-15', 'M', NULL, '59172534116', 'víctorvega70@estudiante.edu.bo', 'Colegio Boliviano', 'Santa Cruz de la Sierra', NULL, 2, 4, 'Manana', 1, 'Preinscrito', false, 370, NOW(), NOW());
INSERT INTO requisitos_documentales (postulante_id, ci_digitalizado, certificado_nacimiento, titulo_bachiller_legalizado, formulario_preinscripcion, verificado_bd_externa, updated_at) VALUES (271, false, false, false, false, false, NOW());
INSERT INTO users (id, name, email, password, role, active, created_at, updated_at) VALUES (371, 'Laura Ortiz', 'lauraortiz71@estudiante.edu.bo', '\$2y\$12\$TyO9cTQJ0O7NSPORyyP8Hup.wk8.BWNWu4itdEJYyjZ2Sem9DbFyi', 'Postulante', true, NOW(), NOW());
INSERT INTO postulantes (id, ci, nombres, apellidos, fecha_nacimiento, sexo, direccion, telefono, email, colegio_procedencia, ciudad, titulo_bachiller, primera_opcion_id, segunda_opcion_id, turno_preferencia, gestion_id, estado, recurrente, user_id, created_at, updated_at) VALUES (272, '4871176', 'Laura', 'Ortiz', '2005-01-15', 'M', NULL, '59198512436', 'lauraortiz71@estudiante.edu.bo', 'Colegio Boliviano', 'Santa Cruz de la Sierra', NULL, 2, 4, 'Noche', 1, 'Preinscrito', false, 371, NOW(), NOW());
INSERT INTO requisitos_documentales (postulante_id, ci_digitalizado, certificado_nacimiento, titulo_bachiller_legalizado, formulario_preinscripcion, verificado_bd_externa, updated_at) VALUES (272, false, false, false, false, false, NOW());
INSERT INTO users (id, name, email, password, role, active, created_at, updated_at) VALUES (372, 'Arturo Tapia', 'arturotapia72@estudiante.edu.bo', '\$2y\$12\$TyO9cTQJ0O7NSPORyyP8Hup.wk8.BWNWu4itdEJYyjZ2Sem9DbFyi', 'Postulante', true, NOW(), NOW());
INSERT INTO postulantes (id, ci, nombres, apellidos, fecha_nacimiento, sexo, direccion, telefono, email, colegio_procedencia, ciudad, titulo_bachiller, primera_opcion_id, segunda_opcion_id, turno_preferencia, gestion_id, estado, recurrente, user_id, created_at, updated_at) VALUES (273, '7166161', 'Arturo', 'Tapia', '2005-01-15', 'M', NULL, '59163559396', 'arturotapia72@estudiante.edu.bo', 'Colegio Boliviano', 'Santa Cruz de la Sierra', NULL, 2, 4, 'Tarde', 1, 'Preinscrito', false, 372, NOW(), NOW());
INSERT INTO requisitos_documentales (postulante_id, ci_digitalizado, certificado_nacimiento, titulo_bachiller_legalizado, formulario_preinscripcion, verificado_bd_externa, updated_at) VALUES (273, false, false, false, false, false, NOW());
INSERT INTO users (id, name, email, password, role, active, created_at, updated_at) VALUES (373, 'Andrés Martínez', 'andrésmartínez73@estudiante.edu.bo', '\$2y\$12\$TyO9cTQJ0O7NSPORyyP8Hup.wk8.BWNWu4itdEJYyjZ2Sem9DbFyi', 'Postulante', true, NOW(), NOW());
INSERT INTO postulantes (id, ci, nombres, apellidos, fecha_nacimiento, sexo, direccion, telefono, email, colegio_procedencia, ciudad, titulo_bachiller, primera_opcion_id, segunda_opcion_id, turno_preferencia, gestion_id, estado, recurrente, user_id, created_at, updated_at) VALUES (274, '3415686', 'Andrés', 'Martínez', '2005-01-15', 'M', NULL, '59190317410', 'andrésmartínez73@estudiante.edu.bo', 'Colegio Boliviano', 'Santa Cruz de la Sierra', NULL, 2, 4, 'Tarde', 1, 'Preinscrito', false, 373, NOW(), NOW());
INSERT INTO requisitos_documentales (postulante_id, ci_digitalizado, certificado_nacimiento, titulo_bachiller_legalizado, formulario_preinscripcion, verificado_bd_externa, updated_at) VALUES (274, false, false, false, false, false, NOW());
INSERT INTO users (id, name, email, password, role, active, created_at, updated_at) VALUES (374, 'Sergio Domínguez', 'sergiodomínguez74@estudiante.edu.bo', '\$2y\$12\$TyO9cTQJ0O7NSPORyyP8Hup.wk8.BWNWu4itdEJYyjZ2Sem9DbFyi', 'Postulante', true, NOW(), NOW());
INSERT INTO postulantes (id, ci, nombres, apellidos, fecha_nacimiento, sexo, direccion, telefono, email, colegio_procedencia, ciudad, titulo_bachiller, primera_opcion_id, segunda_opcion_id, turno_preferencia, gestion_id, estado, recurrente, user_id, created_at, updated_at) VALUES (275, '4528697', 'Sergio', 'Domínguez', '2005-01-15', 'M', NULL, '59179823620', 'sergiodomínguez74@estudiante.edu.bo', 'Colegio Boliviano', 'Santa Cruz de la Sierra', NULL, 2, 4, 'Manana', 1, 'Preinscrito', false, 374, NOW(), NOW());
INSERT INTO requisitos_documentales (postulante_id, ci_digitalizado, certificado_nacimiento, titulo_bachiller_legalizado, formulario_preinscripcion, verificado_bd_externa, updated_at) VALUES (275, false, false, false, false, false, NOW());
INSERT INTO users (id, name, email, password, role, active, created_at, updated_at) VALUES (375, 'Miguel Acosta', 'miguelacosta75@estudiante.edu.bo', '\$2y\$12\$TyO9cTQJ0O7NSPORyyP8Hup.wk8.BWNWu4itdEJYyjZ2Sem9DbFyi', 'Postulante', true, NOW(), NOW());
INSERT INTO postulantes (id, ci, nombres, apellidos, fecha_nacimiento, sexo, direccion, telefono, email, colegio_procedencia, ciudad, titulo_bachiller, primera_opcion_id, segunda_opcion_id, turno_preferencia, gestion_id, estado, recurrente, user_id, created_at, updated_at) VALUES (276, '4999344', 'Miguel', 'Acosta', '2005-01-15', 'M', NULL, '59165923529', 'miguelacosta75@estudiante.edu.bo', 'Colegio Boliviano', 'Santa Cruz de la Sierra', NULL, 2, 4, 'Manana', 1, 'Preinscrito', false, 375, NOW(), NOW());
INSERT INTO requisitos_documentales (postulante_id, ci_digitalizado, certificado_nacimiento, titulo_bachiller_legalizado, formulario_preinscripcion, verificado_bd_externa, updated_at) VALUES (276, false, false, false, false, false, NOW());
INSERT INTO users (id, name, email, password, role, active, created_at, updated_at) VALUES (376, 'Irene Vargas', 'irenevargas76@estudiante.edu.bo', '\$2y\$12\$TyO9cTQJ0O7NSPORyyP8Hup.wk8.BWNWu4itdEJYyjZ2Sem9DbFyi', 'Postulante', true, NOW(), NOW());
INSERT INTO postulantes (id, ci, nombres, apellidos, fecha_nacimiento, sexo, direccion, telefono, email, colegio_procedencia, ciudad, titulo_bachiller, primera_opcion_id, segunda_opcion_id, turno_preferencia, gestion_id, estado, recurrente, user_id, created_at, updated_at) VALUES (277, '4671356', 'Irene', 'Vargas', '2005-01-15', 'M', NULL, '59160881760', 'irenevargas76@estudiante.edu.bo', 'Colegio Boliviano', 'Santa Cruz de la Sierra', NULL, 2, 4, 'Tarde', 1, 'Preinscrito', false, 376, NOW(), NOW());
INSERT INTO requisitos_documentales (postulante_id, ci_digitalizado, certificado_nacimiento, titulo_bachiller_legalizado, formulario_preinscripcion, verificado_bd_externa, updated_at) VALUES (277, false, false, false, false, false, NOW());
INSERT INTO users (id, name, email, password, role, active, created_at, updated_at) VALUES (377, 'Víctor Torres', 'víctortorres77@estudiante.edu.bo', '\$2y\$12\$TyO9cTQJ0O7NSPORyyP8Hup.wk8.BWNWu4itdEJYyjZ2Sem9DbFyi', 'Postulante', true, NOW(), NOW());
INSERT INTO postulantes (id, ci, nombres, apellidos, fecha_nacimiento, sexo, direccion, telefono, email, colegio_procedencia, ciudad, titulo_bachiller, primera_opcion_id, segunda_opcion_id, turno_preferencia, gestion_id, estado, recurrente, user_id, created_at, updated_at) VALUES (278, '9182784', 'Víctor', 'Torres', '2005-01-15', 'M', NULL, '59161640143', 'víctortorres77@estudiante.edu.bo', 'Colegio Boliviano', 'Santa Cruz de la Sierra', NULL, 2, 4, 'Noche', 1, 'Preinscrito', false, 377, NOW(), NOW());
INSERT INTO requisitos_documentales (postulante_id, ci_digitalizado, certificado_nacimiento, titulo_bachiller_legalizado, formulario_preinscripcion, verificado_bd_externa, updated_at) VALUES (278, false, false, false, false, false, NOW());
INSERT INTO users (id, name, email, password, role, active, created_at, updated_at) VALUES (378, 'Andrés Vargas', 'andrésvargas78@estudiante.edu.bo', '\$2y\$12\$TyO9cTQJ0O7NSPORyyP8Hup.wk8.BWNWu4itdEJYyjZ2Sem9DbFyi', 'Postulante', true, NOW(), NOW());
INSERT INTO postulantes (id, ci, nombres, apellidos, fecha_nacimiento, sexo, direccion, telefono, email, colegio_procedencia, ciudad, titulo_bachiller, primera_opcion_id, segunda_opcion_id, turno_preferencia, gestion_id, estado, recurrente, user_id, created_at, updated_at) VALUES (279, '1752408', 'Andrés', 'Vargas', '2005-01-15', 'M', NULL, '59167944779', 'andrésvargas78@estudiante.edu.bo', 'Colegio Boliviano', 'Santa Cruz de la Sierra', NULL, 2, 4, 'Manana', 1, 'Preinscrito', false, 378, NOW(), NOW());
INSERT INTO requisitos_documentales (postulante_id, ci_digitalizado, certificado_nacimiento, titulo_bachiller_legalizado, formulario_preinscripcion, verificado_bd_externa, updated_at) VALUES (279, false, false, false, false, false, NOW());
INSERT INTO users (id, name, email, password, role, active, created_at, updated_at) VALUES (379, 'Andrés Rodríguez', 'andrésrodríguez79@estudiante.edu.bo', '\$2y\$12\$TyO9cTQJ0O7NSPORyyP8Hup.wk8.BWNWu4itdEJYyjZ2Sem9DbFyi', 'Postulante', true, NOW(), NOW());
INSERT INTO postulantes (id, ci, nombres, apellidos, fecha_nacimiento, sexo, direccion, telefono, email, colegio_procedencia, ciudad, titulo_bachiller, primera_opcion_id, segunda_opcion_id, turno_preferencia, gestion_id, estado, recurrente, user_id, created_at, updated_at) VALUES (280, '9283255', 'Andrés', 'Rodríguez', '2005-01-15', 'M', NULL, '59167049281', 'andrésrodríguez79@estudiante.edu.bo', 'Colegio Boliviano', 'Santa Cruz de la Sierra', NULL, 2, 4, 'Noche', 1, 'Preinscrito', false, 379, NOW(), NOW());
INSERT INTO requisitos_documentales (postulante_id, ci_digitalizado, certificado_nacimiento, titulo_bachiller_legalizado, formulario_preinscripcion, verificado_bd_externa, updated_at) VALUES (280, false, false, false, false, false, NOW());
INSERT INTO users (id, name, email, password, role, active, created_at, updated_at) VALUES (380, 'Luis Campos', 'luiscampos80@estudiante.edu.bo', '\$2y\$12\$TyO9cTQJ0O7NSPORyyP8Hup.wk8.BWNWu4itdEJYyjZ2Sem9DbFyi', 'Postulante', true, NOW(), NOW());
INSERT INTO postulantes (id, ci, nombres, apellidos, fecha_nacimiento, sexo, direccion, telefono, email, colegio_procedencia, ciudad, titulo_bachiller, primera_opcion_id, segunda_opcion_id, turno_preferencia, gestion_id, estado, recurrente, user_id, created_at, updated_at) VALUES (281, '8366378', 'Luis', 'Campos', '2005-01-15', 'M', NULL, '59165106358', 'luiscampos80@estudiante.edu.bo', 'Colegio Boliviano', 'Santa Cruz de la Sierra', NULL, 2, 4, 'Tarde', 1, 'Preinscrito', false, 380, NOW(), NOW());
INSERT INTO requisitos_documentales (postulante_id, ci_digitalizado, certificado_nacimiento, titulo_bachiller_legalizado, formulario_preinscripcion, verificado_bd_externa, updated_at) VALUES (281, false, false, false, false, false, NOW());
INSERT INTO users (id, name, email, password, role, active, created_at, updated_at) VALUES (381, 'Leticia Guerrero', 'leticiaguerrero81@estudiante.edu.bo', '\$2y\$12\$TyO9cTQJ0O7NSPORyyP8Hup.wk8.BWNWu4itdEJYyjZ2Sem9DbFyi', 'Postulante', true, NOW(), NOW());
INSERT INTO postulantes (id, ci, nombres, apellidos, fecha_nacimiento, sexo, direccion, telefono, email, colegio_procedencia, ciudad, titulo_bachiller, primera_opcion_id, segunda_opcion_id, turno_preferencia, gestion_id, estado, recurrente, user_id, created_at, updated_at) VALUES (282, '2820782', 'Leticia', 'Guerrero', '2005-01-15', 'M', NULL, '59176593071', 'leticiaguerrero81@estudiante.edu.bo', 'Colegio Boliviano', 'Santa Cruz de la Sierra', NULL, 2, 4, 'Manana', 1, 'Preinscrito', false, 381, NOW(), NOW());
INSERT INTO requisitos_documentales (postulante_id, ci_digitalizado, certificado_nacimiento, titulo_bachiller_legalizado, formulario_preinscripcion, verificado_bd_externa, updated_at) VALUES (282, false, false, false, false, false, NOW());
INSERT INTO users (id, name, email, password, role, active, created_at, updated_at) VALUES (382, 'Natalia Fuentes', 'nataliafuentes82@estudiante.edu.bo', '\$2y\$12\$TyO9cTQJ0O7NSPORyyP8Hup.wk8.BWNWu4itdEJYyjZ2Sem9DbFyi', 'Postulante', true, NOW(), NOW());
INSERT INTO postulantes (id, ci, nombres, apellidos, fecha_nacimiento, sexo, direccion, telefono, email, colegio_procedencia, ciudad, titulo_bachiller, primera_opcion_id, segunda_opcion_id, turno_preferencia, gestion_id, estado, recurrente, user_id, created_at, updated_at) VALUES (283, '2699281', 'Natalia', 'Fuentes', '2005-01-15', 'M', NULL, '59186367476', 'nataliafuentes82@estudiante.edu.bo', 'Colegio Boliviano', 'Santa Cruz de la Sierra', NULL, 2, 4, 'Noche', 1, 'Preinscrito', false, 382, NOW(), NOW());
INSERT INTO requisitos_documentales (postulante_id, ci_digitalizado, certificado_nacimiento, titulo_bachiller_legalizado, formulario_preinscripcion, verificado_bd_externa, updated_at) VALUES (283, false, false, false, false, false, NOW());
INSERT INTO users (id, name, email, password, role, active, created_at, updated_at) VALUES (383, 'Matías Fuentes', 'matíasfuentes83@estudiante.edu.bo', '\$2y\$12\$TyO9cTQJ0O7NSPORyyP8Hup.wk8.BWNWu4itdEJYyjZ2Sem9DbFyi', 'Postulante', true, NOW(), NOW());
INSERT INTO postulantes (id, ci, nombres, apellidos, fecha_nacimiento, sexo, direccion, telefono, email, colegio_procedencia, ciudad, titulo_bachiller, primera_opcion_id, segunda_opcion_id, turno_preferencia, gestion_id, estado, recurrente, user_id, created_at, updated_at) VALUES (284, '6966773', 'Matías', 'Fuentes', '2005-01-15', 'M', NULL, '59173810930', 'matíasfuentes83@estudiante.edu.bo', 'Colegio Boliviano', 'Santa Cruz de la Sierra', NULL, 2, 4, 'Noche', 1, 'Preinscrito', false, 383, NOW(), NOW());
INSERT INTO requisitos_documentales (postulante_id, ci_digitalizado, certificado_nacimiento, titulo_bachiller_legalizado, formulario_preinscripcion, verificado_bd_externa, updated_at) VALUES (284, false, false, false, false, false, NOW());
INSERT INTO users (id, name, email, password, role, active, created_at, updated_at) VALUES (384, 'Jorge Vázquez', 'jorgevázquez84@estudiante.edu.bo', '\$2y\$12\$TyO9cTQJ0O7NSPORyyP8Hup.wk8.BWNWu4itdEJYyjZ2Sem9DbFyi', 'Postulante', true, NOW(), NOW());
INSERT INTO postulantes (id, ci, nombres, apellidos, fecha_nacimiento, sexo, direccion, telefono, email, colegio_procedencia, ciudad, titulo_bachiller, primera_opcion_id, segunda_opcion_id, turno_preferencia, gestion_id, estado, recurrente, user_id, created_at, updated_at) VALUES (285, '9306930', 'Jorge', 'Vázquez', '2005-01-15', 'M', NULL, '59180366902', 'jorgevázquez84@estudiante.edu.bo', 'Colegio Boliviano', 'Santa Cruz de la Sierra', NULL, 2, 4, 'Tarde', 1, 'Preinscrito', false, 384, NOW(), NOW());
INSERT INTO requisitos_documentales (postulante_id, ci_digitalizado, certificado_nacimiento, titulo_bachiller_legalizado, formulario_preinscripcion, verificado_bd_externa, updated_at) VALUES (285, false, false, false, false, false, NOW());
INSERT INTO users (id, name, email, password, role, active, created_at, updated_at) VALUES (385, 'Arturo Delgado', 'arturodelgado85@estudiante.edu.bo', '\$2y\$12\$TyO9cTQJ0O7NSPORyyP8Hup.wk8.BWNWu4itdEJYyjZ2Sem9DbFyi', 'Postulante', true, NOW(), NOW());
INSERT INTO postulantes (id, ci, nombres, apellidos, fecha_nacimiento, sexo, direccion, telefono, email, colegio_procedencia, ciudad, titulo_bachiller, primera_opcion_id, segunda_opcion_id, turno_preferencia, gestion_id, estado, recurrente, user_id, created_at, updated_at) VALUES (286, '8157886', 'Arturo', 'Delgado', '2005-01-15', 'M', NULL, '59196959584', 'arturodelgado85@estudiante.edu.bo', 'Colegio Boliviano', 'Santa Cruz de la Sierra', NULL, 2, 4, 'Tarde', 1, 'Preinscrito', false, 385, NOW(), NOW());
INSERT INTO requisitos_documentales (postulante_id, ci_digitalizado, certificado_nacimiento, titulo_bachiller_legalizado, formulario_preinscripcion, verificado_bd_externa, updated_at) VALUES (286, false, false, false, false, false, NOW());
INSERT INTO users (id, name, email, password, role, active, created_at, updated_at) VALUES (386, 'Ana Rivera', 'anarivera86@estudiante.edu.bo', '\$2y\$12\$TyO9cTQJ0O7NSPORyyP8Hup.wk8.BWNWu4itdEJYyjZ2Sem9DbFyi', 'Postulante', true, NOW(), NOW());
INSERT INTO postulantes (id, ci, nombres, apellidos, fecha_nacimiento, sexo, direccion, telefono, email, colegio_procedencia, ciudad, titulo_bachiller, primera_opcion_id, segunda_opcion_id, turno_preferencia, gestion_id, estado, recurrente, user_id, created_at, updated_at) VALUES (287, '7413459', 'Ana', 'Rivera', '2005-01-15', 'M', NULL, '59190100792', 'anarivera86@estudiante.edu.bo', 'Colegio Boliviano', 'Santa Cruz de la Sierra', NULL, 2, 4, 'Tarde', 1, 'Preinscrito', false, 386, NOW(), NOW());
INSERT INTO requisitos_documentales (postulante_id, ci_digitalizado, certificado_nacimiento, titulo_bachiller_legalizado, formulario_preinscripcion, verificado_bd_externa, updated_at) VALUES (287, false, false, false, false, false, NOW());
INSERT INTO users (id, name, email, password, role, active, created_at, updated_at) VALUES (387, 'Jorge Carrillo', 'jorgecarrillo87@estudiante.edu.bo', '\$2y\$12\$TyO9cTQJ0O7NSPORyyP8Hup.wk8.BWNWu4itdEJYyjZ2Sem9DbFyi', 'Postulante', true, NOW(), NOW());
INSERT INTO postulantes (id, ci, nombres, apellidos, fecha_nacimiento, sexo, direccion, telefono, email, colegio_procedencia, ciudad, titulo_bachiller, primera_opcion_id, segunda_opcion_id, turno_preferencia, gestion_id, estado, recurrente, user_id, created_at, updated_at) VALUES (288, '3714484', 'Jorge', 'Carrillo', '2005-01-15', 'M', NULL, '59186947718', 'jorgecarrillo87@estudiante.edu.bo', 'Colegio Boliviano', 'Santa Cruz de la Sierra', NULL, 2, 4, 'Manana', 1, 'Preinscrito', false, 387, NOW(), NOW());
INSERT INTO requisitos_documentales (postulante_id, ci_digitalizado, certificado_nacimiento, titulo_bachiller_legalizado, formulario_preinscripcion, verificado_bd_externa, updated_at) VALUES (288, false, false, false, false, false, NOW());
INSERT INTO users (id, name, email, password, role, active, created_at, updated_at) VALUES (388, 'Marisol Vidal', 'marisolvidal88@estudiante.edu.bo', '\$2y\$12\$TyO9cTQJ0O7NSPORyyP8Hup.wk8.BWNWu4itdEJYyjZ2Sem9DbFyi', 'Postulante', true, NOW(), NOW());
INSERT INTO postulantes (id, ci, nombres, apellidos, fecha_nacimiento, sexo, direccion, telefono, email, colegio_procedencia, ciudad, titulo_bachiller, primera_opcion_id, segunda_opcion_id, turno_preferencia, gestion_id, estado, recurrente, user_id, created_at, updated_at) VALUES (289, '7112489', 'Marisol', 'Vidal', '2005-01-15', 'M', NULL, '59166761891', 'marisolvidal88@estudiante.edu.bo', 'Colegio Boliviano', 'Santa Cruz de la Sierra', NULL, 2, 4, 'Tarde', 1, 'Preinscrito', false, 388, NOW(), NOW());
INSERT INTO requisitos_documentales (postulante_id, ci_digitalizado, certificado_nacimiento, titulo_bachiller_legalizado, formulario_preinscripcion, verificado_bd_externa, updated_at) VALUES (289, false, false, false, false, false, NOW());
INSERT INTO users (id, name, email, password, role, active, created_at, updated_at) VALUES (389, 'Antonio Valencia', 'antoniovalencia89@estudiante.edu.bo', '\$2y\$12\$TyO9cTQJ0O7NSPORyyP8Hup.wk8.BWNWu4itdEJYyjZ2Sem9DbFyi', 'Postulante', true, NOW(), NOW());
INSERT INTO postulantes (id, ci, nombres, apellidos, fecha_nacimiento, sexo, direccion, telefono, email, colegio_procedencia, ciudad, titulo_bachiller, primera_opcion_id, segunda_opcion_id, turno_preferencia, gestion_id, estado, recurrente, user_id, created_at, updated_at) VALUES (290, '8099653', 'Antonio', 'Valencia', '2005-01-15', 'M', NULL, '59169715748', 'antoniovalencia89@estudiante.edu.bo', 'Colegio Boliviano', 'Santa Cruz de la Sierra', NULL, 2, 4, 'Noche', 1, 'Preinscrito', false, 389, NOW(), NOW());
INSERT INTO requisitos_documentales (postulante_id, ci_digitalizado, certificado_nacimiento, titulo_bachiller_legalizado, formulario_preinscripcion, verificado_bd_externa, updated_at) VALUES (290, false, false, false, false, false, NOW());
INSERT INTO users (id, name, email, password, role, active, created_at, updated_at) VALUES (390, 'Ana Hernández', 'anahernández90@estudiante.edu.bo', '\$2y\$12\$TyO9cTQJ0O7NSPORyyP8Hup.wk8.BWNWu4itdEJYyjZ2Sem9DbFyi', 'Postulante', true, NOW(), NOW());
INSERT INTO postulantes (id, ci, nombres, apellidos, fecha_nacimiento, sexo, direccion, telefono, email, colegio_procedencia, ciudad, titulo_bachiller, primera_opcion_id, segunda_opcion_id, turno_preferencia, gestion_id, estado, recurrente, user_id, created_at, updated_at) VALUES (291, '2219000', 'Ana', 'Hernández', '2005-01-15', 'M', NULL, '59179290706', 'anahernández90@estudiante.edu.bo', 'Colegio Boliviano', 'Santa Cruz de la Sierra', NULL, 2, 4, 'Tarde', 1, 'Preinscrito', false, 390, NOW(), NOW());
INSERT INTO requisitos_documentales (postulante_id, ci_digitalizado, certificado_nacimiento, titulo_bachiller_legalizado, formulario_preinscripcion, verificado_bd_externa, updated_at) VALUES (291, false, false, false, false, false, NOW());
INSERT INTO users (id, name, email, password, role, active, created_at, updated_at) VALUES (391, 'Víctor Vargas', 'víctorvargas91@estudiante.edu.bo', '\$2y\$12\$TyO9cTQJ0O7NSPORyyP8Hup.wk8.BWNWu4itdEJYyjZ2Sem9DbFyi', 'Postulante', true, NOW(), NOW());
INSERT INTO postulantes (id, ci, nombres, apellidos, fecha_nacimiento, sexo, direccion, telefono, email, colegio_procedencia, ciudad, titulo_bachiller, primera_opcion_id, segunda_opcion_id, turno_preferencia, gestion_id, estado, recurrente, user_id, created_at, updated_at) VALUES (292, '2053233', 'Víctor', 'Vargas', '2005-01-15', 'M', NULL, '59186439151', 'víctorvargas91@estudiante.edu.bo', 'Colegio Boliviano', 'Santa Cruz de la Sierra', NULL, 2, 4, 'Tarde', 1, 'Preinscrito', false, 391, NOW(), NOW());
INSERT INTO requisitos_documentales (postulante_id, ci_digitalizado, certificado_nacimiento, titulo_bachiller_legalizado, formulario_preinscripcion, verificado_bd_externa, updated_at) VALUES (292, false, false, false, false, false, NOW());
INSERT INTO users (id, name, email, password, role, active, created_at, updated_at) VALUES (392, 'Ana Morales', 'anamorales92@estudiante.edu.bo', '\$2y\$12\$TyO9cTQJ0O7NSPORyyP8Hup.wk8.BWNWu4itdEJYyjZ2Sem9DbFyi', 'Postulante', true, NOW(), NOW());
INSERT INTO postulantes (id, ci, nombres, apellidos, fecha_nacimiento, sexo, direccion, telefono, email, colegio_procedencia, ciudad, titulo_bachiller, primera_opcion_id, segunda_opcion_id, turno_preferencia, gestion_id, estado, recurrente, user_id, created_at, updated_at) VALUES (293, '4747513', 'Ana', 'Morales', '2005-01-15', 'M', NULL, '59192003840', 'anamorales92@estudiante.edu.bo', 'Colegio Boliviano', 'Santa Cruz de la Sierra', NULL, 2, 4, 'Tarde', 1, 'Preinscrito', false, 392, NOW(), NOW());
INSERT INTO requisitos_documentales (postulante_id, ci_digitalizado, certificado_nacimiento, titulo_bachiller_legalizado, formulario_preinscripcion, verificado_bd_externa, updated_at) VALUES (293, false, false, false, false, false, NOW());
INSERT INTO users (id, name, email, password, role, active, created_at, updated_at) VALUES (393, 'Rosario Ortiz', 'rosarioortiz93@estudiante.edu.bo', '\$2y\$12\$TyO9cTQJ0O7NSPORyyP8Hup.wk8.BWNWu4itdEJYyjZ2Sem9DbFyi', 'Postulante', true, NOW(), NOW());
INSERT INTO postulantes (id, ci, nombres, apellidos, fecha_nacimiento, sexo, direccion, telefono, email, colegio_procedencia, ciudad, titulo_bachiller, primera_opcion_id, segunda_opcion_id, turno_preferencia, gestion_id, estado, recurrente, user_id, created_at, updated_at) VALUES (294, '4737481', 'Rosario', 'Ortiz', '2005-01-15', 'M', NULL, '59199612807', 'rosarioortiz93@estudiante.edu.bo', 'Colegio Boliviano', 'Santa Cruz de la Sierra', NULL, 2, 4, 'Tarde', 1, 'Preinscrito', false, 393, NOW(), NOW());
INSERT INTO requisitos_documentales (postulante_id, ci_digitalizado, certificado_nacimiento, titulo_bachiller_legalizado, formulario_preinscripcion, verificado_bd_externa, updated_at) VALUES (294, false, false, false, false, false, NOW());
INSERT INTO users (id, name, email, password, role, active, created_at, updated_at) VALUES (394, 'Pedro Guerrero', 'pedroguerrero94@estudiante.edu.bo', '\$2y\$12\$TyO9cTQJ0O7NSPORyyP8Hup.wk8.BWNWu4itdEJYyjZ2Sem9DbFyi', 'Postulante', true, NOW(), NOW());
INSERT INTO postulantes (id, ci, nombres, apellidos, fecha_nacimiento, sexo, direccion, telefono, email, colegio_procedencia, ciudad, titulo_bachiller, primera_opcion_id, segunda_opcion_id, turno_preferencia, gestion_id, estado, recurrente, user_id, created_at, updated_at) VALUES (295, '3825494', 'Pedro', 'Guerrero', '2005-01-15', 'M', NULL, '59166661782', 'pedroguerrero94@estudiante.edu.bo', 'Colegio Boliviano', 'Santa Cruz de la Sierra', NULL, 2, 4, 'Tarde', 1, 'Preinscrito', false, 394, NOW(), NOW());
INSERT INTO requisitos_documentales (postulante_id, ci_digitalizado, certificado_nacimiento, titulo_bachiller_legalizado, formulario_preinscripcion, verificado_bd_externa, updated_at) VALUES (295, false, false, false, false, false, NOW());
INSERT INTO users (id, name, email, password, role, active, created_at, updated_at) VALUES (395, 'Constanza Pérez', 'constanzapérez95@estudiante.edu.bo', '\$2y\$12\$TyO9cTQJ0O7NSPORyyP8Hup.wk8.BWNWu4itdEJYyjZ2Sem9DbFyi', 'Postulante', true, NOW(), NOW());
INSERT INTO postulantes (id, ci, nombres, apellidos, fecha_nacimiento, sexo, direccion, telefono, email, colegio_procedencia, ciudad, titulo_bachiller, primera_opcion_id, segunda_opcion_id, turno_preferencia, gestion_id, estado, recurrente, user_id, created_at, updated_at) VALUES (296, '5381486', 'Constanza', 'Pérez', '2005-01-15', 'M', NULL, '59183779507', 'constanzapérez95@estudiante.edu.bo', 'Colegio Boliviano', 'Santa Cruz de la Sierra', NULL, 2, 4, 'Tarde', 1, 'Preinscrito', false, 395, NOW(), NOW());
INSERT INTO requisitos_documentales (postulante_id, ci_digitalizado, certificado_nacimiento, titulo_bachiller_legalizado, formulario_preinscripcion, verificado_bd_externa, updated_at) VALUES (296, false, false, false, false, false, NOW());
INSERT INTO users (id, name, email, password, role, active, created_at, updated_at) VALUES (396, 'Carlos Reyes', 'carlosreyes96@estudiante.edu.bo', '\$2y\$12\$TyO9cTQJ0O7NSPORyyP8Hup.wk8.BWNWu4itdEJYyjZ2Sem9DbFyi', 'Postulante', true, NOW(), NOW());
INSERT INTO postulantes (id, ci, nombres, apellidos, fecha_nacimiento, sexo, direccion, telefono, email, colegio_procedencia, ciudad, titulo_bachiller, primera_opcion_id, segunda_opcion_id, turno_preferencia, gestion_id, estado, recurrente, user_id, created_at, updated_at) VALUES (297, '9144817', 'Carlos', 'Reyes', '2005-01-15', 'M', NULL, '59162219728', 'carlosreyes96@estudiante.edu.bo', 'Colegio Boliviano', 'Santa Cruz de la Sierra', NULL, 2, 4, 'Noche', 1, 'Preinscrito', false, 396, NOW(), NOW());
INSERT INTO requisitos_documentales (postulante_id, ci_digitalizado, certificado_nacimiento, titulo_bachiller_legalizado, formulario_preinscripcion, verificado_bd_externa, updated_at) VALUES (297, false, false, false, false, false, NOW());
INSERT INTO users (id, name, email, password, role, active, created_at, updated_at) VALUES (397, 'Francisca Reyes', 'franciscareyes97@estudiante.edu.bo', '\$2y\$12\$TyO9cTQJ0O7NSPORyyP8Hup.wk8.BWNWu4itdEJYyjZ2Sem9DbFyi', 'Postulante', true, NOW(), NOW());
INSERT INTO postulantes (id, ci, nombres, apellidos, fecha_nacimiento, sexo, direccion, telefono, email, colegio_procedencia, ciudad, titulo_bachiller, primera_opcion_id, segunda_opcion_id, turno_preferencia, gestion_id, estado, recurrente, user_id, created_at, updated_at) VALUES (298, '5766549', 'Francisca', 'Reyes', '2005-01-15', 'M', NULL, '59198294053', 'franciscareyes97@estudiante.edu.bo', 'Colegio Boliviano', 'Santa Cruz de la Sierra', NULL, 2, 4, 'Noche', 1, 'Preinscrito', false, 397, NOW(), NOW());
INSERT INTO requisitos_documentales (postulante_id, ci_digitalizado, certificado_nacimiento, titulo_bachiller_legalizado, formulario_preinscripcion, verificado_bd_externa, updated_at) VALUES (298, false, false, false, false, false, NOW());
INSERT INTO users (id, name, email, password, role, active, created_at, updated_at) VALUES (398, 'Bruno Rodríguez', 'brunorodríguez98@estudiante.edu.bo', '\$2y\$12\$TyO9cTQJ0O7NSPORyyP8Hup.wk8.BWNWu4itdEJYyjZ2Sem9DbFyi', 'Postulante', true, NOW(), NOW());
INSERT INTO postulantes (id, ci, nombres, apellidos, fecha_nacimiento, sexo, direccion, telefono, email, colegio_procedencia, ciudad, titulo_bachiller, primera_opcion_id, segunda_opcion_id, turno_preferencia, gestion_id, estado, recurrente, user_id, created_at, updated_at) VALUES (299, '8564261', 'Bruno', 'Rodríguez', '2005-01-15', 'M', NULL, '59169442813', 'brunorodríguez98@estudiante.edu.bo', 'Colegio Boliviano', 'Santa Cruz de la Sierra', NULL, 2, 4, 'Manana', 1, 'Preinscrito', false, 398, NOW(), NOW());
INSERT INTO requisitos_documentales (postulante_id, ci_digitalizado, certificado_nacimiento, titulo_bachiller_legalizado, formulario_preinscripcion, verificado_bd_externa, updated_at) VALUES (299, false, false, false, false, false, NOW());
INSERT INTO users (id, name, email, password, role, active, created_at, updated_at) VALUES (399, 'Eduardo Medina', 'eduardomedina99@estudiante.edu.bo', '\$2y\$12\$TyO9cTQJ0O7NSPORyyP8Hup.wk8.BWNWu4itdEJYyjZ2Sem9DbFyi', 'Postulante', true, NOW(), NOW());
INSERT INTO postulantes (id, ci, nombres, apellidos, fecha_nacimiento, sexo, direccion, telefono, email, colegio_procedencia, ciudad, titulo_bachiller, primera_opcion_id, segunda_opcion_id, turno_preferencia, gestion_id, estado, recurrente, user_id, created_at, updated_at) VALUES (300, '4412640', 'Eduardo', 'Medina', '2005-01-15', 'M', NULL, '59168738233', 'eduardomedina99@estudiante.edu.bo', 'Colegio Boliviano', 'Santa Cruz de la Sierra', NULL, 2, 4, 'Tarde', 1, 'Preinscrito', false, 399, NOW(), NOW());
INSERT INTO requisitos_documentales (postulante_id, ci_digitalizado, certificado_nacimiento, titulo_bachiller_legalizado, formulario_preinscripcion, verificado_bd_externa, updated_at) VALUES (300, false, false, false, false, false, NOW());
INSERT INTO users (id, name, email, password, role, active, created_at, updated_at) VALUES (400, 'Leticia Acosta', 'leticiaacosta100@estudiante.edu.bo', '\$2y\$12\$TyO9cTQJ0O7NSPORyyP8Hup.wk8.BWNWu4itdEJYyjZ2Sem9DbFyi', 'Postulante', true, NOW(), NOW());
INSERT INTO postulantes (id, ci, nombres, apellidos, fecha_nacimiento, sexo, direccion, telefono, email, colegio_procedencia, ciudad, titulo_bachiller, primera_opcion_id, segunda_opcion_id, turno_preferencia, gestion_id, estado, recurrente, user_id, created_at, updated_at) VALUES (301, '4649476', 'Leticia', 'Acosta', '2005-01-15', 'M', NULL, '59197361277', 'leticiaacosta100@estudiante.edu.bo', 'Colegio Boliviano', 'Santa Cruz de la Sierra', NULL, 2, 4, 'Tarde', 1, 'Preinscrito', false, 400, NOW(), NOW());
INSERT INTO requisitos_documentales (postulante_id, ci_digitalizado, certificado_nacimiento, titulo_bachiller_legalizado, formulario_preinscripcion, verificado_bd_externa, updated_at) VALUES (301, false, false, false, false, false, NOW());
INSERT INTO users (id, name, email, password, role, active, created_at, updated_at) VALUES (401, 'Héctor Ortiz', 'héctorortiz101@estudiante.edu.bo', '\$2y\$12\$TyO9cTQJ0O7NSPORyyP8Hup.wk8.BWNWu4itdEJYyjZ2Sem9DbFyi', 'Postulante', true, NOW(), NOW());
INSERT INTO postulantes (id, ci, nombres, apellidos, fecha_nacimiento, sexo, direccion, telefono, email, colegio_procedencia, ciudad, titulo_bachiller, primera_opcion_id, segunda_opcion_id, turno_preferencia, gestion_id, estado, recurrente, user_id, created_at, updated_at) VALUES (302, '7680548', 'Héctor', 'Ortiz', '2005-01-15', 'M', NULL, '59165869332', 'héctorortiz101@estudiante.edu.bo', 'Colegio Boliviano', 'Santa Cruz de la Sierra', NULL, 2, 4, 'Manana', 1, 'Preinscrito', false, 401, NOW(), NOW());
INSERT INTO requisitos_documentales (postulante_id, ci_digitalizado, certificado_nacimiento, titulo_bachiller_legalizado, formulario_preinscripcion, verificado_bd_externa, updated_at) VALUES (302, false, false, false, false, false, NOW());
INSERT INTO users (id, name, email, password, role, active, created_at, updated_at) VALUES (402, 'Rafael Valdez', 'rafaelvaldez102@estudiante.edu.bo', '\$2y\$12\$TyO9cTQJ0O7NSPORyyP8Hup.wk8.BWNWu4itdEJYyjZ2Sem9DbFyi', 'Postulante', true, NOW(), NOW());
INSERT INTO postulantes (id, ci, nombres, apellidos, fecha_nacimiento, sexo, direccion, telefono, email, colegio_procedencia, ciudad, titulo_bachiller, primera_opcion_id, segunda_opcion_id, turno_preferencia, gestion_id, estado, recurrente, user_id, created_at, updated_at) VALUES (303, '8291273', 'Rafael', 'Valdez', '2005-01-15', 'M', NULL, '59160504363', 'rafaelvaldez102@estudiante.edu.bo', 'Colegio Boliviano', 'Santa Cruz de la Sierra', NULL, 2, 4, 'Noche', 1, 'Preinscrito', false, 402, NOW(), NOW());
INSERT INTO requisitos_documentales (postulante_id, ci_digitalizado, certificado_nacimiento, titulo_bachiller_legalizado, formulario_preinscripcion, verificado_bd_externa, updated_at) VALUES (303, false, false, false, false, false, NOW());
INSERT INTO users (id, name, email, password, role, active, created_at, updated_at) VALUES (403, 'Aurora Guerrero', 'auroraguerrero103@estudiante.edu.bo', '\$2y\$12\$TyO9cTQJ0O7NSPORyyP8Hup.wk8.BWNWu4itdEJYyjZ2Sem9DbFyi', 'Postulante', true, NOW(), NOW());
INSERT INTO postulantes (id, ci, nombres, apellidos, fecha_nacimiento, sexo, direccion, telefono, email, colegio_procedencia, ciudad, titulo_bachiller, primera_opcion_id, segunda_opcion_id, turno_preferencia, gestion_id, estado, recurrente, user_id, created_at, updated_at) VALUES (304, '8093606', 'Aurora', 'Guerrero', '2005-01-15', 'M', NULL, '59196859551', 'auroraguerrero103@estudiante.edu.bo', 'Colegio Boliviano', 'Santa Cruz de la Sierra', NULL, 2, 4, 'Noche', 1, 'Preinscrito', false, 403, NOW(), NOW());
INSERT INTO requisitos_documentales (postulante_id, ci_digitalizado, certificado_nacimiento, titulo_bachiller_legalizado, formulario_preinscripcion, verificado_bd_externa, updated_at) VALUES (304, false, false, false, false, false, NOW());
INSERT INTO users (id, name, email, password, role, active, created_at, updated_at) VALUES (404, 'Marisol Campos', 'marisolcampos104@estudiante.edu.bo', '\$2y\$12\$TyO9cTQJ0O7NSPORyyP8Hup.wk8.BWNWu4itdEJYyjZ2Sem9DbFyi', 'Postulante', true, NOW(), NOW());
INSERT INTO postulantes (id, ci, nombres, apellidos, fecha_nacimiento, sexo, direccion, telefono, email, colegio_procedencia, ciudad, titulo_bachiller, primera_opcion_id, segunda_opcion_id, turno_preferencia, gestion_id, estado, recurrente, user_id, created_at, updated_at) VALUES (305, '5760622', 'Marisol', 'Campos', '2005-01-15', 'M', NULL, '59183604138', 'marisolcampos104@estudiante.edu.bo', 'Colegio Boliviano', 'Santa Cruz de la Sierra', NULL, 2, 4, 'Tarde', 1, 'Preinscrito', false, 404, NOW(), NOW());
INSERT INTO requisitos_documentales (postulante_id, ci_digitalizado, certificado_nacimiento, titulo_bachiller_legalizado, formulario_preinscripcion, verificado_bd_externa, updated_at) VALUES (305, false, false, false, false, false, NOW());
INSERT INTO users (id, name, email, password, role, active, created_at, updated_at) VALUES (405, 'Héctor Ortiz', 'héctorortiz105@estudiante.edu.bo', '\$2y\$12\$TyO9cTQJ0O7NSPORyyP8Hup.wk8.BWNWu4itdEJYyjZ2Sem9DbFyi', 'Postulante', true, NOW(), NOW());
INSERT INTO postulantes (id, ci, nombres, apellidos, fecha_nacimiento, sexo, direccion, telefono, email, colegio_procedencia, ciudad, titulo_bachiller, primera_opcion_id, segunda_opcion_id, turno_preferencia, gestion_id, estado, recurrente, user_id, created_at, updated_at) VALUES (306, '1164190', 'Héctor', 'Ortiz', '2005-01-15', 'M', NULL, '59185687384', 'héctorortiz105@estudiante.edu.bo', 'Colegio Boliviano', 'Santa Cruz de la Sierra', NULL, 2, 4, 'Manana', 1, 'Preinscrito', false, 405, NOW(), NOW());
INSERT INTO requisitos_documentales (postulante_id, ci_digitalizado, certificado_nacimiento, titulo_bachiller_legalizado, formulario_preinscripcion, verificado_bd_externa, updated_at) VALUES (306, false, false, false, false, false, NOW());
INSERT INTO users (id, name, email, password, role, active, created_at, updated_at) VALUES (406, 'Javier Silva', 'javiersilva106@estudiante.edu.bo', '\$2y\$12\$TyO9cTQJ0O7NSPORyyP8Hup.wk8.BWNWu4itdEJYyjZ2Sem9DbFyi', 'Postulante', true, NOW(), NOW());
INSERT INTO postulantes (id, ci, nombres, apellidos, fecha_nacimiento, sexo, direccion, telefono, email, colegio_procedencia, ciudad, titulo_bachiller, primera_opcion_id, segunda_opcion_id, turno_preferencia, gestion_id, estado, recurrente, user_id, created_at, updated_at) VALUES (307, '1212900', 'Javier', 'Silva', '2005-01-15', 'M', NULL, '59177155626', 'javiersilva106@estudiante.edu.bo', 'Colegio Boliviano', 'Santa Cruz de la Sierra', NULL, 2, 4, 'Tarde', 1, 'Preinscrito', false, 406, NOW(), NOW());
INSERT INTO requisitos_documentales (postulante_id, ci_digitalizado, certificado_nacimiento, titulo_bachiller_legalizado, formulario_preinscripcion, verificado_bd_externa, updated_at) VALUES (307, false, false, false, false, false, NOW());
INSERT INTO users (id, name, email, password, role, active, created_at, updated_at) VALUES (407, 'Javier Ramírez', 'javierramírez107@estudiante.edu.bo', '\$2y\$12\$TyO9cTQJ0O7NSPORyyP8Hup.wk8.BWNWu4itdEJYyjZ2Sem9DbFyi', 'Postulante', true, NOW(), NOW());
INSERT INTO postulantes (id, ci, nombres, apellidos, fecha_nacimiento, sexo, direccion, telefono, email, colegio_procedencia, ciudad, titulo_bachiller, primera_opcion_id, segunda_opcion_id, turno_preferencia, gestion_id, estado, recurrente, user_id, created_at, updated_at) VALUES (308, '1886484', 'Javier', 'Ramírez', '2005-01-15', 'M', NULL, '59197164773', 'javierramírez107@estudiante.edu.bo', 'Colegio Boliviano', 'Santa Cruz de la Sierra', NULL, 2, 4, 'Noche', 1, 'Preinscrito', false, 407, NOW(), NOW());
INSERT INTO requisitos_documentales (postulante_id, ci_digitalizado, certificado_nacimiento, titulo_bachiller_legalizado, formulario_preinscripcion, verificado_bd_externa, updated_at) VALUES (308, false, false, false, false, false, NOW());
INSERT INTO users (id, name, email, password, role, active, created_at, updated_at) VALUES (408, 'Carlos Cortés', 'carloscortés108@estudiante.edu.bo', '\$2y\$12\$TyO9cTQJ0O7NSPORyyP8Hup.wk8.BWNWu4itdEJYyjZ2Sem9DbFyi', 'Postulante', true, NOW(), NOW());
INSERT INTO postulantes (id, ci, nombres, apellidos, fecha_nacimiento, sexo, direccion, telefono, email, colegio_procedencia, ciudad, titulo_bachiller, primera_opcion_id, segunda_opcion_id, turno_preferencia, gestion_id, estado, recurrente, user_id, created_at, updated_at) VALUES (309, '2439327', 'Carlos', 'Cortés', '2005-01-15', 'M', NULL, '59160488093', 'carloscortés108@estudiante.edu.bo', 'Colegio Boliviano', 'Santa Cruz de la Sierra', NULL, 2, 4, 'Tarde', 1, 'Preinscrito', false, 408, NOW(), NOW());
INSERT INTO requisitos_documentales (postulante_id, ci_digitalizado, certificado_nacimiento, titulo_bachiller_legalizado, formulario_preinscripcion, verificado_bd_externa, updated_at) VALUES (309, false, false, false, false, false, NOW());
INSERT INTO users (id, name, email, password, role, active, created_at, updated_at) VALUES (409, 'Gabriela Reyes', 'gabrielareyes109@estudiante.edu.bo', '\$2y\$12\$TyO9cTQJ0O7NSPORyyP8Hup.wk8.BWNWu4itdEJYyjZ2Sem9DbFyi', 'Postulante', true, NOW(), NOW());
INSERT INTO postulantes (id, ci, nombres, apellidos, fecha_nacimiento, sexo, direccion, telefono, email, colegio_procedencia, ciudad, titulo_bachiller, primera_opcion_id, segunda_opcion_id, turno_preferencia, gestion_id, estado, recurrente, user_id, created_at, updated_at) VALUES (310, '7318381', 'Gabriela', 'Reyes', '2005-01-15', 'M', NULL, '59183709264', 'gabrielareyes109@estudiante.edu.bo', 'Colegio Boliviano', 'Santa Cruz de la Sierra', NULL, 2, 4, 'Manana', 1, 'Preinscrito', false, 409, NOW(), NOW());
INSERT INTO requisitos_documentales (postulante_id, ci_digitalizado, certificado_nacimiento, titulo_bachiller_legalizado, formulario_preinscripcion, verificado_bd_externa, updated_at) VALUES (310, false, false, false, false, false, NOW());
INSERT INTO users (id, name, email, password, role, active, created_at, updated_at) VALUES (410, 'Manuel Torres', 'manueltorres110@estudiante.edu.bo', '\$2y\$12\$TyO9cTQJ0O7NSPORyyP8Hup.wk8.BWNWu4itdEJYyjZ2Sem9DbFyi', 'Postulante', true, NOW(), NOW());
INSERT INTO postulantes (id, ci, nombres, apellidos, fecha_nacimiento, sexo, direccion, telefono, email, colegio_procedencia, ciudad, titulo_bachiller, primera_opcion_id, segunda_opcion_id, turno_preferencia, gestion_id, estado, recurrente, user_id, created_at, updated_at) VALUES (311, '6151480', 'Manuel', 'Torres', '2005-01-15', 'M', NULL, '59192341631', 'manueltorres110@estudiante.edu.bo', 'Colegio Boliviano', 'Santa Cruz de la Sierra', NULL, 2, 4, 'Noche', 1, 'Preinscrito', false, 410, NOW(), NOW());
INSERT INTO requisitos_documentales (postulante_id, ci_digitalizado, certificado_nacimiento, titulo_bachiller_legalizado, formulario_preinscripcion, verificado_bd_externa, updated_at) VALUES (311, false, false, false, false, false, NOW());
INSERT INTO users (id, name, email, password, role, active, created_at, updated_at) VALUES (411, 'Jorge Valdez', 'jorgevaldez111@estudiante.edu.bo', '\$2y\$12\$TyO9cTQJ0O7NSPORyyP8Hup.wk8.BWNWu4itdEJYyjZ2Sem9DbFyi', 'Postulante', true, NOW(), NOW());
INSERT INTO postulantes (id, ci, nombres, apellidos, fecha_nacimiento, sexo, direccion, telefono, email, colegio_procedencia, ciudad, titulo_bachiller, primera_opcion_id, segunda_opcion_id, turno_preferencia, gestion_id, estado, recurrente, user_id, created_at, updated_at) VALUES (312, '1215312', 'Jorge', 'Valdez', '2005-01-15', 'M', NULL, '59196152979', 'jorgevaldez111@estudiante.edu.bo', 'Colegio Boliviano', 'Santa Cruz de la Sierra', NULL, 2, 4, 'Tarde', 1, 'Preinscrito', false, 411, NOW(), NOW());
INSERT INTO requisitos_documentales (postulante_id, ci_digitalizado, certificado_nacimiento, titulo_bachiller_legalizado, formulario_preinscripcion, verificado_bd_externa, updated_at) VALUES (312, false, false, false, false, false, NOW());
INSERT INTO users (id, name, email, password, role, active, created_at, updated_at) VALUES (412, 'Leticia García', 'leticiagarcía112@estudiante.edu.bo', '\$2y\$12\$TyO9cTQJ0O7NSPORyyP8Hup.wk8.BWNWu4itdEJYyjZ2Sem9DbFyi', 'Postulante', true, NOW(), NOW());
INSERT INTO postulantes (id, ci, nombres, apellidos, fecha_nacimiento, sexo, direccion, telefono, email, colegio_procedencia, ciudad, titulo_bachiller, primera_opcion_id, segunda_opcion_id, turno_preferencia, gestion_id, estado, recurrente, user_id, created_at, updated_at) VALUES (313, '3581918', 'Leticia', 'García', '2005-01-15', 'M', NULL, '59177980704', 'leticiagarcía112@estudiante.edu.bo', 'Colegio Boliviano', 'Santa Cruz de la Sierra', NULL, 2, 4, 'Manana', 1, 'Preinscrito', false, 412, NOW(), NOW());
INSERT INTO requisitos_documentales (postulante_id, ci_digitalizado, certificado_nacimiento, titulo_bachiller_legalizado, formulario_preinscripcion, verificado_bd_externa, updated_at) VALUES (313, false, false, false, false, false, NOW());
INSERT INTO users (id, name, email, password, role, active, created_at, updated_at) VALUES (413, 'Constanza Vega', 'constanzavega113@estudiante.edu.bo', '\$2y\$12\$TyO9cTQJ0O7NSPORyyP8Hup.wk8.BWNWu4itdEJYyjZ2Sem9DbFyi', 'Postulante', true, NOW(), NOW());
INSERT INTO postulantes (id, ci, nombres, apellidos, fecha_nacimiento, sexo, direccion, telefono, email, colegio_procedencia, ciudad, titulo_bachiller, primera_opcion_id, segunda_opcion_id, turno_preferencia, gestion_id, estado, recurrente, user_id, created_at, updated_at) VALUES (314, '5016717', 'Constanza', 'Vega', '2005-01-15', 'M', NULL, '59170986324', 'constanzavega113@estudiante.edu.bo', 'Colegio Boliviano', 'Santa Cruz de la Sierra', NULL, 2, 4, 'Noche', 1, 'Preinscrito', false, 413, NOW(), NOW());
INSERT INTO requisitos_documentales (postulante_id, ci_digitalizado, certificado_nacimiento, titulo_bachiller_legalizado, formulario_preinscripcion, verificado_bd_externa, updated_at) VALUES (314, false, false, false, false, false, NOW());
INSERT INTO users (id, name, email, password, role, active, created_at, updated_at) VALUES (414, 'Miguel Acosta', 'miguelacosta114@estudiante.edu.bo', '\$2y\$12\$TyO9cTQJ0O7NSPORyyP8Hup.wk8.BWNWu4itdEJYyjZ2Sem9DbFyi', 'Postulante', true, NOW(), NOW());
INSERT INTO postulantes (id, ci, nombres, apellidos, fecha_nacimiento, sexo, direccion, telefono, email, colegio_procedencia, ciudad, titulo_bachiller, primera_opcion_id, segunda_opcion_id, turno_preferencia, gestion_id, estado, recurrente, user_id, created_at, updated_at) VALUES (315, '5851781', 'Miguel', 'Acosta', '2005-01-15', 'M', NULL, '59161695534', 'miguelacosta114@estudiante.edu.bo', 'Colegio Boliviano', 'Santa Cruz de la Sierra', NULL, 2, 4, 'Tarde', 1, 'Preinscrito', false, 414, NOW(), NOW());
INSERT INTO requisitos_documentales (postulante_id, ci_digitalizado, certificado_nacimiento, titulo_bachiller_legalizado, formulario_preinscripcion, verificado_bd_externa, updated_at) VALUES (315, false, false, false, false, false, NOW());
INSERT INTO users (id, name, email, password, role, active, created_at, updated_at) VALUES (415, 'Ana Martínez', 'anamartínez115@estudiante.edu.bo', '\$2y\$12\$TyO9cTQJ0O7NSPORyyP8Hup.wk8.BWNWu4itdEJYyjZ2Sem9DbFyi', 'Postulante', true, NOW(), NOW());
INSERT INTO postulantes (id, ci, nombres, apellidos, fecha_nacimiento, sexo, direccion, telefono, email, colegio_procedencia, ciudad, titulo_bachiller, primera_opcion_id, segunda_opcion_id, turno_preferencia, gestion_id, estado, recurrente, user_id, created_at, updated_at) VALUES (316, '7861009', 'Ana', 'Martínez', '2005-01-15', 'M', NULL, '59160992003', 'anamartínez115@estudiante.edu.bo', 'Colegio Boliviano', 'Santa Cruz de la Sierra', NULL, 2, 4, 'Manana', 1, 'Preinscrito', false, 415, NOW(), NOW());
INSERT INTO requisitos_documentales (postulante_id, ci_digitalizado, certificado_nacimiento, titulo_bachiller_legalizado, formulario_preinscripcion, verificado_bd_externa, updated_at) VALUES (316, false, false, false, false, false, NOW());
INSERT INTO users (id, name, email, password, role, active, created_at, updated_at) VALUES (416, 'Andrés Cortés', 'andréscortés116@estudiante.edu.bo', '\$2y\$12\$TyO9cTQJ0O7NSPORyyP8Hup.wk8.BWNWu4itdEJYyjZ2Sem9DbFyi', 'Postulante', true, NOW(), NOW());
INSERT INTO postulantes (id, ci, nombres, apellidos, fecha_nacimiento, sexo, direccion, telefono, email, colegio_procedencia, ciudad, titulo_bachiller, primera_opcion_id, segunda_opcion_id, turno_preferencia, gestion_id, estado, recurrente, user_id, created_at, updated_at) VALUES (317, '7123823', 'Andrés', 'Cortés', '2005-01-15', 'M', NULL, '59195585888', 'andréscortés116@estudiante.edu.bo', 'Colegio Boliviano', 'Santa Cruz de la Sierra', NULL, 2, 4, 'Tarde', 1, 'Preinscrito', false, 416, NOW(), NOW());
INSERT INTO requisitos_documentales (postulante_id, ci_digitalizado, certificado_nacimiento, titulo_bachiller_legalizado, formulario_preinscripcion, verificado_bd_externa, updated_at) VALUES (317, false, false, false, false, false, NOW());
INSERT INTO users (id, name, email, password, role, active, created_at, updated_at) VALUES (417, 'Sergio Martínez', 'sergiomartínez117@estudiante.edu.bo', '\$2y\$12\$TyO9cTQJ0O7NSPORyyP8Hup.wk8.BWNWu4itdEJYyjZ2Sem9DbFyi', 'Postulante', true, NOW(), NOW());
INSERT INTO postulantes (id, ci, nombres, apellidos, fecha_nacimiento, sexo, direccion, telefono, email, colegio_procedencia, ciudad, titulo_bachiller, primera_opcion_id, segunda_opcion_id, turno_preferencia, gestion_id, estado, recurrente, user_id, created_at, updated_at) VALUES (318, '5933179', 'Sergio', 'Martínez', '2005-01-15', 'M', NULL, '59188061159', 'sergiomartínez117@estudiante.edu.bo', 'Colegio Boliviano', 'Santa Cruz de la Sierra', NULL, 2, 4, 'Noche', 1, 'Preinscrito', false, 417, NOW(), NOW());
INSERT INTO requisitos_documentales (postulante_id, ci_digitalizado, certificado_nacimiento, titulo_bachiller_legalizado, formulario_preinscripcion, verificado_bd_externa, updated_at) VALUES (318, false, false, false, false, false, NOW());
INSERT INTO users (id, name, email, password, role, active, created_at, updated_at) VALUES (418, 'Arturo Rivera', 'arturorivera118@estudiante.edu.bo', '\$2y\$12\$TyO9cTQJ0O7NSPORyyP8Hup.wk8.BWNWu4itdEJYyjZ2Sem9DbFyi', 'Postulante', true, NOW(), NOW());
INSERT INTO postulantes (id, ci, nombres, apellidos, fecha_nacimiento, sexo, direccion, telefono, email, colegio_procedencia, ciudad, titulo_bachiller, primera_opcion_id, segunda_opcion_id, turno_preferencia, gestion_id, estado, recurrente, user_id, created_at, updated_at) VALUES (319, '4986656', 'Arturo', 'Rivera', '2005-01-15', 'M', NULL, '59190741730', 'arturorivera118@estudiante.edu.bo', 'Colegio Boliviano', 'Santa Cruz de la Sierra', NULL, 2, 4, 'Manana', 1, 'Preinscrito', false, 418, NOW(), NOW());
INSERT INTO requisitos_documentales (postulante_id, ci_digitalizado, certificado_nacimiento, titulo_bachiller_legalizado, formulario_preinscripcion, verificado_bd_externa, updated_at) VALUES (319, false, false, false, false, false, NOW());
INSERT INTO users (id, name, email, password, role, active, created_at, updated_at) VALUES (419, 'Sergio Rivera', 'sergiorivera119@estudiante.edu.bo', '\$2y\$12\$TyO9cTQJ0O7NSPORyyP8Hup.wk8.BWNWu4itdEJYyjZ2Sem9DbFyi', 'Postulante', true, NOW(), NOW());
INSERT INTO postulantes (id, ci, nombres, apellidos, fecha_nacimiento, sexo, direccion, telefono, email, colegio_procedencia, ciudad, titulo_bachiller, primera_opcion_id, segunda_opcion_id, turno_preferencia, gestion_id, estado, recurrente, user_id, created_at, updated_at) VALUES (320, '8743733', 'Sergio', 'Rivera', '2005-01-15', 'M', NULL, '59165230398', 'sergiorivera119@estudiante.edu.bo', 'Colegio Boliviano', 'Santa Cruz de la Sierra', NULL, 2, 4, 'Tarde', 1, 'Preinscrito', false, 419, NOW(), NOW());
INSERT INTO requisitos_documentales (postulante_id, ci_digitalizado, certificado_nacimiento, titulo_bachiller_legalizado, formulario_preinscripcion, verificado_bd_externa, updated_at) VALUES (320, false, false, false, false, false, NOW());
INSERT INTO users (id, name, email, password, role, active, created_at, updated_at) VALUES (420, 'Verónica Vázquez', 'verónicavázquez120@estudiante.edu.bo', '\$2y\$12\$TyO9cTQJ0O7NSPORyyP8Hup.wk8.BWNWu4itdEJYyjZ2Sem9DbFyi', 'Postulante', true, NOW(), NOW());
INSERT INTO postulantes (id, ci, nombres, apellidos, fecha_nacimiento, sexo, direccion, telefono, email, colegio_procedencia, ciudad, titulo_bachiller, primera_opcion_id, segunda_opcion_id, turno_preferencia, gestion_id, estado, recurrente, user_id, created_at, updated_at) VALUES (321, '7646725', 'Verónica', 'Vázquez', '2005-01-15', 'M', NULL, '59180283196', 'verónicavázquez120@estudiante.edu.bo', 'Colegio Boliviano', 'Santa Cruz de la Sierra', NULL, 2, 4, 'Tarde', 1, 'Preinscrito', false, 420, NOW(), NOW());
INSERT INTO requisitos_documentales (postulante_id, ci_digitalizado, certificado_nacimiento, titulo_bachiller_legalizado, formulario_preinscripcion, verificado_bd_externa, updated_at) VALUES (321, false, false, false, false, false, NOW());
INSERT INTO users (id, name, email, password, role, active, created_at, updated_at) VALUES (421, 'Aurora Flores', 'auroraflores121@estudiante.edu.bo', '\$2y\$12\$TyO9cTQJ0O7NSPORyyP8Hup.wk8.BWNWu4itdEJYyjZ2Sem9DbFyi', 'Postulante', true, NOW(), NOW());
INSERT INTO postulantes (id, ci, nombres, apellidos, fecha_nacimiento, sexo, direccion, telefono, email, colegio_procedencia, ciudad, titulo_bachiller, primera_opcion_id, segunda_opcion_id, turno_preferencia, gestion_id, estado, recurrente, user_id, created_at, updated_at) VALUES (322, '8414945', 'Aurora', 'Flores', '2005-01-15', 'M', NULL, '59175908066', 'auroraflores121@estudiante.edu.bo', 'Colegio Boliviano', 'Santa Cruz de la Sierra', NULL, 2, 4, 'Manana', 1, 'Preinscrito', false, 421, NOW(), NOW());
INSERT INTO requisitos_documentales (postulante_id, ci_digitalizado, certificado_nacimiento, titulo_bachiller_legalizado, formulario_preinscripcion, verificado_bd_externa, updated_at) VALUES (322, false, false, false, false, false, NOW());
INSERT INTO users (id, name, email, password, role, active, created_at, updated_at) VALUES (422, 'Javier Cortés', 'javiercortés122@estudiante.edu.bo', '\$2y\$12\$TyO9cTQJ0O7NSPORyyP8Hup.wk8.BWNWu4itdEJYyjZ2Sem9DbFyi', 'Postulante', true, NOW(), NOW());
INSERT INTO postulantes (id, ci, nombres, apellidos, fecha_nacimiento, sexo, direccion, telefono, email, colegio_procedencia, ciudad, titulo_bachiller, primera_opcion_id, segunda_opcion_id, turno_preferencia, gestion_id, estado, recurrente, user_id, created_at, updated_at) VALUES (323, '9252132', 'Javier', 'Cortés', '2005-01-15', 'M', NULL, '59175822707', 'javiercortés122@estudiante.edu.bo', 'Colegio Boliviano', 'Santa Cruz de la Sierra', NULL, 2, 4, 'Manana', 1, 'Preinscrito', false, 422, NOW(), NOW());
INSERT INTO requisitos_documentales (postulante_id, ci_digitalizado, certificado_nacimiento, titulo_bachiller_legalizado, formulario_preinscripcion, verificado_bd_externa, updated_at) VALUES (323, false, false, false, false, false, NOW());
INSERT INTO users (id, name, email, password, role, active, created_at, updated_at) VALUES (423, 'Javier Torres', 'javiertorres123@estudiante.edu.bo', '\$2y\$12\$TyO9cTQJ0O7NSPORyyP8Hup.wk8.BWNWu4itdEJYyjZ2Sem9DbFyi', 'Postulante', true, NOW(), NOW());
INSERT INTO postulantes (id, ci, nombres, apellidos, fecha_nacimiento, sexo, direccion, telefono, email, colegio_procedencia, ciudad, titulo_bachiller, primera_opcion_id, segunda_opcion_id, turno_preferencia, gestion_id, estado, recurrente, user_id, created_at, updated_at) VALUES (324, '6248626', 'Javier', 'Torres', '2005-01-15', 'M', NULL, '59198589252', 'javiertorres123@estudiante.edu.bo', 'Colegio Boliviano', 'Santa Cruz de la Sierra', NULL, 2, 4, 'Tarde', 1, 'Preinscrito', false, 423, NOW(), NOW());
INSERT INTO requisitos_documentales (postulante_id, ci_digitalizado, certificado_nacimiento, titulo_bachiller_legalizado, formulario_preinscripcion, verificado_bd_externa, updated_at) VALUES (324, false, false, false, false, false, NOW());
INSERT INTO users (id, name, email, password, role, active, created_at, updated_at) VALUES (424, 'Constanza Sánchez', 'constanzasánchez124@estudiante.edu.bo', '\$2y\$12\$TyO9cTQJ0O7NSPORyyP8Hup.wk8.BWNWu4itdEJYyjZ2Sem9DbFyi', 'Postulante', true, NOW(), NOW());
INSERT INTO postulantes (id, ci, nombres, apellidos, fecha_nacimiento, sexo, direccion, telefono, email, colegio_procedencia, ciudad, titulo_bachiller, primera_opcion_id, segunda_opcion_id, turno_preferencia, gestion_id, estado, recurrente, user_id, created_at, updated_at) VALUES (325, '3843676', 'Constanza', 'Sánchez', '2005-01-15', 'M', NULL, '59187333140', 'constanzasánchez124@estudiante.edu.bo', 'Colegio Boliviano', 'Santa Cruz de la Sierra', NULL, 2, 4, 'Noche', 1, 'Preinscrito', false, 424, NOW(), NOW());
INSERT INTO requisitos_documentales (postulante_id, ci_digitalizado, certificado_nacimiento, titulo_bachiller_legalizado, formulario_preinscripcion, verificado_bd_externa, updated_at) VALUES (325, false, false, false, false, false, NOW());
INSERT INTO users (id, name, email, password, role, active, created_at, updated_at) VALUES (425, 'Esperanza Acosta', 'esperanzaacosta125@estudiante.edu.bo', '\$2y\$12\$TyO9cTQJ0O7NSPORyyP8Hup.wk8.BWNWu4itdEJYyjZ2Sem9DbFyi', 'Postulante', true, NOW(), NOW());
INSERT INTO postulantes (id, ci, nombres, apellidos, fecha_nacimiento, sexo, direccion, telefono, email, colegio_procedencia, ciudad, titulo_bachiller, primera_opcion_id, segunda_opcion_id, turno_preferencia, gestion_id, estado, recurrente, user_id, created_at, updated_at) VALUES (326, '4950372', 'Esperanza', 'Acosta', '2005-01-15', 'M', NULL, '59191290521', 'esperanzaacosta125@estudiante.edu.bo', 'Colegio Boliviano', 'Santa Cruz de la Sierra', NULL, 2, 4, 'Manana', 1, 'Preinscrito', false, 425, NOW(), NOW());
INSERT INTO requisitos_documentales (postulante_id, ci_digitalizado, certificado_nacimiento, titulo_bachiller_legalizado, formulario_preinscripcion, verificado_bd_externa, updated_at) VALUES (326, false, false, false, false, false, NOW());
INSERT INTO users (id, name, email, password, role, active, created_at, updated_at) VALUES (426, 'Miguel Domínguez', 'migueldomínguez126@estudiante.edu.bo', '\$2y\$12\$TyO9cTQJ0O7NSPORyyP8Hup.wk8.BWNWu4itdEJYyjZ2Sem9DbFyi', 'Postulante', true, NOW(), NOW());
INSERT INTO postulantes (id, ci, nombres, apellidos, fecha_nacimiento, sexo, direccion, telefono, email, colegio_procedencia, ciudad, titulo_bachiller, primera_opcion_id, segunda_opcion_id, turno_preferencia, gestion_id, estado, recurrente, user_id, created_at, updated_at) VALUES (327, '7343148', 'Miguel', 'Domínguez', '2005-01-15', 'M', NULL, '59195325695', 'migueldomínguez126@estudiante.edu.bo', 'Colegio Boliviano', 'Santa Cruz de la Sierra', NULL, 2, 4, 'Tarde', 1, 'Preinscrito', false, 426, NOW(), NOW());
INSERT INTO requisitos_documentales (postulante_id, ci_digitalizado, certificado_nacimiento, titulo_bachiller_legalizado, formulario_preinscripcion, verificado_bd_externa, updated_at) VALUES (327, false, false, false, false, false, NOW());
INSERT INTO users (id, name, email, password, role, active, created_at, updated_at) VALUES (427, 'Beatriz Ramírez', 'beatrizramírez127@estudiante.edu.bo', '\$2y\$12\$TyO9cTQJ0O7NSPORyyP8Hup.wk8.BWNWu4itdEJYyjZ2Sem9DbFyi', 'Postulante', true, NOW(), NOW());
INSERT INTO postulantes (id, ci, nombres, apellidos, fecha_nacimiento, sexo, direccion, telefono, email, colegio_procedencia, ciudad, titulo_bachiller, primera_opcion_id, segunda_opcion_id, turno_preferencia, gestion_id, estado, recurrente, user_id, created_at, updated_at) VALUES (328, '3513481', 'Beatriz', 'Ramírez', '2005-01-15', 'M', NULL, '59163286095', 'beatrizramírez127@estudiante.edu.bo', 'Colegio Boliviano', 'Santa Cruz de la Sierra', NULL, 2, 4, 'Noche', 1, 'Preinscrito', false, 427, NOW(), NOW());
INSERT INTO requisitos_documentales (postulante_id, ci_digitalizado, certificado_nacimiento, titulo_bachiller_legalizado, formulario_preinscripcion, verificado_bd_externa, updated_at) VALUES (328, false, false, false, false, false, NOW());
INSERT INTO users (id, name, email, password, role, active, created_at, updated_at) VALUES (428, 'Carmen Navarro', 'carmennavarro128@estudiante.edu.bo', '\$2y\$12\$TyO9cTQJ0O7NSPORyyP8Hup.wk8.BWNWu4itdEJYyjZ2Sem9DbFyi', 'Postulante', true, NOW(), NOW());
INSERT INTO postulantes (id, ci, nombres, apellidos, fecha_nacimiento, sexo, direccion, telefono, email, colegio_procedencia, ciudad, titulo_bachiller, primera_opcion_id, segunda_opcion_id, turno_preferencia, gestion_id, estado, recurrente, user_id, created_at, updated_at) VALUES (329, '4419529', 'Carmen', 'Navarro', '2005-01-15', 'M', NULL, '59180835303', 'carmennavarro128@estudiante.edu.bo', 'Colegio Boliviano', 'Santa Cruz de la Sierra', NULL, 2, 4, 'Noche', 1, 'Preinscrito', false, 428, NOW(), NOW());
INSERT INTO requisitos_documentales (postulante_id, ci_digitalizado, certificado_nacimiento, titulo_bachiller_legalizado, formulario_preinscripcion, verificado_bd_externa, updated_at) VALUES (329, false, false, false, false, false, NOW());
INSERT INTO users (id, name, email, password, role, active, created_at, updated_at) VALUES (429, 'Laura Rojas', 'laurarojas129@estudiante.edu.bo', '\$2y\$12\$TyO9cTQJ0O7NSPORyyP8Hup.wk8.BWNWu4itdEJYyjZ2Sem9DbFyi', 'Postulante', true, NOW(), NOW());
INSERT INTO postulantes (id, ci, nombres, apellidos, fecha_nacimiento, sexo, direccion, telefono, email, colegio_procedencia, ciudad, titulo_bachiller, primera_opcion_id, segunda_opcion_id, turno_preferencia, gestion_id, estado, recurrente, user_id, created_at, updated_at) VALUES (330, '3159420', 'Laura', 'Rojas', '2005-01-15', 'M', NULL, '59181899523', 'laurarojas129@estudiante.edu.bo', 'Colegio Boliviano', 'Santa Cruz de la Sierra', NULL, 2, 4, 'Noche', 1, 'Preinscrito', false, 429, NOW(), NOW());
INSERT INTO requisitos_documentales (postulante_id, ci_digitalizado, certificado_nacimiento, titulo_bachiller_legalizado, formulario_preinscripcion, verificado_bd_externa, updated_at) VALUES (330, false, false, false, false, false, NOW());
INSERT INTO users (id, name, email, password, role, active, created_at, updated_at) VALUES (430, 'Antonio Rivas', 'antoniorivas130@estudiante.edu.bo', '\$2y\$12\$TyO9cTQJ0O7NSPORyyP8Hup.wk8.BWNWu4itdEJYyjZ2Sem9DbFyi', 'Postulante', true, NOW(), NOW());
INSERT INTO postulantes (id, ci, nombres, apellidos, fecha_nacimiento, sexo, direccion, telefono, email, colegio_procedencia, ciudad, titulo_bachiller, primera_opcion_id, segunda_opcion_id, turno_preferencia, gestion_id, estado, recurrente, user_id, created_at, updated_at) VALUES (331, '7777807', 'Antonio', 'Rivas', '2005-01-15', 'M', NULL, '59163300362', 'antoniorivas130@estudiante.edu.bo', 'Colegio Boliviano', 'Santa Cruz de la Sierra', NULL, 2, 4, 'Noche', 1, 'Preinscrito', false, 430, NOW(), NOW());
INSERT INTO requisitos_documentales (postulante_id, ci_digitalizado, certificado_nacimiento, titulo_bachiller_legalizado, formulario_preinscripcion, verificado_bd_externa, updated_at) VALUES (331, false, false, false, false, false, NOW());
INSERT INTO users (id, name, email, password, role, active, created_at, updated_at) VALUES (431, 'Elena Fuentes', 'elenafuentes131@estudiante.edu.bo', '\$2y\$12\$TyO9cTQJ0O7NSPORyyP8Hup.wk8.BWNWu4itdEJYyjZ2Sem9DbFyi', 'Postulante', true, NOW(), NOW());
INSERT INTO postulantes (id, ci, nombres, apellidos, fecha_nacimiento, sexo, direccion, telefono, email, colegio_procedencia, ciudad, titulo_bachiller, primera_opcion_id, segunda_opcion_id, turno_preferencia, gestion_id, estado, recurrente, user_id, created_at, updated_at) VALUES (332, '5897563', 'Elena', 'Fuentes', '2005-01-15', 'M', NULL, '59189211510', 'elenafuentes131@estudiante.edu.bo', 'Colegio Boliviano', 'Santa Cruz de la Sierra', NULL, 2, 4, 'Manana', 1, 'Preinscrito', false, 431, NOW(), NOW());
INSERT INTO requisitos_documentales (postulante_id, ci_digitalizado, certificado_nacimiento, titulo_bachiller_legalizado, formulario_preinscripcion, verificado_bd_externa, updated_at) VALUES (332, false, false, false, false, false, NOW());
INSERT INTO users (id, name, email, password, role, active, created_at, updated_at) VALUES (432, 'Eduardo Castillo', 'eduardocastillo132@estudiante.edu.bo', '\$2y\$12\$TyO9cTQJ0O7NSPORyyP8Hup.wk8.BWNWu4itdEJYyjZ2Sem9DbFyi', 'Postulante', true, NOW(), NOW());
INSERT INTO postulantes (id, ci, nombres, apellidos, fecha_nacimiento, sexo, direccion, telefono, email, colegio_procedencia, ciudad, titulo_bachiller, primera_opcion_id, segunda_opcion_id, turno_preferencia, gestion_id, estado, recurrente, user_id, created_at, updated_at) VALUES (333, '5860872', 'Eduardo', 'Castillo', '2005-01-15', 'M', NULL, '59168853911', 'eduardocastillo132@estudiante.edu.bo', 'Colegio Boliviano', 'Santa Cruz de la Sierra', NULL, 2, 4, 'Noche', 1, 'Preinscrito', false, 432, NOW(), NOW());
INSERT INTO requisitos_documentales (postulante_id, ci_digitalizado, certificado_nacimiento, titulo_bachiller_legalizado, formulario_preinscripcion, verificado_bd_externa, updated_at) VALUES (333, false, false, false, false, false, NOW());
INSERT INTO users (id, name, email, password, role, active, created_at, updated_at) VALUES (433, 'Ana Vidal', 'anavidal133@estudiante.edu.bo', '\$2y\$12\$TyO9cTQJ0O7NSPORyyP8Hup.wk8.BWNWu4itdEJYyjZ2Sem9DbFyi', 'Postulante', true, NOW(), NOW());
INSERT INTO postulantes (id, ci, nombres, apellidos, fecha_nacimiento, sexo, direccion, telefono, email, colegio_procedencia, ciudad, titulo_bachiller, primera_opcion_id, segunda_opcion_id, turno_preferencia, gestion_id, estado, recurrente, user_id, created_at, updated_at) VALUES (334, '4636715', 'Ana', 'Vidal', '2005-01-15', 'M', NULL, '59162743714', 'anavidal133@estudiante.edu.bo', 'Colegio Boliviano', 'Santa Cruz de la Sierra', NULL, 2, 4, 'Noche', 1, 'Preinscrito', false, 433, NOW(), NOW());
INSERT INTO requisitos_documentales (postulante_id, ci_digitalizado, certificado_nacimiento, titulo_bachiller_legalizado, formulario_preinscripcion, verificado_bd_externa, updated_at) VALUES (334, false, false, false, false, false, NOW());
INSERT INTO users (id, name, email, password, role, active, created_at, updated_at) VALUES (434, 'Beatriz Martínez', 'beatrizmartínez134@estudiante.edu.bo', '\$2y\$12\$TyO9cTQJ0O7NSPORyyP8Hup.wk8.BWNWu4itdEJYyjZ2Sem9DbFyi', 'Postulante', true, NOW(), NOW());
INSERT INTO postulantes (id, ci, nombres, apellidos, fecha_nacimiento, sexo, direccion, telefono, email, colegio_procedencia, ciudad, titulo_bachiller, primera_opcion_id, segunda_opcion_id, turno_preferencia, gestion_id, estado, recurrente, user_id, created_at, updated_at) VALUES (335, '4453055', 'Beatriz', 'Martínez', '2005-01-15', 'M', NULL, '59171064110', 'beatrizmartínez134@estudiante.edu.bo', 'Colegio Boliviano', 'Santa Cruz de la Sierra', NULL, 2, 4, 'Noche', 1, 'Preinscrito', false, 434, NOW(), NOW());
INSERT INTO requisitos_documentales (postulante_id, ci_digitalizado, certificado_nacimiento, titulo_bachiller_legalizado, formulario_preinscripcion, verificado_bd_externa, updated_at) VALUES (335, false, false, false, false, false, NOW());
INSERT INTO users (id, name, email, password, role, active, created_at, updated_at) VALUES (435, 'Natalia Martínez', 'nataliamartínez135@estudiante.edu.bo', '\$2y\$12\$TyO9cTQJ0O7NSPORyyP8Hup.wk8.BWNWu4itdEJYyjZ2Sem9DbFyi', 'Postulante', true, NOW(), NOW());
INSERT INTO postulantes (id, ci, nombres, apellidos, fecha_nacimiento, sexo, direccion, telefono, email, colegio_procedencia, ciudad, titulo_bachiller, primera_opcion_id, segunda_opcion_id, turno_preferencia, gestion_id, estado, recurrente, user_id, created_at, updated_at) VALUES (336, '9612880', 'Natalia', 'Martínez', '2005-01-15', 'M', NULL, '59180162330', 'nataliamartínez135@estudiante.edu.bo', 'Colegio Boliviano', 'Santa Cruz de la Sierra', NULL, 2, 4, 'Tarde', 1, 'Preinscrito', false, 435, NOW(), NOW());
INSERT INTO requisitos_documentales (postulante_id, ci_digitalizado, certificado_nacimiento, titulo_bachiller_legalizado, formulario_preinscripcion, verificado_bd_externa, updated_at) VALUES (336, false, false, false, false, false, NOW());
INSERT INTO users (id, name, email, password, role, active, created_at, updated_at) VALUES (436, 'Rafael Cortés', 'rafaelcortés136@estudiante.edu.bo', '\$2y\$12\$TyO9cTQJ0O7NSPORyyP8Hup.wk8.BWNWu4itdEJYyjZ2Sem9DbFyi', 'Postulante', true, NOW(), NOW());
INSERT INTO postulantes (id, ci, nombres, apellidos, fecha_nacimiento, sexo, direccion, telefono, email, colegio_procedencia, ciudad, titulo_bachiller, primera_opcion_id, segunda_opcion_id, turno_preferencia, gestion_id, estado, recurrente, user_id, created_at, updated_at) VALUES (337, '7691649', 'Rafael', 'Cortés', '2005-01-15', 'M', NULL, '59168016985', 'rafaelcortés136@estudiante.edu.bo', 'Colegio Boliviano', 'Santa Cruz de la Sierra', NULL, 2, 4, 'Manana', 1, 'Preinscrito', false, 436, NOW(), NOW());
INSERT INTO requisitos_documentales (postulante_id, ci_digitalizado, certificado_nacimiento, titulo_bachiller_legalizado, formulario_preinscripcion, verificado_bd_externa, updated_at) VALUES (337, false, false, false, false, false, NOW());
INSERT INTO users (id, name, email, password, role, active, created_at, updated_at) VALUES (437, 'Natalia Reyes', 'nataliareyes137@estudiante.edu.bo', '\$2y\$12\$TyO9cTQJ0O7NSPORyyP8Hup.wk8.BWNWu4itdEJYyjZ2Sem9DbFyi', 'Postulante', true, NOW(), NOW());
INSERT INTO postulantes (id, ci, nombres, apellidos, fecha_nacimiento, sexo, direccion, telefono, email, colegio_procedencia, ciudad, titulo_bachiller, primera_opcion_id, segunda_opcion_id, turno_preferencia, gestion_id, estado, recurrente, user_id, created_at, updated_at) VALUES (338, '7063242', 'Natalia', 'Reyes', '2005-01-15', 'M', NULL, '59188724748', 'nataliareyes137@estudiante.edu.bo', 'Colegio Boliviano', 'Santa Cruz de la Sierra', NULL, 2, 4, 'Noche', 1, 'Preinscrito', false, 437, NOW(), NOW());
INSERT INTO requisitos_documentales (postulante_id, ci_digitalizado, certificado_nacimiento, titulo_bachiller_legalizado, formulario_preinscripcion, verificado_bd_externa, updated_at) VALUES (338, false, false, false, false, false, NOW());
INSERT INTO users (id, name, email, password, role, active, created_at, updated_at) VALUES (438, 'Víctor Acosta', 'víctoracosta138@estudiante.edu.bo', '\$2y\$12\$TyO9cTQJ0O7NSPORyyP8Hup.wk8.BWNWu4itdEJYyjZ2Sem9DbFyi', 'Postulante', true, NOW(), NOW());
INSERT INTO postulantes (id, ci, nombres, apellidos, fecha_nacimiento, sexo, direccion, telefono, email, colegio_procedencia, ciudad, titulo_bachiller, primera_opcion_id, segunda_opcion_id, turno_preferencia, gestion_id, estado, recurrente, user_id, created_at, updated_at) VALUES (339, '1969754', 'Víctor', 'Acosta', '2005-01-15', 'M', NULL, '59160494951', 'víctoracosta138@estudiante.edu.bo', 'Colegio Boliviano', 'Santa Cruz de la Sierra', NULL, 2, 4, 'Manana', 1, 'Preinscrito', false, 438, NOW(), NOW());
INSERT INTO requisitos_documentales (postulante_id, ci_digitalizado, certificado_nacimiento, titulo_bachiller_legalizado, formulario_preinscripcion, verificado_bd_externa, updated_at) VALUES (339, false, false, false, false, false, NOW());
INSERT INTO users (id, name, email, password, role, active, created_at, updated_at) VALUES (439, 'Roberto Rivera', 'robertorivera139@estudiante.edu.bo', '\$2y\$12\$TyO9cTQJ0O7NSPORyyP8Hup.wk8.BWNWu4itdEJYyjZ2Sem9DbFyi', 'Postulante', true, NOW(), NOW());
INSERT INTO postulantes (id, ci, nombres, apellidos, fecha_nacimiento, sexo, direccion, telefono, email, colegio_procedencia, ciudad, titulo_bachiller, primera_opcion_id, segunda_opcion_id, turno_preferencia, gestion_id, estado, recurrente, user_id, created_at, updated_at) VALUES (340, '4924504', 'Roberto', 'Rivera', '2005-01-15', 'M', NULL, '59194427109', 'robertorivera139@estudiante.edu.bo', 'Colegio Boliviano', 'Santa Cruz de la Sierra', NULL, 2, 4, 'Noche', 1, 'Preinscrito', false, 439, NOW(), NOW());
INSERT INTO requisitos_documentales (postulante_id, ci_digitalizado, certificado_nacimiento, titulo_bachiller_legalizado, formulario_preinscripcion, verificado_bd_externa, updated_at) VALUES (340, false, false, false, false, false, NOW());
INSERT INTO users (id, name, email, password, role, active, created_at, updated_at) VALUES (440, 'Patricia Medina', 'patriciamedina140@estudiante.edu.bo', '\$2y\$12\$TyO9cTQJ0O7NSPORyyP8Hup.wk8.BWNWu4itdEJYyjZ2Sem9DbFyi', 'Postulante', true, NOW(), NOW());
INSERT INTO postulantes (id, ci, nombres, apellidos, fecha_nacimiento, sexo, direccion, telefono, email, colegio_procedencia, ciudad, titulo_bachiller, primera_opcion_id, segunda_opcion_id, turno_preferencia, gestion_id, estado, recurrente, user_id, created_at, updated_at) VALUES (341, '5697464', 'Patricia', 'Medina', '2005-01-15', 'M', NULL, '59177915219', 'patriciamedina140@estudiante.edu.bo', 'Colegio Boliviano', 'Santa Cruz de la Sierra', NULL, 2, 4, 'Manana', 1, 'Preinscrito', false, 440, NOW(), NOW());
INSERT INTO requisitos_documentales (postulante_id, ci_digitalizado, certificado_nacimiento, titulo_bachiller_legalizado, formulario_preinscripcion, verificado_bd_externa, updated_at) VALUES (341, false, false, false, false, false, NOW());
INSERT INTO users (id, name, email, password, role, active, created_at, updated_at) VALUES (441, 'Lorena Valencia', 'lorenavalencia141@estudiante.edu.bo', '\$2y\$12\$TyO9cTQJ0O7NSPORyyP8Hup.wk8.BWNWu4itdEJYyjZ2Sem9DbFyi', 'Postulante', true, NOW(), NOW());
INSERT INTO postulantes (id, ci, nombres, apellidos, fecha_nacimiento, sexo, direccion, telefono, email, colegio_procedencia, ciudad, titulo_bachiller, primera_opcion_id, segunda_opcion_id, turno_preferencia, gestion_id, estado, recurrente, user_id, created_at, updated_at) VALUES (342, '4582887', 'Lorena', 'Valencia', '2005-01-15', 'M', NULL, '59181820979', 'lorenavalencia141@estudiante.edu.bo', 'Colegio Boliviano', 'Santa Cruz de la Sierra', NULL, 2, 4, 'Noche', 1, 'Preinscrito', false, 441, NOW(), NOW());
INSERT INTO requisitos_documentales (postulante_id, ci_digitalizado, certificado_nacimiento, titulo_bachiller_legalizado, formulario_preinscripcion, verificado_bd_externa, updated_at) VALUES (342, false, false, false, false, false, NOW());
INSERT INTO users (id, name, email, password, role, active, created_at, updated_at) VALUES (442, 'Rosario Silva', 'rosariosilva142@estudiante.edu.bo', '\$2y\$12\$TyO9cTQJ0O7NSPORyyP8Hup.wk8.BWNWu4itdEJYyjZ2Sem9DbFyi', 'Postulante', true, NOW(), NOW());
INSERT INTO postulantes (id, ci, nombres, apellidos, fecha_nacimiento, sexo, direccion, telefono, email, colegio_procedencia, ciudad, titulo_bachiller, primera_opcion_id, segunda_opcion_id, turno_preferencia, gestion_id, estado, recurrente, user_id, created_at, updated_at) VALUES (343, '4054825', 'Rosario', 'Silva', '2005-01-15', 'M', NULL, '59187802261', 'rosariosilva142@estudiante.edu.bo', 'Colegio Boliviano', 'Santa Cruz de la Sierra', NULL, 2, 4, 'Manana', 1, 'Preinscrito', false, 442, NOW(), NOW());
INSERT INTO requisitos_documentales (postulante_id, ci_digitalizado, certificado_nacimiento, titulo_bachiller_legalizado, formulario_preinscripcion, verificado_bd_externa, updated_at) VALUES (343, false, false, false, false, false, NOW());
INSERT INTO users (id, name, email, password, role, active, created_at, updated_at) VALUES (443, 'Carmen Carrillo', 'carmencarrillo143@estudiante.edu.bo', '\$2y\$12\$TyO9cTQJ0O7NSPORyyP8Hup.wk8.BWNWu4itdEJYyjZ2Sem9DbFyi', 'Postulante', true, NOW(), NOW());
INSERT INTO postulantes (id, ci, nombres, apellidos, fecha_nacimiento, sexo, direccion, telefono, email, colegio_procedencia, ciudad, titulo_bachiller, primera_opcion_id, segunda_opcion_id, turno_preferencia, gestion_id, estado, recurrente, user_id, created_at, updated_at) VALUES (344, '7187024', 'Carmen', 'Carrillo', '2005-01-15', 'M', NULL, '59189229022', 'carmencarrillo143@estudiante.edu.bo', 'Colegio Boliviano', 'Santa Cruz de la Sierra', NULL, 2, 4, 'Tarde', 1, 'Preinscrito', false, 443, NOW(), NOW());
INSERT INTO requisitos_documentales (postulante_id, ci_digitalizado, certificado_nacimiento, titulo_bachiller_legalizado, formulario_preinscripcion, verificado_bd_externa, updated_at) VALUES (344, false, false, false, false, false, NOW());
INSERT INTO users (id, name, email, password, role, active, created_at, updated_at) VALUES (444, 'Andrés Contreras', 'andréscontreras144@estudiante.edu.bo', '\$2y\$12\$TyO9cTQJ0O7NSPORyyP8Hup.wk8.BWNWu4itdEJYyjZ2Sem9DbFyi', 'Postulante', true, NOW(), NOW());
INSERT INTO postulantes (id, ci, nombres, apellidos, fecha_nacimiento, sexo, direccion, telefono, email, colegio_procedencia, ciudad, titulo_bachiller, primera_opcion_id, segunda_opcion_id, turno_preferencia, gestion_id, estado, recurrente, user_id, created_at, updated_at) VALUES (345, '9207706', 'Andrés', 'Contreras', '2005-01-15', 'M', NULL, '59180677088', 'andréscontreras144@estudiante.edu.bo', 'Colegio Boliviano', 'Santa Cruz de la Sierra', NULL, 2, 4, 'Noche', 1, 'Preinscrito', false, 444, NOW(), NOW());
INSERT INTO requisitos_documentales (postulante_id, ci_digitalizado, certificado_nacimiento, titulo_bachiller_legalizado, formulario_preinscripcion, verificado_bd_externa, updated_at) VALUES (345, false, false, false, false, false, NOW());
INSERT INTO users (id, name, email, password, role, active, created_at, updated_at) VALUES (445, 'Andrés Silva', 'andréssilva145@estudiante.edu.bo', '\$2y\$12\$TyO9cTQJ0O7NSPORyyP8Hup.wk8.BWNWu4itdEJYyjZ2Sem9DbFyi', 'Postulante', true, NOW(), NOW());
INSERT INTO postulantes (id, ci, nombres, apellidos, fecha_nacimiento, sexo, direccion, telefono, email, colegio_procedencia, ciudad, titulo_bachiller, primera_opcion_id, segunda_opcion_id, turno_preferencia, gestion_id, estado, recurrente, user_id, created_at, updated_at) VALUES (346, '6541517', 'Andrés', 'Silva', '2005-01-15', 'M', NULL, '59196044707', 'andréssilva145@estudiante.edu.bo', 'Colegio Boliviano', 'Santa Cruz de la Sierra', NULL, 2, 4, 'Tarde', 1, 'Preinscrito', false, 445, NOW(), NOW());
INSERT INTO requisitos_documentales (postulante_id, ci_digitalizado, certificado_nacimiento, titulo_bachiller_legalizado, formulario_preinscripcion, verificado_bd_externa, updated_at) VALUES (346, false, false, false, false, false, NOW());
INSERT INTO users (id, name, email, password, role, active, created_at, updated_at) VALUES (446, 'Guillermo Hernández', 'guillermohernández146@estudiante.edu.bo', '\$2y\$12\$TyO9cTQJ0O7NSPORyyP8Hup.wk8.BWNWu4itdEJYyjZ2Sem9DbFyi', 'Postulante', true, NOW(), NOW());
INSERT INTO postulantes (id, ci, nombres, apellidos, fecha_nacimiento, sexo, direccion, telefono, email, colegio_procedencia, ciudad, titulo_bachiller, primera_opcion_id, segunda_opcion_id, turno_preferencia, gestion_id, estado, recurrente, user_id, created_at, updated_at) VALUES (347, '5899273', 'Guillermo', 'Hernández', '2005-01-15', 'M', NULL, '59169786618', 'guillermohernández146@estudiante.edu.bo', 'Colegio Boliviano', 'Santa Cruz de la Sierra', NULL, 2, 4, 'Tarde', 1, 'Preinscrito', false, 446, NOW(), NOW());
INSERT INTO requisitos_documentales (postulante_id, ci_digitalizado, certificado_nacimiento, titulo_bachiller_legalizado, formulario_preinscripcion, verificado_bd_externa, updated_at) VALUES (347, false, false, false, false, false, NOW());
INSERT INTO users (id, name, email, password, role, active, created_at, updated_at) VALUES (447, 'Manuel Acosta', 'manuelacosta147@estudiante.edu.bo', '\$2y\$12\$TyO9cTQJ0O7NSPORyyP8Hup.wk8.BWNWu4itdEJYyjZ2Sem9DbFyi', 'Postulante', true, NOW(), NOW());
INSERT INTO postulantes (id, ci, nombres, apellidos, fecha_nacimiento, sexo, direccion, telefono, email, colegio_procedencia, ciudad, titulo_bachiller, primera_opcion_id, segunda_opcion_id, turno_preferencia, gestion_id, estado, recurrente, user_id, created_at, updated_at) VALUES (348, '1600458', 'Manuel', 'Acosta', '2005-01-15', 'M', NULL, '59166166484', 'manuelacosta147@estudiante.edu.bo', 'Colegio Boliviano', 'Santa Cruz de la Sierra', NULL, 2, 4, 'Noche', 1, 'Preinscrito', false, 447, NOW(), NOW());
INSERT INTO requisitos_documentales (postulante_id, ci_digitalizado, certificado_nacimiento, titulo_bachiller_legalizado, formulario_preinscripcion, verificado_bd_externa, updated_at) VALUES (348, false, false, false, false, false, NOW());
INSERT INTO users (id, name, email, password, role, active, created_at, updated_at) VALUES (448, 'Eduardo Martínez', 'eduardomartínez148@estudiante.edu.bo', '\$2y\$12\$TyO9cTQJ0O7NSPORyyP8Hup.wk8.BWNWu4itdEJYyjZ2Sem9DbFyi', 'Postulante', true, NOW(), NOW());
INSERT INTO postulantes (id, ci, nombres, apellidos, fecha_nacimiento, sexo, direccion, telefono, email, colegio_procedencia, ciudad, titulo_bachiller, primera_opcion_id, segunda_opcion_id, turno_preferencia, gestion_id, estado, recurrente, user_id, created_at, updated_at) VALUES (349, '4941027', 'Eduardo', 'Martínez', '2005-01-15', 'M', NULL, '59194836449', 'eduardomartínez148@estudiante.edu.bo', 'Colegio Boliviano', 'Santa Cruz de la Sierra', NULL, 2, 4, 'Manana', 1, 'Preinscrito', false, 448, NOW(), NOW());
INSERT INTO requisitos_documentales (postulante_id, ci_digitalizado, certificado_nacimiento, titulo_bachiller_legalizado, formulario_preinscripcion, verificado_bd_externa, updated_at) VALUES (349, false, false, false, false, false, NOW());
INSERT INTO users (id, name, email, password, role, active, created_at, updated_at) VALUES (449, 'Irene Torres', 'irenetorres149@estudiante.edu.bo', '\$2y\$12\$TyO9cTQJ0O7NSPORyyP8Hup.wk8.BWNWu4itdEJYyjZ2Sem9DbFyi', 'Postulante', true, NOW(), NOW());
INSERT INTO postulantes (id, ci, nombres, apellidos, fecha_nacimiento, sexo, direccion, telefono, email, colegio_procedencia, ciudad, titulo_bachiller, primera_opcion_id, segunda_opcion_id, turno_preferencia, gestion_id, estado, recurrente, user_id, created_at, updated_at) VALUES (350, '2786008', 'Irene', 'Torres', '2005-01-15', 'M', NULL, '59193417799', 'irenetorres149@estudiante.edu.bo', 'Colegio Boliviano', 'Santa Cruz de la Sierra', NULL, 2, 4, 'Manana', 1, 'Preinscrito', false, 449, NOW(), NOW());
INSERT INTO requisitos_documentales (postulante_id, ci_digitalizado, certificado_nacimiento, titulo_bachiller_legalizado, formulario_preinscripcion, verificado_bd_externa, updated_at) VALUES (350, false, false, false, false, false, NOW());
INSERT INTO users (id, name, email, password, role, active, created_at, updated_at) VALUES (450, 'Marisol Ruiz', 'marisolruiz150@estudiante.edu.bo', '\$2y\$12\$TyO9cTQJ0O7NSPORyyP8Hup.wk8.BWNWu4itdEJYyjZ2Sem9DbFyi', 'Postulante', true, NOW(), NOW());
INSERT INTO postulantes (id, ci, nombres, apellidos, fecha_nacimiento, sexo, direccion, telefono, email, colegio_procedencia, ciudad, titulo_bachiller, primera_opcion_id, segunda_opcion_id, turno_preferencia, gestion_id, estado, recurrente, user_id, created_at, updated_at) VALUES (351, '1141082', 'Marisol', 'Ruiz', '2005-01-15', 'M', NULL, '59194104531', 'marisolruiz150@estudiante.edu.bo', 'Colegio Boliviano', 'Santa Cruz de la Sierra', NULL, 2, 4, 'Tarde', 1, 'Preinscrito', false, 450, NOW(), NOW());
INSERT INTO requisitos_documentales (postulante_id, ci_digitalizado, certificado_nacimiento, titulo_bachiller_legalizado, formulario_preinscripcion, verificado_bd_externa, updated_at) VALUES (351, false, false, false, false, false, NOW());
INSERT INTO users (id, name, email, password, role, active, created_at, updated_at) VALUES (451, 'Francisca Campos', 'franciscacampos151@estudiante.edu.bo', '\$2y\$12\$TyO9cTQJ0O7NSPORyyP8Hup.wk8.BWNWu4itdEJYyjZ2Sem9DbFyi', 'Postulante', true, NOW(), NOW());
INSERT INTO postulantes (id, ci, nombres, apellidos, fecha_nacimiento, sexo, direccion, telefono, email, colegio_procedencia, ciudad, titulo_bachiller, primera_opcion_id, segunda_opcion_id, turno_preferencia, gestion_id, estado, recurrente, user_id, created_at, updated_at) VALUES (352, '6100817', 'Francisca', 'Campos', '2005-01-15', 'M', NULL, '59161164684', 'franciscacampos151@estudiante.edu.bo', 'Colegio Boliviano', 'Santa Cruz de la Sierra', NULL, 2, 4, 'Tarde', 1, 'Preinscrito', false, 451, NOW(), NOW());
INSERT INTO requisitos_documentales (postulante_id, ci_digitalizado, certificado_nacimiento, titulo_bachiller_legalizado, formulario_preinscripcion, verificado_bd_externa, updated_at) VALUES (352, false, false, false, false, false, NOW());
INSERT INTO users (id, name, email, password, role, active, created_at, updated_at) VALUES (452, 'Matías Rivas', 'matíasrivas152@estudiante.edu.bo', '\$2y\$12\$TyO9cTQJ0O7NSPORyyP8Hup.wk8.BWNWu4itdEJYyjZ2Sem9DbFyi', 'Postulante', true, NOW(), NOW());
INSERT INTO postulantes (id, ci, nombres, apellidos, fecha_nacimiento, sexo, direccion, telefono, email, colegio_procedencia, ciudad, titulo_bachiller, primera_opcion_id, segunda_opcion_id, turno_preferencia, gestion_id, estado, recurrente, user_id, created_at, updated_at) VALUES (353, '8950657', 'Matías', 'Rivas', '2005-01-15', 'M', NULL, '59180819888', 'matíasrivas152@estudiante.edu.bo', 'Colegio Boliviano', 'Santa Cruz de la Sierra', NULL, 2, 4, 'Tarde', 1, 'Preinscrito', false, 452, NOW(), NOW());
INSERT INTO requisitos_documentales (postulante_id, ci_digitalizado, certificado_nacimiento, titulo_bachiller_legalizado, formulario_preinscripcion, verificado_bd_externa, updated_at) VALUES (353, false, false, false, false, false, NOW());
INSERT INTO users (id, name, email, password, role, active, created_at, updated_at) VALUES (453, 'Laura Rivera', 'laurarivera153@estudiante.edu.bo', '\$2y\$12\$TyO9cTQJ0O7NSPORyyP8Hup.wk8.BWNWu4itdEJYyjZ2Sem9DbFyi', 'Postulante', true, NOW(), NOW());
INSERT INTO postulantes (id, ci, nombres, apellidos, fecha_nacimiento, sexo, direccion, telefono, email, colegio_procedencia, ciudad, titulo_bachiller, primera_opcion_id, segunda_opcion_id, turno_preferencia, gestion_id, estado, recurrente, user_id, created_at, updated_at) VALUES (354, '5429320', 'Laura', 'Rivera', '2005-01-15', 'M', NULL, '59188633493', 'laurarivera153@estudiante.edu.bo', 'Colegio Boliviano', 'Santa Cruz de la Sierra', NULL, 2, 4, 'Tarde', 1, 'Preinscrito', false, 453, NOW(), NOW());
INSERT INTO requisitos_documentales (postulante_id, ci_digitalizado, certificado_nacimiento, titulo_bachiller_legalizado, formulario_preinscripcion, verificado_bd_externa, updated_at) VALUES (354, false, false, false, false, false, NOW());
INSERT INTO users (id, name, email, password, role, active, created_at, updated_at) VALUES (454, 'Sergio Torres', 'sergiotorres154@estudiante.edu.bo', '\$2y\$12\$TyO9cTQJ0O7NSPORyyP8Hup.wk8.BWNWu4itdEJYyjZ2Sem9DbFyi', 'Postulante', true, NOW(), NOW());
INSERT INTO postulantes (id, ci, nombres, apellidos, fecha_nacimiento, sexo, direccion, telefono, email, colegio_procedencia, ciudad, titulo_bachiller, primera_opcion_id, segunda_opcion_id, turno_preferencia, gestion_id, estado, recurrente, user_id, created_at, updated_at) VALUES (355, '2807901', 'Sergio', 'Torres', '2005-01-15', 'M', NULL, '59192543809', 'sergiotorres154@estudiante.edu.bo', 'Colegio Boliviano', 'Santa Cruz de la Sierra', NULL, 2, 4, 'Manana', 1, 'Preinscrito', false, 454, NOW(), NOW());
INSERT INTO requisitos_documentales (postulante_id, ci_digitalizado, certificado_nacimiento, titulo_bachiller_legalizado, formulario_preinscripcion, verificado_bd_externa, updated_at) VALUES (355, false, false, false, false, false, NOW());
INSERT INTO users (id, name, email, password, role, active, created_at, updated_at) VALUES (455, 'Héctor Valencia', 'héctorvalencia155@estudiante.edu.bo', '\$2y\$12\$TyO9cTQJ0O7NSPORyyP8Hup.wk8.BWNWu4itdEJYyjZ2Sem9DbFyi', 'Postulante', true, NOW(), NOW());
INSERT INTO postulantes (id, ci, nombres, apellidos, fecha_nacimiento, sexo, direccion, telefono, email, colegio_procedencia, ciudad, titulo_bachiller, primera_opcion_id, segunda_opcion_id, turno_preferencia, gestion_id, estado, recurrente, user_id, created_at, updated_at) VALUES (356, '2654524', 'Héctor', 'Valencia', '2005-01-15', 'M', NULL, '59171270865', 'héctorvalencia155@estudiante.edu.bo', 'Colegio Boliviano', 'Santa Cruz de la Sierra', NULL, 2, 4, 'Manana', 1, 'Preinscrito', false, 455, NOW(), NOW());
INSERT INTO requisitos_documentales (postulante_id, ci_digitalizado, certificado_nacimiento, titulo_bachiller_legalizado, formulario_preinscripcion, verificado_bd_externa, updated_at) VALUES (356, false, false, false, false, false, NOW());
INSERT INTO users (id, name, email, password, role, active, created_at, updated_at) VALUES (456, 'Leticia Fuentes', 'leticiafuentes156@estudiante.edu.bo', '\$2y\$12\$TyO9cTQJ0O7NSPORyyP8Hup.wk8.BWNWu4itdEJYyjZ2Sem9DbFyi', 'Postulante', true, NOW(), NOW());
INSERT INTO postulantes (id, ci, nombres, apellidos, fecha_nacimiento, sexo, direccion, telefono, email, colegio_procedencia, ciudad, titulo_bachiller, primera_opcion_id, segunda_opcion_id, turno_preferencia, gestion_id, estado, recurrente, user_id, created_at, updated_at) VALUES (357, '2736222', 'Leticia', 'Fuentes', '2005-01-15', 'M', NULL, '59183984181', 'leticiafuentes156@estudiante.edu.bo', 'Colegio Boliviano', 'Santa Cruz de la Sierra', NULL, 2, 4, 'Tarde', 1, 'Preinscrito', false, 456, NOW(), NOW());
INSERT INTO requisitos_documentales (postulante_id, ci_digitalizado, certificado_nacimiento, titulo_bachiller_legalizado, formulario_preinscripcion, verificado_bd_externa, updated_at) VALUES (357, false, false, false, false, false, NOW());
INSERT INTO users (id, name, email, password, role, active, created_at, updated_at) VALUES (457, 'Víctor Ortiz', 'víctorortiz157@estudiante.edu.bo', '\$2y\$12\$TyO9cTQJ0O7NSPORyyP8Hup.wk8.BWNWu4itdEJYyjZ2Sem9DbFyi', 'Postulante', true, NOW(), NOW());
INSERT INTO postulantes (id, ci, nombres, apellidos, fecha_nacimiento, sexo, direccion, telefono, email, colegio_procedencia, ciudad, titulo_bachiller, primera_opcion_id, segunda_opcion_id, turno_preferencia, gestion_id, estado, recurrente, user_id, created_at, updated_at) VALUES (358, '7458711', 'Víctor', 'Ortiz', '2005-01-15', 'M', NULL, '59182066249', 'víctorortiz157@estudiante.edu.bo', 'Colegio Boliviano', 'Santa Cruz de la Sierra', NULL, 2, 4, 'Tarde', 1, 'Preinscrito', false, 457, NOW(), NOW());
INSERT INTO requisitos_documentales (postulante_id, ci_digitalizado, certificado_nacimiento, titulo_bachiller_legalizado, formulario_preinscripcion, verificado_bd_externa, updated_at) VALUES (358, false, false, false, false, false, NOW());
INSERT INTO users (id, name, email, password, role, active, created_at, updated_at) VALUES (458, 'Carlos Reyes', 'carlosreyes158@estudiante.edu.bo', '\$2y\$12\$TyO9cTQJ0O7NSPORyyP8Hup.wk8.BWNWu4itdEJYyjZ2Sem9DbFyi', 'Postulante', true, NOW(), NOW());
INSERT INTO postulantes (id, ci, nombres, apellidos, fecha_nacimiento, sexo, direccion, telefono, email, colegio_procedencia, ciudad, titulo_bachiller, primera_opcion_id, segunda_opcion_id, turno_preferencia, gestion_id, estado, recurrente, user_id, created_at, updated_at) VALUES (359, '3900431', 'Carlos', 'Reyes', '2005-01-15', 'M', NULL, '59167570123', 'carlosreyes158@estudiante.edu.bo', 'Colegio Boliviano', 'Santa Cruz de la Sierra', NULL, 2, 4, 'Manana', 1, 'Preinscrito', false, 458, NOW(), NOW());
INSERT INTO requisitos_documentales (postulante_id, ci_digitalizado, certificado_nacimiento, titulo_bachiller_legalizado, formulario_preinscripcion, verificado_bd_externa, updated_at) VALUES (359, false, false, false, false, false, NOW());
INSERT INTO users (id, name, email, password, role, active, created_at, updated_at) VALUES (459, 'Ricardo Rojas', 'ricardorojas159@estudiante.edu.bo', '\$2y\$12\$TyO9cTQJ0O7NSPORyyP8Hup.wk8.BWNWu4itdEJYyjZ2Sem9DbFyi', 'Postulante', true, NOW(), NOW());
INSERT INTO postulantes (id, ci, nombres, apellidos, fecha_nacimiento, sexo, direccion, telefono, email, colegio_procedencia, ciudad, titulo_bachiller, primera_opcion_id, segunda_opcion_id, turno_preferencia, gestion_id, estado, recurrente, user_id, created_at, updated_at) VALUES (360, '3112437', 'Ricardo', 'Rojas', '2005-01-15', 'M', NULL, '59196665409', 'ricardorojas159@estudiante.edu.bo', 'Colegio Boliviano', 'Santa Cruz de la Sierra', NULL, 2, 4, 'Noche', 1, 'Preinscrito', false, 459, NOW(), NOW());
INSERT INTO requisitos_documentales (postulante_id, ci_digitalizado, certificado_nacimiento, titulo_bachiller_legalizado, formulario_preinscripcion, verificado_bd_externa, updated_at) VALUES (360, false, false, false, false, false, NOW());
INSERT INTO users (id, name, email, password, role, active, created_at, updated_at) VALUES (460, 'Jorge Rojas', 'jorgerojas160@estudiante.edu.bo', '\$2y\$12\$TyO9cTQJ0O7NSPORyyP8Hup.wk8.BWNWu4itdEJYyjZ2Sem9DbFyi', 'Postulante', true, NOW(), NOW());
INSERT INTO postulantes (id, ci, nombres, apellidos, fecha_nacimiento, sexo, direccion, telefono, email, colegio_procedencia, ciudad, titulo_bachiller, primera_opcion_id, segunda_opcion_id, turno_preferencia, gestion_id, estado, recurrente, user_id, created_at, updated_at) VALUES (361, '7848349', 'Jorge', 'Rojas', '2005-01-15', 'M', NULL, '59182293674', 'jorgerojas160@estudiante.edu.bo', 'Colegio Boliviano', 'Santa Cruz de la Sierra', NULL, 2, 4, 'Noche', 1, 'Preinscrito', false, 460, NOW(), NOW());
INSERT INTO requisitos_documentales (postulante_id, ci_digitalizado, certificado_nacimiento, titulo_bachiller_legalizado, formulario_preinscripcion, verificado_bd_externa, updated_at) VALUES (361, false, false, false, false, false, NOW());
INSERT INTO users (id, name, email, password, role, active, created_at, updated_at) VALUES (461, 'Isabel Rivera', 'isabelrivera161@estudiante.edu.bo', '\$2y\$12\$TyO9cTQJ0O7NSPORyyP8Hup.wk8.BWNWu4itdEJYyjZ2Sem9DbFyi', 'Postulante', true, NOW(), NOW());
INSERT INTO postulantes (id, ci, nombres, apellidos, fecha_nacimiento, sexo, direccion, telefono, email, colegio_procedencia, ciudad, titulo_bachiller, primera_opcion_id, segunda_opcion_id, turno_preferencia, gestion_id, estado, recurrente, user_id, created_at, updated_at) VALUES (362, '8557764', 'Isabel', 'Rivera', '2005-01-15', 'M', NULL, '59197338411', 'isabelrivera161@estudiante.edu.bo', 'Colegio Boliviano', 'Santa Cruz de la Sierra', NULL, 2, 4, 'Manana', 1, 'Preinscrito', false, 461, NOW(), NOW());
INSERT INTO requisitos_documentales (postulante_id, ci_digitalizado, certificado_nacimiento, titulo_bachiller_legalizado, formulario_preinscripcion, verificado_bd_externa, updated_at) VALUES (362, false, false, false, false, false, NOW());
INSERT INTO users (id, name, email, password, role, active, created_at, updated_at) VALUES (462, 'Natalia Vargas', 'nataliavargas162@estudiante.edu.bo', '\$2y\$12\$TyO9cTQJ0O7NSPORyyP8Hup.wk8.BWNWu4itdEJYyjZ2Sem9DbFyi', 'Postulante', true, NOW(), NOW());
INSERT INTO postulantes (id, ci, nombres, apellidos, fecha_nacimiento, sexo, direccion, telefono, email, colegio_procedencia, ciudad, titulo_bachiller, primera_opcion_id, segunda_opcion_id, turno_preferencia, gestion_id, estado, recurrente, user_id, created_at, updated_at) VALUES (363, '1583820', 'Natalia', 'Vargas', '2005-01-15', 'M', NULL, '59197905355', 'nataliavargas162@estudiante.edu.bo', 'Colegio Boliviano', 'Santa Cruz de la Sierra', NULL, 2, 4, 'Manana', 1, 'Preinscrito', false, 462, NOW(), NOW());
INSERT INTO requisitos_documentales (postulante_id, ci_digitalizado, certificado_nacimiento, titulo_bachiller_legalizado, formulario_preinscripcion, verificado_bd_externa, updated_at) VALUES (363, false, false, false, false, false, NOW());
INSERT INTO users (id, name, email, password, role, active, created_at, updated_at) VALUES (463, 'Elena Flores', 'elenaflores163@estudiante.edu.bo', '\$2y\$12\$TyO9cTQJ0O7NSPORyyP8Hup.wk8.BWNWu4itdEJYyjZ2Sem9DbFyi', 'Postulante', true, NOW(), NOW());
INSERT INTO postulantes (id, ci, nombres, apellidos, fecha_nacimiento, sexo, direccion, telefono, email, colegio_procedencia, ciudad, titulo_bachiller, primera_opcion_id, segunda_opcion_id, turno_preferencia, gestion_id, estado, recurrente, user_id, created_at, updated_at) VALUES (364, '2137801', 'Elena', 'Flores', '2005-01-15', 'M', NULL, '59164324486', 'elenaflores163@estudiante.edu.bo', 'Colegio Boliviano', 'Santa Cruz de la Sierra', NULL, 2, 4, 'Noche', 1, 'Preinscrito', false, 463, NOW(), NOW());
INSERT INTO requisitos_documentales (postulante_id, ci_digitalizado, certificado_nacimiento, titulo_bachiller_legalizado, formulario_preinscripcion, verificado_bd_externa, updated_at) VALUES (364, false, false, false, false, false, NOW());
INSERT INTO users (id, name, email, password, role, active, created_at, updated_at) VALUES (464, 'Miguel Medina', 'miguelmedina164@estudiante.edu.bo', '\$2y\$12\$TyO9cTQJ0O7NSPORyyP8Hup.wk8.BWNWu4itdEJYyjZ2Sem9DbFyi', 'Postulante', true, NOW(), NOW());
INSERT INTO postulantes (id, ci, nombres, apellidos, fecha_nacimiento, sexo, direccion, telefono, email, colegio_procedencia, ciudad, titulo_bachiller, primera_opcion_id, segunda_opcion_id, turno_preferencia, gestion_id, estado, recurrente, user_id, created_at, updated_at) VALUES (365, '1159861', 'Miguel', 'Medina', '2005-01-15', 'M', NULL, '59177735649', 'miguelmedina164@estudiante.edu.bo', 'Colegio Boliviano', 'Santa Cruz de la Sierra', NULL, 2, 4, 'Tarde', 1, 'Preinscrito', false, 464, NOW(), NOW());
INSERT INTO requisitos_documentales (postulante_id, ci_digitalizado, certificado_nacimiento, titulo_bachiller_legalizado, formulario_preinscripcion, verificado_bd_externa, updated_at) VALUES (365, false, false, false, false, false, NOW());
INSERT INTO users (id, name, email, password, role, active, created_at, updated_at) VALUES (465, 'Beatriz Vázquez', 'beatrizvázquez165@estudiante.edu.bo', '\$2y\$12\$TyO9cTQJ0O7NSPORyyP8Hup.wk8.BWNWu4itdEJYyjZ2Sem9DbFyi', 'Postulante', true, NOW(), NOW());
INSERT INTO postulantes (id, ci, nombres, apellidos, fecha_nacimiento, sexo, direccion, telefono, email, colegio_procedencia, ciudad, titulo_bachiller, primera_opcion_id, segunda_opcion_id, turno_preferencia, gestion_id, estado, recurrente, user_id, created_at, updated_at) VALUES (366, '3595135', 'Beatriz', 'Vázquez', '2005-01-15', 'M', NULL, '59163852827', 'beatrizvázquez165@estudiante.edu.bo', 'Colegio Boliviano', 'Santa Cruz de la Sierra', NULL, 2, 4, 'Noche', 1, 'Preinscrito', false, 465, NOW(), NOW());
INSERT INTO requisitos_documentales (postulante_id, ci_digitalizado, certificado_nacimiento, titulo_bachiller_legalizado, formulario_preinscripcion, verificado_bd_externa, updated_at) VALUES (366, false, false, false, false, false, NOW());
INSERT INTO users (id, name, email, password, role, active, created_at, updated_at) VALUES (466, 'Isabel Contreras', 'isabelcontreras166@estudiante.edu.bo', '\$2y\$12\$TyO9cTQJ0O7NSPORyyP8Hup.wk8.BWNWu4itdEJYyjZ2Sem9DbFyi', 'Postulante', true, NOW(), NOW());
INSERT INTO postulantes (id, ci, nombres, apellidos, fecha_nacimiento, sexo, direccion, telefono, email, colegio_procedencia, ciudad, titulo_bachiller, primera_opcion_id, segunda_opcion_id, turno_preferencia, gestion_id, estado, recurrente, user_id, created_at, updated_at) VALUES (367, '3996064', 'Isabel', 'Contreras', '2005-01-15', 'M', NULL, '59178560705', 'isabelcontreras166@estudiante.edu.bo', 'Colegio Boliviano', 'Santa Cruz de la Sierra', NULL, 2, 4, 'Tarde', 1, 'Preinscrito', false, 466, NOW(), NOW());
INSERT INTO requisitos_documentales (postulante_id, ci_digitalizado, certificado_nacimiento, titulo_bachiller_legalizado, formulario_preinscripcion, verificado_bd_externa, updated_at) VALUES (367, false, false, false, false, false, NOW());
INSERT INTO users (id, name, email, password, role, active, created_at, updated_at) VALUES (467, 'Rafael Domínguez', 'rafaeldomínguez167@estudiante.edu.bo', '\$2y\$12\$TyO9cTQJ0O7NSPORyyP8Hup.wk8.BWNWu4itdEJYyjZ2Sem9DbFyi', 'Postulante', true, NOW(), NOW());
INSERT INTO postulantes (id, ci, nombres, apellidos, fecha_nacimiento, sexo, direccion, telefono, email, colegio_procedencia, ciudad, titulo_bachiller, primera_opcion_id, segunda_opcion_id, turno_preferencia, gestion_id, estado, recurrente, user_id, created_at, updated_at) VALUES (368, '9968692', 'Rafael', 'Domínguez', '2005-01-15', 'M', NULL, '59166570286', 'rafaeldomínguez167@estudiante.edu.bo', 'Colegio Boliviano', 'Santa Cruz de la Sierra', NULL, 2, 4, 'Tarde', 1, 'Preinscrito', false, 467, NOW(), NOW());
INSERT INTO requisitos_documentales (postulante_id, ci_digitalizado, certificado_nacimiento, titulo_bachiller_legalizado, formulario_preinscripcion, verificado_bd_externa, updated_at) VALUES (368, false, false, false, false, false, NOW());
INSERT INTO users (id, name, email, password, role, active, created_at, updated_at) VALUES (468, 'Marisol Hernández', 'marisolhernández168@estudiante.edu.bo', '\$2y\$12\$TyO9cTQJ0O7NSPORyyP8Hup.wk8.BWNWu4itdEJYyjZ2Sem9DbFyi', 'Postulante', true, NOW(), NOW());
INSERT INTO postulantes (id, ci, nombres, apellidos, fecha_nacimiento, sexo, direccion, telefono, email, colegio_procedencia, ciudad, titulo_bachiller, primera_opcion_id, segunda_opcion_id, turno_preferencia, gestion_id, estado, recurrente, user_id, created_at, updated_at) VALUES (369, '2801419', 'Marisol', 'Hernández', '2005-01-15', 'M', NULL, '59167037992', 'marisolhernández168@estudiante.edu.bo', 'Colegio Boliviano', 'Santa Cruz de la Sierra', NULL, 2, 4, 'Noche', 1, 'Preinscrito', false, 468, NOW(), NOW());
INSERT INTO requisitos_documentales (postulante_id, ci_digitalizado, certificado_nacimiento, titulo_bachiller_legalizado, formulario_preinscripcion, verificado_bd_externa, updated_at) VALUES (369, false, false, false, false, false, NOW());
INSERT INTO users (id, name, email, password, role, active, created_at, updated_at) VALUES (469, 'Pedro Navarro', 'pedronavarro169@estudiante.edu.bo', '\$2y\$12\$TyO9cTQJ0O7NSPORyyP8Hup.wk8.BWNWu4itdEJYyjZ2Sem9DbFyi', 'Postulante', true, NOW(), NOW());
INSERT INTO postulantes (id, ci, nombres, apellidos, fecha_nacimiento, sexo, direccion, telefono, email, colegio_procedencia, ciudad, titulo_bachiller, primera_opcion_id, segunda_opcion_id, turno_preferencia, gestion_id, estado, recurrente, user_id, created_at, updated_at) VALUES (370, '9089989', 'Pedro', 'Navarro', '2005-01-15', 'M', NULL, '59171942108', 'pedronavarro169@estudiante.edu.bo', 'Colegio Boliviano', 'Santa Cruz de la Sierra', NULL, 2, 4, 'Manana', 1, 'Preinscrito', false, 469, NOW(), NOW());
INSERT INTO requisitos_documentales (postulante_id, ci_digitalizado, certificado_nacimiento, titulo_bachiller_legalizado, formulario_preinscripcion, verificado_bd_externa, updated_at) VALUES (370, false, false, false, false, false, NOW());
INSERT INTO users (id, name, email, password, role, active, created_at, updated_at) VALUES (470, 'Alejandro Medina', 'alejandromedina170@estudiante.edu.bo', '\$2y\$12\$TyO9cTQJ0O7NSPORyyP8Hup.wk8.BWNWu4itdEJYyjZ2Sem9DbFyi', 'Postulante', true, NOW(), NOW());
INSERT INTO postulantes (id, ci, nombres, apellidos, fecha_nacimiento, sexo, direccion, telefono, email, colegio_procedencia, ciudad, titulo_bachiller, primera_opcion_id, segunda_opcion_id, turno_preferencia, gestion_id, estado, recurrente, user_id, created_at, updated_at) VALUES (371, '1782125', 'Alejandro', 'Medina', '2005-01-15', 'M', NULL, '59165405599', 'alejandromedina170@estudiante.edu.bo', 'Colegio Boliviano', 'Santa Cruz de la Sierra', NULL, 2, 4, 'Noche', 1, 'Preinscrito', false, 470, NOW(), NOW());
INSERT INTO requisitos_documentales (postulante_id, ci_digitalizado, certificado_nacimiento, titulo_bachiller_legalizado, formulario_preinscripcion, verificado_bd_externa, updated_at) VALUES (371, false, false, false, false, false, NOW());
INSERT INTO users (id, name, email, password, role, active, created_at, updated_at) VALUES (471, 'Arturo Hernández', 'arturohernández171@estudiante.edu.bo', '\$2y\$12\$TyO9cTQJ0O7NSPORyyP8Hup.wk8.BWNWu4itdEJYyjZ2Sem9DbFyi', 'Postulante', true, NOW(), NOW());
INSERT INTO postulantes (id, ci, nombres, apellidos, fecha_nacimiento, sexo, direccion, telefono, email, colegio_procedencia, ciudad, titulo_bachiller, primera_opcion_id, segunda_opcion_id, turno_preferencia, gestion_id, estado, recurrente, user_id, created_at, updated_at) VALUES (372, '1042860', 'Arturo', 'Hernández', '2005-01-15', 'M', NULL, '59171700053', 'arturohernández171@estudiante.edu.bo', 'Colegio Boliviano', 'Santa Cruz de la Sierra', NULL, 2, 4, 'Noche', 1, 'Preinscrito', false, 471, NOW(), NOW());
INSERT INTO requisitos_documentales (postulante_id, ci_digitalizado, certificado_nacimiento, titulo_bachiller_legalizado, formulario_preinscripcion, verificado_bd_externa, updated_at) VALUES (372, false, false, false, false, false, NOW());
INSERT INTO users (id, name, email, password, role, active, created_at, updated_at) VALUES (472, 'Natalia Ortiz', 'nataliaortiz172@estudiante.edu.bo', '\$2y\$12\$TyO9cTQJ0O7NSPORyyP8Hup.wk8.BWNWu4itdEJYyjZ2Sem9DbFyi', 'Postulante', true, NOW(), NOW());
INSERT INTO postulantes (id, ci, nombres, apellidos, fecha_nacimiento, sexo, direccion, telefono, email, colegio_procedencia, ciudad, titulo_bachiller, primera_opcion_id, segunda_opcion_id, turno_preferencia, gestion_id, estado, recurrente, user_id, created_at, updated_at) VALUES (373, '3267844', 'Natalia', 'Ortiz', '2005-01-15', 'M', NULL, '59196307122', 'nataliaortiz172@estudiante.edu.bo', 'Colegio Boliviano', 'Santa Cruz de la Sierra', NULL, 2, 4, 'Tarde', 1, 'Preinscrito', false, 472, NOW(), NOW());
INSERT INTO requisitos_documentales (postulante_id, ci_digitalizado, certificado_nacimiento, titulo_bachiller_legalizado, formulario_preinscripcion, verificado_bd_externa, updated_at) VALUES (373, false, false, false, false, false, NOW());
INSERT INTO users (id, name, email, password, role, active, created_at, updated_at) VALUES (473, 'Ricardo Reyes', 'ricardoreyes173@estudiante.edu.bo', '\$2y\$12\$TyO9cTQJ0O7NSPORyyP8Hup.wk8.BWNWu4itdEJYyjZ2Sem9DbFyi', 'Postulante', true, NOW(), NOW());
INSERT INTO postulantes (id, ci, nombres, apellidos, fecha_nacimiento, sexo, direccion, telefono, email, colegio_procedencia, ciudad, titulo_bachiller, primera_opcion_id, segunda_opcion_id, turno_preferencia, gestion_id, estado, recurrente, user_id, created_at, updated_at) VALUES (374, '3250823', 'Ricardo', 'Reyes', '2005-01-15', 'M', NULL, '59192987855', 'ricardoreyes173@estudiante.edu.bo', 'Colegio Boliviano', 'Santa Cruz de la Sierra', NULL, 2, 4, 'Manana', 1, 'Preinscrito', false, 473, NOW(), NOW());
INSERT INTO requisitos_documentales (postulante_id, ci_digitalizado, certificado_nacimiento, titulo_bachiller_legalizado, formulario_preinscripcion, verificado_bd_externa, updated_at) VALUES (374, false, false, false, false, false, NOW());
INSERT INTO users (id, name, email, password, role, active, created_at, updated_at) VALUES (474, 'Sergio Ruiz', 'sergioruiz174@estudiante.edu.bo', '\$2y\$12\$TyO9cTQJ0O7NSPORyyP8Hup.wk8.BWNWu4itdEJYyjZ2Sem9DbFyi', 'Postulante', true, NOW(), NOW());
INSERT INTO postulantes (id, ci, nombres, apellidos, fecha_nacimiento, sexo, direccion, telefono, email, colegio_procedencia, ciudad, titulo_bachiller, primera_opcion_id, segunda_opcion_id, turno_preferencia, gestion_id, estado, recurrente, user_id, created_at, updated_at) VALUES (375, '6085354', 'Sergio', 'Ruiz', '2005-01-15', 'M', NULL, '59160422645', 'sergioruiz174@estudiante.edu.bo', 'Colegio Boliviano', 'Santa Cruz de la Sierra', NULL, 2, 4, 'Manana', 1, 'Preinscrito', false, 474, NOW(), NOW());
INSERT INTO requisitos_documentales (postulante_id, ci_digitalizado, certificado_nacimiento, titulo_bachiller_legalizado, formulario_preinscripcion, verificado_bd_externa, updated_at) VALUES (375, false, false, false, false, false, NOW());
INSERT INTO users (id, name, email, password, role, active, created_at, updated_at) VALUES (475, 'Alejandro Guerrero', 'alejandroguerrero175@estudiante.edu.bo', '\$2y\$12\$TyO9cTQJ0O7NSPORyyP8Hup.wk8.BWNWu4itdEJYyjZ2Sem9DbFyi', 'Postulante', true, NOW(), NOW());
INSERT INTO postulantes (id, ci, nombres, apellidos, fecha_nacimiento, sexo, direccion, telefono, email, colegio_procedencia, ciudad, titulo_bachiller, primera_opcion_id, segunda_opcion_id, turno_preferencia, gestion_id, estado, recurrente, user_id, created_at, updated_at) VALUES (376, '4452334', 'Alejandro', 'Guerrero', '2005-01-15', 'M', NULL, '59186771485', 'alejandroguerrero175@estudiante.edu.bo', 'Colegio Boliviano', 'Santa Cruz de la Sierra', NULL, 2, 4, 'Tarde', 1, 'Preinscrito', false, 475, NOW(), NOW());
INSERT INTO requisitos_documentales (postulante_id, ci_digitalizado, certificado_nacimiento, titulo_bachiller_legalizado, formulario_preinscripcion, verificado_bd_externa, updated_at) VALUES (376, false, false, false, false, false, NOW());
INSERT INTO users (id, name, email, password, role, active, created_at, updated_at) VALUES (476, 'Beatriz Rivas', 'beatrizrivas176@estudiante.edu.bo', '\$2y\$12\$TyO9cTQJ0O7NSPORyyP8Hup.wk8.BWNWu4itdEJYyjZ2Sem9DbFyi', 'Postulante', true, NOW(), NOW());
INSERT INTO postulantes (id, ci, nombres, apellidos, fecha_nacimiento, sexo, direccion, telefono, email, colegio_procedencia, ciudad, titulo_bachiller, primera_opcion_id, segunda_opcion_id, turno_preferencia, gestion_id, estado, recurrente, user_id, created_at, updated_at) VALUES (377, '6427634', 'Beatriz', 'Rivas', '2005-01-15', 'M', NULL, '59160489323', 'beatrizrivas176@estudiante.edu.bo', 'Colegio Boliviano', 'Santa Cruz de la Sierra', NULL, 2, 4, 'Noche', 1, 'Preinscrito', false, 476, NOW(), NOW());
INSERT INTO requisitos_documentales (postulante_id, ci_digitalizado, certificado_nacimiento, titulo_bachiller_legalizado, formulario_preinscripcion, verificado_bd_externa, updated_at) VALUES (377, false, false, false, false, false, NOW());
INSERT INTO users (id, name, email, password, role, active, created_at, updated_at) VALUES (477, 'Pedro Flores', 'pedroflores177@estudiante.edu.bo', '\$2y\$12\$TyO9cTQJ0O7NSPORyyP8Hup.wk8.BWNWu4itdEJYyjZ2Sem9DbFyi', 'Postulante', true, NOW(), NOW());
INSERT INTO postulantes (id, ci, nombres, apellidos, fecha_nacimiento, sexo, direccion, telefono, email, colegio_procedencia, ciudad, titulo_bachiller, primera_opcion_id, segunda_opcion_id, turno_preferencia, gestion_id, estado, recurrente, user_id, created_at, updated_at) VALUES (378, '8110660', 'Pedro', 'Flores', '2005-01-15', 'M', NULL, '59160027511', 'pedroflores177@estudiante.edu.bo', 'Colegio Boliviano', 'Santa Cruz de la Sierra', NULL, 2, 4, 'Manana', 1, 'Preinscrito', false, 477, NOW(), NOW());
INSERT INTO requisitos_documentales (postulante_id, ci_digitalizado, certificado_nacimiento, titulo_bachiller_legalizado, formulario_preinscripcion, verificado_bd_externa, updated_at) VALUES (378, false, false, false, false, false, NOW());
INSERT INTO users (id, name, email, password, role, active, created_at, updated_at) VALUES (478, 'Manuel Campos', 'manuelcampos178@estudiante.edu.bo', '\$2y\$12\$TyO9cTQJ0O7NSPORyyP8Hup.wk8.BWNWu4itdEJYyjZ2Sem9DbFyi', 'Postulante', true, NOW(), NOW());
INSERT INTO postulantes (id, ci, nombres, apellidos, fecha_nacimiento, sexo, direccion, telefono, email, colegio_procedencia, ciudad, titulo_bachiller, primera_opcion_id, segunda_opcion_id, turno_preferencia, gestion_id, estado, recurrente, user_id, created_at, updated_at) VALUES (379, '4866065', 'Manuel', 'Campos', '2005-01-15', 'M', NULL, '59170282491', 'manuelcampos178@estudiante.edu.bo', 'Colegio Boliviano', 'Santa Cruz de la Sierra', NULL, 2, 4, 'Manana', 1, 'Preinscrito', false, 478, NOW(), NOW());
INSERT INTO requisitos_documentales (postulante_id, ci_digitalizado, certificado_nacimiento, titulo_bachiller_legalizado, formulario_preinscripcion, verificado_bd_externa, updated_at) VALUES (379, false, false, false, false, false, NOW());
INSERT INTO users (id, name, email, password, role, active, created_at, updated_at) VALUES (479, 'Rafael Vargas', 'rafaelvargas179@estudiante.edu.bo', '\$2y\$12\$TyO9cTQJ0O7NSPORyyP8Hup.wk8.BWNWu4itdEJYyjZ2Sem9DbFyi', 'Postulante', true, NOW(), NOW());
INSERT INTO postulantes (id, ci, nombres, apellidos, fecha_nacimiento, sexo, direccion, telefono, email, colegio_procedencia, ciudad, titulo_bachiller, primera_opcion_id, segunda_opcion_id, turno_preferencia, gestion_id, estado, recurrente, user_id, created_at, updated_at) VALUES (380, '4892448', 'Rafael', 'Vargas', '2005-01-15', 'M', NULL, '59186979387', 'rafaelvargas179@estudiante.edu.bo', 'Colegio Boliviano', 'Santa Cruz de la Sierra', NULL, 2, 4, 'Tarde', 1, 'Preinscrito', false, 479, NOW(), NOW());
INSERT INTO requisitos_documentales (postulante_id, ci_digitalizado, certificado_nacimiento, titulo_bachiller_legalizado, formulario_preinscripcion, verificado_bd_externa, updated_at) VALUES (380, false, false, false, false, false, NOW());
INSERT INTO users (id, name, email, password, role, active, created_at, updated_at) VALUES (480, 'Carmen Cortés', 'carmencortés180@estudiante.edu.bo', '\$2y\$12\$TyO9cTQJ0O7NSPORyyP8Hup.wk8.BWNWu4itdEJYyjZ2Sem9DbFyi', 'Postulante', true, NOW(), NOW());
INSERT INTO postulantes (id, ci, nombres, apellidos, fecha_nacimiento, sexo, direccion, telefono, email, colegio_procedencia, ciudad, titulo_bachiller, primera_opcion_id, segunda_opcion_id, turno_preferencia, gestion_id, estado, recurrente, user_id, created_at, updated_at) VALUES (381, '6551931', 'Carmen', 'Cortés', '2005-01-15', 'M', NULL, '59160915822', 'carmencortés180@estudiante.edu.bo', 'Colegio Boliviano', 'Santa Cruz de la Sierra', NULL, 2, 4, 'Noche', 1, 'Preinscrito', false, 480, NOW(), NOW());
INSERT INTO requisitos_documentales (postulante_id, ci_digitalizado, certificado_nacimiento, titulo_bachiller_legalizado, formulario_preinscripcion, verificado_bd_externa, updated_at) VALUES (381, false, false, false, false, false, NOW());
INSERT INTO users (id, name, email, password, role, active, created_at, updated_at) VALUES (481, 'Oscar Vega', 'oscarvega181@estudiante.edu.bo', '\$2y\$12\$TyO9cTQJ0O7NSPORyyP8Hup.wk8.BWNWu4itdEJYyjZ2Sem9DbFyi', 'Postulante', true, NOW(), NOW());
INSERT INTO postulantes (id, ci, nombres, apellidos, fecha_nacimiento, sexo, direccion, telefono, email, colegio_procedencia, ciudad, titulo_bachiller, primera_opcion_id, segunda_opcion_id, turno_preferencia, gestion_id, estado, recurrente, user_id, created_at, updated_at) VALUES (382, '2633475', 'Oscar', 'Vega', '2005-01-15', 'M', NULL, '59161400877', 'oscarvega181@estudiante.edu.bo', 'Colegio Boliviano', 'Santa Cruz de la Sierra', NULL, 2, 4, 'Noche', 1, 'Preinscrito', false, 481, NOW(), NOW());
INSERT INTO requisitos_documentales (postulante_id, ci_digitalizado, certificado_nacimiento, titulo_bachiller_legalizado, formulario_preinscripcion, verificado_bd_externa, updated_at) VALUES (382, false, false, false, false, false, NOW());
INSERT INTO users (id, name, email, password, role, active, created_at, updated_at) VALUES (482, 'Aurora Contreras', 'auroracontreras182@estudiante.edu.bo', '\$2y\$12\$TyO9cTQJ0O7NSPORyyP8Hup.wk8.BWNWu4itdEJYyjZ2Sem9DbFyi', 'Postulante', true, NOW(), NOW());
INSERT INTO postulantes (id, ci, nombres, apellidos, fecha_nacimiento, sexo, direccion, telefono, email, colegio_procedencia, ciudad, titulo_bachiller, primera_opcion_id, segunda_opcion_id, turno_preferencia, gestion_id, estado, recurrente, user_id, created_at, updated_at) VALUES (383, '4956905', 'Aurora', 'Contreras', '2005-01-15', 'M', NULL, '59195462832', 'auroracontreras182@estudiante.edu.bo', 'Colegio Boliviano', 'Santa Cruz de la Sierra', NULL, 2, 4, 'Noche', 1, 'Preinscrito', false, 482, NOW(), NOW());
INSERT INTO requisitos_documentales (postulante_id, ci_digitalizado, certificado_nacimiento, titulo_bachiller_legalizado, formulario_preinscripcion, verificado_bd_externa, updated_at) VALUES (383, false, false, false, false, false, NOW());
INSERT INTO users (id, name, email, password, role, active, created_at, updated_at) VALUES (483, 'Ricardo Morales', 'ricardomorales183@estudiante.edu.bo', '\$2y\$12\$TyO9cTQJ0O7NSPORyyP8Hup.wk8.BWNWu4itdEJYyjZ2Sem9DbFyi', 'Postulante', true, NOW(), NOW());
INSERT INTO postulantes (id, ci, nombres, apellidos, fecha_nacimiento, sexo, direccion, telefono, email, colegio_procedencia, ciudad, titulo_bachiller, primera_opcion_id, segunda_opcion_id, turno_preferencia, gestion_id, estado, recurrente, user_id, created_at, updated_at) VALUES (384, '6552613', 'Ricardo', 'Morales', '2005-01-15', 'M', NULL, '59165001772', 'ricardomorales183@estudiante.edu.bo', 'Colegio Boliviano', 'Santa Cruz de la Sierra', NULL, 2, 4, 'Tarde', 1, 'Preinscrito', false, 483, NOW(), NOW());
INSERT INTO requisitos_documentales (postulante_id, ci_digitalizado, certificado_nacimiento, titulo_bachiller_legalizado, formulario_preinscripcion, verificado_bd_externa, updated_at) VALUES (384, false, false, false, false, false, NOW());
INSERT INTO users (id, name, email, password, role, active, created_at, updated_at) VALUES (484, 'Javier Sánchez', 'javiersánchez184@estudiante.edu.bo', '\$2y\$12\$TyO9cTQJ0O7NSPORyyP8Hup.wk8.BWNWu4itdEJYyjZ2Sem9DbFyi', 'Postulante', true, NOW(), NOW());
INSERT INTO postulantes (id, ci, nombres, apellidos, fecha_nacimiento, sexo, direccion, telefono, email, colegio_procedencia, ciudad, titulo_bachiller, primera_opcion_id, segunda_opcion_id, turno_preferencia, gestion_id, estado, recurrente, user_id, created_at, updated_at) VALUES (385, '9652218', 'Javier', 'Sánchez', '2005-01-15', 'M', NULL, '59182265718', 'javiersánchez184@estudiante.edu.bo', 'Colegio Boliviano', 'Santa Cruz de la Sierra', NULL, 2, 4, 'Tarde', 1, 'Preinscrito', false, 484, NOW(), NOW());
INSERT INTO requisitos_documentales (postulante_id, ci_digitalizado, certificado_nacimiento, titulo_bachiller_legalizado, formulario_preinscripcion, verificado_bd_externa, updated_at) VALUES (385, false, false, false, false, false, NOW());
INSERT INTO users (id, name, email, password, role, active, created_at, updated_at) VALUES (485, 'Rosa Valdez', 'rosavaldez185@estudiante.edu.bo', '\$2y\$12\$TyO9cTQJ0O7NSPORyyP8Hup.wk8.BWNWu4itdEJYyjZ2Sem9DbFyi', 'Postulante', true, NOW(), NOW());
INSERT INTO postulantes (id, ci, nombres, apellidos, fecha_nacimiento, sexo, direccion, telefono, email, colegio_procedencia, ciudad, titulo_bachiller, primera_opcion_id, segunda_opcion_id, turno_preferencia, gestion_id, estado, recurrente, user_id, created_at, updated_at) VALUES (386, '4411443', 'Rosa', 'Valdez', '2005-01-15', 'M', NULL, '59165044613', 'rosavaldez185@estudiante.edu.bo', 'Colegio Boliviano', 'Santa Cruz de la Sierra', NULL, 2, 4, 'Tarde', 1, 'Preinscrito', false, 485, NOW(), NOW());
INSERT INTO requisitos_documentales (postulante_id, ci_digitalizado, certificado_nacimiento, titulo_bachiller_legalizado, formulario_preinscripcion, verificado_bd_externa, updated_at) VALUES (386, false, false, false, false, false, NOW());
INSERT INTO users (id, name, email, password, role, active, created_at, updated_at) VALUES (486, 'Manuel Fuentes', 'manuelfuentes186@estudiante.edu.bo', '\$2y\$12\$TyO9cTQJ0O7NSPORyyP8Hup.wk8.BWNWu4itdEJYyjZ2Sem9DbFyi', 'Postulante', true, NOW(), NOW());
INSERT INTO postulantes (id, ci, nombres, apellidos, fecha_nacimiento, sexo, direccion, telefono, email, colegio_procedencia, ciudad, titulo_bachiller, primera_opcion_id, segunda_opcion_id, turno_preferencia, gestion_id, estado, recurrente, user_id, created_at, updated_at) VALUES (387, '6806439', 'Manuel', 'Fuentes', '2005-01-15', 'M', NULL, '59190212180', 'manuelfuentes186@estudiante.edu.bo', 'Colegio Boliviano', 'Santa Cruz de la Sierra', NULL, 2, 4, 'Tarde', 1, 'Preinscrito', false, 486, NOW(), NOW());
INSERT INTO requisitos_documentales (postulante_id, ci_digitalizado, certificado_nacimiento, titulo_bachiller_legalizado, formulario_preinscripcion, verificado_bd_externa, updated_at) VALUES (387, false, false, false, false, false, NOW());
INSERT INTO users (id, name, email, password, role, active, created_at, updated_at) VALUES (487, 'Francisca Rivas', 'franciscarivas187@estudiante.edu.bo', '\$2y\$12\$TyO9cTQJ0O7NSPORyyP8Hup.wk8.BWNWu4itdEJYyjZ2Sem9DbFyi', 'Postulante', true, NOW(), NOW());
INSERT INTO postulantes (id, ci, nombres, apellidos, fecha_nacimiento, sexo, direccion, telefono, email, colegio_procedencia, ciudad, titulo_bachiller, primera_opcion_id, segunda_opcion_id, turno_preferencia, gestion_id, estado, recurrente, user_id, created_at, updated_at) VALUES (388, '4160622', 'Francisca', 'Rivas', '2005-01-15', 'M', NULL, '59161692580', 'franciscarivas187@estudiante.edu.bo', 'Colegio Boliviano', 'Santa Cruz de la Sierra', NULL, 2, 4, 'Noche', 1, 'Preinscrito', false, 487, NOW(), NOW());
INSERT INTO requisitos_documentales (postulante_id, ci_digitalizado, certificado_nacimiento, titulo_bachiller_legalizado, formulario_preinscripcion, verificado_bd_externa, updated_at) VALUES (388, false, false, false, false, false, NOW());
INSERT INTO users (id, name, email, password, role, active, created_at, updated_at) VALUES (488, 'Héctor Jiménez', 'héctorjiménez188@estudiante.edu.bo', '\$2y\$12\$TyO9cTQJ0O7NSPORyyP8Hup.wk8.BWNWu4itdEJYyjZ2Sem9DbFyi', 'Postulante', true, NOW(), NOW());
INSERT INTO postulantes (id, ci, nombres, apellidos, fecha_nacimiento, sexo, direccion, telefono, email, colegio_procedencia, ciudad, titulo_bachiller, primera_opcion_id, segunda_opcion_id, turno_preferencia, gestion_id, estado, recurrente, user_id, created_at, updated_at) VALUES (389, '7622999', 'Héctor', 'Jiménez', '2005-01-15', 'M', NULL, '59165268731', 'héctorjiménez188@estudiante.edu.bo', 'Colegio Boliviano', 'Santa Cruz de la Sierra', NULL, 2, 4, 'Manana', 1, 'Preinscrito', false, 488, NOW(), NOW());
INSERT INTO requisitos_documentales (postulante_id, ci_digitalizado, certificado_nacimiento, titulo_bachiller_legalizado, formulario_preinscripcion, verificado_bd_externa, updated_at) VALUES (389, false, false, false, false, false, NOW());
INSERT INTO users (id, name, email, password, role, active, created_at, updated_at) VALUES (489, 'Lorena Rojas', 'lorenarojas189@estudiante.edu.bo', '\$2y\$12\$TyO9cTQJ0O7NSPORyyP8Hup.wk8.BWNWu4itdEJYyjZ2Sem9DbFyi', 'Postulante', true, NOW(), NOW());
INSERT INTO postulantes (id, ci, nombres, apellidos, fecha_nacimiento, sexo, direccion, telefono, email, colegio_procedencia, ciudad, titulo_bachiller, primera_opcion_id, segunda_opcion_id, turno_preferencia, gestion_id, estado, recurrente, user_id, created_at, updated_at) VALUES (390, '7736772', 'Lorena', 'Rojas', '2005-01-15', 'M', NULL, '59176534252', 'lorenarojas189@estudiante.edu.bo', 'Colegio Boliviano', 'Santa Cruz de la Sierra', NULL, 2, 4, 'Tarde', 1, 'Preinscrito', false, 489, NOW(), NOW());
INSERT INTO requisitos_documentales (postulante_id, ci_digitalizado, certificado_nacimiento, titulo_bachiller_legalizado, formulario_preinscripcion, verificado_bd_externa, updated_at) VALUES (390, false, false, false, false, false, NOW());
INSERT INTO users (id, name, email, password, role, active, created_at, updated_at) VALUES (490, 'Marisol Ramírez', 'marisolramírez190@estudiante.edu.bo', '\$2y\$12\$TyO9cTQJ0O7NSPORyyP8Hup.wk8.BWNWu4itdEJYyjZ2Sem9DbFyi', 'Postulante', true, NOW(), NOW());
INSERT INTO postulantes (id, ci, nombres, apellidos, fecha_nacimiento, sexo, direccion, telefono, email, colegio_procedencia, ciudad, titulo_bachiller, primera_opcion_id, segunda_opcion_id, turno_preferencia, gestion_id, estado, recurrente, user_id, created_at, updated_at) VALUES (391, '2877272', 'Marisol', 'Ramírez', '2005-01-15', 'M', NULL, '59180032392', 'marisolramírez190@estudiante.edu.bo', 'Colegio Boliviano', 'Santa Cruz de la Sierra', NULL, 2, 4, 'Tarde', 1, 'Preinscrito', false, 490, NOW(), NOW());
INSERT INTO requisitos_documentales (postulante_id, ci_digitalizado, certificado_nacimiento, titulo_bachiller_legalizado, formulario_preinscripcion, verificado_bd_externa, updated_at) VALUES (391, false, false, false, false, false, NOW());
INSERT INTO users (id, name, email, password, role, active, created_at, updated_at) VALUES (491, 'Raúl Carrillo', 'raúlcarrillo191@estudiante.edu.bo', '\$2y\$12\$TyO9cTQJ0O7NSPORyyP8Hup.wk8.BWNWu4itdEJYyjZ2Sem9DbFyi', 'Postulante', true, NOW(), NOW());
INSERT INTO postulantes (id, ci, nombres, apellidos, fecha_nacimiento, sexo, direccion, telefono, email, colegio_procedencia, ciudad, titulo_bachiller, primera_opcion_id, segunda_opcion_id, turno_preferencia, gestion_id, estado, recurrente, user_id, created_at, updated_at) VALUES (392, '8788527', 'Raúl', 'Carrillo', '2005-01-15', 'M', NULL, '59189431608', 'raúlcarrillo191@estudiante.edu.bo', 'Colegio Boliviano', 'Santa Cruz de la Sierra', NULL, 2, 4, 'Noche', 1, 'Preinscrito', false, 491, NOW(), NOW());
INSERT INTO requisitos_documentales (postulante_id, ci_digitalizado, certificado_nacimiento, titulo_bachiller_legalizado, formulario_preinscripcion, verificado_bd_externa, updated_at) VALUES (392, false, false, false, false, false, NOW());
INSERT INTO users (id, name, email, password, role, active, created_at, updated_at) VALUES (492, 'Oscar Flores', 'oscarflores192@estudiante.edu.bo', '\$2y\$12\$TyO9cTQJ0O7NSPORyyP8Hup.wk8.BWNWu4itdEJYyjZ2Sem9DbFyi', 'Postulante', true, NOW(), NOW());
INSERT INTO postulantes (id, ci, nombres, apellidos, fecha_nacimiento, sexo, direccion, telefono, email, colegio_procedencia, ciudad, titulo_bachiller, primera_opcion_id, segunda_opcion_id, turno_preferencia, gestion_id, estado, recurrente, user_id, created_at, updated_at) VALUES (393, '5545483', 'Oscar', 'Flores', '2005-01-15', 'M', NULL, '59168561988', 'oscarflores192@estudiante.edu.bo', 'Colegio Boliviano', 'Santa Cruz de la Sierra', NULL, 2, 4, 'Noche', 1, 'Preinscrito', false, 492, NOW(), NOW());
INSERT INTO requisitos_documentales (postulante_id, ci_digitalizado, certificado_nacimiento, titulo_bachiller_legalizado, formulario_preinscripcion, verificado_bd_externa, updated_at) VALUES (393, false, false, false, false, false, NOW());
INSERT INTO users (id, name, email, password, role, active, created_at, updated_at) VALUES (493, 'Javier Pérez', 'javierpérez193@estudiante.edu.bo', '\$2y\$12\$TyO9cTQJ0O7NSPORyyP8Hup.wk8.BWNWu4itdEJYyjZ2Sem9DbFyi', 'Postulante', true, NOW(), NOW());
INSERT INTO postulantes (id, ci, nombres, apellidos, fecha_nacimiento, sexo, direccion, telefono, email, colegio_procedencia, ciudad, titulo_bachiller, primera_opcion_id, segunda_opcion_id, turno_preferencia, gestion_id, estado, recurrente, user_id, created_at, updated_at) VALUES (394, '9534399', 'Javier', 'Pérez', '2005-01-15', 'M', NULL, '59168641311', 'javierpérez193@estudiante.edu.bo', 'Colegio Boliviano', 'Santa Cruz de la Sierra', NULL, 2, 4, 'Tarde', 1, 'Preinscrito', false, 493, NOW(), NOW());
INSERT INTO requisitos_documentales (postulante_id, ci_digitalizado, certificado_nacimiento, titulo_bachiller_legalizado, formulario_preinscripcion, verificado_bd_externa, updated_at) VALUES (394, false, false, false, false, false, NOW());
INSERT INTO users (id, name, email, password, role, active, created_at, updated_at) VALUES (494, 'Rosa Ortiz', 'rosaortiz194@estudiante.edu.bo', '\$2y\$12\$TyO9cTQJ0O7NSPORyyP8Hup.wk8.BWNWu4itdEJYyjZ2Sem9DbFyi', 'Postulante', true, NOW(), NOW());
INSERT INTO postulantes (id, ci, nombres, apellidos, fecha_nacimiento, sexo, direccion, telefono, email, colegio_procedencia, ciudad, titulo_bachiller, primera_opcion_id, segunda_opcion_id, turno_preferencia, gestion_id, estado, recurrente, user_id, created_at, updated_at) VALUES (395, '7565471', 'Rosa', 'Ortiz', '2005-01-15', 'M', NULL, '59173863273', 'rosaortiz194@estudiante.edu.bo', 'Colegio Boliviano', 'Santa Cruz de la Sierra', NULL, 2, 4, 'Noche', 1, 'Preinscrito', false, 494, NOW(), NOW());
INSERT INTO requisitos_documentales (postulante_id, ci_digitalizado, certificado_nacimiento, titulo_bachiller_legalizado, formulario_preinscripcion, verificado_bd_externa, updated_at) VALUES (395, false, false, false, false, false, NOW());
INSERT INTO users (id, name, email, password, role, active, created_at, updated_at) VALUES (495, 'Ricardo González', 'ricardogonzález195@estudiante.edu.bo', '\$2y\$12\$TyO9cTQJ0O7NSPORyyP8Hup.wk8.BWNWu4itdEJYyjZ2Sem9DbFyi', 'Postulante', true, NOW(), NOW());
INSERT INTO postulantes (id, ci, nombres, apellidos, fecha_nacimiento, sexo, direccion, telefono, email, colegio_procedencia, ciudad, titulo_bachiller, primera_opcion_id, segunda_opcion_id, turno_preferencia, gestion_id, estado, recurrente, user_id, created_at, updated_at) VALUES (396, '7041926', 'Ricardo', 'González', '2005-01-15', 'M', NULL, '59185242093', 'ricardogonzález195@estudiante.edu.bo', 'Colegio Boliviano', 'Santa Cruz de la Sierra', NULL, 2, 4, 'Manana', 1, 'Preinscrito', false, 495, NOW(), NOW());
INSERT INTO requisitos_documentales (postulante_id, ci_digitalizado, certificado_nacimiento, titulo_bachiller_legalizado, formulario_preinscripcion, verificado_bd_externa, updated_at) VALUES (396, false, false, false, false, false, NOW());
INSERT INTO users (id, name, email, password, role, active, created_at, updated_at) VALUES (496, 'Miguel Molina', 'miguelmolina196@estudiante.edu.bo', '\$2y\$12\$TyO9cTQJ0O7NSPORyyP8Hup.wk8.BWNWu4itdEJYyjZ2Sem9DbFyi', 'Postulante', true, NOW(), NOW());
INSERT INTO postulantes (id, ci, nombres, apellidos, fecha_nacimiento, sexo, direccion, telefono, email, colegio_procedencia, ciudad, titulo_bachiller, primera_opcion_id, segunda_opcion_id, turno_preferencia, gestion_id, estado, recurrente, user_id, created_at, updated_at) VALUES (397, '8636940', 'Miguel', 'Molina', '2005-01-15', 'M', NULL, '59168730883', 'miguelmolina196@estudiante.edu.bo', 'Colegio Boliviano', 'Santa Cruz de la Sierra', NULL, 2, 4, 'Tarde', 1, 'Preinscrito', false, 496, NOW(), NOW());
INSERT INTO requisitos_documentales (postulante_id, ci_digitalizado, certificado_nacimiento, titulo_bachiller_legalizado, formulario_preinscripcion, verificado_bd_externa, updated_at) VALUES (397, false, false, false, false, false, NOW());
INSERT INTO users (id, name, email, password, role, active, created_at, updated_at) VALUES (497, 'Guillermo Contreras', 'guillermocontreras197@estudiante.edu.bo', '\$2y\$12\$TyO9cTQJ0O7NSPORyyP8Hup.wk8.BWNWu4itdEJYyjZ2Sem9DbFyi', 'Postulante', true, NOW(), NOW());
INSERT INTO postulantes (id, ci, nombres, apellidos, fecha_nacimiento, sexo, direccion, telefono, email, colegio_procedencia, ciudad, titulo_bachiller, primera_opcion_id, segunda_opcion_id, turno_preferencia, gestion_id, estado, recurrente, user_id, created_at, updated_at) VALUES (398, '7167241', 'Guillermo', 'Contreras', '2005-01-15', 'M', NULL, '59188882425', 'guillermocontreras197@estudiante.edu.bo', 'Colegio Boliviano', 'Santa Cruz de la Sierra', NULL, 2, 4, 'Noche', 1, 'Preinscrito', false, 497, NOW(), NOW());
INSERT INTO requisitos_documentales (postulante_id, ci_digitalizado, certificado_nacimiento, titulo_bachiller_legalizado, formulario_preinscripcion, verificado_bd_externa, updated_at) VALUES (398, false, false, false, false, false, NOW());
INSERT INTO users (id, name, email, password, role, active, created_at, updated_at) VALUES (498, 'Fernando Domínguez', 'fernandodomínguez198@estudiante.edu.bo', '\$2y\$12\$TyO9cTQJ0O7NSPORyyP8Hup.wk8.BWNWu4itdEJYyjZ2Sem9DbFyi', 'Postulante', true, NOW(), NOW());
INSERT INTO postulantes (id, ci, nombres, apellidos, fecha_nacimiento, sexo, direccion, telefono, email, colegio_procedencia, ciudad, titulo_bachiller, primera_opcion_id, segunda_opcion_id, turno_preferencia, gestion_id, estado, recurrente, user_id, created_at, updated_at) VALUES (399, '1141780', 'Fernando', 'Domínguez', '2005-01-15', 'M', NULL, '59160975695', 'fernandodomínguez198@estudiante.edu.bo', 'Colegio Boliviano', 'Santa Cruz de la Sierra', NULL, 2, 4, 'Noche', 1, 'Preinscrito', false, 498, NOW(), NOW());
INSERT INTO requisitos_documentales (postulante_id, ci_digitalizado, certificado_nacimiento, titulo_bachiller_legalizado, formulario_preinscripcion, verificado_bd_externa, updated_at) VALUES (399, false, false, false, false, false, NOW());
INSERT INTO users (id, name, email, password, role, active, created_at, updated_at) VALUES (499, 'Andrés Vargas', 'andrésvargas199@estudiante.edu.bo', '\$2y\$12\$TyO9cTQJ0O7NSPORyyP8Hup.wk8.BWNWu4itdEJYyjZ2Sem9DbFyi', 'Postulante', true, NOW(), NOW());
INSERT INTO postulantes (id, ci, nombres, apellidos, fecha_nacimiento, sexo, direccion, telefono, email, colegio_procedencia, ciudad, titulo_bachiller, primera_opcion_id, segunda_opcion_id, turno_preferencia, gestion_id, estado, recurrente, user_id, created_at, updated_at) VALUES (400, '5139236', 'Andrés', 'Vargas', '2005-01-15', 'M', NULL, '59164969152', 'andrésvargas199@estudiante.edu.bo', 'Colegio Boliviano', 'Santa Cruz de la Sierra', NULL, 2, 4, 'Noche', 1, 'Preinscrito', false, 499, NOW(), NOW());
INSERT INTO requisitos_documentales (postulante_id, ci_digitalizado, certificado_nacimiento, titulo_bachiller_legalizado, formulario_preinscripcion, verificado_bd_externa, updated_at) VALUES (400, false, false, false, false, false, NOW());
-- 400 postulantes insertados...
INSERT INTO users (id, name, email, password, role, active, created_at, updated_at) VALUES (500, 'Natalia González', 'nataliagonzález0@estudiante.edu.bo', '\$2y\$12\$TyO9cTQJ0O7NSPORyyP8Hup.wk8.BWNWu4itdEJYyjZ2Sem9DbFyi', 'Postulante', true, NOW(), NOW());
INSERT INTO postulantes (id, ci, nombres, apellidos, fecha_nacimiento, sexo, direccion, telefono, email, colegio_procedencia, ciudad, titulo_bachiller, primera_opcion_id, segunda_opcion_id, turno_preferencia, gestion_id, estado, recurrente, user_id, created_at, updated_at) VALUES (401, '9227261', 'Natalia', 'González', '2005-01-15', 'M', NULL, '59160740777', 'nataliagonzález0@estudiante.edu.bo', 'Colegio Boliviano', 'Santa Cruz de la Sierra', NULL, 3, 1, 'Tarde', 1, 'Preinscrito', false, 500, NOW(), NOW());
INSERT INTO requisitos_documentales (postulante_id, ci_digitalizado, certificado_nacimiento, titulo_bachiller_legalizado, formulario_preinscripcion, verificado_bd_externa, updated_at) VALUES (401, false, false, false, false, false, NOW());
INSERT INTO users (id, name, email, password, role, active, created_at, updated_at) VALUES (501, 'Esperanza Guerrero', 'esperanzaguerrero1@estudiante.edu.bo', '\$2y\$12\$TyO9cTQJ0O7NSPORyyP8Hup.wk8.BWNWu4itdEJYyjZ2Sem9DbFyi', 'Postulante', true, NOW(), NOW());
INSERT INTO postulantes (id, ci, nombres, apellidos, fecha_nacimiento, sexo, direccion, telefono, email, colegio_procedencia, ciudad, titulo_bachiller, primera_opcion_id, segunda_opcion_id, turno_preferencia, gestion_id, estado, recurrente, user_id, created_at, updated_at) VALUES (402, '3938481', 'Esperanza', 'Guerrero', '2005-01-15', 'M', NULL, '59191306257', 'esperanzaguerrero1@estudiante.edu.bo', 'Colegio Boliviano', 'Santa Cruz de la Sierra', NULL, 3, 1, 'Tarde', 1, 'Preinscrito', false, 501, NOW(), NOW());
INSERT INTO requisitos_documentales (postulante_id, ci_digitalizado, certificado_nacimiento, titulo_bachiller_legalizado, formulario_preinscripcion, verificado_bd_externa, updated_at) VALUES (402, false, false, false, false, false, NOW());
INSERT INTO users (id, name, email, password, role, active, created_at, updated_at) VALUES (502, 'Víctor Carrillo', 'víctorcarrillo2@estudiante.edu.bo', '\$2y\$12\$TyO9cTQJ0O7NSPORyyP8Hup.wk8.BWNWu4itdEJYyjZ2Sem9DbFyi', 'Postulante', true, NOW(), NOW());
INSERT INTO postulantes (id, ci, nombres, apellidos, fecha_nacimiento, sexo, direccion, telefono, email, colegio_procedencia, ciudad, titulo_bachiller, primera_opcion_id, segunda_opcion_id, turno_preferencia, gestion_id, estado, recurrente, user_id, created_at, updated_at) VALUES (403, '7520161', 'Víctor', 'Carrillo', '2005-01-15', 'M', NULL, '59171326157', 'víctorcarrillo2@estudiante.edu.bo', 'Colegio Boliviano', 'Santa Cruz de la Sierra', NULL, 3, 1, 'Manana', 1, 'Preinscrito', false, 502, NOW(), NOW());
INSERT INTO requisitos_documentales (postulante_id, ci_digitalizado, certificado_nacimiento, titulo_bachiller_legalizado, formulario_preinscripcion, verificado_bd_externa, updated_at) VALUES (403, false, false, false, false, false, NOW());
INSERT INTO users (id, name, email, password, role, active, created_at, updated_at) VALUES (503, 'Raúl Rodríguez', 'raúlrodríguez3@estudiante.edu.bo', '\$2y\$12\$TyO9cTQJ0O7NSPORyyP8Hup.wk8.BWNWu4itdEJYyjZ2Sem9DbFyi', 'Postulante', true, NOW(), NOW());
INSERT INTO postulantes (id, ci, nombres, apellidos, fecha_nacimiento, sexo, direccion, telefono, email, colegio_procedencia, ciudad, titulo_bachiller, primera_opcion_id, segunda_opcion_id, turno_preferencia, gestion_id, estado, recurrente, user_id, created_at, updated_at) VALUES (404, '1263616', 'Raúl', 'Rodríguez', '2005-01-15', 'M', NULL, '59162091689', 'raúlrodríguez3@estudiante.edu.bo', 'Colegio Boliviano', 'Santa Cruz de la Sierra', NULL, 3, 1, 'Manana', 1, 'Preinscrito', false, 503, NOW(), NOW());
INSERT INTO requisitos_documentales (postulante_id, ci_digitalizado, certificado_nacimiento, titulo_bachiller_legalizado, formulario_preinscripcion, verificado_bd_externa, updated_at) VALUES (404, false, false, false, false, false, NOW());
INSERT INTO users (id, name, email, password, role, active, created_at, updated_at) VALUES (504, 'Rosario López', 'rosariolópez4@estudiante.edu.bo', '\$2y\$12\$TyO9cTQJ0O7NSPORyyP8Hup.wk8.BWNWu4itdEJYyjZ2Sem9DbFyi', 'Postulante', true, NOW(), NOW());
INSERT INTO postulantes (id, ci, nombres, apellidos, fecha_nacimiento, sexo, direccion, telefono, email, colegio_procedencia, ciudad, titulo_bachiller, primera_opcion_id, segunda_opcion_id, turno_preferencia, gestion_id, estado, recurrente, user_id, created_at, updated_at) VALUES (405, '6539412', 'Rosario', 'López', '2005-01-15', 'M', NULL, '59172038634', 'rosariolópez4@estudiante.edu.bo', 'Colegio Boliviano', 'Santa Cruz de la Sierra', NULL, 3, 1, 'Noche', 1, 'Preinscrito', false, 504, NOW(), NOW());
INSERT INTO requisitos_documentales (postulante_id, ci_digitalizado, certificado_nacimiento, titulo_bachiller_legalizado, formulario_preinscripcion, verificado_bd_externa, updated_at) VALUES (405, false, false, false, false, false, NOW());
INSERT INTO users (id, name, email, password, role, active, created_at, updated_at) VALUES (505, 'Rosario Sánchez', 'rosariosánchez5@estudiante.edu.bo', '\$2y\$12\$TyO9cTQJ0O7NSPORyyP8Hup.wk8.BWNWu4itdEJYyjZ2Sem9DbFyi', 'Postulante', true, NOW(), NOW());
INSERT INTO postulantes (id, ci, nombres, apellidos, fecha_nacimiento, sexo, direccion, telefono, email, colegio_procedencia, ciudad, titulo_bachiller, primera_opcion_id, segunda_opcion_id, turno_preferencia, gestion_id, estado, recurrente, user_id, created_at, updated_at) VALUES (406, '2147600', 'Rosario', 'Sánchez', '2005-01-15', 'M', NULL, '59162466588', 'rosariosánchez5@estudiante.edu.bo', 'Colegio Boliviano', 'Santa Cruz de la Sierra', NULL, 3, 1, 'Noche', 1, 'Preinscrito', false, 505, NOW(), NOW());
INSERT INTO requisitos_documentales (postulante_id, ci_digitalizado, certificado_nacimiento, titulo_bachiller_legalizado, formulario_preinscripcion, verificado_bd_externa, updated_at) VALUES (406, false, false, false, false, false, NOW());
INSERT INTO users (id, name, email, password, role, active, created_at, updated_at) VALUES (506, 'Rafael Jiménez', 'rafaeljiménez6@estudiante.edu.bo', '\$2y\$12\$TyO9cTQJ0O7NSPORyyP8Hup.wk8.BWNWu4itdEJYyjZ2Sem9DbFyi', 'Postulante', true, NOW(), NOW());
INSERT INTO postulantes (id, ci, nombres, apellidos, fecha_nacimiento, sexo, direccion, telefono, email, colegio_procedencia, ciudad, titulo_bachiller, primera_opcion_id, segunda_opcion_id, turno_preferencia, gestion_id, estado, recurrente, user_id, created_at, updated_at) VALUES (407, '4633172', 'Rafael', 'Jiménez', '2005-01-15', 'M', NULL, '59182642934', 'rafaeljiménez6@estudiante.edu.bo', 'Colegio Boliviano', 'Santa Cruz de la Sierra', NULL, 3, 1, 'Noche', 1, 'Preinscrito', false, 506, NOW(), NOW());
INSERT INTO requisitos_documentales (postulante_id, ci_digitalizado, certificado_nacimiento, titulo_bachiller_legalizado, formulario_preinscripcion, verificado_bd_externa, updated_at) VALUES (407, false, false, false, false, false, NOW());
INSERT INTO users (id, name, email, password, role, active, created_at, updated_at) VALUES (507, 'Gabriela González', 'gabrielagonzález7@estudiante.edu.bo', '\$2y\$12\$TyO9cTQJ0O7NSPORyyP8Hup.wk8.BWNWu4itdEJYyjZ2Sem9DbFyi', 'Postulante', true, NOW(), NOW());
INSERT INTO postulantes (id, ci, nombres, apellidos, fecha_nacimiento, sexo, direccion, telefono, email, colegio_procedencia, ciudad, titulo_bachiller, primera_opcion_id, segunda_opcion_id, turno_preferencia, gestion_id, estado, recurrente, user_id, created_at, updated_at) VALUES (408, '3504370', 'Gabriela', 'González', '2005-01-15', 'M', NULL, '59198536479', 'gabrielagonzález7@estudiante.edu.bo', 'Colegio Boliviano', 'Santa Cruz de la Sierra', NULL, 3, 1, 'Noche', 1, 'Preinscrito', false, 507, NOW(), NOW());
INSERT INTO requisitos_documentales (postulante_id, ci_digitalizado, certificado_nacimiento, titulo_bachiller_legalizado, formulario_preinscripcion, verificado_bd_externa, updated_at) VALUES (408, false, false, false, false, false, NOW());
INSERT INTO users (id, name, email, password, role, active, created_at, updated_at) VALUES (508, 'Matías Vázquez', 'matíasvázquez8@estudiante.edu.bo', '\$2y\$12\$TyO9cTQJ0O7NSPORyyP8Hup.wk8.BWNWu4itdEJYyjZ2Sem9DbFyi', 'Postulante', true, NOW(), NOW());
INSERT INTO postulantes (id, ci, nombres, apellidos, fecha_nacimiento, sexo, direccion, telefono, email, colegio_procedencia, ciudad, titulo_bachiller, primera_opcion_id, segunda_opcion_id, turno_preferencia, gestion_id, estado, recurrente, user_id, created_at, updated_at) VALUES (409, '8628543', 'Matías', 'Vázquez', '2005-01-15', 'M', NULL, '59193969485', 'matíasvázquez8@estudiante.edu.bo', 'Colegio Boliviano', 'Santa Cruz de la Sierra', NULL, 3, 1, 'Manana', 1, 'Preinscrito', false, 508, NOW(), NOW());
INSERT INTO requisitos_documentales (postulante_id, ci_digitalizado, certificado_nacimiento, titulo_bachiller_legalizado, formulario_preinscripcion, verificado_bd_externa, updated_at) VALUES (409, false, false, false, false, false, NOW());
INSERT INTO users (id, name, email, password, role, active, created_at, updated_at) VALUES (509, 'Rosa Rivera', 'rosarivera9@estudiante.edu.bo', '\$2y\$12\$TyO9cTQJ0O7NSPORyyP8Hup.wk8.BWNWu4itdEJYyjZ2Sem9DbFyi', 'Postulante', true, NOW(), NOW());
INSERT INTO postulantes (id, ci, nombres, apellidos, fecha_nacimiento, sexo, direccion, telefono, email, colegio_procedencia, ciudad, titulo_bachiller, primera_opcion_id, segunda_opcion_id, turno_preferencia, gestion_id, estado, recurrente, user_id, created_at, updated_at) VALUES (410, '6610001', 'Rosa', 'Rivera', '2005-01-15', 'M', NULL, '59193100533', 'rosarivera9@estudiante.edu.bo', 'Colegio Boliviano', 'Santa Cruz de la Sierra', NULL, 3, 1, 'Manana', 1, 'Preinscrito', false, 509, NOW(), NOW());
INSERT INTO requisitos_documentales (postulante_id, ci_digitalizado, certificado_nacimiento, titulo_bachiller_legalizado, formulario_preinscripcion, verificado_bd_externa, updated_at) VALUES (410, false, false, false, false, false, NOW());
INSERT INTO users (id, name, email, password, role, active, created_at, updated_at) VALUES (510, 'Isabel Rodríguez', 'isabelrodríguez10@estudiante.edu.bo', '\$2y\$12\$TyO9cTQJ0O7NSPORyyP8Hup.wk8.BWNWu4itdEJYyjZ2Sem9DbFyi', 'Postulante', true, NOW(), NOW());
INSERT INTO postulantes (id, ci, nombres, apellidos, fecha_nacimiento, sexo, direccion, telefono, email, colegio_procedencia, ciudad, titulo_bachiller, primera_opcion_id, segunda_opcion_id, turno_preferencia, gestion_id, estado, recurrente, user_id, created_at, updated_at) VALUES (411, '3838649', 'Isabel', 'Rodríguez', '2005-01-15', 'M', NULL, '59168441571', 'isabelrodríguez10@estudiante.edu.bo', 'Colegio Boliviano', 'Santa Cruz de la Sierra', NULL, 3, 1, 'Noche', 1, 'Preinscrito', false, 510, NOW(), NOW());
INSERT INTO requisitos_documentales (postulante_id, ci_digitalizado, certificado_nacimiento, titulo_bachiller_legalizado, formulario_preinscripcion, verificado_bd_externa, updated_at) VALUES (411, false, false, false, false, false, NOW());
INSERT INTO users (id, name, email, password, role, active, created_at, updated_at) VALUES (511, 'Francisca Medina', 'franciscamedina11@estudiante.edu.bo', '\$2y\$12\$TyO9cTQJ0O7NSPORyyP8Hup.wk8.BWNWu4itdEJYyjZ2Sem9DbFyi', 'Postulante', true, NOW(), NOW());
INSERT INTO postulantes (id, ci, nombres, apellidos, fecha_nacimiento, sexo, direccion, telefono, email, colegio_procedencia, ciudad, titulo_bachiller, primera_opcion_id, segunda_opcion_id, turno_preferencia, gestion_id, estado, recurrente, user_id, created_at, updated_at) VALUES (412, '4313220', 'Francisca', 'Medina', '2005-01-15', 'M', NULL, '59184287402', 'franciscamedina11@estudiante.edu.bo', 'Colegio Boliviano', 'Santa Cruz de la Sierra', NULL, 3, 1, 'Tarde', 1, 'Preinscrito', false, 511, NOW(), NOW());
INSERT INTO requisitos_documentales (postulante_id, ci_digitalizado, certificado_nacimiento, titulo_bachiller_legalizado, formulario_preinscripcion, verificado_bd_externa, updated_at) VALUES (412, false, false, false, false, false, NOW());
INSERT INTO users (id, name, email, password, role, active, created_at, updated_at) VALUES (512, 'Francisca Guerrero', 'franciscaguerrero12@estudiante.edu.bo', '\$2y\$12\$TyO9cTQJ0O7NSPORyyP8Hup.wk8.BWNWu4itdEJYyjZ2Sem9DbFyi', 'Postulante', true, NOW(), NOW());
INSERT INTO postulantes (id, ci, nombres, apellidos, fecha_nacimiento, sexo, direccion, telefono, email, colegio_procedencia, ciudad, titulo_bachiller, primera_opcion_id, segunda_opcion_id, turno_preferencia, gestion_id, estado, recurrente, user_id, created_at, updated_at) VALUES (413, '7951224', 'Francisca', 'Guerrero', '2005-01-15', 'M', NULL, '59190598630', 'franciscaguerrero12@estudiante.edu.bo', 'Colegio Boliviano', 'Santa Cruz de la Sierra', NULL, 3, 1, 'Noche', 1, 'Preinscrito', false, 512, NOW(), NOW());
INSERT INTO requisitos_documentales (postulante_id, ci_digitalizado, certificado_nacimiento, titulo_bachiller_legalizado, formulario_preinscripcion, verificado_bd_externa, updated_at) VALUES (413, false, false, false, false, false, NOW());
INSERT INTO users (id, name, email, password, role, active, created_at, updated_at) VALUES (513, 'Carmen Sánchez', 'carmensánchez13@estudiante.edu.bo', '\$2y\$12\$TyO9cTQJ0O7NSPORyyP8Hup.wk8.BWNWu4itdEJYyjZ2Sem9DbFyi', 'Postulante', true, NOW(), NOW());
INSERT INTO postulantes (id, ci, nombres, apellidos, fecha_nacimiento, sexo, direccion, telefono, email, colegio_procedencia, ciudad, titulo_bachiller, primera_opcion_id, segunda_opcion_id, turno_preferencia, gestion_id, estado, recurrente, user_id, created_at, updated_at) VALUES (414, '3278945', 'Carmen', 'Sánchez', '2005-01-15', 'M', NULL, '59168650266', 'carmensánchez13@estudiante.edu.bo', 'Colegio Boliviano', 'Santa Cruz de la Sierra', NULL, 3, 1, 'Manana', 1, 'Preinscrito', false, 513, NOW(), NOW());
INSERT INTO requisitos_documentales (postulante_id, ci_digitalizado, certificado_nacimiento, titulo_bachiller_legalizado, formulario_preinscripcion, verificado_bd_externa, updated_at) VALUES (414, false, false, false, false, false, NOW());
INSERT INTO users (id, name, email, password, role, active, created_at, updated_at) VALUES (514, 'Matías Vidal', 'matíasvidal14@estudiante.edu.bo', '\$2y\$12\$TyO9cTQJ0O7NSPORyyP8Hup.wk8.BWNWu4itdEJYyjZ2Sem9DbFyi', 'Postulante', true, NOW(), NOW());
INSERT INTO postulantes (id, ci, nombres, apellidos, fecha_nacimiento, sexo, direccion, telefono, email, colegio_procedencia, ciudad, titulo_bachiller, primera_opcion_id, segunda_opcion_id, turno_preferencia, gestion_id, estado, recurrente, user_id, created_at, updated_at) VALUES (415, '6187511', 'Matías', 'Vidal', '2005-01-15', 'M', NULL, '59182754906', 'matíasvidal14@estudiante.edu.bo', 'Colegio Boliviano', 'Santa Cruz de la Sierra', NULL, 3, 1, 'Manana', 1, 'Preinscrito', false, 514, NOW(), NOW());
INSERT INTO requisitos_documentales (postulante_id, ci_digitalizado, certificado_nacimiento, titulo_bachiller_legalizado, formulario_preinscripcion, verificado_bd_externa, updated_at) VALUES (415, false, false, false, false, false, NOW());
INSERT INTO users (id, name, email, password, role, active, created_at, updated_at) VALUES (515, 'Ricardo González', 'ricardogonzález15@estudiante.edu.bo', '\$2y\$12\$TyO9cTQJ0O7NSPORyyP8Hup.wk8.BWNWu4itdEJYyjZ2Sem9DbFyi', 'Postulante', true, NOW(), NOW());
INSERT INTO postulantes (id, ci, nombres, apellidos, fecha_nacimiento, sexo, direccion, telefono, email, colegio_procedencia, ciudad, titulo_bachiller, primera_opcion_id, segunda_opcion_id, turno_preferencia, gestion_id, estado, recurrente, user_id, created_at, updated_at) VALUES (416, '4235671', 'Ricardo', 'González', '2005-01-15', 'M', NULL, '59166251203', 'ricardogonzález15@estudiante.edu.bo', 'Colegio Boliviano', 'Santa Cruz de la Sierra', NULL, 3, 1, 'Tarde', 1, 'Preinscrito', false, 515, NOW(), NOW());
INSERT INTO requisitos_documentales (postulante_id, ci_digitalizado, certificado_nacimiento, titulo_bachiller_legalizado, formulario_preinscripcion, verificado_bd_externa, updated_at) VALUES (416, false, false, false, false, false, NOW());
INSERT INTO users (id, name, email, password, role, active, created_at, updated_at) VALUES (516, 'Alejandro García', 'alejandrogarcía16@estudiante.edu.bo', '\$2y\$12\$TyO9cTQJ0O7NSPORyyP8Hup.wk8.BWNWu4itdEJYyjZ2Sem9DbFyi', 'Postulante', true, NOW(), NOW());
INSERT INTO postulantes (id, ci, nombres, apellidos, fecha_nacimiento, sexo, direccion, telefono, email, colegio_procedencia, ciudad, titulo_bachiller, primera_opcion_id, segunda_opcion_id, turno_preferencia, gestion_id, estado, recurrente, user_id, created_at, updated_at) VALUES (417, '8298980', 'Alejandro', 'García', '2005-01-15', 'M', NULL, '59168231888', 'alejandrogarcía16@estudiante.edu.bo', 'Colegio Boliviano', 'Santa Cruz de la Sierra', NULL, 3, 1, 'Tarde', 1, 'Preinscrito', false, 516, NOW(), NOW());
INSERT INTO requisitos_documentales (postulante_id, ci_digitalizado, certificado_nacimiento, titulo_bachiller_legalizado, formulario_preinscripcion, verificado_bd_externa, updated_at) VALUES (417, false, false, false, false, false, NOW());
INSERT INTO users (id, name, email, password, role, active, created_at, updated_at) VALUES (517, 'Isabel Sánchez', 'isabelsánchez17@estudiante.edu.bo', '\$2y\$12\$TyO9cTQJ0O7NSPORyyP8Hup.wk8.BWNWu4itdEJYyjZ2Sem9DbFyi', 'Postulante', true, NOW(), NOW());
INSERT INTO postulantes (id, ci, nombres, apellidos, fecha_nacimiento, sexo, direccion, telefono, email, colegio_procedencia, ciudad, titulo_bachiller, primera_opcion_id, segunda_opcion_id, turno_preferencia, gestion_id, estado, recurrente, user_id, created_at, updated_at) VALUES (418, '9580489', 'Isabel', 'Sánchez', '2005-01-15', 'M', NULL, '59191644179', 'isabelsánchez17@estudiante.edu.bo', 'Colegio Boliviano', 'Santa Cruz de la Sierra', NULL, 3, 1, 'Manana', 1, 'Preinscrito', false, 517, NOW(), NOW());
INSERT INTO requisitos_documentales (postulante_id, ci_digitalizado, certificado_nacimiento, titulo_bachiller_legalizado, formulario_preinscripcion, verificado_bd_externa, updated_at) VALUES (418, false, false, false, false, false, NOW());
INSERT INTO users (id, name, email, password, role, active, created_at, updated_at) VALUES (518, 'Raúl Jiménez', 'raúljiménez18@estudiante.edu.bo', '\$2y\$12\$TyO9cTQJ0O7NSPORyyP8Hup.wk8.BWNWu4itdEJYyjZ2Sem9DbFyi', 'Postulante', true, NOW(), NOW());
INSERT INTO postulantes (id, ci, nombres, apellidos, fecha_nacimiento, sexo, direccion, telefono, email, colegio_procedencia, ciudad, titulo_bachiller, primera_opcion_id, segunda_opcion_id, turno_preferencia, gestion_id, estado, recurrente, user_id, created_at, updated_at) VALUES (419, '7448276', 'Raúl', 'Jiménez', '2005-01-15', 'M', NULL, '59178411250', 'raúljiménez18@estudiante.edu.bo', 'Colegio Boliviano', 'Santa Cruz de la Sierra', NULL, 3, 1, 'Tarde', 1, 'Preinscrito', false, 518, NOW(), NOW());
INSERT INTO requisitos_documentales (postulante_id, ci_digitalizado, certificado_nacimiento, titulo_bachiller_legalizado, formulario_preinscripcion, verificado_bd_externa, updated_at) VALUES (419, false, false, false, false, false, NOW());
INSERT INTO users (id, name, email, password, role, active, created_at, updated_at) VALUES (519, 'Natalia Jiménez', 'nataliajiménez19@estudiante.edu.bo', '\$2y\$12\$TyO9cTQJ0O7NSPORyyP8Hup.wk8.BWNWu4itdEJYyjZ2Sem9DbFyi', 'Postulante', true, NOW(), NOW());
INSERT INTO postulantes (id, ci, nombres, apellidos, fecha_nacimiento, sexo, direccion, telefono, email, colegio_procedencia, ciudad, titulo_bachiller, primera_opcion_id, segunda_opcion_id, turno_preferencia, gestion_id, estado, recurrente, user_id, created_at, updated_at) VALUES (420, '1124232', 'Natalia', 'Jiménez', '2005-01-15', 'M', NULL, '59172923205', 'nataliajiménez19@estudiante.edu.bo', 'Colegio Boliviano', 'Santa Cruz de la Sierra', NULL, 3, 1, 'Tarde', 1, 'Preinscrito', false, 519, NOW(), NOW());
INSERT INTO requisitos_documentales (postulante_id, ci_digitalizado, certificado_nacimiento, titulo_bachiller_legalizado, formulario_preinscripcion, verificado_bd_externa, updated_at) VALUES (420, false, false, false, false, false, NOW());
INSERT INTO users (id, name, email, password, role, active, created_at, updated_at) VALUES (520, 'Rosa Valencia', 'rosavalencia20@estudiante.edu.bo', '\$2y\$12\$TyO9cTQJ0O7NSPORyyP8Hup.wk8.BWNWu4itdEJYyjZ2Sem9DbFyi', 'Postulante', true, NOW(), NOW());
INSERT INTO postulantes (id, ci, nombres, apellidos, fecha_nacimiento, sexo, direccion, telefono, email, colegio_procedencia, ciudad, titulo_bachiller, primera_opcion_id, segunda_opcion_id, turno_preferencia, gestion_id, estado, recurrente, user_id, created_at, updated_at) VALUES (421, '7687903', 'Rosa', 'Valencia', '2005-01-15', 'M', NULL, '59190511948', 'rosavalencia20@estudiante.edu.bo', 'Colegio Boliviano', 'Santa Cruz de la Sierra', NULL, 3, 1, 'Manana', 1, 'Preinscrito', false, 520, NOW(), NOW());
INSERT INTO requisitos_documentales (postulante_id, ci_digitalizado, certificado_nacimiento, titulo_bachiller_legalizado, formulario_preinscripcion, verificado_bd_externa, updated_at) VALUES (421, false, false, false, false, false, NOW());
INSERT INTO users (id, name, email, password, role, active, created_at, updated_at) VALUES (521, 'Guillermo Ramírez', 'guillermoramírez21@estudiante.edu.bo', '\$2y\$12\$TyO9cTQJ0O7NSPORyyP8Hup.wk8.BWNWu4itdEJYyjZ2Sem9DbFyi', 'Postulante', true, NOW(), NOW());
INSERT INTO postulantes (id, ci, nombres, apellidos, fecha_nacimiento, sexo, direccion, telefono, email, colegio_procedencia, ciudad, titulo_bachiller, primera_opcion_id, segunda_opcion_id, turno_preferencia, gestion_id, estado, recurrente, user_id, created_at, updated_at) VALUES (422, '3655347', 'Guillermo', 'Ramírez', '2005-01-15', 'M', NULL, '59168581684', 'guillermoramírez21@estudiante.edu.bo', 'Colegio Boliviano', 'Santa Cruz de la Sierra', NULL, 3, 1, 'Tarde', 1, 'Preinscrito', false, 521, NOW(), NOW());
INSERT INTO requisitos_documentales (postulante_id, ci_digitalizado, certificado_nacimiento, titulo_bachiller_legalizado, formulario_preinscripcion, verificado_bd_externa, updated_at) VALUES (422, false, false, false, false, false, NOW());
INSERT INTO users (id, name, email, password, role, active, created_at, updated_at) VALUES (522, 'Ricardo Ortiz', 'ricardoortiz22@estudiante.edu.bo', '\$2y\$12\$TyO9cTQJ0O7NSPORyyP8Hup.wk8.BWNWu4itdEJYyjZ2Sem9DbFyi', 'Postulante', true, NOW(), NOW());
INSERT INTO postulantes (id, ci, nombres, apellidos, fecha_nacimiento, sexo, direccion, telefono, email, colegio_procedencia, ciudad, titulo_bachiller, primera_opcion_id, segunda_opcion_id, turno_preferencia, gestion_id, estado, recurrente, user_id, created_at, updated_at) VALUES (423, '2300935', 'Ricardo', 'Ortiz', '2005-01-15', 'M', NULL, '59194239213', 'ricardoortiz22@estudiante.edu.bo', 'Colegio Boliviano', 'Santa Cruz de la Sierra', NULL, 3, 1, 'Noche', 1, 'Preinscrito', false, 522, NOW(), NOW());
INSERT INTO requisitos_documentales (postulante_id, ci_digitalizado, certificado_nacimiento, titulo_bachiller_legalizado, formulario_preinscripcion, verificado_bd_externa, updated_at) VALUES (423, false, false, false, false, false, NOW());
INSERT INTO users (id, name, email, password, role, active, created_at, updated_at) VALUES (523, 'Fernando Guerrero', 'fernandoguerrero23@estudiante.edu.bo', '\$2y\$12\$TyO9cTQJ0O7NSPORyyP8Hup.wk8.BWNWu4itdEJYyjZ2Sem9DbFyi', 'Postulante', true, NOW(), NOW());
INSERT INTO postulantes (id, ci, nombres, apellidos, fecha_nacimiento, sexo, direccion, telefono, email, colegio_procedencia, ciudad, titulo_bachiller, primera_opcion_id, segunda_opcion_id, turno_preferencia, gestion_id, estado, recurrente, user_id, created_at, updated_at) VALUES (424, '6546140', 'Fernando', 'Guerrero', '2005-01-15', 'M', NULL, '59191542776', 'fernandoguerrero23@estudiante.edu.bo', 'Colegio Boliviano', 'Santa Cruz de la Sierra', NULL, 3, 1, 'Tarde', 1, 'Preinscrito', false, 523, NOW(), NOW());
INSERT INTO requisitos_documentales (postulante_id, ci_digitalizado, certificado_nacimiento, titulo_bachiller_legalizado, formulario_preinscripcion, verificado_bd_externa, updated_at) VALUES (424, false, false, false, false, false, NOW());
INSERT INTO users (id, name, email, password, role, active, created_at, updated_at) VALUES (524, 'Aurora Valencia', 'auroravalencia24@estudiante.edu.bo', '\$2y\$12\$TyO9cTQJ0O7NSPORyyP8Hup.wk8.BWNWu4itdEJYyjZ2Sem9DbFyi', 'Postulante', true, NOW(), NOW());
INSERT INTO postulantes (id, ci, nombres, apellidos, fecha_nacimiento, sexo, direccion, telefono, email, colegio_procedencia, ciudad, titulo_bachiller, primera_opcion_id, segunda_opcion_id, turno_preferencia, gestion_id, estado, recurrente, user_id, created_at, updated_at) VALUES (425, '5324494', 'Aurora', 'Valencia', '2005-01-15', 'M', NULL, '59196281535', 'auroravalencia24@estudiante.edu.bo', 'Colegio Boliviano', 'Santa Cruz de la Sierra', NULL, 3, 1, 'Tarde', 1, 'Preinscrito', false, 524, NOW(), NOW());
INSERT INTO requisitos_documentales (postulante_id, ci_digitalizado, certificado_nacimiento, titulo_bachiller_legalizado, formulario_preinscripcion, verificado_bd_externa, updated_at) VALUES (425, false, false, false, false, false, NOW());
INSERT INTO users (id, name, email, password, role, active, created_at, updated_at) VALUES (525, 'Patricia Carrillo', 'patriciacarrillo25@estudiante.edu.bo', '\$2y\$12\$TyO9cTQJ0O7NSPORyyP8Hup.wk8.BWNWu4itdEJYyjZ2Sem9DbFyi', 'Postulante', true, NOW(), NOW());
INSERT INTO postulantes (id, ci, nombres, apellidos, fecha_nacimiento, sexo, direccion, telefono, email, colegio_procedencia, ciudad, titulo_bachiller, primera_opcion_id, segunda_opcion_id, turno_preferencia, gestion_id, estado, recurrente, user_id, created_at, updated_at) VALUES (426, '8733964', 'Patricia', 'Carrillo', '2005-01-15', 'M', NULL, '59190807330', 'patriciacarrillo25@estudiante.edu.bo', 'Colegio Boliviano', 'Santa Cruz de la Sierra', NULL, 3, 1, 'Manana', 1, 'Preinscrito', false, 525, NOW(), NOW());
INSERT INTO requisitos_documentales (postulante_id, ci_digitalizado, certificado_nacimiento, titulo_bachiller_legalizado, formulario_preinscripcion, verificado_bd_externa, updated_at) VALUES (426, false, false, false, false, false, NOW());
INSERT INTO users (id, name, email, password, role, active, created_at, updated_at) VALUES (526, 'Oscar Vargas', 'oscarvargas26@estudiante.edu.bo', '\$2y\$12\$TyO9cTQJ0O7NSPORyyP8Hup.wk8.BWNWu4itdEJYyjZ2Sem9DbFyi', 'Postulante', true, NOW(), NOW());
INSERT INTO postulantes (id, ci, nombres, apellidos, fecha_nacimiento, sexo, direccion, telefono, email, colegio_procedencia, ciudad, titulo_bachiller, primera_opcion_id, segunda_opcion_id, turno_preferencia, gestion_id, estado, recurrente, user_id, created_at, updated_at) VALUES (427, '3957578', 'Oscar', 'Vargas', '2005-01-15', 'M', NULL, '59179049677', 'oscarvargas26@estudiante.edu.bo', 'Colegio Boliviano', 'Santa Cruz de la Sierra', NULL, 3, 1, 'Noche', 1, 'Preinscrito', false, 526, NOW(), NOW());
INSERT INTO requisitos_documentales (postulante_id, ci_digitalizado, certificado_nacimiento, titulo_bachiller_legalizado, formulario_preinscripcion, verificado_bd_externa, updated_at) VALUES (427, false, false, false, false, false, NOW());
INSERT INTO users (id, name, email, password, role, active, created_at, updated_at) VALUES (527, 'Isabel García', 'isabelgarcía27@estudiante.edu.bo', '\$2y\$12\$TyO9cTQJ0O7NSPORyyP8Hup.wk8.BWNWu4itdEJYyjZ2Sem9DbFyi', 'Postulante', true, NOW(), NOW());
INSERT INTO postulantes (id, ci, nombres, apellidos, fecha_nacimiento, sexo, direccion, telefono, email, colegio_procedencia, ciudad, titulo_bachiller, primera_opcion_id, segunda_opcion_id, turno_preferencia, gestion_id, estado, recurrente, user_id, created_at, updated_at) VALUES (428, '3252231', 'Isabel', 'García', '2005-01-15', 'M', NULL, '59167918869', 'isabelgarcía27@estudiante.edu.bo', 'Colegio Boliviano', 'Santa Cruz de la Sierra', NULL, 3, 1, 'Noche', 1, 'Preinscrito', false, 527, NOW(), NOW());
INSERT INTO requisitos_documentales (postulante_id, ci_digitalizado, certificado_nacimiento, titulo_bachiller_legalizado, formulario_preinscripcion, verificado_bd_externa, updated_at) VALUES (428, false, false, false, false, false, NOW());
INSERT INTO users (id, name, email, password, role, active, created_at, updated_at) VALUES (528, 'Beatriz Ruiz', 'beatrizruiz28@estudiante.edu.bo', '\$2y\$12\$TyO9cTQJ0O7NSPORyyP8Hup.wk8.BWNWu4itdEJYyjZ2Sem9DbFyi', 'Postulante', true, NOW(), NOW());
INSERT INTO postulantes (id, ci, nombres, apellidos, fecha_nacimiento, sexo, direccion, telefono, email, colegio_procedencia, ciudad, titulo_bachiller, primera_opcion_id, segunda_opcion_id, turno_preferencia, gestion_id, estado, recurrente, user_id, created_at, updated_at) VALUES (429, '3011798', 'Beatriz', 'Ruiz', '2005-01-15', 'M', NULL, '59183295270', 'beatrizruiz28@estudiante.edu.bo', 'Colegio Boliviano', 'Santa Cruz de la Sierra', NULL, 3, 1, 'Noche', 1, 'Preinscrito', false, 528, NOW(), NOW());
INSERT INTO requisitos_documentales (postulante_id, ci_digitalizado, certificado_nacimiento, titulo_bachiller_legalizado, formulario_preinscripcion, verificado_bd_externa, updated_at) VALUES (429, false, false, false, false, false, NOW());
INSERT INTO users (id, name, email, password, role, active, created_at, updated_at) VALUES (529, 'Isabel Vidal', 'isabelvidal29@estudiante.edu.bo', '\$2y\$12\$TyO9cTQJ0O7NSPORyyP8Hup.wk8.BWNWu4itdEJYyjZ2Sem9DbFyi', 'Postulante', true, NOW(), NOW());
INSERT INTO postulantes (id, ci, nombres, apellidos, fecha_nacimiento, sexo, direccion, telefono, email, colegio_procedencia, ciudad, titulo_bachiller, primera_opcion_id, segunda_opcion_id, turno_preferencia, gestion_id, estado, recurrente, user_id, created_at, updated_at) VALUES (430, '8660260', 'Isabel', 'Vidal', '2005-01-15', 'M', NULL, '59185877412', 'isabelvidal29@estudiante.edu.bo', 'Colegio Boliviano', 'Santa Cruz de la Sierra', NULL, 3, 1, 'Noche', 1, 'Preinscrito', false, 529, NOW(), NOW());
INSERT INTO requisitos_documentales (postulante_id, ci_digitalizado, certificado_nacimiento, titulo_bachiller_legalizado, formulario_preinscripcion, verificado_bd_externa, updated_at) VALUES (430, false, false, false, false, false, NOW());
INSERT INTO users (id, name, email, password, role, active, created_at, updated_at) VALUES (530, 'Ricardo López', 'ricardolópez30@estudiante.edu.bo', '\$2y\$12\$TyO9cTQJ0O7NSPORyyP8Hup.wk8.BWNWu4itdEJYyjZ2Sem9DbFyi', 'Postulante', true, NOW(), NOW());
INSERT INTO postulantes (id, ci, nombres, apellidos, fecha_nacimiento, sexo, direccion, telefono, email, colegio_procedencia, ciudad, titulo_bachiller, primera_opcion_id, segunda_opcion_id, turno_preferencia, gestion_id, estado, recurrente, user_id, created_at, updated_at) VALUES (431, '1836488', 'Ricardo', 'López', '2005-01-15', 'M', NULL, '59173651231', 'ricardolópez30@estudiante.edu.bo', 'Colegio Boliviano', 'Santa Cruz de la Sierra', NULL, 3, 1, 'Noche', 1, 'Preinscrito', false, 530, NOW(), NOW());
INSERT INTO requisitos_documentales (postulante_id, ci_digitalizado, certificado_nacimiento, titulo_bachiller_legalizado, formulario_preinscripcion, verificado_bd_externa, updated_at) VALUES (431, false, false, false, false, false, NOW());
INSERT INTO users (id, name, email, password, role, active, created_at, updated_at) VALUES (531, 'Javier Valencia', 'javiervalencia31@estudiante.edu.bo', '\$2y\$12\$TyO9cTQJ0O7NSPORyyP8Hup.wk8.BWNWu4itdEJYyjZ2Sem9DbFyi', 'Postulante', true, NOW(), NOW());
INSERT INTO postulantes (id, ci, nombres, apellidos, fecha_nacimiento, sexo, direccion, telefono, email, colegio_procedencia, ciudad, titulo_bachiller, primera_opcion_id, segunda_opcion_id, turno_preferencia, gestion_id, estado, recurrente, user_id, created_at, updated_at) VALUES (432, '6489048', 'Javier', 'Valencia', '2005-01-15', 'M', NULL, '59170333436', 'javiervalencia31@estudiante.edu.bo', 'Colegio Boliviano', 'Santa Cruz de la Sierra', NULL, 3, 1, 'Noche', 1, 'Preinscrito', false, 531, NOW(), NOW());
INSERT INTO requisitos_documentales (postulante_id, ci_digitalizado, certificado_nacimiento, titulo_bachiller_legalizado, formulario_preinscripcion, verificado_bd_externa, updated_at) VALUES (432, false, false, false, false, false, NOW());
INSERT INTO users (id, name, email, password, role, active, created_at, updated_at) VALUES (532, 'Pedro Ruiz', 'pedroruiz32@estudiante.edu.bo', '\$2y\$12\$TyO9cTQJ0O7NSPORyyP8Hup.wk8.BWNWu4itdEJYyjZ2Sem9DbFyi', 'Postulante', true, NOW(), NOW());
INSERT INTO postulantes (id, ci, nombres, apellidos, fecha_nacimiento, sexo, direccion, telefono, email, colegio_procedencia, ciudad, titulo_bachiller, primera_opcion_id, segunda_opcion_id, turno_preferencia, gestion_id, estado, recurrente, user_id, created_at, updated_at) VALUES (433, '2789483', 'Pedro', 'Ruiz', '2005-01-15', 'M', NULL, '59166288955', 'pedroruiz32@estudiante.edu.bo', 'Colegio Boliviano', 'Santa Cruz de la Sierra', NULL, 3, 1, 'Tarde', 1, 'Preinscrito', false, 532, NOW(), NOW());
INSERT INTO requisitos_documentales (postulante_id, ci_digitalizado, certificado_nacimiento, titulo_bachiller_legalizado, formulario_preinscripcion, verificado_bd_externa, updated_at) VALUES (433, false, false, false, false, false, NOW());
INSERT INTO users (id, name, email, password, role, active, created_at, updated_at) VALUES (533, 'Sergio Medina', 'sergiomedina33@estudiante.edu.bo', '\$2y\$12\$TyO9cTQJ0O7NSPORyyP8Hup.wk8.BWNWu4itdEJYyjZ2Sem9DbFyi', 'Postulante', true, NOW(), NOW());
INSERT INTO postulantes (id, ci, nombres, apellidos, fecha_nacimiento, sexo, direccion, telefono, email, colegio_procedencia, ciudad, titulo_bachiller, primera_opcion_id, segunda_opcion_id, turno_preferencia, gestion_id, estado, recurrente, user_id, created_at, updated_at) VALUES (434, '2879316', 'Sergio', 'Medina', '2005-01-15', 'M', NULL, '59195968080', 'sergiomedina33@estudiante.edu.bo', 'Colegio Boliviano', 'Santa Cruz de la Sierra', NULL, 3, 1, 'Manana', 1, 'Preinscrito', false, 533, NOW(), NOW());
INSERT INTO requisitos_documentales (postulante_id, ci_digitalizado, certificado_nacimiento, titulo_bachiller_legalizado, formulario_preinscripcion, verificado_bd_externa, updated_at) VALUES (434, false, false, false, false, false, NOW());
INSERT INTO users (id, name, email, password, role, active, created_at, updated_at) VALUES (534, 'Francisca Silva', 'franciscasilva34@estudiante.edu.bo', '\$2y\$12\$TyO9cTQJ0O7NSPORyyP8Hup.wk8.BWNWu4itdEJYyjZ2Sem9DbFyi', 'Postulante', true, NOW(), NOW());
INSERT INTO postulantes (id, ci, nombres, apellidos, fecha_nacimiento, sexo, direccion, telefono, email, colegio_procedencia, ciudad, titulo_bachiller, primera_opcion_id, segunda_opcion_id, turno_preferencia, gestion_id, estado, recurrente, user_id, created_at, updated_at) VALUES (435, '2090158', 'Francisca', 'Silva', '2005-01-15', 'M', NULL, '59189775732', 'franciscasilva34@estudiante.edu.bo', 'Colegio Boliviano', 'Santa Cruz de la Sierra', NULL, 3, 1, 'Noche', 1, 'Preinscrito', false, 534, NOW(), NOW());
INSERT INTO requisitos_documentales (postulante_id, ci_digitalizado, certificado_nacimiento, titulo_bachiller_legalizado, formulario_preinscripcion, verificado_bd_externa, updated_at) VALUES (435, false, false, false, false, false, NOW());
INSERT INTO users (id, name, email, password, role, active, created_at, updated_at) VALUES (535, 'Héctor Valdez', 'héctorvaldez35@estudiante.edu.bo', '\$2y\$12\$TyO9cTQJ0O7NSPORyyP8Hup.wk8.BWNWu4itdEJYyjZ2Sem9DbFyi', 'Postulante', true, NOW(), NOW());
INSERT INTO postulantes (id, ci, nombres, apellidos, fecha_nacimiento, sexo, direccion, telefono, email, colegio_procedencia, ciudad, titulo_bachiller, primera_opcion_id, segunda_opcion_id, turno_preferencia, gestion_id, estado, recurrente, user_id, created_at, updated_at) VALUES (436, '2568081', 'Héctor', 'Valdez', '2005-01-15', 'M', NULL, '59181934680', 'héctorvaldez35@estudiante.edu.bo', 'Colegio Boliviano', 'Santa Cruz de la Sierra', NULL, 3, 1, 'Manana', 1, 'Preinscrito', false, 535, NOW(), NOW());
INSERT INTO requisitos_documentales (postulante_id, ci_digitalizado, certificado_nacimiento, titulo_bachiller_legalizado, formulario_preinscripcion, verificado_bd_externa, updated_at) VALUES (436, false, false, false, false, false, NOW());
INSERT INTO users (id, name, email, password, role, active, created_at, updated_at) VALUES (536, 'Jorge González', 'jorgegonzález36@estudiante.edu.bo', '\$2y\$12\$TyO9cTQJ0O7NSPORyyP8Hup.wk8.BWNWu4itdEJYyjZ2Sem9DbFyi', 'Postulante', true, NOW(), NOW());
INSERT INTO postulantes (id, ci, nombres, apellidos, fecha_nacimiento, sexo, direccion, telefono, email, colegio_procedencia, ciudad, titulo_bachiller, primera_opcion_id, segunda_opcion_id, turno_preferencia, gestion_id, estado, recurrente, user_id, created_at, updated_at) VALUES (437, '2801580', 'Jorge', 'González', '2005-01-15', 'M', NULL, '59191496087', 'jorgegonzález36@estudiante.edu.bo', 'Colegio Boliviano', 'Santa Cruz de la Sierra', NULL, 3, 1, 'Noche', 1, 'Preinscrito', false, 536, NOW(), NOW());
INSERT INTO requisitos_documentales (postulante_id, ci_digitalizado, certificado_nacimiento, titulo_bachiller_legalizado, formulario_preinscripcion, verificado_bd_externa, updated_at) VALUES (437, false, false, false, false, false, NOW());
INSERT INTO users (id, name, email, password, role, active, created_at, updated_at) VALUES (537, 'Juan Acosta', 'juanacosta37@estudiante.edu.bo', '\$2y\$12\$TyO9cTQJ0O7NSPORyyP8Hup.wk8.BWNWu4itdEJYyjZ2Sem9DbFyi', 'Postulante', true, NOW(), NOW());
INSERT INTO postulantes (id, ci, nombres, apellidos, fecha_nacimiento, sexo, direccion, telefono, email, colegio_procedencia, ciudad, titulo_bachiller, primera_opcion_id, segunda_opcion_id, turno_preferencia, gestion_id, estado, recurrente, user_id, created_at, updated_at) VALUES (438, '7335769', 'Juan', 'Acosta', '2005-01-15', 'M', NULL, '59167705282', 'juanacosta37@estudiante.edu.bo', 'Colegio Boliviano', 'Santa Cruz de la Sierra', NULL, 3, 1, 'Manana', 1, 'Preinscrito', false, 537, NOW(), NOW());
INSERT INTO requisitos_documentales (postulante_id, ci_digitalizado, certificado_nacimiento, titulo_bachiller_legalizado, formulario_preinscripcion, verificado_bd_externa, updated_at) VALUES (438, false, false, false, false, false, NOW());
INSERT INTO users (id, name, email, password, role, active, created_at, updated_at) VALUES (538, 'Carmen Rivera', 'carmenrivera38@estudiante.edu.bo', '\$2y\$12\$TyO9cTQJ0O7NSPORyyP8Hup.wk8.BWNWu4itdEJYyjZ2Sem9DbFyi', 'Postulante', true, NOW(), NOW());
INSERT INTO postulantes (id, ci, nombres, apellidos, fecha_nacimiento, sexo, direccion, telefono, email, colegio_procedencia, ciudad, titulo_bachiller, primera_opcion_id, segunda_opcion_id, turno_preferencia, gestion_id, estado, recurrente, user_id, created_at, updated_at) VALUES (439, '3094602', 'Carmen', 'Rivera', '2005-01-15', 'M', NULL, '59163704492', 'carmenrivera38@estudiante.edu.bo', 'Colegio Boliviano', 'Santa Cruz de la Sierra', NULL, 3, 1, 'Manana', 1, 'Preinscrito', false, 538, NOW(), NOW());
INSERT INTO requisitos_documentales (postulante_id, ci_digitalizado, certificado_nacimiento, titulo_bachiller_legalizado, formulario_preinscripcion, verificado_bd_externa, updated_at) VALUES (439, false, false, false, false, false, NOW());
INSERT INTO users (id, name, email, password, role, active, created_at, updated_at) VALUES (539, 'Beatriz García', 'beatrizgarcía39@estudiante.edu.bo', '\$2y\$12\$TyO9cTQJ0O7NSPORyyP8Hup.wk8.BWNWu4itdEJYyjZ2Sem9DbFyi', 'Postulante', true, NOW(), NOW());
INSERT INTO postulantes (id, ci, nombres, apellidos, fecha_nacimiento, sexo, direccion, telefono, email, colegio_procedencia, ciudad, titulo_bachiller, primera_opcion_id, segunda_opcion_id, turno_preferencia, gestion_id, estado, recurrente, user_id, created_at, updated_at) VALUES (440, '8435200', 'Beatriz', 'García', '2005-01-15', 'M', NULL, '59196302156', 'beatrizgarcía39@estudiante.edu.bo', 'Colegio Boliviano', 'Santa Cruz de la Sierra', NULL, 3, 1, 'Manana', 1, 'Preinscrito', false, 539, NOW(), NOW());
INSERT INTO requisitos_documentales (postulante_id, ci_digitalizado, certificado_nacimiento, titulo_bachiller_legalizado, formulario_preinscripcion, verificado_bd_externa, updated_at) VALUES (440, false, false, false, false, false, NOW());
INSERT INTO users (id, name, email, password, role, active, created_at, updated_at) VALUES (540, 'Juan Hernández', 'juanhernández40@estudiante.edu.bo', '\$2y\$12\$TyO9cTQJ0O7NSPORyyP8Hup.wk8.BWNWu4itdEJYyjZ2Sem9DbFyi', 'Postulante', true, NOW(), NOW());
INSERT INTO postulantes (id, ci, nombres, apellidos, fecha_nacimiento, sexo, direccion, telefono, email, colegio_procedencia, ciudad, titulo_bachiller, primera_opcion_id, segunda_opcion_id, turno_preferencia, gestion_id, estado, recurrente, user_id, created_at, updated_at) VALUES (441, '1283082', 'Juan', 'Hernández', '2005-01-15', 'M', NULL, '59179346356', 'juanhernández40@estudiante.edu.bo', 'Colegio Boliviano', 'Santa Cruz de la Sierra', NULL, 3, 1, 'Noche', 1, 'Preinscrito', false, 540, NOW(), NOW());
INSERT INTO requisitos_documentales (postulante_id, ci_digitalizado, certificado_nacimiento, titulo_bachiller_legalizado, formulario_preinscripcion, verificado_bd_externa, updated_at) VALUES (441, false, false, false, false, false, NOW());
INSERT INTO users (id, name, email, password, role, active, created_at, updated_at) VALUES (541, 'Elena Guerrero', 'elenaguerrero41@estudiante.edu.bo', '\$2y\$12\$TyO9cTQJ0O7NSPORyyP8Hup.wk8.BWNWu4itdEJYyjZ2Sem9DbFyi', 'Postulante', true, NOW(), NOW());
INSERT INTO postulantes (id, ci, nombres, apellidos, fecha_nacimiento, sexo, direccion, telefono, email, colegio_procedencia, ciudad, titulo_bachiller, primera_opcion_id, segunda_opcion_id, turno_preferencia, gestion_id, estado, recurrente, user_id, created_at, updated_at) VALUES (442, '4577635', 'Elena', 'Guerrero', '2005-01-15', 'M', NULL, '59180224035', 'elenaguerrero41@estudiante.edu.bo', 'Colegio Boliviano', 'Santa Cruz de la Sierra', NULL, 3, 1, 'Manana', 1, 'Preinscrito', false, 541, NOW(), NOW());
INSERT INTO requisitos_documentales (postulante_id, ci_digitalizado, certificado_nacimiento, titulo_bachiller_legalizado, formulario_preinscripcion, verificado_bd_externa, updated_at) VALUES (442, false, false, false, false, false, NOW());
INSERT INTO users (id, name, email, password, role, active, created_at, updated_at) VALUES (542, 'Natalia Ruiz', 'nataliaruiz42@estudiante.edu.bo', '\$2y\$12\$TyO9cTQJ0O7NSPORyyP8Hup.wk8.BWNWu4itdEJYyjZ2Sem9DbFyi', 'Postulante', true, NOW(), NOW());
INSERT INTO postulantes (id, ci, nombres, apellidos, fecha_nacimiento, sexo, direccion, telefono, email, colegio_procedencia, ciudad, titulo_bachiller, primera_opcion_id, segunda_opcion_id, turno_preferencia, gestion_id, estado, recurrente, user_id, created_at, updated_at) VALUES (443, '6694577', 'Natalia', 'Ruiz', '2005-01-15', 'M', NULL, '59167419344', 'nataliaruiz42@estudiante.edu.bo', 'Colegio Boliviano', 'Santa Cruz de la Sierra', NULL, 3, 1, 'Tarde', 1, 'Preinscrito', false, 542, NOW(), NOW());
INSERT INTO requisitos_documentales (postulante_id, ci_digitalizado, certificado_nacimiento, titulo_bachiller_legalizado, formulario_preinscripcion, verificado_bd_externa, updated_at) VALUES (443, false, false, false, false, false, NOW());
INSERT INTO users (id, name, email, password, role, active, created_at, updated_at) VALUES (543, 'Rosa Pérez', 'rosapérez43@estudiante.edu.bo', '\$2y\$12\$TyO9cTQJ0O7NSPORyyP8Hup.wk8.BWNWu4itdEJYyjZ2Sem9DbFyi', 'Postulante', true, NOW(), NOW());
INSERT INTO postulantes (id, ci, nombres, apellidos, fecha_nacimiento, sexo, direccion, telefono, email, colegio_procedencia, ciudad, titulo_bachiller, primera_opcion_id, segunda_opcion_id, turno_preferencia, gestion_id, estado, recurrente, user_id, created_at, updated_at) VALUES (444, '2932345', 'Rosa', 'Pérez', '2005-01-15', 'M', NULL, '59165328938', 'rosapérez43@estudiante.edu.bo', 'Colegio Boliviano', 'Santa Cruz de la Sierra', NULL, 3, 1, 'Manana', 1, 'Preinscrito', false, 543, NOW(), NOW());
INSERT INTO requisitos_documentales (postulante_id, ci_digitalizado, certificado_nacimiento, titulo_bachiller_legalizado, formulario_preinscripcion, verificado_bd_externa, updated_at) VALUES (444, false, false, false, false, false, NOW());
INSERT INTO users (id, name, email, password, role, active, created_at, updated_at) VALUES (544, 'Constanza Martínez', 'constanzamartínez44@estudiante.edu.bo', '\$2y\$12\$TyO9cTQJ0O7NSPORyyP8Hup.wk8.BWNWu4itdEJYyjZ2Sem9DbFyi', 'Postulante', true, NOW(), NOW());
INSERT INTO postulantes (id, ci, nombres, apellidos, fecha_nacimiento, sexo, direccion, telefono, email, colegio_procedencia, ciudad, titulo_bachiller, primera_opcion_id, segunda_opcion_id, turno_preferencia, gestion_id, estado, recurrente, user_id, created_at, updated_at) VALUES (445, '9645988', 'Constanza', 'Martínez', '2005-01-15', 'M', NULL, '59183904020', 'constanzamartínez44@estudiante.edu.bo', 'Colegio Boliviano', 'Santa Cruz de la Sierra', NULL, 3, 1, 'Tarde', 1, 'Preinscrito', false, 544, NOW(), NOW());
INSERT INTO requisitos_documentales (postulante_id, ci_digitalizado, certificado_nacimiento, titulo_bachiller_legalizado, formulario_preinscripcion, verificado_bd_externa, updated_at) VALUES (445, false, false, false, false, false, NOW());
INSERT INTO users (id, name, email, password, role, active, created_at, updated_at) VALUES (545, 'Luis Morales', 'luismorales45@estudiante.edu.bo', '\$2y\$12\$TyO9cTQJ0O7NSPORyyP8Hup.wk8.BWNWu4itdEJYyjZ2Sem9DbFyi', 'Postulante', true, NOW(), NOW());
INSERT INTO postulantes (id, ci, nombres, apellidos, fecha_nacimiento, sexo, direccion, telefono, email, colegio_procedencia, ciudad, titulo_bachiller, primera_opcion_id, segunda_opcion_id, turno_preferencia, gestion_id, estado, recurrente, user_id, created_at, updated_at) VALUES (446, '9264584', 'Luis', 'Morales', '2005-01-15', 'M', NULL, '59185456239', 'luismorales45@estudiante.edu.bo', 'Colegio Boliviano', 'Santa Cruz de la Sierra', NULL, 3, 1, 'Manana', 1, 'Preinscrito', false, 545, NOW(), NOW());
INSERT INTO requisitos_documentales (postulante_id, ci_digitalizado, certificado_nacimiento, titulo_bachiller_legalizado, formulario_preinscripcion, verificado_bd_externa, updated_at) VALUES (446, false, false, false, false, false, NOW());
INSERT INTO users (id, name, email, password, role, active, created_at, updated_at) VALUES (546, 'Rafael Ruiz', 'rafaelruiz46@estudiante.edu.bo', '\$2y\$12\$TyO9cTQJ0O7NSPORyyP8Hup.wk8.BWNWu4itdEJYyjZ2Sem9DbFyi', 'Postulante', true, NOW(), NOW());
INSERT INTO postulantes (id, ci, nombres, apellidos, fecha_nacimiento, sexo, direccion, telefono, email, colegio_procedencia, ciudad, titulo_bachiller, primera_opcion_id, segunda_opcion_id, turno_preferencia, gestion_id, estado, recurrente, user_id, created_at, updated_at) VALUES (447, '5698250', 'Rafael', 'Ruiz', '2005-01-15', 'M', NULL, '59164492986', 'rafaelruiz46@estudiante.edu.bo', 'Colegio Boliviano', 'Santa Cruz de la Sierra', NULL, 3, 1, 'Tarde', 1, 'Preinscrito', false, 546, NOW(), NOW());
INSERT INTO requisitos_documentales (postulante_id, ci_digitalizado, certificado_nacimiento, titulo_bachiller_legalizado, formulario_preinscripcion, verificado_bd_externa, updated_at) VALUES (447, false, false, false, false, false, NOW());
INSERT INTO users (id, name, email, password, role, active, created_at, updated_at) VALUES (547, 'Arturo Medina', 'arturomedina47@estudiante.edu.bo', '\$2y\$12\$TyO9cTQJ0O7NSPORyyP8Hup.wk8.BWNWu4itdEJYyjZ2Sem9DbFyi', 'Postulante', true, NOW(), NOW());
INSERT INTO postulantes (id, ci, nombres, apellidos, fecha_nacimiento, sexo, direccion, telefono, email, colegio_procedencia, ciudad, titulo_bachiller, primera_opcion_id, segunda_opcion_id, turno_preferencia, gestion_id, estado, recurrente, user_id, created_at, updated_at) VALUES (448, '7675518', 'Arturo', 'Medina', '2005-01-15', 'M', NULL, '59191059553', 'arturomedina47@estudiante.edu.bo', 'Colegio Boliviano', 'Santa Cruz de la Sierra', NULL, 3, 1, 'Tarde', 1, 'Preinscrito', false, 547, NOW(), NOW());
INSERT INTO requisitos_documentales (postulante_id, ci_digitalizado, certificado_nacimiento, titulo_bachiller_legalizado, formulario_preinscripcion, verificado_bd_externa, updated_at) VALUES (448, false, false, false, false, false, NOW());
INSERT INTO users (id, name, email, password, role, active, created_at, updated_at) VALUES (548, 'Alejandro Acosta', 'alejandroacosta48@estudiante.edu.bo', '\$2y\$12\$TyO9cTQJ0O7NSPORyyP8Hup.wk8.BWNWu4itdEJYyjZ2Sem9DbFyi', 'Postulante', true, NOW(), NOW());
INSERT INTO postulantes (id, ci, nombres, apellidos, fecha_nacimiento, sexo, direccion, telefono, email, colegio_procedencia, ciudad, titulo_bachiller, primera_opcion_id, segunda_opcion_id, turno_preferencia, gestion_id, estado, recurrente, user_id, created_at, updated_at) VALUES (449, '1752407', 'Alejandro', 'Acosta', '2005-01-15', 'M', NULL, '59176741298', 'alejandroacosta48@estudiante.edu.bo', 'Colegio Boliviano', 'Santa Cruz de la Sierra', NULL, 3, 1, 'Noche', 1, 'Preinscrito', false, 548, NOW(), NOW());
INSERT INTO requisitos_documentales (postulante_id, ci_digitalizado, certificado_nacimiento, titulo_bachiller_legalizado, formulario_preinscripcion, verificado_bd_externa, updated_at) VALUES (449, false, false, false, false, false, NOW());
INSERT INTO users (id, name, email, password, role, active, created_at, updated_at) VALUES (549, 'Raúl Medina', 'raúlmedina49@estudiante.edu.bo', '\$2y\$12\$TyO9cTQJ0O7NSPORyyP8Hup.wk8.BWNWu4itdEJYyjZ2Sem9DbFyi', 'Postulante', true, NOW(), NOW());
INSERT INTO postulantes (id, ci, nombres, apellidos, fecha_nacimiento, sexo, direccion, telefono, email, colegio_procedencia, ciudad, titulo_bachiller, primera_opcion_id, segunda_opcion_id, turno_preferencia, gestion_id, estado, recurrente, user_id, created_at, updated_at) VALUES (450, '3498358', 'Raúl', 'Medina', '2005-01-15', 'M', NULL, '59194225962', 'raúlmedina49@estudiante.edu.bo', 'Colegio Boliviano', 'Santa Cruz de la Sierra', NULL, 3, 1, 'Manana', 1, 'Preinscrito', false, 549, NOW(), NOW());
INSERT INTO requisitos_documentales (postulante_id, ci_digitalizado, certificado_nacimiento, titulo_bachiller_legalizado, formulario_preinscripcion, verificado_bd_externa, updated_at) VALUES (450, false, false, false, false, false, NOW());
INSERT INTO users (id, name, email, password, role, active, created_at, updated_at) VALUES (550, 'Patricia Valencia', 'patriciavalencia50@estudiante.edu.bo', '\$2y\$12\$TyO9cTQJ0O7NSPORyyP8Hup.wk8.BWNWu4itdEJYyjZ2Sem9DbFyi', 'Postulante', true, NOW(), NOW());
INSERT INTO postulantes (id, ci, nombres, apellidos, fecha_nacimiento, sexo, direccion, telefono, email, colegio_procedencia, ciudad, titulo_bachiller, primera_opcion_id, segunda_opcion_id, turno_preferencia, gestion_id, estado, recurrente, user_id, created_at, updated_at) VALUES (451, '5820687', 'Patricia', 'Valencia', '2005-01-15', 'M', NULL, '59180002015', 'patriciavalencia50@estudiante.edu.bo', 'Colegio Boliviano', 'Santa Cruz de la Sierra', NULL, 3, 1, 'Manana', 1, 'Preinscrito', false, 550, NOW(), NOW());
INSERT INTO requisitos_documentales (postulante_id, ci_digitalizado, certificado_nacimiento, titulo_bachiller_legalizado, formulario_preinscripcion, verificado_bd_externa, updated_at) VALUES (451, false, false, false, false, false, NOW());
INSERT INTO users (id, name, email, password, role, active, created_at, updated_at) VALUES (551, 'Lorena Domínguez', 'lorenadomínguez51@estudiante.edu.bo', '\$2y\$12\$TyO9cTQJ0O7NSPORyyP8Hup.wk8.BWNWu4itdEJYyjZ2Sem9DbFyi', 'Postulante', true, NOW(), NOW());
INSERT INTO postulantes (id, ci, nombres, apellidos, fecha_nacimiento, sexo, direccion, telefono, email, colegio_procedencia, ciudad, titulo_bachiller, primera_opcion_id, segunda_opcion_id, turno_preferencia, gestion_id, estado, recurrente, user_id, created_at, updated_at) VALUES (452, '5729260', 'Lorena', 'Domínguez', '2005-01-15', 'M', NULL, '59192932560', 'lorenadomínguez51@estudiante.edu.bo', 'Colegio Boliviano', 'Santa Cruz de la Sierra', NULL, 3, 1, 'Manana', 1, 'Preinscrito', false, 551, NOW(), NOW());
INSERT INTO requisitos_documentales (postulante_id, ci_digitalizado, certificado_nacimiento, titulo_bachiller_legalizado, formulario_preinscripcion, verificado_bd_externa, updated_at) VALUES (452, false, false, false, false, false, NOW());
INSERT INTO users (id, name, email, password, role, active, created_at, updated_at) VALUES (552, 'Matías López', 'matíaslópez52@estudiante.edu.bo', '\$2y\$12\$TyO9cTQJ0O7NSPORyyP8Hup.wk8.BWNWu4itdEJYyjZ2Sem9DbFyi', 'Postulante', true, NOW(), NOW());
INSERT INTO postulantes (id, ci, nombres, apellidos, fecha_nacimiento, sexo, direccion, telefono, email, colegio_procedencia, ciudad, titulo_bachiller, primera_opcion_id, segunda_opcion_id, turno_preferencia, gestion_id, estado, recurrente, user_id, created_at, updated_at) VALUES (453, '8595378', 'Matías', 'López', '2005-01-15', 'M', NULL, '59178596206', 'matíaslópez52@estudiante.edu.bo', 'Colegio Boliviano', 'Santa Cruz de la Sierra', NULL, 3, 1, 'Noche', 1, 'Preinscrito', false, 552, NOW(), NOW());
INSERT INTO requisitos_documentales (postulante_id, ci_digitalizado, certificado_nacimiento, titulo_bachiller_legalizado, formulario_preinscripcion, verificado_bd_externa, updated_at) VALUES (453, false, false, false, false, false, NOW());
INSERT INTO users (id, name, email, password, role, active, created_at, updated_at) VALUES (553, 'Marisol Rivas', 'marisolrivas53@estudiante.edu.bo', '\$2y\$12\$TyO9cTQJ0O7NSPORyyP8Hup.wk8.BWNWu4itdEJYyjZ2Sem9DbFyi', 'Postulante', true, NOW(), NOW());
INSERT INTO postulantes (id, ci, nombres, apellidos, fecha_nacimiento, sexo, direccion, telefono, email, colegio_procedencia, ciudad, titulo_bachiller, primera_opcion_id, segunda_opcion_id, turno_preferencia, gestion_id, estado, recurrente, user_id, created_at, updated_at) VALUES (454, '9448555', 'Marisol', 'Rivas', '2005-01-15', 'M', NULL, '59173148512', 'marisolrivas53@estudiante.edu.bo', 'Colegio Boliviano', 'Santa Cruz de la Sierra', NULL, 3, 1, 'Tarde', 1, 'Preinscrito', false, 553, NOW(), NOW());
INSERT INTO requisitos_documentales (postulante_id, ci_digitalizado, certificado_nacimiento, titulo_bachiller_legalizado, formulario_preinscripcion, verificado_bd_externa, updated_at) VALUES (454, false, false, false, false, false, NOW());
INSERT INTO users (id, name, email, password, role, active, created_at, updated_at) VALUES (554, 'Elena Vega', 'elenavega54@estudiante.edu.bo', '\$2y\$12\$TyO9cTQJ0O7NSPORyyP8Hup.wk8.BWNWu4itdEJYyjZ2Sem9DbFyi', 'Postulante', true, NOW(), NOW());
INSERT INTO postulantes (id, ci, nombres, apellidos, fecha_nacimiento, sexo, direccion, telefono, email, colegio_procedencia, ciudad, titulo_bachiller, primera_opcion_id, segunda_opcion_id, turno_preferencia, gestion_id, estado, recurrente, user_id, created_at, updated_at) VALUES (455, '6902104', 'Elena', 'Vega', '2005-01-15', 'M', NULL, '59194242911', 'elenavega54@estudiante.edu.bo', 'Colegio Boliviano', 'Santa Cruz de la Sierra', NULL, 3, 1, 'Tarde', 1, 'Preinscrito', false, 554, NOW(), NOW());
INSERT INTO requisitos_documentales (postulante_id, ci_digitalizado, certificado_nacimiento, titulo_bachiller_legalizado, formulario_preinscripcion, verificado_bd_externa, updated_at) VALUES (455, false, false, false, false, false, NOW());
INSERT INTO users (id, name, email, password, role, active, created_at, updated_at) VALUES (555, 'Irene Rojas', 'irenerojas55@estudiante.edu.bo', '\$2y\$12\$TyO9cTQJ0O7NSPORyyP8Hup.wk8.BWNWu4itdEJYyjZ2Sem9DbFyi', 'Postulante', true, NOW(), NOW());
INSERT INTO postulantes (id, ci, nombres, apellidos, fecha_nacimiento, sexo, direccion, telefono, email, colegio_procedencia, ciudad, titulo_bachiller, primera_opcion_id, segunda_opcion_id, turno_preferencia, gestion_id, estado, recurrente, user_id, created_at, updated_at) VALUES (456, '1398025', 'Irene', 'Rojas', '2005-01-15', 'M', NULL, '59186212060', 'irenerojas55@estudiante.edu.bo', 'Colegio Boliviano', 'Santa Cruz de la Sierra', NULL, 3, 1, 'Manana', 1, 'Preinscrito', false, 555, NOW(), NOW());
INSERT INTO requisitos_documentales (postulante_id, ci_digitalizado, certificado_nacimiento, titulo_bachiller_legalizado, formulario_preinscripcion, verificado_bd_externa, updated_at) VALUES (456, false, false, false, false, false, NOW());
INSERT INTO users (id, name, email, password, role, active, created_at, updated_at) VALUES (556, 'Rosa Silva', 'rosasilva56@estudiante.edu.bo', '\$2y\$12\$TyO9cTQJ0O7NSPORyyP8Hup.wk8.BWNWu4itdEJYyjZ2Sem9DbFyi', 'Postulante', true, NOW(), NOW());
INSERT INTO postulantes (id, ci, nombres, apellidos, fecha_nacimiento, sexo, direccion, telefono, email, colegio_procedencia, ciudad, titulo_bachiller, primera_opcion_id, segunda_opcion_id, turno_preferencia, gestion_id, estado, recurrente, user_id, created_at, updated_at) VALUES (457, '9412785', 'Rosa', 'Silva', '2005-01-15', 'M', NULL, '59181124738', 'rosasilva56@estudiante.edu.bo', 'Colegio Boliviano', 'Santa Cruz de la Sierra', NULL, 3, 1, 'Noche', 1, 'Preinscrito', false, 556, NOW(), NOW());
INSERT INTO requisitos_documentales (postulante_id, ci_digitalizado, certificado_nacimiento, titulo_bachiller_legalizado, formulario_preinscripcion, verificado_bd_externa, updated_at) VALUES (457, false, false, false, false, false, NOW());
INSERT INTO users (id, name, email, password, role, active, created_at, updated_at) VALUES (557, 'Víctor Contreras', 'víctorcontreras57@estudiante.edu.bo', '\$2y\$12\$TyO9cTQJ0O7NSPORyyP8Hup.wk8.BWNWu4itdEJYyjZ2Sem9DbFyi', 'Postulante', true, NOW(), NOW());
INSERT INTO postulantes (id, ci, nombres, apellidos, fecha_nacimiento, sexo, direccion, telefono, email, colegio_procedencia, ciudad, titulo_bachiller, primera_opcion_id, segunda_opcion_id, turno_preferencia, gestion_id, estado, recurrente, user_id, created_at, updated_at) VALUES (458, '1391947', 'Víctor', 'Contreras', '2005-01-15', 'M', NULL, '59169311502', 'víctorcontreras57@estudiante.edu.bo', 'Colegio Boliviano', 'Santa Cruz de la Sierra', NULL, 3, 1, 'Manana', 1, 'Preinscrito', false, 557, NOW(), NOW());
INSERT INTO requisitos_documentales (postulante_id, ci_digitalizado, certificado_nacimiento, titulo_bachiller_legalizado, formulario_preinscripcion, verificado_bd_externa, updated_at) VALUES (458, false, false, false, false, false, NOW());
INSERT INTO users (id, name, email, password, role, active, created_at, updated_at) VALUES (558, 'Antonio Domínguez', 'antoniodomínguez58@estudiante.edu.bo', '\$2y\$12\$TyO9cTQJ0O7NSPORyyP8Hup.wk8.BWNWu4itdEJYyjZ2Sem9DbFyi', 'Postulante', true, NOW(), NOW());
INSERT INTO postulantes (id, ci, nombres, apellidos, fecha_nacimiento, sexo, direccion, telefono, email, colegio_procedencia, ciudad, titulo_bachiller, primera_opcion_id, segunda_opcion_id, turno_preferencia, gestion_id, estado, recurrente, user_id, created_at, updated_at) VALUES (459, '9830873', 'Antonio', 'Domínguez', '2005-01-15', 'M', NULL, '59199345015', 'antoniodomínguez58@estudiante.edu.bo', 'Colegio Boliviano', 'Santa Cruz de la Sierra', NULL, 3, 1, 'Manana', 1, 'Preinscrito', false, 558, NOW(), NOW());
INSERT INTO requisitos_documentales (postulante_id, ci_digitalizado, certificado_nacimiento, titulo_bachiller_legalizado, formulario_preinscripcion, verificado_bd_externa, updated_at) VALUES (459, false, false, false, false, false, NOW());
INSERT INTO users (id, name, email, password, role, active, created_at, updated_at) VALUES (559, 'Miguel Sánchez', 'miguelsánchez59@estudiante.edu.bo', '\$2y\$12\$TyO9cTQJ0O7NSPORyyP8Hup.wk8.BWNWu4itdEJYyjZ2Sem9DbFyi', 'Postulante', true, NOW(), NOW());
INSERT INTO postulantes (id, ci, nombres, apellidos, fecha_nacimiento, sexo, direccion, telefono, email, colegio_procedencia, ciudad, titulo_bachiller, primera_opcion_id, segunda_opcion_id, turno_preferencia, gestion_id, estado, recurrente, user_id, created_at, updated_at) VALUES (460, '7950552', 'Miguel', 'Sánchez', '2005-01-15', 'M', NULL, '59174302931', 'miguelsánchez59@estudiante.edu.bo', 'Colegio Boliviano', 'Santa Cruz de la Sierra', NULL, 3, 1, 'Noche', 1, 'Preinscrito', false, 559, NOW(), NOW());
INSERT INTO requisitos_documentales (postulante_id, ci_digitalizado, certificado_nacimiento, titulo_bachiller_legalizado, formulario_preinscripcion, verificado_bd_externa, updated_at) VALUES (460, false, false, false, false, false, NOW());
INSERT INTO users (id, name, email, password, role, active, created_at, updated_at) VALUES (560, 'Matías Delgado', 'matíasdelgado60@estudiante.edu.bo', '\$2y\$12\$TyO9cTQJ0O7NSPORyyP8Hup.wk8.BWNWu4itdEJYyjZ2Sem9DbFyi', 'Postulante', true, NOW(), NOW());
INSERT INTO postulantes (id, ci, nombres, apellidos, fecha_nacimiento, sexo, direccion, telefono, email, colegio_procedencia, ciudad, titulo_bachiller, primera_opcion_id, segunda_opcion_id, turno_preferencia, gestion_id, estado, recurrente, user_id, created_at, updated_at) VALUES (461, '9995458', 'Matías', 'Delgado', '2005-01-15', 'M', NULL, '59165313587', 'matíasdelgado60@estudiante.edu.bo', 'Colegio Boliviano', 'Santa Cruz de la Sierra', NULL, 3, 1, 'Manana', 1, 'Preinscrito', false, 560, NOW(), NOW());
INSERT INTO requisitos_documentales (postulante_id, ci_digitalizado, certificado_nacimiento, titulo_bachiller_legalizado, formulario_preinscripcion, verificado_bd_externa, updated_at) VALUES (461, false, false, false, false, false, NOW());
INSERT INTO users (id, name, email, password, role, active, created_at, updated_at) VALUES (561, 'Leticia Valdez', 'leticiavaldez61@estudiante.edu.bo', '\$2y\$12\$TyO9cTQJ0O7NSPORyyP8Hup.wk8.BWNWu4itdEJYyjZ2Sem9DbFyi', 'Postulante', true, NOW(), NOW());
INSERT INTO postulantes (id, ci, nombres, apellidos, fecha_nacimiento, sexo, direccion, telefono, email, colegio_procedencia, ciudad, titulo_bachiller, primera_opcion_id, segunda_opcion_id, turno_preferencia, gestion_id, estado, recurrente, user_id, created_at, updated_at) VALUES (462, '7270066', 'Leticia', 'Valdez', '2005-01-15', 'M', NULL, '59161506919', 'leticiavaldez61@estudiante.edu.bo', 'Colegio Boliviano', 'Santa Cruz de la Sierra', NULL, 3, 1, 'Tarde', 1, 'Preinscrito', false, 561, NOW(), NOW());
INSERT INTO requisitos_documentales (postulante_id, ci_digitalizado, certificado_nacimiento, titulo_bachiller_legalizado, formulario_preinscripcion, verificado_bd_externa, updated_at) VALUES (462, false, false, false, false, false, NOW());
INSERT INTO users (id, name, email, password, role, active, created_at, updated_at) VALUES (562, 'Gabriela Molina', 'gabrielamolina62@estudiante.edu.bo', '\$2y\$12\$TyO9cTQJ0O7NSPORyyP8Hup.wk8.BWNWu4itdEJYyjZ2Sem9DbFyi', 'Postulante', true, NOW(), NOW());
INSERT INTO postulantes (id, ci, nombres, apellidos, fecha_nacimiento, sexo, direccion, telefono, email, colegio_procedencia, ciudad, titulo_bachiller, primera_opcion_id, segunda_opcion_id, turno_preferencia, gestion_id, estado, recurrente, user_id, created_at, updated_at) VALUES (463, '4755231', 'Gabriela', 'Molina', '2005-01-15', 'M', NULL, '59176905200', 'gabrielamolina62@estudiante.edu.bo', 'Colegio Boliviano', 'Santa Cruz de la Sierra', NULL, 3, 1, 'Noche', 1, 'Preinscrito', false, 562, NOW(), NOW());
INSERT INTO requisitos_documentales (postulante_id, ci_digitalizado, certificado_nacimiento, titulo_bachiller_legalizado, formulario_preinscripcion, verificado_bd_externa, updated_at) VALUES (463, false, false, false, false, false, NOW());
INSERT INTO users (id, name, email, password, role, active, created_at, updated_at) VALUES (563, 'Bruno Vázquez', 'brunovázquez63@estudiante.edu.bo', '\$2y\$12\$TyO9cTQJ0O7NSPORyyP8Hup.wk8.BWNWu4itdEJYyjZ2Sem9DbFyi', 'Postulante', true, NOW(), NOW());
INSERT INTO postulantes (id, ci, nombres, apellidos, fecha_nacimiento, sexo, direccion, telefono, email, colegio_procedencia, ciudad, titulo_bachiller, primera_opcion_id, segunda_opcion_id, turno_preferencia, gestion_id, estado, recurrente, user_id, created_at, updated_at) VALUES (464, '3713108', 'Bruno', 'Vázquez', '2005-01-15', 'M', NULL, '59181228261', 'brunovázquez63@estudiante.edu.bo', 'Colegio Boliviano', 'Santa Cruz de la Sierra', NULL, 3, 1, 'Tarde', 1, 'Preinscrito', false, 563, NOW(), NOW());
INSERT INTO requisitos_documentales (postulante_id, ci_digitalizado, certificado_nacimiento, titulo_bachiller_legalizado, formulario_preinscripcion, verificado_bd_externa, updated_at) VALUES (464, false, false, false, false, false, NOW());
INSERT INTO users (id, name, email, password, role, active, created_at, updated_at) VALUES (564, 'Constanza González', 'constanzagonzález64@estudiante.edu.bo', '\$2y\$12\$TyO9cTQJ0O7NSPORyyP8Hup.wk8.BWNWu4itdEJYyjZ2Sem9DbFyi', 'Postulante', true, NOW(), NOW());
INSERT INTO postulantes (id, ci, nombres, apellidos, fecha_nacimiento, sexo, direccion, telefono, email, colegio_procedencia, ciudad, titulo_bachiller, primera_opcion_id, segunda_opcion_id, turno_preferencia, gestion_id, estado, recurrente, user_id, created_at, updated_at) VALUES (465, '8374561', 'Constanza', 'González', '2005-01-15', 'M', NULL, '59173699581', 'constanzagonzález64@estudiante.edu.bo', 'Colegio Boliviano', 'Santa Cruz de la Sierra', NULL, 3, 1, 'Manana', 1, 'Preinscrito', false, 564, NOW(), NOW());
INSERT INTO requisitos_documentales (postulante_id, ci_digitalizado, certificado_nacimiento, titulo_bachiller_legalizado, formulario_preinscripcion, verificado_bd_externa, updated_at) VALUES (465, false, false, false, false, false, NOW());
INSERT INTO users (id, name, email, password, role, active, created_at, updated_at) VALUES (565, 'Rosario Vargas', 'rosariovargas65@estudiante.edu.bo', '\$2y\$12\$TyO9cTQJ0O7NSPORyyP8Hup.wk8.BWNWu4itdEJYyjZ2Sem9DbFyi', 'Postulante', true, NOW(), NOW());
INSERT INTO postulantes (id, ci, nombres, apellidos, fecha_nacimiento, sexo, direccion, telefono, email, colegio_procedencia, ciudad, titulo_bachiller, primera_opcion_id, segunda_opcion_id, turno_preferencia, gestion_id, estado, recurrente, user_id, created_at, updated_at) VALUES (466, '3674556', 'Rosario', 'Vargas', '2005-01-15', 'M', NULL, '59197783005', 'rosariovargas65@estudiante.edu.bo', 'Colegio Boliviano', 'Santa Cruz de la Sierra', NULL, 3, 1, 'Manana', 1, 'Preinscrito', false, 565, NOW(), NOW());
INSERT INTO requisitos_documentales (postulante_id, ci_digitalizado, certificado_nacimiento, titulo_bachiller_legalizado, formulario_preinscripcion, verificado_bd_externa, updated_at) VALUES (466, false, false, false, false, false, NOW());
INSERT INTO users (id, name, email, password, role, active, created_at, updated_at) VALUES (566, 'Arturo Navarro', 'arturonavarro66@estudiante.edu.bo', '\$2y\$12\$TyO9cTQJ0O7NSPORyyP8Hup.wk8.BWNWu4itdEJYyjZ2Sem9DbFyi', 'Postulante', true, NOW(), NOW());
INSERT INTO postulantes (id, ci, nombres, apellidos, fecha_nacimiento, sexo, direccion, telefono, email, colegio_procedencia, ciudad, titulo_bachiller, primera_opcion_id, segunda_opcion_id, turno_preferencia, gestion_id, estado, recurrente, user_id, created_at, updated_at) VALUES (467, '1749195', 'Arturo', 'Navarro', '2005-01-15', 'M', NULL, '59191518190', 'arturonavarro66@estudiante.edu.bo', 'Colegio Boliviano', 'Santa Cruz de la Sierra', NULL, 3, 1, 'Noche', 1, 'Preinscrito', false, 566, NOW(), NOW());
INSERT INTO requisitos_documentales (postulante_id, ci_digitalizado, certificado_nacimiento, titulo_bachiller_legalizado, formulario_preinscripcion, verificado_bd_externa, updated_at) VALUES (467, false, false, false, false, false, NOW());
INSERT INTO users (id, name, email, password, role, active, created_at, updated_at) VALUES (567, 'Lorena Medina', 'lorenamedina67@estudiante.edu.bo', '\$2y\$12\$TyO9cTQJ0O7NSPORyyP8Hup.wk8.BWNWu4itdEJYyjZ2Sem9DbFyi', 'Postulante', true, NOW(), NOW());
INSERT INTO postulantes (id, ci, nombres, apellidos, fecha_nacimiento, sexo, direccion, telefono, email, colegio_procedencia, ciudad, titulo_bachiller, primera_opcion_id, segunda_opcion_id, turno_preferencia, gestion_id, estado, recurrente, user_id, created_at, updated_at) VALUES (468, '6832111', 'Lorena', 'Medina', '2005-01-15', 'M', NULL, '59173251556', 'lorenamedina67@estudiante.edu.bo', 'Colegio Boliviano', 'Santa Cruz de la Sierra', NULL, 3, 1, 'Noche', 1, 'Preinscrito', false, 567, NOW(), NOW());
INSERT INTO requisitos_documentales (postulante_id, ci_digitalizado, certificado_nacimiento, titulo_bachiller_legalizado, formulario_preinscripcion, verificado_bd_externa, updated_at) VALUES (468, false, false, false, false, false, NOW());
INSERT INTO users (id, name, email, password, role, active, created_at, updated_at) VALUES (568, 'Diego Valdez', 'diegovaldez68@estudiante.edu.bo', '\$2y\$12\$TyO9cTQJ0O7NSPORyyP8Hup.wk8.BWNWu4itdEJYyjZ2Sem9DbFyi', 'Postulante', true, NOW(), NOW());
INSERT INTO postulantes (id, ci, nombres, apellidos, fecha_nacimiento, sexo, direccion, telefono, email, colegio_procedencia, ciudad, titulo_bachiller, primera_opcion_id, segunda_opcion_id, turno_preferencia, gestion_id, estado, recurrente, user_id, created_at, updated_at) VALUES (469, '4644277', 'Diego', 'Valdez', '2005-01-15', 'M', NULL, '59178590783', 'diegovaldez68@estudiante.edu.bo', 'Colegio Boliviano', 'Santa Cruz de la Sierra', NULL, 3, 1, 'Manana', 1, 'Preinscrito', false, 568, NOW(), NOW());
INSERT INTO requisitos_documentales (postulante_id, ci_digitalizado, certificado_nacimiento, titulo_bachiller_legalizado, formulario_preinscripcion, verificado_bd_externa, updated_at) VALUES (469, false, false, false, false, false, NOW());
INSERT INTO users (id, name, email, password, role, active, created_at, updated_at) VALUES (569, 'Sergio Silva', 'sergiosilva69@estudiante.edu.bo', '\$2y\$12\$TyO9cTQJ0O7NSPORyyP8Hup.wk8.BWNWu4itdEJYyjZ2Sem9DbFyi', 'Postulante', true, NOW(), NOW());
INSERT INTO postulantes (id, ci, nombres, apellidos, fecha_nacimiento, sexo, direccion, telefono, email, colegio_procedencia, ciudad, titulo_bachiller, primera_opcion_id, segunda_opcion_id, turno_preferencia, gestion_id, estado, recurrente, user_id, created_at, updated_at) VALUES (470, '9383119', 'Sergio', 'Silva', '2005-01-15', 'M', NULL, '59183672952', 'sergiosilva69@estudiante.edu.bo', 'Colegio Boliviano', 'Santa Cruz de la Sierra', NULL, 3, 1, 'Manana', 1, 'Preinscrito', false, 569, NOW(), NOW());
INSERT INTO requisitos_documentales (postulante_id, ci_digitalizado, certificado_nacimiento, titulo_bachiller_legalizado, formulario_preinscripcion, verificado_bd_externa, updated_at) VALUES (470, false, false, false, false, false, NOW());
INSERT INTO users (id, name, email, password, role, active, created_at, updated_at) VALUES (570, 'Aurora Vargas', 'auroravargas70@estudiante.edu.bo', '\$2y\$12\$TyO9cTQJ0O7NSPORyyP8Hup.wk8.BWNWu4itdEJYyjZ2Sem9DbFyi', 'Postulante', true, NOW(), NOW());
INSERT INTO postulantes (id, ci, nombres, apellidos, fecha_nacimiento, sexo, direccion, telefono, email, colegio_procedencia, ciudad, titulo_bachiller, primera_opcion_id, segunda_opcion_id, turno_preferencia, gestion_id, estado, recurrente, user_id, created_at, updated_at) VALUES (471, '2049698', 'Aurora', 'Vargas', '2005-01-15', 'M', NULL, '59199118771', 'auroravargas70@estudiante.edu.bo', 'Colegio Boliviano', 'Santa Cruz de la Sierra', NULL, 3, 1, 'Tarde', 1, 'Preinscrito', false, 570, NOW(), NOW());
INSERT INTO requisitos_documentales (postulante_id, ci_digitalizado, certificado_nacimiento, titulo_bachiller_legalizado, formulario_preinscripcion, verificado_bd_externa, updated_at) VALUES (471, false, false, false, false, false, NOW());
INSERT INTO users (id, name, email, password, role, active, created_at, updated_at) VALUES (571, 'Sandra Guerrero', 'sandraguerrero71@estudiante.edu.bo', '\$2y\$12\$TyO9cTQJ0O7NSPORyyP8Hup.wk8.BWNWu4itdEJYyjZ2Sem9DbFyi', 'Postulante', true, NOW(), NOW());
INSERT INTO postulantes (id, ci, nombres, apellidos, fecha_nacimiento, sexo, direccion, telefono, email, colegio_procedencia, ciudad, titulo_bachiller, primera_opcion_id, segunda_opcion_id, turno_preferencia, gestion_id, estado, recurrente, user_id, created_at, updated_at) VALUES (472, '4812084', 'Sandra', 'Guerrero', '2005-01-15', 'M', NULL, '59163653301', 'sandraguerrero71@estudiante.edu.bo', 'Colegio Boliviano', 'Santa Cruz de la Sierra', NULL, 3, 1, 'Tarde', 1, 'Preinscrito', false, 571, NOW(), NOW());
INSERT INTO requisitos_documentales (postulante_id, ci_digitalizado, certificado_nacimiento, titulo_bachiller_legalizado, formulario_preinscripcion, verificado_bd_externa, updated_at) VALUES (472, false, false, false, false, false, NOW());
INSERT INTO users (id, name, email, password, role, active, created_at, updated_at) VALUES (572, 'Antonio Fuentes', 'antoniofuentes72@estudiante.edu.bo', '\$2y\$12\$TyO9cTQJ0O7NSPORyyP8Hup.wk8.BWNWu4itdEJYyjZ2Sem9DbFyi', 'Postulante', true, NOW(), NOW());
INSERT INTO postulantes (id, ci, nombres, apellidos, fecha_nacimiento, sexo, direccion, telefono, email, colegio_procedencia, ciudad, titulo_bachiller, primera_opcion_id, segunda_opcion_id, turno_preferencia, gestion_id, estado, recurrente, user_id, created_at, updated_at) VALUES (473, '9173155', 'Antonio', 'Fuentes', '2005-01-15', 'M', NULL, '59199456532', 'antoniofuentes72@estudiante.edu.bo', 'Colegio Boliviano', 'Santa Cruz de la Sierra', NULL, 3, 1, 'Manana', 1, 'Preinscrito', false, 572, NOW(), NOW());
INSERT INTO requisitos_documentales (postulante_id, ci_digitalizado, certificado_nacimiento, titulo_bachiller_legalizado, formulario_preinscripcion, verificado_bd_externa, updated_at) VALUES (473, false, false, false, false, false, NOW());
INSERT INTO users (id, name, email, password, role, active, created_at, updated_at) VALUES (573, 'Arturo Martínez', 'arturomartínez73@estudiante.edu.bo', '\$2y\$12\$TyO9cTQJ0O7NSPORyyP8Hup.wk8.BWNWu4itdEJYyjZ2Sem9DbFyi', 'Postulante', true, NOW(), NOW());
INSERT INTO postulantes (id, ci, nombres, apellidos, fecha_nacimiento, sexo, direccion, telefono, email, colegio_procedencia, ciudad, titulo_bachiller, primera_opcion_id, segunda_opcion_id, turno_preferencia, gestion_id, estado, recurrente, user_id, created_at, updated_at) VALUES (474, '2677575', 'Arturo', 'Martínez', '2005-01-15', 'M', NULL, '59179385300', 'arturomartínez73@estudiante.edu.bo', 'Colegio Boliviano', 'Santa Cruz de la Sierra', NULL, 3, 1, 'Noche', 1, 'Preinscrito', false, 573, NOW(), NOW());
INSERT INTO requisitos_documentales (postulante_id, ci_digitalizado, certificado_nacimiento, titulo_bachiller_legalizado, formulario_preinscripcion, verificado_bd_externa, updated_at) VALUES (474, false, false, false, false, false, NOW());
INSERT INTO users (id, name, email, password, role, active, created_at, updated_at) VALUES (574, 'Constanza Medina', 'constanzamedina74@estudiante.edu.bo', '\$2y\$12\$TyO9cTQJ0O7NSPORyyP8Hup.wk8.BWNWu4itdEJYyjZ2Sem9DbFyi', 'Postulante', true, NOW(), NOW());
INSERT INTO postulantes (id, ci, nombres, apellidos, fecha_nacimiento, sexo, direccion, telefono, email, colegio_procedencia, ciudad, titulo_bachiller, primera_opcion_id, segunda_opcion_id, turno_preferencia, gestion_id, estado, recurrente, user_id, created_at, updated_at) VALUES (475, '6608489', 'Constanza', 'Medina', '2005-01-15', 'M', NULL, '59162184527', 'constanzamedina74@estudiante.edu.bo', 'Colegio Boliviano', 'Santa Cruz de la Sierra', NULL, 3, 1, 'Manana', 1, 'Preinscrito', false, 574, NOW(), NOW());
INSERT INTO requisitos_documentales (postulante_id, ci_digitalizado, certificado_nacimiento, titulo_bachiller_legalizado, formulario_preinscripcion, verificado_bd_externa, updated_at) VALUES (475, false, false, false, false, false, NOW());
INSERT INTO users (id, name, email, password, role, active, created_at, updated_at) VALUES (575, 'Sandra Guerrero', 'sandraguerrero75@estudiante.edu.bo', '\$2y\$12\$TyO9cTQJ0O7NSPORyyP8Hup.wk8.BWNWu4itdEJYyjZ2Sem9DbFyi', 'Postulante', true, NOW(), NOW());
INSERT INTO postulantes (id, ci, nombres, apellidos, fecha_nacimiento, sexo, direccion, telefono, email, colegio_procedencia, ciudad, titulo_bachiller, primera_opcion_id, segunda_opcion_id, turno_preferencia, gestion_id, estado, recurrente, user_id, created_at, updated_at) VALUES (476, '4761354', 'Sandra', 'Guerrero', '2005-01-15', 'M', NULL, '59167116845', 'sandraguerrero75@estudiante.edu.bo', 'Colegio Boliviano', 'Santa Cruz de la Sierra', NULL, 3, 1, 'Noche', 1, 'Preinscrito', false, 575, NOW(), NOW());
INSERT INTO requisitos_documentales (postulante_id, ci_digitalizado, certificado_nacimiento, titulo_bachiller_legalizado, formulario_preinscripcion, verificado_bd_externa, updated_at) VALUES (476, false, false, false, false, false, NOW());
INSERT INTO users (id, name, email, password, role, active, created_at, updated_at) VALUES (576, 'Arturo Torres', 'arturotorres76@estudiante.edu.bo', '\$2y\$12\$TyO9cTQJ0O7NSPORyyP8Hup.wk8.BWNWu4itdEJYyjZ2Sem9DbFyi', 'Postulante', true, NOW(), NOW());
INSERT INTO postulantes (id, ci, nombres, apellidos, fecha_nacimiento, sexo, direccion, telefono, email, colegio_procedencia, ciudad, titulo_bachiller, primera_opcion_id, segunda_opcion_id, turno_preferencia, gestion_id, estado, recurrente, user_id, created_at, updated_at) VALUES (477, '1628288', 'Arturo', 'Torres', '2005-01-15', 'M', NULL, '59187189448', 'arturotorres76@estudiante.edu.bo', 'Colegio Boliviano', 'Santa Cruz de la Sierra', NULL, 3, 1, 'Tarde', 1, 'Preinscrito', false, 576, NOW(), NOW());
INSERT INTO requisitos_documentales (postulante_id, ci_digitalizado, certificado_nacimiento, titulo_bachiller_legalizado, formulario_preinscripcion, verificado_bd_externa, updated_at) VALUES (477, false, false, false, false, false, NOW());
INSERT INTO users (id, name, email, password, role, active, created_at, updated_at) VALUES (577, 'Isabel Guerrero', 'isabelguerrero77@estudiante.edu.bo', '\$2y\$12\$TyO9cTQJ0O7NSPORyyP8Hup.wk8.BWNWu4itdEJYyjZ2Sem9DbFyi', 'Postulante', true, NOW(), NOW());
INSERT INTO postulantes (id, ci, nombres, apellidos, fecha_nacimiento, sexo, direccion, telefono, email, colegio_procedencia, ciudad, titulo_bachiller, primera_opcion_id, segunda_opcion_id, turno_preferencia, gestion_id, estado, recurrente, user_id, created_at, updated_at) VALUES (478, '2146617', 'Isabel', 'Guerrero', '2005-01-15', 'M', NULL, '59165640762', 'isabelguerrero77@estudiante.edu.bo', 'Colegio Boliviano', 'Santa Cruz de la Sierra', NULL, 3, 1, 'Noche', 1, 'Preinscrito', false, 577, NOW(), NOW());
INSERT INTO requisitos_documentales (postulante_id, ci_digitalizado, certificado_nacimiento, titulo_bachiller_legalizado, formulario_preinscripcion, verificado_bd_externa, updated_at) VALUES (478, false, false, false, false, false, NOW());
INSERT INTO users (id, name, email, password, role, active, created_at, updated_at) VALUES (578, 'Verónica García', 'verónicagarcía78@estudiante.edu.bo', '\$2y\$12\$TyO9cTQJ0O7NSPORyyP8Hup.wk8.BWNWu4itdEJYyjZ2Sem9DbFyi', 'Postulante', true, NOW(), NOW());
INSERT INTO postulantes (id, ci, nombres, apellidos, fecha_nacimiento, sexo, direccion, telefono, email, colegio_procedencia, ciudad, titulo_bachiller, primera_opcion_id, segunda_opcion_id, turno_preferencia, gestion_id, estado, recurrente, user_id, created_at, updated_at) VALUES (479, '4054426', 'Verónica', 'García', '2005-01-15', 'M', NULL, '59180634534', 'verónicagarcía78@estudiante.edu.bo', 'Colegio Boliviano', 'Santa Cruz de la Sierra', NULL, 3, 1, 'Noche', 1, 'Preinscrito', false, 578, NOW(), NOW());
INSERT INTO requisitos_documentales (postulante_id, ci_digitalizado, certificado_nacimiento, titulo_bachiller_legalizado, formulario_preinscripcion, verificado_bd_externa, updated_at) VALUES (479, false, false, false, false, false, NOW());
INSERT INTO users (id, name, email, password, role, active, created_at, updated_at) VALUES (579, 'Matías Cortés', 'matíascortés79@estudiante.edu.bo', '\$2y\$12\$TyO9cTQJ0O7NSPORyyP8Hup.wk8.BWNWu4itdEJYyjZ2Sem9DbFyi', 'Postulante', true, NOW(), NOW());
INSERT INTO postulantes (id, ci, nombres, apellidos, fecha_nacimiento, sexo, direccion, telefono, email, colegio_procedencia, ciudad, titulo_bachiller, primera_opcion_id, segunda_opcion_id, turno_preferencia, gestion_id, estado, recurrente, user_id, created_at, updated_at) VALUES (480, '2049489', 'Matías', 'Cortés', '2005-01-15', 'M', NULL, '59185274737', 'matíascortés79@estudiante.edu.bo', 'Colegio Boliviano', 'Santa Cruz de la Sierra', NULL, 3, 1, 'Tarde', 1, 'Preinscrito', false, 579, NOW(), NOW());
INSERT INTO requisitos_documentales (postulante_id, ci_digitalizado, certificado_nacimiento, titulo_bachiller_legalizado, formulario_preinscripcion, verificado_bd_externa, updated_at) VALUES (480, false, false, false, false, false, NOW());
INSERT INTO users (id, name, email, password, role, active, created_at, updated_at) VALUES (580, 'Pedro Pérez', 'pedropérez80@estudiante.edu.bo', '\$2y\$12\$TyO9cTQJ0O7NSPORyyP8Hup.wk8.BWNWu4itdEJYyjZ2Sem9DbFyi', 'Postulante', true, NOW(), NOW());
INSERT INTO postulantes (id, ci, nombres, apellidos, fecha_nacimiento, sexo, direccion, telefono, email, colegio_procedencia, ciudad, titulo_bachiller, primera_opcion_id, segunda_opcion_id, turno_preferencia, gestion_id, estado, recurrente, user_id, created_at, updated_at) VALUES (481, '2135676', 'Pedro', 'Pérez', '2005-01-15', 'M', NULL, '59180299580', 'pedropérez80@estudiante.edu.bo', 'Colegio Boliviano', 'Santa Cruz de la Sierra', NULL, 3, 1, 'Noche', 1, 'Preinscrito', false, 580, NOW(), NOW());
INSERT INTO requisitos_documentales (postulante_id, ci_digitalizado, certificado_nacimiento, titulo_bachiller_legalizado, formulario_preinscripcion, verificado_bd_externa, updated_at) VALUES (481, false, false, false, false, false, NOW());
INSERT INTO users (id, name, email, password, role, active, created_at, updated_at) VALUES (581, 'Luis Medina', 'luismedina81@estudiante.edu.bo', '\$2y\$12\$TyO9cTQJ0O7NSPORyyP8Hup.wk8.BWNWu4itdEJYyjZ2Sem9DbFyi', 'Postulante', true, NOW(), NOW());
INSERT INTO postulantes (id, ci, nombres, apellidos, fecha_nacimiento, sexo, direccion, telefono, email, colegio_procedencia, ciudad, titulo_bachiller, primera_opcion_id, segunda_opcion_id, turno_preferencia, gestion_id, estado, recurrente, user_id, created_at, updated_at) VALUES (482, '2517356', 'Luis', 'Medina', '2005-01-15', 'M', NULL, '59199773476', 'luismedina81@estudiante.edu.bo', 'Colegio Boliviano', 'Santa Cruz de la Sierra', NULL, 3, 1, 'Noche', 1, 'Preinscrito', false, 581, NOW(), NOW());
INSERT INTO requisitos_documentales (postulante_id, ci_digitalizado, certificado_nacimiento, titulo_bachiller_legalizado, formulario_preinscripcion, verificado_bd_externa, updated_at) VALUES (482, false, false, false, false, false, NOW());
INSERT INTO users (id, name, email, password, role, active, created_at, updated_at) VALUES (582, 'Aurora Vega', 'auroravega82@estudiante.edu.bo', '\$2y\$12\$TyO9cTQJ0O7NSPORyyP8Hup.wk8.BWNWu4itdEJYyjZ2Sem9DbFyi', 'Postulante', true, NOW(), NOW());
INSERT INTO postulantes (id, ci, nombres, apellidos, fecha_nacimiento, sexo, direccion, telefono, email, colegio_procedencia, ciudad, titulo_bachiller, primera_opcion_id, segunda_opcion_id, turno_preferencia, gestion_id, estado, recurrente, user_id, created_at, updated_at) VALUES (483, '4776149', 'Aurora', 'Vega', '2005-01-15', 'M', NULL, '59169443377', 'auroravega82@estudiante.edu.bo', 'Colegio Boliviano', 'Santa Cruz de la Sierra', NULL, 3, 1, 'Noche', 1, 'Preinscrito', false, 582, NOW(), NOW());
INSERT INTO requisitos_documentales (postulante_id, ci_digitalizado, certificado_nacimiento, titulo_bachiller_legalizado, formulario_preinscripcion, verificado_bd_externa, updated_at) VALUES (483, false, false, false, false, false, NOW());
INSERT INTO users (id, name, email, password, role, active, created_at, updated_at) VALUES (583, 'Roberto López', 'robertolópez83@estudiante.edu.bo', '\$2y\$12\$TyO9cTQJ0O7NSPORyyP8Hup.wk8.BWNWu4itdEJYyjZ2Sem9DbFyi', 'Postulante', true, NOW(), NOW());
INSERT INTO postulantes (id, ci, nombres, apellidos, fecha_nacimiento, sexo, direccion, telefono, email, colegio_procedencia, ciudad, titulo_bachiller, primera_opcion_id, segunda_opcion_id, turno_preferencia, gestion_id, estado, recurrente, user_id, created_at, updated_at) VALUES (484, '1480191', 'Roberto', 'López', '2005-01-15', 'M', NULL, '59197278187', 'robertolópez83@estudiante.edu.bo', 'Colegio Boliviano', 'Santa Cruz de la Sierra', NULL, 3, 1, 'Tarde', 1, 'Preinscrito', false, 583, NOW(), NOW());
INSERT INTO requisitos_documentales (postulante_id, ci_digitalizado, certificado_nacimiento, titulo_bachiller_legalizado, formulario_preinscripcion, verificado_bd_externa, updated_at) VALUES (484, false, false, false, false, false, NOW());
INSERT INTO users (id, name, email, password, role, active, created_at, updated_at) VALUES (584, 'Isabel García', 'isabelgarcía84@estudiante.edu.bo', '\$2y\$12\$TyO9cTQJ0O7NSPORyyP8Hup.wk8.BWNWu4itdEJYyjZ2Sem9DbFyi', 'Postulante', true, NOW(), NOW());
INSERT INTO postulantes (id, ci, nombres, apellidos, fecha_nacimiento, sexo, direccion, telefono, email, colegio_procedencia, ciudad, titulo_bachiller, primera_opcion_id, segunda_opcion_id, turno_preferencia, gestion_id, estado, recurrente, user_id, created_at, updated_at) VALUES (485, '2647094', 'Isabel', 'García', '2005-01-15', 'M', NULL, '59175842726', 'isabelgarcía84@estudiante.edu.bo', 'Colegio Boliviano', 'Santa Cruz de la Sierra', NULL, 3, 1, 'Manana', 1, 'Preinscrito', false, 584, NOW(), NOW());
INSERT INTO requisitos_documentales (postulante_id, ci_digitalizado, certificado_nacimiento, titulo_bachiller_legalizado, formulario_preinscripcion, verificado_bd_externa, updated_at) VALUES (485, false, false, false, false, false, NOW());
INSERT INTO users (id, name, email, password, role, active, created_at, updated_at) VALUES (585, 'Esperanza Ortiz', 'esperanzaortiz85@estudiante.edu.bo', '\$2y\$12\$TyO9cTQJ0O7NSPORyyP8Hup.wk8.BWNWu4itdEJYyjZ2Sem9DbFyi', 'Postulante', true, NOW(), NOW());
INSERT INTO postulantes (id, ci, nombres, apellidos, fecha_nacimiento, sexo, direccion, telefono, email, colegio_procedencia, ciudad, titulo_bachiller, primera_opcion_id, segunda_opcion_id, turno_preferencia, gestion_id, estado, recurrente, user_id, created_at, updated_at) VALUES (486, '8275458', 'Esperanza', 'Ortiz', '2005-01-15', 'M', NULL, '59180221037', 'esperanzaortiz85@estudiante.edu.bo', 'Colegio Boliviano', 'Santa Cruz de la Sierra', NULL, 3, 1, 'Manana', 1, 'Preinscrito', false, 585, NOW(), NOW());
INSERT INTO requisitos_documentales (postulante_id, ci_digitalizado, certificado_nacimiento, titulo_bachiller_legalizado, formulario_preinscripcion, verificado_bd_externa, updated_at) VALUES (486, false, false, false, false, false, NOW());
INSERT INTO users (id, name, email, password, role, active, created_at, updated_at) VALUES (586, 'Jorge García', 'jorgegarcía86@estudiante.edu.bo', '\$2y\$12\$TyO9cTQJ0O7NSPORyyP8Hup.wk8.BWNWu4itdEJYyjZ2Sem9DbFyi', 'Postulante', true, NOW(), NOW());
INSERT INTO postulantes (id, ci, nombres, apellidos, fecha_nacimiento, sexo, direccion, telefono, email, colegio_procedencia, ciudad, titulo_bachiller, primera_opcion_id, segunda_opcion_id, turno_preferencia, gestion_id, estado, recurrente, user_id, created_at, updated_at) VALUES (487, '6593687', 'Jorge', 'García', '2005-01-15', 'M', NULL, '59192207582', 'jorgegarcía86@estudiante.edu.bo', 'Colegio Boliviano', 'Santa Cruz de la Sierra', NULL, 3, 1, 'Tarde', 1, 'Preinscrito', false, 586, NOW(), NOW());
INSERT INTO requisitos_documentales (postulante_id, ci_digitalizado, certificado_nacimiento, titulo_bachiller_legalizado, formulario_preinscripcion, verificado_bd_externa, updated_at) VALUES (487, false, false, false, false, false, NOW());
INSERT INTO users (id, name, email, password, role, active, created_at, updated_at) VALUES (587, 'Jorge Jiménez', 'jorgejiménez87@estudiante.edu.bo', '\$2y\$12\$TyO9cTQJ0O7NSPORyyP8Hup.wk8.BWNWu4itdEJYyjZ2Sem9DbFyi', 'Postulante', true, NOW(), NOW());
INSERT INTO postulantes (id, ci, nombres, apellidos, fecha_nacimiento, sexo, direccion, telefono, email, colegio_procedencia, ciudad, titulo_bachiller, primera_opcion_id, segunda_opcion_id, turno_preferencia, gestion_id, estado, recurrente, user_id, created_at, updated_at) VALUES (488, '1870582', 'Jorge', 'Jiménez', '2005-01-15', 'M', NULL, '59195065189', 'jorgejiménez87@estudiante.edu.bo', 'Colegio Boliviano', 'Santa Cruz de la Sierra', NULL, 3, 1, 'Noche', 1, 'Preinscrito', false, 587, NOW(), NOW());
INSERT INTO requisitos_documentales (postulante_id, ci_digitalizado, certificado_nacimiento, titulo_bachiller_legalizado, formulario_preinscripcion, verificado_bd_externa, updated_at) VALUES (488, false, false, false, false, false, NOW());
INSERT INTO users (id, name, email, password, role, active, created_at, updated_at) VALUES (588, 'Lorena Contreras', 'lorenacontreras88@estudiante.edu.bo', '\$2y\$12\$TyO9cTQJ0O7NSPORyyP8Hup.wk8.BWNWu4itdEJYyjZ2Sem9DbFyi', 'Postulante', true, NOW(), NOW());
INSERT INTO postulantes (id, ci, nombres, apellidos, fecha_nacimiento, sexo, direccion, telefono, email, colegio_procedencia, ciudad, titulo_bachiller, primera_opcion_id, segunda_opcion_id, turno_preferencia, gestion_id, estado, recurrente, user_id, created_at, updated_at) VALUES (489, '1464029', 'Lorena', 'Contreras', '2005-01-15', 'M', NULL, '59197469537', 'lorenacontreras88@estudiante.edu.bo', 'Colegio Boliviano', 'Santa Cruz de la Sierra', NULL, 3, 1, 'Noche', 1, 'Preinscrito', false, 588, NOW(), NOW());
INSERT INTO requisitos_documentales (postulante_id, ci_digitalizado, certificado_nacimiento, titulo_bachiller_legalizado, formulario_preinscripcion, verificado_bd_externa, updated_at) VALUES (489, false, false, false, false, false, NOW());
INSERT INTO users (id, name, email, password, role, active, created_at, updated_at) VALUES (589, 'Fernando Valencia', 'fernandovalencia89@estudiante.edu.bo', '\$2y\$12\$TyO9cTQJ0O7NSPORyyP8Hup.wk8.BWNWu4itdEJYyjZ2Sem9DbFyi', 'Postulante', true, NOW(), NOW());
INSERT INTO postulantes (id, ci, nombres, apellidos, fecha_nacimiento, sexo, direccion, telefono, email, colegio_procedencia, ciudad, titulo_bachiller, primera_opcion_id, segunda_opcion_id, turno_preferencia, gestion_id, estado, recurrente, user_id, created_at, updated_at) VALUES (490, '7486827', 'Fernando', 'Valencia', '2005-01-15', 'M', NULL, '59191245236', 'fernandovalencia89@estudiante.edu.bo', 'Colegio Boliviano', 'Santa Cruz de la Sierra', NULL, 3, 1, 'Manana', 1, 'Preinscrito', false, 589, NOW(), NOW());
INSERT INTO requisitos_documentales (postulante_id, ci_digitalizado, certificado_nacimiento, titulo_bachiller_legalizado, formulario_preinscripcion, verificado_bd_externa, updated_at) VALUES (490, false, false, false, false, false, NOW());
INSERT INTO users (id, name, email, password, role, active, created_at, updated_at) VALUES (590, 'Rosa Molina', 'rosamolina90@estudiante.edu.bo', '\$2y\$12\$TyO9cTQJ0O7NSPORyyP8Hup.wk8.BWNWu4itdEJYyjZ2Sem9DbFyi', 'Postulante', true, NOW(), NOW());
INSERT INTO postulantes (id, ci, nombres, apellidos, fecha_nacimiento, sexo, direccion, telefono, email, colegio_procedencia, ciudad, titulo_bachiller, primera_opcion_id, segunda_opcion_id, turno_preferencia, gestion_id, estado, recurrente, user_id, created_at, updated_at) VALUES (491, '8178504', 'Rosa', 'Molina', '2005-01-15', 'M', NULL, '59165306718', 'rosamolina90@estudiante.edu.bo', 'Colegio Boliviano', 'Santa Cruz de la Sierra', NULL, 3, 1, 'Manana', 1, 'Preinscrito', false, 590, NOW(), NOW());
INSERT INTO requisitos_documentales (postulante_id, ci_digitalizado, certificado_nacimiento, titulo_bachiller_legalizado, formulario_preinscripcion, verificado_bd_externa, updated_at) VALUES (491, false, false, false, false, false, NOW());
INSERT INTO users (id, name, email, password, role, active, created_at, updated_at) VALUES (591, 'Gabriela Tapia', 'gabrielatapia91@estudiante.edu.bo', '\$2y\$12\$TyO9cTQJ0O7NSPORyyP8Hup.wk8.BWNWu4itdEJYyjZ2Sem9DbFyi', 'Postulante', true, NOW(), NOW());
INSERT INTO postulantes (id, ci, nombres, apellidos, fecha_nacimiento, sexo, direccion, telefono, email, colegio_procedencia, ciudad, titulo_bachiller, primera_opcion_id, segunda_opcion_id, turno_preferencia, gestion_id, estado, recurrente, user_id, created_at, updated_at) VALUES (492, '7101288', 'Gabriela', 'Tapia', '2005-01-15', 'M', NULL, '59172197794', 'gabrielatapia91@estudiante.edu.bo', 'Colegio Boliviano', 'Santa Cruz de la Sierra', NULL, 3, 1, 'Tarde', 1, 'Preinscrito', false, 591, NOW(), NOW());
INSERT INTO requisitos_documentales (postulante_id, ci_digitalizado, certificado_nacimiento, titulo_bachiller_legalizado, formulario_preinscripcion, verificado_bd_externa, updated_at) VALUES (492, false, false, false, false, false, NOW());
INSERT INTO users (id, name, email, password, role, active, created_at, updated_at) VALUES (592, 'Raúl Sánchez', 'raúlsánchez92@estudiante.edu.bo', '\$2y\$12\$TyO9cTQJ0O7NSPORyyP8Hup.wk8.BWNWu4itdEJYyjZ2Sem9DbFyi', 'Postulante', true, NOW(), NOW());
INSERT INTO postulantes (id, ci, nombres, apellidos, fecha_nacimiento, sexo, direccion, telefono, email, colegio_procedencia, ciudad, titulo_bachiller, primera_opcion_id, segunda_opcion_id, turno_preferencia, gestion_id, estado, recurrente, user_id, created_at, updated_at) VALUES (493, '1029736', 'Raúl', 'Sánchez', '2005-01-15', 'M', NULL, '59161733388', 'raúlsánchez92@estudiante.edu.bo', 'Colegio Boliviano', 'Santa Cruz de la Sierra', NULL, 3, 1, 'Noche', 1, 'Preinscrito', false, 592, NOW(), NOW());
INSERT INTO requisitos_documentales (postulante_id, ci_digitalizado, certificado_nacimiento, titulo_bachiller_legalizado, formulario_preinscripcion, verificado_bd_externa, updated_at) VALUES (493, false, false, false, false, false, NOW());
INSERT INTO users (id, name, email, password, role, active, created_at, updated_at) VALUES (593, 'Arturo Valencia', 'arturovalencia93@estudiante.edu.bo', '\$2y\$12\$TyO9cTQJ0O7NSPORyyP8Hup.wk8.BWNWu4itdEJYyjZ2Sem9DbFyi', 'Postulante', true, NOW(), NOW());
INSERT INTO postulantes (id, ci, nombres, apellidos, fecha_nacimiento, sexo, direccion, telefono, email, colegio_procedencia, ciudad, titulo_bachiller, primera_opcion_id, segunda_opcion_id, turno_preferencia, gestion_id, estado, recurrente, user_id, created_at, updated_at) VALUES (494, '2046927', 'Arturo', 'Valencia', '2005-01-15', 'M', NULL, '59195118560', 'arturovalencia93@estudiante.edu.bo', 'Colegio Boliviano', 'Santa Cruz de la Sierra', NULL, 3, 1, 'Manana', 1, 'Preinscrito', false, 593, NOW(), NOW());
INSERT INTO requisitos_documentales (postulante_id, ci_digitalizado, certificado_nacimiento, titulo_bachiller_legalizado, formulario_preinscripcion, verificado_bd_externa, updated_at) VALUES (494, false, false, false, false, false, NOW());
INSERT INTO users (id, name, email, password, role, active, created_at, updated_at) VALUES (594, 'Esperanza Domínguez', 'esperanzadomínguez94@estudiante.edu.bo', '\$2y\$12\$TyO9cTQJ0O7NSPORyyP8Hup.wk8.BWNWu4itdEJYyjZ2Sem9DbFyi', 'Postulante', true, NOW(), NOW());
INSERT INTO postulantes (id, ci, nombres, apellidos, fecha_nacimiento, sexo, direccion, telefono, email, colegio_procedencia, ciudad, titulo_bachiller, primera_opcion_id, segunda_opcion_id, turno_preferencia, gestion_id, estado, recurrente, user_id, created_at, updated_at) VALUES (495, '9874596', 'Esperanza', 'Domínguez', '2005-01-15', 'M', NULL, '59188571738', 'esperanzadomínguez94@estudiante.edu.bo', 'Colegio Boliviano', 'Santa Cruz de la Sierra', NULL, 3, 1, 'Manana', 1, 'Preinscrito', false, 594, NOW(), NOW());
INSERT INTO requisitos_documentales (postulante_id, ci_digitalizado, certificado_nacimiento, titulo_bachiller_legalizado, formulario_preinscripcion, verificado_bd_externa, updated_at) VALUES (495, false, false, false, false, false, NOW());
INSERT INTO users (id, name, email, password, role, active, created_at, updated_at) VALUES (595, 'Sandra Domínguez', 'sandradomínguez95@estudiante.edu.bo', '\$2y\$12\$TyO9cTQJ0O7NSPORyyP8Hup.wk8.BWNWu4itdEJYyjZ2Sem9DbFyi', 'Postulante', true, NOW(), NOW());
INSERT INTO postulantes (id, ci, nombres, apellidos, fecha_nacimiento, sexo, direccion, telefono, email, colegio_procedencia, ciudad, titulo_bachiller, primera_opcion_id, segunda_opcion_id, turno_preferencia, gestion_id, estado, recurrente, user_id, created_at, updated_at) VALUES (496, '3523031', 'Sandra', 'Domínguez', '2005-01-15', 'M', NULL, '59175532421', 'sandradomínguez95@estudiante.edu.bo', 'Colegio Boliviano', 'Santa Cruz de la Sierra', NULL, 3, 1, 'Manana', 1, 'Preinscrito', false, 595, NOW(), NOW());
INSERT INTO requisitos_documentales (postulante_id, ci_digitalizado, certificado_nacimiento, titulo_bachiller_legalizado, formulario_preinscripcion, verificado_bd_externa, updated_at) VALUES (496, false, false, false, false, false, NOW());
INSERT INTO users (id, name, email, password, role, active, created_at, updated_at) VALUES (596, 'Eduardo Jiménez', 'eduardojiménez96@estudiante.edu.bo', '\$2y\$12\$TyO9cTQJ0O7NSPORyyP8Hup.wk8.BWNWu4itdEJYyjZ2Sem9DbFyi', 'Postulante', true, NOW(), NOW());
INSERT INTO postulantes (id, ci, nombres, apellidos, fecha_nacimiento, sexo, direccion, telefono, email, colegio_procedencia, ciudad, titulo_bachiller, primera_opcion_id, segunda_opcion_id, turno_preferencia, gestion_id, estado, recurrente, user_id, created_at, updated_at) VALUES (497, '3605388', 'Eduardo', 'Jiménez', '2005-01-15', 'M', NULL, '59176589301', 'eduardojiménez96@estudiante.edu.bo', 'Colegio Boliviano', 'Santa Cruz de la Sierra', NULL, 3, 1, 'Noche', 1, 'Preinscrito', false, 596, NOW(), NOW());
INSERT INTO requisitos_documentales (postulante_id, ci_digitalizado, certificado_nacimiento, titulo_bachiller_legalizado, formulario_preinscripcion, verificado_bd_externa, updated_at) VALUES (497, false, false, false, false, false, NOW());
INSERT INTO users (id, name, email, password, role, active, created_at, updated_at) VALUES (597, 'Luis Vázquez', 'luisvázquez97@estudiante.edu.bo', '\$2y\$12\$TyO9cTQJ0O7NSPORyyP8Hup.wk8.BWNWu4itdEJYyjZ2Sem9DbFyi', 'Postulante', true, NOW(), NOW());
INSERT INTO postulantes (id, ci, nombres, apellidos, fecha_nacimiento, sexo, direccion, telefono, email, colegio_procedencia, ciudad, titulo_bachiller, primera_opcion_id, segunda_opcion_id, turno_preferencia, gestion_id, estado, recurrente, user_id, created_at, updated_at) VALUES (498, '6993474', 'Luis', 'Vázquez', '2005-01-15', 'M', NULL, '59166538264', 'luisvázquez97@estudiante.edu.bo', 'Colegio Boliviano', 'Santa Cruz de la Sierra', NULL, 3, 1, 'Manana', 1, 'Preinscrito', false, 597, NOW(), NOW());
INSERT INTO requisitos_documentales (postulante_id, ci_digitalizado, certificado_nacimiento, titulo_bachiller_legalizado, formulario_preinscripcion, verificado_bd_externa, updated_at) VALUES (498, false, false, false, false, false, NOW());
INSERT INTO users (id, name, email, password, role, active, created_at, updated_at) VALUES (598, 'Jorge Vega', 'jorgevega98@estudiante.edu.bo', '\$2y\$12\$TyO9cTQJ0O7NSPORyyP8Hup.wk8.BWNWu4itdEJYyjZ2Sem9DbFyi', 'Postulante', true, NOW(), NOW());
INSERT INTO postulantes (id, ci, nombres, apellidos, fecha_nacimiento, sexo, direccion, telefono, email, colegio_procedencia, ciudad, titulo_bachiller, primera_opcion_id, segunda_opcion_id, turno_preferencia, gestion_id, estado, recurrente, user_id, created_at, updated_at) VALUES (499, '8154526', 'Jorge', 'Vega', '2005-01-15', 'M', NULL, '59160759611', 'jorgevega98@estudiante.edu.bo', 'Colegio Boliviano', 'Santa Cruz de la Sierra', NULL, 3, 1, 'Noche', 1, 'Preinscrito', false, 598, NOW(), NOW());
INSERT INTO requisitos_documentales (postulante_id, ci_digitalizado, certificado_nacimiento, titulo_bachiller_legalizado, formulario_preinscripcion, verificado_bd_externa, updated_at) VALUES (499, false, false, false, false, false, NOW());
INSERT INTO users (id, name, email, password, role, active, created_at, updated_at) VALUES (599, 'Héctor Castillo', 'héctorcastillo99@estudiante.edu.bo', '\$2y\$12\$TyO9cTQJ0O7NSPORyyP8Hup.wk8.BWNWu4itdEJYyjZ2Sem9DbFyi', 'Postulante', true, NOW(), NOW());
INSERT INTO postulantes (id, ci, nombres, apellidos, fecha_nacimiento, sexo, direccion, telefono, email, colegio_procedencia, ciudad, titulo_bachiller, primera_opcion_id, segunda_opcion_id, turno_preferencia, gestion_id, estado, recurrente, user_id, created_at, updated_at) VALUES (500, '1521250', 'Héctor', 'Castillo', '2005-01-15', 'M', NULL, '59196649544', 'héctorcastillo99@estudiante.edu.bo', 'Colegio Boliviano', 'Santa Cruz de la Sierra', NULL, 3, 1, 'Noche', 1, 'Preinscrito', false, 599, NOW(), NOW());
INSERT INTO requisitos_documentales (postulante_id, ci_digitalizado, certificado_nacimiento, titulo_bachiller_legalizado, formulario_preinscripcion, verificado_bd_externa, updated_at) VALUES (500, false, false, false, false, false, NOW());
INSERT INTO users (id, name, email, password, role, active, created_at, updated_at) VALUES (600, 'Oscar Ortiz', 'oscarortiz100@estudiante.edu.bo', '\$2y\$12\$TyO9cTQJ0O7NSPORyyP8Hup.wk8.BWNWu4itdEJYyjZ2Sem9DbFyi', 'Postulante', true, NOW(), NOW());
INSERT INTO postulantes (id, ci, nombres, apellidos, fecha_nacimiento, sexo, direccion, telefono, email, colegio_procedencia, ciudad, titulo_bachiller, primera_opcion_id, segunda_opcion_id, turno_preferencia, gestion_id, estado, recurrente, user_id, created_at, updated_at) VALUES (501, '1968282', 'Oscar', 'Ortiz', '2005-01-15', 'M', NULL, '59189017096', 'oscarortiz100@estudiante.edu.bo', 'Colegio Boliviano', 'Santa Cruz de la Sierra', NULL, 3, 1, 'Tarde', 1, 'Preinscrito', false, 600, NOW(), NOW());
INSERT INTO requisitos_documentales (postulante_id, ci_digitalizado, certificado_nacimiento, titulo_bachiller_legalizado, formulario_preinscripcion, verificado_bd_externa, updated_at) VALUES (501, false, false, false, false, false, NOW());
INSERT INTO users (id, name, email, password, role, active, created_at, updated_at) VALUES (601, 'Jorge Molina', 'jorgemolina101@estudiante.edu.bo', '\$2y\$12\$TyO9cTQJ0O7NSPORyyP8Hup.wk8.BWNWu4itdEJYyjZ2Sem9DbFyi', 'Postulante', true, NOW(), NOW());
INSERT INTO postulantes (id, ci, nombres, apellidos, fecha_nacimiento, sexo, direccion, telefono, email, colegio_procedencia, ciudad, titulo_bachiller, primera_opcion_id, segunda_opcion_id, turno_preferencia, gestion_id, estado, recurrente, user_id, created_at, updated_at) VALUES (502, '3458635', 'Jorge', 'Molina', '2005-01-15', 'M', NULL, '59167033348', 'jorgemolina101@estudiante.edu.bo', 'Colegio Boliviano', 'Santa Cruz de la Sierra', NULL, 3, 1, 'Tarde', 1, 'Preinscrito', false, 601, NOW(), NOW());
INSERT INTO requisitos_documentales (postulante_id, ci_digitalizado, certificado_nacimiento, titulo_bachiller_legalizado, formulario_preinscripcion, verificado_bd_externa, updated_at) VALUES (502, false, false, false, false, false, NOW());
INSERT INTO users (id, name, email, password, role, active, created_at, updated_at) VALUES (602, 'Gabriela Rojas', 'gabrielarojas102@estudiante.edu.bo', '\$2y\$12\$TyO9cTQJ0O7NSPORyyP8Hup.wk8.BWNWu4itdEJYyjZ2Sem9DbFyi', 'Postulante', true, NOW(), NOW());
INSERT INTO postulantes (id, ci, nombres, apellidos, fecha_nacimiento, sexo, direccion, telefono, email, colegio_procedencia, ciudad, titulo_bachiller, primera_opcion_id, segunda_opcion_id, turno_preferencia, gestion_id, estado, recurrente, user_id, created_at, updated_at) VALUES (503, '2829049', 'Gabriela', 'Rojas', '2005-01-15', 'M', NULL, '59175951098', 'gabrielarojas102@estudiante.edu.bo', 'Colegio Boliviano', 'Santa Cruz de la Sierra', NULL, 3, 1, 'Noche', 1, 'Preinscrito', false, 602, NOW(), NOW());
INSERT INTO requisitos_documentales (postulante_id, ci_digitalizado, certificado_nacimiento, titulo_bachiller_legalizado, formulario_preinscripcion, verificado_bd_externa, updated_at) VALUES (503, false, false, false, false, false, NOW());
INSERT INTO users (id, name, email, password, role, active, created_at, updated_at) VALUES (603, 'Manuel Rojas', 'manuelrojas103@estudiante.edu.bo', '\$2y\$12\$TyO9cTQJ0O7NSPORyyP8Hup.wk8.BWNWu4itdEJYyjZ2Sem9DbFyi', 'Postulante', true, NOW(), NOW());
INSERT INTO postulantes (id, ci, nombres, apellidos, fecha_nacimiento, sexo, direccion, telefono, email, colegio_procedencia, ciudad, titulo_bachiller, primera_opcion_id, segunda_opcion_id, turno_preferencia, gestion_id, estado, recurrente, user_id, created_at, updated_at) VALUES (504, '2532341', 'Manuel', 'Rojas', '2005-01-15', 'M', NULL, '59170409269', 'manuelrojas103@estudiante.edu.bo', 'Colegio Boliviano', 'Santa Cruz de la Sierra', NULL, 3, 1, 'Noche', 1, 'Preinscrito', false, 603, NOW(), NOW());
INSERT INTO requisitos_documentales (postulante_id, ci_digitalizado, certificado_nacimiento, titulo_bachiller_legalizado, formulario_preinscripcion, verificado_bd_externa, updated_at) VALUES (504, false, false, false, false, false, NOW());
INSERT INTO users (id, name, email, password, role, active, created_at, updated_at) VALUES (604, 'Jorge Guerrero', 'jorgeguerrero104@estudiante.edu.bo', '\$2y\$12\$TyO9cTQJ0O7NSPORyyP8Hup.wk8.BWNWu4itdEJYyjZ2Sem9DbFyi', 'Postulante', true, NOW(), NOW());
INSERT INTO postulantes (id, ci, nombres, apellidos, fecha_nacimiento, sexo, direccion, telefono, email, colegio_procedencia, ciudad, titulo_bachiller, primera_opcion_id, segunda_opcion_id, turno_preferencia, gestion_id, estado, recurrente, user_id, created_at, updated_at) VALUES (505, '6412157', 'Jorge', 'Guerrero', '2005-01-15', 'M', NULL, '59174808067', 'jorgeguerrero104@estudiante.edu.bo', 'Colegio Boliviano', 'Santa Cruz de la Sierra', NULL, 3, 1, 'Manana', 1, 'Preinscrito', false, 604, NOW(), NOW());
INSERT INTO requisitos_documentales (postulante_id, ci_digitalizado, certificado_nacimiento, titulo_bachiller_legalizado, formulario_preinscripcion, verificado_bd_externa, updated_at) VALUES (505, false, false, false, false, false, NOW());
INSERT INTO users (id, name, email, password, role, active, created_at, updated_at) VALUES (605, 'Oscar Contreras', 'oscarcontreras105@estudiante.edu.bo', '\$2y\$12\$TyO9cTQJ0O7NSPORyyP8Hup.wk8.BWNWu4itdEJYyjZ2Sem9DbFyi', 'Postulante', true, NOW(), NOW());
INSERT INTO postulantes (id, ci, nombres, apellidos, fecha_nacimiento, sexo, direccion, telefono, email, colegio_procedencia, ciudad, titulo_bachiller, primera_opcion_id, segunda_opcion_id, turno_preferencia, gestion_id, estado, recurrente, user_id, created_at, updated_at) VALUES (506, '5110297', 'Oscar', 'Contreras', '2005-01-15', 'M', NULL, '59195154495', 'oscarcontreras105@estudiante.edu.bo', 'Colegio Boliviano', 'Santa Cruz de la Sierra', NULL, 3, 1, 'Tarde', 1, 'Preinscrito', false, 605, NOW(), NOW());
INSERT INTO requisitos_documentales (postulante_id, ci_digitalizado, certificado_nacimiento, titulo_bachiller_legalizado, formulario_preinscripcion, verificado_bd_externa, updated_at) VALUES (506, false, false, false, false, false, NOW());
INSERT INTO users (id, name, email, password, role, active, created_at, updated_at) VALUES (606, 'Eduardo Navarro', 'eduardonavarro106@estudiante.edu.bo', '\$2y\$12\$TyO9cTQJ0O7NSPORyyP8Hup.wk8.BWNWu4itdEJYyjZ2Sem9DbFyi', 'Postulante', true, NOW(), NOW());
INSERT INTO postulantes (id, ci, nombres, apellidos, fecha_nacimiento, sexo, direccion, telefono, email, colegio_procedencia, ciudad, titulo_bachiller, primera_opcion_id, segunda_opcion_id, turno_preferencia, gestion_id, estado, recurrente, user_id, created_at, updated_at) VALUES (507, '7713987', 'Eduardo', 'Navarro', '2005-01-15', 'M', NULL, '59163183256', 'eduardonavarro106@estudiante.edu.bo', 'Colegio Boliviano', 'Santa Cruz de la Sierra', NULL, 3, 1, 'Noche', 1, 'Preinscrito', false, 606, NOW(), NOW());
INSERT INTO requisitos_documentales (postulante_id, ci_digitalizado, certificado_nacimiento, titulo_bachiller_legalizado, formulario_preinscripcion, verificado_bd_externa, updated_at) VALUES (507, false, false, false, false, false, NOW());
INSERT INTO users (id, name, email, password, role, active, created_at, updated_at) VALUES (607, 'Miguel Rivas', 'miguelrivas107@estudiante.edu.bo', '\$2y\$12\$TyO9cTQJ0O7NSPORyyP8Hup.wk8.BWNWu4itdEJYyjZ2Sem9DbFyi', 'Postulante', true, NOW(), NOW());
INSERT INTO postulantes (id, ci, nombres, apellidos, fecha_nacimiento, sexo, direccion, telefono, email, colegio_procedencia, ciudad, titulo_bachiller, primera_opcion_id, segunda_opcion_id, turno_preferencia, gestion_id, estado, recurrente, user_id, created_at, updated_at) VALUES (508, '4623564', 'Miguel', 'Rivas', '2005-01-15', 'M', NULL, '59162263125', 'miguelrivas107@estudiante.edu.bo', 'Colegio Boliviano', 'Santa Cruz de la Sierra', NULL, 3, 1, 'Manana', 1, 'Preinscrito', false, 607, NOW(), NOW());
INSERT INTO requisitos_documentales (postulante_id, ci_digitalizado, certificado_nacimiento, titulo_bachiller_legalizado, formulario_preinscripcion, verificado_bd_externa, updated_at) VALUES (508, false, false, false, false, false, NOW());
INSERT INTO users (id, name, email, password, role, active, created_at, updated_at) VALUES (608, 'Luis Rodríguez', 'luisrodríguez108@estudiante.edu.bo', '\$2y\$12\$TyO9cTQJ0O7NSPORyyP8Hup.wk8.BWNWu4itdEJYyjZ2Sem9DbFyi', 'Postulante', true, NOW(), NOW());
INSERT INTO postulantes (id, ci, nombres, apellidos, fecha_nacimiento, sexo, direccion, telefono, email, colegio_procedencia, ciudad, titulo_bachiller, primera_opcion_id, segunda_opcion_id, turno_preferencia, gestion_id, estado, recurrente, user_id, created_at, updated_at) VALUES (509, '2090569', 'Luis', 'Rodríguez', '2005-01-15', 'M', NULL, '59180215395', 'luisrodríguez108@estudiante.edu.bo', 'Colegio Boliviano', 'Santa Cruz de la Sierra', NULL, 3, 1, 'Tarde', 1, 'Preinscrito', false, 608, NOW(), NOW());
INSERT INTO requisitos_documentales (postulante_id, ci_digitalizado, certificado_nacimiento, titulo_bachiller_legalizado, formulario_preinscripcion, verificado_bd_externa, updated_at) VALUES (509, false, false, false, false, false, NOW());
INSERT INTO users (id, name, email, password, role, active, created_at, updated_at) VALUES (609, 'Andrés Hernández', 'andréshernández109@estudiante.edu.bo', '\$2y\$12\$TyO9cTQJ0O7NSPORyyP8Hup.wk8.BWNWu4itdEJYyjZ2Sem9DbFyi', 'Postulante', true, NOW(), NOW());
INSERT INTO postulantes (id, ci, nombres, apellidos, fecha_nacimiento, sexo, direccion, telefono, email, colegio_procedencia, ciudad, titulo_bachiller, primera_opcion_id, segunda_opcion_id, turno_preferencia, gestion_id, estado, recurrente, user_id, created_at, updated_at) VALUES (510, '8860025', 'Andrés', 'Hernández', '2005-01-15', 'M', NULL, '59187190879', 'andréshernández109@estudiante.edu.bo', 'Colegio Boliviano', 'Santa Cruz de la Sierra', NULL, 3, 1, 'Manana', 1, 'Preinscrito', false, 609, NOW(), NOW());
INSERT INTO requisitos_documentales (postulante_id, ci_digitalizado, certificado_nacimiento, titulo_bachiller_legalizado, formulario_preinscripcion, verificado_bd_externa, updated_at) VALUES (510, false, false, false, false, false, NOW());
INSERT INTO users (id, name, email, password, role, active, created_at, updated_at) VALUES (610, 'Isabel Vidal', 'isabelvidal110@estudiante.edu.bo', '\$2y\$12\$TyO9cTQJ0O7NSPORyyP8Hup.wk8.BWNWu4itdEJYyjZ2Sem9DbFyi', 'Postulante', true, NOW(), NOW());
INSERT INTO postulantes (id, ci, nombres, apellidos, fecha_nacimiento, sexo, direccion, telefono, email, colegio_procedencia, ciudad, titulo_bachiller, primera_opcion_id, segunda_opcion_id, turno_preferencia, gestion_id, estado, recurrente, user_id, created_at, updated_at) VALUES (511, '1606928', 'Isabel', 'Vidal', '2005-01-15', 'M', NULL, '59193873929', 'isabelvidal110@estudiante.edu.bo', 'Colegio Boliviano', 'Santa Cruz de la Sierra', NULL, 3, 1, 'Noche', 1, 'Preinscrito', false, 610, NOW(), NOW());
INSERT INTO requisitos_documentales (postulante_id, ci_digitalizado, certificado_nacimiento, titulo_bachiller_legalizado, formulario_preinscripcion, verificado_bd_externa, updated_at) VALUES (511, false, false, false, false, false, NOW());
INSERT INTO users (id, name, email, password, role, active, created_at, updated_at) VALUES (611, 'Oscar Campos', 'oscarcampos111@estudiante.edu.bo', '\$2y\$12\$TyO9cTQJ0O7NSPORyyP8Hup.wk8.BWNWu4itdEJYyjZ2Sem9DbFyi', 'Postulante', true, NOW(), NOW());
INSERT INTO postulantes (id, ci, nombres, apellidos, fecha_nacimiento, sexo, direccion, telefono, email, colegio_procedencia, ciudad, titulo_bachiller, primera_opcion_id, segunda_opcion_id, turno_preferencia, gestion_id, estado, recurrente, user_id, created_at, updated_at) VALUES (512, '1436191', 'Oscar', 'Campos', '2005-01-15', 'M', NULL, '59168834412', 'oscarcampos111@estudiante.edu.bo', 'Colegio Boliviano', 'Santa Cruz de la Sierra', NULL, 3, 1, 'Noche', 1, 'Preinscrito', false, 611, NOW(), NOW());
INSERT INTO requisitos_documentales (postulante_id, ci_digitalizado, certificado_nacimiento, titulo_bachiller_legalizado, formulario_preinscripcion, verificado_bd_externa, updated_at) VALUES (512, false, false, false, false, false, NOW());
INSERT INTO users (id, name, email, password, role, active, created_at, updated_at) VALUES (612, 'Carmen Navarro', 'carmennavarro112@estudiante.edu.bo', '\$2y\$12\$TyO9cTQJ0O7NSPORyyP8Hup.wk8.BWNWu4itdEJYyjZ2Sem9DbFyi', 'Postulante', true, NOW(), NOW());
INSERT INTO postulantes (id, ci, nombres, apellidos, fecha_nacimiento, sexo, direccion, telefono, email, colegio_procedencia, ciudad, titulo_bachiller, primera_opcion_id, segunda_opcion_id, turno_preferencia, gestion_id, estado, recurrente, user_id, created_at, updated_at) VALUES (513, '5083857', 'Carmen', 'Navarro', '2005-01-15', 'M', NULL, '59180552773', 'carmennavarro112@estudiante.edu.bo', 'Colegio Boliviano', 'Santa Cruz de la Sierra', NULL, 3, 1, 'Manana', 1, 'Preinscrito', false, 612, NOW(), NOW());
INSERT INTO requisitos_documentales (postulante_id, ci_digitalizado, certificado_nacimiento, titulo_bachiller_legalizado, formulario_preinscripcion, verificado_bd_externa, updated_at) VALUES (513, false, false, false, false, false, NOW());
INSERT INTO users (id, name, email, password, role, active, created_at, updated_at) VALUES (613, 'Carlos Guerrero', 'carlosguerrero113@estudiante.edu.bo', '\$2y\$12\$TyO9cTQJ0O7NSPORyyP8Hup.wk8.BWNWu4itdEJYyjZ2Sem9DbFyi', 'Postulante', true, NOW(), NOW());
INSERT INTO postulantes (id, ci, nombres, apellidos, fecha_nacimiento, sexo, direccion, telefono, email, colegio_procedencia, ciudad, titulo_bachiller, primera_opcion_id, segunda_opcion_id, turno_preferencia, gestion_id, estado, recurrente, user_id, created_at, updated_at) VALUES (514, '2264247', 'Carlos', 'Guerrero', '2005-01-15', 'M', NULL, '59194144079', 'carlosguerrero113@estudiante.edu.bo', 'Colegio Boliviano', 'Santa Cruz de la Sierra', NULL, 3, 1, 'Noche', 1, 'Preinscrito', false, 613, NOW(), NOW());
INSERT INTO requisitos_documentales (postulante_id, ci_digitalizado, certificado_nacimiento, titulo_bachiller_legalizado, formulario_preinscripcion, verificado_bd_externa, updated_at) VALUES (514, false, false, false, false, false, NOW());
INSERT INTO users (id, name, email, password, role, active, created_at, updated_at) VALUES (614, 'Aurora Delgado', 'auroradelgado114@estudiante.edu.bo', '\$2y\$12\$TyO9cTQJ0O7NSPORyyP8Hup.wk8.BWNWu4itdEJYyjZ2Sem9DbFyi', 'Postulante', true, NOW(), NOW());
INSERT INTO postulantes (id, ci, nombres, apellidos, fecha_nacimiento, sexo, direccion, telefono, email, colegio_procedencia, ciudad, titulo_bachiller, primera_opcion_id, segunda_opcion_id, turno_preferencia, gestion_id, estado, recurrente, user_id, created_at, updated_at) VALUES (515, '1131319', 'Aurora', 'Delgado', '2005-01-15', 'M', NULL, '59182106193', 'auroradelgado114@estudiante.edu.bo', 'Colegio Boliviano', 'Santa Cruz de la Sierra', NULL, 3, 1, 'Manana', 1, 'Preinscrito', false, 614, NOW(), NOW());
INSERT INTO requisitos_documentales (postulante_id, ci_digitalizado, certificado_nacimiento, titulo_bachiller_legalizado, formulario_preinscripcion, verificado_bd_externa, updated_at) VALUES (515, false, false, false, false, false, NOW());
INSERT INTO users (id, name, email, password, role, active, created_at, updated_at) VALUES (615, 'Raúl Castillo', 'raúlcastillo115@estudiante.edu.bo', '\$2y\$12\$TyO9cTQJ0O7NSPORyyP8Hup.wk8.BWNWu4itdEJYyjZ2Sem9DbFyi', 'Postulante', true, NOW(), NOW());
INSERT INTO postulantes (id, ci, nombres, apellidos, fecha_nacimiento, sexo, direccion, telefono, email, colegio_procedencia, ciudad, titulo_bachiller, primera_opcion_id, segunda_opcion_id, turno_preferencia, gestion_id, estado, recurrente, user_id, created_at, updated_at) VALUES (516, '1309260', 'Raúl', 'Castillo', '2005-01-15', 'M', NULL, '59163507860', 'raúlcastillo115@estudiante.edu.bo', 'Colegio Boliviano', 'Santa Cruz de la Sierra', NULL, 3, 1, 'Noche', 1, 'Preinscrito', false, 615, NOW(), NOW());
INSERT INTO requisitos_documentales (postulante_id, ci_digitalizado, certificado_nacimiento, titulo_bachiller_legalizado, formulario_preinscripcion, verificado_bd_externa, updated_at) VALUES (516, false, false, false, false, false, NOW());
INSERT INTO users (id, name, email, password, role, active, created_at, updated_at) VALUES (616, 'Marisol García', 'marisolgarcía116@estudiante.edu.bo', '\$2y\$12\$TyO9cTQJ0O7NSPORyyP8Hup.wk8.BWNWu4itdEJYyjZ2Sem9DbFyi', 'Postulante', true, NOW(), NOW());
INSERT INTO postulantes (id, ci, nombres, apellidos, fecha_nacimiento, sexo, direccion, telefono, email, colegio_procedencia, ciudad, titulo_bachiller, primera_opcion_id, segunda_opcion_id, turno_preferencia, gestion_id, estado, recurrente, user_id, created_at, updated_at) VALUES (517, '7926933', 'Marisol', 'García', '2005-01-15', 'M', NULL, '59194329790', 'marisolgarcía116@estudiante.edu.bo', 'Colegio Boliviano', 'Santa Cruz de la Sierra', NULL, 3, 1, 'Noche', 1, 'Preinscrito', false, 616, NOW(), NOW());
INSERT INTO requisitos_documentales (postulante_id, ci_digitalizado, certificado_nacimiento, titulo_bachiller_legalizado, formulario_preinscripcion, verificado_bd_externa, updated_at) VALUES (517, false, false, false, false, false, NOW());
INSERT INTO users (id, name, email, password, role, active, created_at, updated_at) VALUES (617, 'Pedro Domínguez', 'pedrodomínguez117@estudiante.edu.bo', '\$2y\$12\$TyO9cTQJ0O7NSPORyyP8Hup.wk8.BWNWu4itdEJYyjZ2Sem9DbFyi', 'Postulante', true, NOW(), NOW());
INSERT INTO postulantes (id, ci, nombres, apellidos, fecha_nacimiento, sexo, direccion, telefono, email, colegio_procedencia, ciudad, titulo_bachiller, primera_opcion_id, segunda_opcion_id, turno_preferencia, gestion_id, estado, recurrente, user_id, created_at, updated_at) VALUES (518, '1146834', 'Pedro', 'Domínguez', '2005-01-15', 'M', NULL, '59184755365', 'pedrodomínguez117@estudiante.edu.bo', 'Colegio Boliviano', 'Santa Cruz de la Sierra', NULL, 3, 1, 'Manana', 1, 'Preinscrito', false, 617, NOW(), NOW());
INSERT INTO requisitos_documentales (postulante_id, ci_digitalizado, certificado_nacimiento, titulo_bachiller_legalizado, formulario_preinscripcion, verificado_bd_externa, updated_at) VALUES (518, false, false, false, false, false, NOW());
INSERT INTO users (id, name, email, password, role, active, created_at, updated_at) VALUES (618, 'María Valdez', 'maríavaldez118@estudiante.edu.bo', '\$2y\$12\$TyO9cTQJ0O7NSPORyyP8Hup.wk8.BWNWu4itdEJYyjZ2Sem9DbFyi', 'Postulante', true, NOW(), NOW());
INSERT INTO postulantes (id, ci, nombres, apellidos, fecha_nacimiento, sexo, direccion, telefono, email, colegio_procedencia, ciudad, titulo_bachiller, primera_opcion_id, segunda_opcion_id, turno_preferencia, gestion_id, estado, recurrente, user_id, created_at, updated_at) VALUES (519, '8421545', 'María', 'Valdez', '2005-01-15', 'M', NULL, '59184911566', 'maríavaldez118@estudiante.edu.bo', 'Colegio Boliviano', 'Santa Cruz de la Sierra', NULL, 3, 1, 'Tarde', 1, 'Preinscrito', false, 618, NOW(), NOW());
INSERT INTO requisitos_documentales (postulante_id, ci_digitalizado, certificado_nacimiento, titulo_bachiller_legalizado, formulario_preinscripcion, verificado_bd_externa, updated_at) VALUES (519, false, false, false, false, false, NOW());
INSERT INTO users (id, name, email, password, role, active, created_at, updated_at) VALUES (619, 'Verónica Pérez', 'verónicapérez119@estudiante.edu.bo', '\$2y\$12\$TyO9cTQJ0O7NSPORyyP8Hup.wk8.BWNWu4itdEJYyjZ2Sem9DbFyi', 'Postulante', true, NOW(), NOW());
INSERT INTO postulantes (id, ci, nombres, apellidos, fecha_nacimiento, sexo, direccion, telefono, email, colegio_procedencia, ciudad, titulo_bachiller, primera_opcion_id, segunda_opcion_id, turno_preferencia, gestion_id, estado, recurrente, user_id, created_at, updated_at) VALUES (520, '4313544', 'Verónica', 'Pérez', '2005-01-15', 'M', NULL, '59179089457', 'verónicapérez119@estudiante.edu.bo', 'Colegio Boliviano', 'Santa Cruz de la Sierra', NULL, 3, 1, 'Tarde', 1, 'Preinscrito', false, 619, NOW(), NOW());
INSERT INTO requisitos_documentales (postulante_id, ci_digitalizado, certificado_nacimiento, titulo_bachiller_legalizado, formulario_preinscripcion, verificado_bd_externa, updated_at) VALUES (520, false, false, false, false, false, NOW());
INSERT INTO users (id, name, email, password, role, active, created_at, updated_at) VALUES (620, 'Elena Ortiz', 'elenaortiz120@estudiante.edu.bo', '\$2y\$12\$TyO9cTQJ0O7NSPORyyP8Hup.wk8.BWNWu4itdEJYyjZ2Sem9DbFyi', 'Postulante', true, NOW(), NOW());
INSERT INTO postulantes (id, ci, nombres, apellidos, fecha_nacimiento, sexo, direccion, telefono, email, colegio_procedencia, ciudad, titulo_bachiller, primera_opcion_id, segunda_opcion_id, turno_preferencia, gestion_id, estado, recurrente, user_id, created_at, updated_at) VALUES (521, '8256192', 'Elena', 'Ortiz', '2005-01-15', 'M', NULL, '59167745858', 'elenaortiz120@estudiante.edu.bo', 'Colegio Boliviano', 'Santa Cruz de la Sierra', NULL, 3, 1, 'Tarde', 1, 'Preinscrito', false, 620, NOW(), NOW());
INSERT INTO requisitos_documentales (postulante_id, ci_digitalizado, certificado_nacimiento, titulo_bachiller_legalizado, formulario_preinscripcion, verificado_bd_externa, updated_at) VALUES (521, false, false, false, false, false, NOW());
INSERT INTO users (id, name, email, password, role, active, created_at, updated_at) VALUES (621, 'Francisca Ramírez', 'franciscaramírez121@estudiante.edu.bo', '\$2y\$12\$TyO9cTQJ0O7NSPORyyP8Hup.wk8.BWNWu4itdEJYyjZ2Sem9DbFyi', 'Postulante', true, NOW(), NOW());
INSERT INTO postulantes (id, ci, nombres, apellidos, fecha_nacimiento, sexo, direccion, telefono, email, colegio_procedencia, ciudad, titulo_bachiller, primera_opcion_id, segunda_opcion_id, turno_preferencia, gestion_id, estado, recurrente, user_id, created_at, updated_at) VALUES (522, '7876563', 'Francisca', 'Ramírez', '2005-01-15', 'M', NULL, '59194406964', 'franciscaramírez121@estudiante.edu.bo', 'Colegio Boliviano', 'Santa Cruz de la Sierra', NULL, 3, 1, 'Noche', 1, 'Preinscrito', false, 621, NOW(), NOW());
INSERT INTO requisitos_documentales (postulante_id, ci_digitalizado, certificado_nacimiento, titulo_bachiller_legalizado, formulario_preinscripcion, verificado_bd_externa, updated_at) VALUES (522, false, false, false, false, false, NOW());
INSERT INTO users (id, name, email, password, role, active, created_at, updated_at) VALUES (622, 'Andrés Hernández', 'andréshernández122@estudiante.edu.bo', '\$2y\$12\$TyO9cTQJ0O7NSPORyyP8Hup.wk8.BWNWu4itdEJYyjZ2Sem9DbFyi', 'Postulante', true, NOW(), NOW());
INSERT INTO postulantes (id, ci, nombres, apellidos, fecha_nacimiento, sexo, direccion, telefono, email, colegio_procedencia, ciudad, titulo_bachiller, primera_opcion_id, segunda_opcion_id, turno_preferencia, gestion_id, estado, recurrente, user_id, created_at, updated_at) VALUES (523, '1992612', 'Andrés', 'Hernández', '2005-01-15', 'M', NULL, '59192465662', 'andréshernández122@estudiante.edu.bo', 'Colegio Boliviano', 'Santa Cruz de la Sierra', NULL, 3, 1, 'Manana', 1, 'Preinscrito', false, 622, NOW(), NOW());
INSERT INTO requisitos_documentales (postulante_id, ci_digitalizado, certificado_nacimiento, titulo_bachiller_legalizado, formulario_preinscripcion, verificado_bd_externa, updated_at) VALUES (523, false, false, false, false, false, NOW());
INSERT INTO users (id, name, email, password, role, active, created_at, updated_at) VALUES (623, 'Sandra Campos', 'sandracampos123@estudiante.edu.bo', '\$2y\$12\$TyO9cTQJ0O7NSPORyyP8Hup.wk8.BWNWu4itdEJYyjZ2Sem9DbFyi', 'Postulante', true, NOW(), NOW());
INSERT INTO postulantes (id, ci, nombres, apellidos, fecha_nacimiento, sexo, direccion, telefono, email, colegio_procedencia, ciudad, titulo_bachiller, primera_opcion_id, segunda_opcion_id, turno_preferencia, gestion_id, estado, recurrente, user_id, created_at, updated_at) VALUES (524, '6245626', 'Sandra', 'Campos', '2005-01-15', 'M', NULL, '59183664097', 'sandracampos123@estudiante.edu.bo', 'Colegio Boliviano', 'Santa Cruz de la Sierra', NULL, 3, 1, 'Manana', 1, 'Preinscrito', false, 623, NOW(), NOW());
INSERT INTO requisitos_documentales (postulante_id, ci_digitalizado, certificado_nacimiento, titulo_bachiller_legalizado, formulario_preinscripcion, verificado_bd_externa, updated_at) VALUES (524, false, false, false, false, false, NOW());
INSERT INTO users (id, name, email, password, role, active, created_at, updated_at) VALUES (624, 'Andrés Jiménez', 'andrésjiménez124@estudiante.edu.bo', '\$2y\$12\$TyO9cTQJ0O7NSPORyyP8Hup.wk8.BWNWu4itdEJYyjZ2Sem9DbFyi', 'Postulante', true, NOW(), NOW());
INSERT INTO postulantes (id, ci, nombres, apellidos, fecha_nacimiento, sexo, direccion, telefono, email, colegio_procedencia, ciudad, titulo_bachiller, primera_opcion_id, segunda_opcion_id, turno_preferencia, gestion_id, estado, recurrente, user_id, created_at, updated_at) VALUES (525, '6799644', 'Andrés', 'Jiménez', '2005-01-15', 'M', NULL, '59199929096', 'andrésjiménez124@estudiante.edu.bo', 'Colegio Boliviano', 'Santa Cruz de la Sierra', NULL, 3, 1, 'Tarde', 1, 'Preinscrito', false, 624, NOW(), NOW());
INSERT INTO requisitos_documentales (postulante_id, ci_digitalizado, certificado_nacimiento, titulo_bachiller_legalizado, formulario_preinscripcion, verificado_bd_externa, updated_at) VALUES (525, false, false, false, false, false, NOW());
INSERT INTO users (id, name, email, password, role, active, created_at, updated_at) VALUES (625, 'Marisol Vidal', 'marisolvidal125@estudiante.edu.bo', '\$2y\$12\$TyO9cTQJ0O7NSPORyyP8Hup.wk8.BWNWu4itdEJYyjZ2Sem9DbFyi', 'Postulante', true, NOW(), NOW());
INSERT INTO postulantes (id, ci, nombres, apellidos, fecha_nacimiento, sexo, direccion, telefono, email, colegio_procedencia, ciudad, titulo_bachiller, primera_opcion_id, segunda_opcion_id, turno_preferencia, gestion_id, estado, recurrente, user_id, created_at, updated_at) VALUES (526, '7313178', 'Marisol', 'Vidal', '2005-01-15', 'M', NULL, '59194626764', 'marisolvidal125@estudiante.edu.bo', 'Colegio Boliviano', 'Santa Cruz de la Sierra', NULL, 3, 1, 'Tarde', 1, 'Preinscrito', false, 625, NOW(), NOW());
INSERT INTO requisitos_documentales (postulante_id, ci_digitalizado, certificado_nacimiento, titulo_bachiller_legalizado, formulario_preinscripcion, verificado_bd_externa, updated_at) VALUES (526, false, false, false, false, false, NOW());
INSERT INTO users (id, name, email, password, role, active, created_at, updated_at) VALUES (626, 'Francisca Medina', 'franciscamedina126@estudiante.edu.bo', '\$2y\$12\$TyO9cTQJ0O7NSPORyyP8Hup.wk8.BWNWu4itdEJYyjZ2Sem9DbFyi', 'Postulante', true, NOW(), NOW());
INSERT INTO postulantes (id, ci, nombres, apellidos, fecha_nacimiento, sexo, direccion, telefono, email, colegio_procedencia, ciudad, titulo_bachiller, primera_opcion_id, segunda_opcion_id, turno_preferencia, gestion_id, estado, recurrente, user_id, created_at, updated_at) VALUES (527, '1585700', 'Francisca', 'Medina', '2005-01-15', 'M', NULL, '59171101611', 'franciscamedina126@estudiante.edu.bo', 'Colegio Boliviano', 'Santa Cruz de la Sierra', NULL, 3, 1, 'Tarde', 1, 'Preinscrito', false, 626, NOW(), NOW());
INSERT INTO requisitos_documentales (postulante_id, ci_digitalizado, certificado_nacimiento, titulo_bachiller_legalizado, formulario_preinscripcion, verificado_bd_externa, updated_at) VALUES (527, false, false, false, false, false, NOW());
INSERT INTO users (id, name, email, password, role, active, created_at, updated_at) VALUES (627, 'Antonio Sánchez', 'antoniosánchez127@estudiante.edu.bo', '\$2y\$12\$TyO9cTQJ0O7NSPORyyP8Hup.wk8.BWNWu4itdEJYyjZ2Sem9DbFyi', 'Postulante', true, NOW(), NOW());
INSERT INTO postulantes (id, ci, nombres, apellidos, fecha_nacimiento, sexo, direccion, telefono, email, colegio_procedencia, ciudad, titulo_bachiller, primera_opcion_id, segunda_opcion_id, turno_preferencia, gestion_id, estado, recurrente, user_id, created_at, updated_at) VALUES (528, '4120363', 'Antonio', 'Sánchez', '2005-01-15', 'M', NULL, '59168738021', 'antoniosánchez127@estudiante.edu.bo', 'Colegio Boliviano', 'Santa Cruz de la Sierra', NULL, 3, 1, 'Noche', 1, 'Preinscrito', false, 627, NOW(), NOW());
INSERT INTO requisitos_documentales (postulante_id, ci_digitalizado, certificado_nacimiento, titulo_bachiller_legalizado, formulario_preinscripcion, verificado_bd_externa, updated_at) VALUES (528, false, false, false, false, false, NOW());
INSERT INTO users (id, name, email, password, role, active, created_at, updated_at) VALUES (628, 'Rosario Torres', 'rosariotorres128@estudiante.edu.bo', '\$2y\$12\$TyO9cTQJ0O7NSPORyyP8Hup.wk8.BWNWu4itdEJYyjZ2Sem9DbFyi', 'Postulante', true, NOW(), NOW());
INSERT INTO postulantes (id, ci, nombres, apellidos, fecha_nacimiento, sexo, direccion, telefono, email, colegio_procedencia, ciudad, titulo_bachiller, primera_opcion_id, segunda_opcion_id, turno_preferencia, gestion_id, estado, recurrente, user_id, created_at, updated_at) VALUES (529, '8213916', 'Rosario', 'Torres', '2005-01-15', 'M', NULL, '59177205582', 'rosariotorres128@estudiante.edu.bo', 'Colegio Boliviano', 'Santa Cruz de la Sierra', NULL, 3, 1, 'Manana', 1, 'Preinscrito', false, 628, NOW(), NOW());
INSERT INTO requisitos_documentales (postulante_id, ci_digitalizado, certificado_nacimiento, titulo_bachiller_legalizado, formulario_preinscripcion, verificado_bd_externa, updated_at) VALUES (529, false, false, false, false, false, NOW());
INSERT INTO users (id, name, email, password, role, active, created_at, updated_at) VALUES (629, 'Alejandro Delgado', 'alejandrodelgado129@estudiante.edu.bo', '\$2y\$12\$TyO9cTQJ0O7NSPORyyP8Hup.wk8.BWNWu4itdEJYyjZ2Sem9DbFyi', 'Postulante', true, NOW(), NOW());
INSERT INTO postulantes (id, ci, nombres, apellidos, fecha_nacimiento, sexo, direccion, telefono, email, colegio_procedencia, ciudad, titulo_bachiller, primera_opcion_id, segunda_opcion_id, turno_preferencia, gestion_id, estado, recurrente, user_id, created_at, updated_at) VALUES (530, '5172141', 'Alejandro', 'Delgado', '2005-01-15', 'M', NULL, '59167461437', 'alejandrodelgado129@estudiante.edu.bo', 'Colegio Boliviano', 'Santa Cruz de la Sierra', NULL, 3, 1, 'Noche', 1, 'Preinscrito', false, 629, NOW(), NOW());
INSERT INTO requisitos_documentales (postulante_id, ci_digitalizado, certificado_nacimiento, titulo_bachiller_legalizado, formulario_preinscripcion, verificado_bd_externa, updated_at) VALUES (530, false, false, false, false, false, NOW());
INSERT INTO users (id, name, email, password, role, active, created_at, updated_at) VALUES (630, 'Sergio Hernández', 'sergiohernández130@estudiante.edu.bo', '\$2y\$12\$TyO9cTQJ0O7NSPORyyP8Hup.wk8.BWNWu4itdEJYyjZ2Sem9DbFyi', 'Postulante', true, NOW(), NOW());
INSERT INTO postulantes (id, ci, nombres, apellidos, fecha_nacimiento, sexo, direccion, telefono, email, colegio_procedencia, ciudad, titulo_bachiller, primera_opcion_id, segunda_opcion_id, turno_preferencia, gestion_id, estado, recurrente, user_id, created_at, updated_at) VALUES (531, '9787169', 'Sergio', 'Hernández', '2005-01-15', 'M', NULL, '59180916866', 'sergiohernández130@estudiante.edu.bo', 'Colegio Boliviano', 'Santa Cruz de la Sierra', NULL, 3, 1, 'Manana', 1, 'Preinscrito', false, 630, NOW(), NOW());
INSERT INTO requisitos_documentales (postulante_id, ci_digitalizado, certificado_nacimiento, titulo_bachiller_legalizado, formulario_preinscripcion, verificado_bd_externa, updated_at) VALUES (531, false, false, false, false, false, NOW());
INSERT INTO users (id, name, email, password, role, active, created_at, updated_at) VALUES (631, 'Irene Vidal', 'irenevidal131@estudiante.edu.bo', '\$2y\$12\$TyO9cTQJ0O7NSPORyyP8Hup.wk8.BWNWu4itdEJYyjZ2Sem9DbFyi', 'Postulante', true, NOW(), NOW());
INSERT INTO postulantes (id, ci, nombres, apellidos, fecha_nacimiento, sexo, direccion, telefono, email, colegio_procedencia, ciudad, titulo_bachiller, primera_opcion_id, segunda_opcion_id, turno_preferencia, gestion_id, estado, recurrente, user_id, created_at, updated_at) VALUES (532, '3700548', 'Irene', 'Vidal', '2005-01-15', 'M', NULL, '59198228446', 'irenevidal131@estudiante.edu.bo', 'Colegio Boliviano', 'Santa Cruz de la Sierra', NULL, 3, 1, 'Noche', 1, 'Preinscrito', false, 631, NOW(), NOW());
INSERT INTO requisitos_documentales (postulante_id, ci_digitalizado, certificado_nacimiento, titulo_bachiller_legalizado, formulario_preinscripcion, verificado_bd_externa, updated_at) VALUES (532, false, false, false, false, false, NOW());
INSERT INTO users (id, name, email, password, role, active, created_at, updated_at) VALUES (632, 'María Medina', 'maríamedina132@estudiante.edu.bo', '\$2y\$12\$TyO9cTQJ0O7NSPORyyP8Hup.wk8.BWNWu4itdEJYyjZ2Sem9DbFyi', 'Postulante', true, NOW(), NOW());
INSERT INTO postulantes (id, ci, nombres, apellidos, fecha_nacimiento, sexo, direccion, telefono, email, colegio_procedencia, ciudad, titulo_bachiller, primera_opcion_id, segunda_opcion_id, turno_preferencia, gestion_id, estado, recurrente, user_id, created_at, updated_at) VALUES (533, '5032624', 'María', 'Medina', '2005-01-15', 'M', NULL, '59164156854', 'maríamedina132@estudiante.edu.bo', 'Colegio Boliviano', 'Santa Cruz de la Sierra', NULL, 3, 1, 'Noche', 1, 'Preinscrito', false, 632, NOW(), NOW());
INSERT INTO requisitos_documentales (postulante_id, ci_digitalizado, certificado_nacimiento, titulo_bachiller_legalizado, formulario_preinscripcion, verificado_bd_externa, updated_at) VALUES (533, false, false, false, false, false, NOW());
INSERT INTO users (id, name, email, password, role, active, created_at, updated_at) VALUES (633, 'Antonio Silva', 'antoniosilva133@estudiante.edu.bo', '\$2y\$12\$TyO9cTQJ0O7NSPORyyP8Hup.wk8.BWNWu4itdEJYyjZ2Sem9DbFyi', 'Postulante', true, NOW(), NOW());
INSERT INTO postulantes (id, ci, nombres, apellidos, fecha_nacimiento, sexo, direccion, telefono, email, colegio_procedencia, ciudad, titulo_bachiller, primera_opcion_id, segunda_opcion_id, turno_preferencia, gestion_id, estado, recurrente, user_id, created_at, updated_at) VALUES (534, '8814364', 'Antonio', 'Silva', '2005-01-15', 'M', NULL, '59170643093', 'antoniosilva133@estudiante.edu.bo', 'Colegio Boliviano', 'Santa Cruz de la Sierra', NULL, 3, 1, 'Manana', 1, 'Preinscrito', false, 633, NOW(), NOW());
INSERT INTO requisitos_documentales (postulante_id, ci_digitalizado, certificado_nacimiento, titulo_bachiller_legalizado, formulario_preinscripcion, verificado_bd_externa, updated_at) VALUES (534, false, false, false, false, false, NOW());
INSERT INTO users (id, name, email, password, role, active, created_at, updated_at) VALUES (634, 'Esperanza García', 'esperanzagarcía134@estudiante.edu.bo', '\$2y\$12\$TyO9cTQJ0O7NSPORyyP8Hup.wk8.BWNWu4itdEJYyjZ2Sem9DbFyi', 'Postulante', true, NOW(), NOW());
INSERT INTO postulantes (id, ci, nombres, apellidos, fecha_nacimiento, sexo, direccion, telefono, email, colegio_procedencia, ciudad, titulo_bachiller, primera_opcion_id, segunda_opcion_id, turno_preferencia, gestion_id, estado, recurrente, user_id, created_at, updated_at) VALUES (535, '9183914', 'Esperanza', 'García', '2005-01-15', 'M', NULL, '59171030175', 'esperanzagarcía134@estudiante.edu.bo', 'Colegio Boliviano', 'Santa Cruz de la Sierra', NULL, 3, 1, 'Manana', 1, 'Preinscrito', false, 634, NOW(), NOW());
INSERT INTO requisitos_documentales (postulante_id, ci_digitalizado, certificado_nacimiento, titulo_bachiller_legalizado, formulario_preinscripcion, verificado_bd_externa, updated_at) VALUES (535, false, false, false, false, false, NOW());
INSERT INTO users (id, name, email, password, role, active, created_at, updated_at) VALUES (635, 'Constanza Torres', 'constanzatorres135@estudiante.edu.bo', '\$2y\$12\$TyO9cTQJ0O7NSPORyyP8Hup.wk8.BWNWu4itdEJYyjZ2Sem9DbFyi', 'Postulante', true, NOW(), NOW());
INSERT INTO postulantes (id, ci, nombres, apellidos, fecha_nacimiento, sexo, direccion, telefono, email, colegio_procedencia, ciudad, titulo_bachiller, primera_opcion_id, segunda_opcion_id, turno_preferencia, gestion_id, estado, recurrente, user_id, created_at, updated_at) VALUES (536, '9539955', 'Constanza', 'Torres', '2005-01-15', 'M', NULL, '59165706631', 'constanzatorres135@estudiante.edu.bo', 'Colegio Boliviano', 'Santa Cruz de la Sierra', NULL, 3, 1, 'Tarde', 1, 'Preinscrito', false, 635, NOW(), NOW());
INSERT INTO requisitos_documentales (postulante_id, ci_digitalizado, certificado_nacimiento, titulo_bachiller_legalizado, formulario_preinscripcion, verificado_bd_externa, updated_at) VALUES (536, false, false, false, false, false, NOW());
INSERT INTO users (id, name, email, password, role, active, created_at, updated_at) VALUES (636, 'Fernando Guerrero', 'fernandoguerrero136@estudiante.edu.bo', '\$2y\$12\$TyO9cTQJ0O7NSPORyyP8Hup.wk8.BWNWu4itdEJYyjZ2Sem9DbFyi', 'Postulante', true, NOW(), NOW());
INSERT INTO postulantes (id, ci, nombres, apellidos, fecha_nacimiento, sexo, direccion, telefono, email, colegio_procedencia, ciudad, titulo_bachiller, primera_opcion_id, segunda_opcion_id, turno_preferencia, gestion_id, estado, recurrente, user_id, created_at, updated_at) VALUES (537, '3878500', 'Fernando', 'Guerrero', '2005-01-15', 'M', NULL, '59194371844', 'fernandoguerrero136@estudiante.edu.bo', 'Colegio Boliviano', 'Santa Cruz de la Sierra', NULL, 3, 1, 'Manana', 1, 'Preinscrito', false, 636, NOW(), NOW());
INSERT INTO requisitos_documentales (postulante_id, ci_digitalizado, certificado_nacimiento, titulo_bachiller_legalizado, formulario_preinscripcion, verificado_bd_externa, updated_at) VALUES (537, false, false, false, false, false, NOW());
INSERT INTO users (id, name, email, password, role, active, created_at, updated_at) VALUES (637, 'Verónica Fuentes', 'verónicafuentes137@estudiante.edu.bo', '\$2y\$12\$TyO9cTQJ0O7NSPORyyP8Hup.wk8.BWNWu4itdEJYyjZ2Sem9DbFyi', 'Postulante', true, NOW(), NOW());
INSERT INTO postulantes (id, ci, nombres, apellidos, fecha_nacimiento, sexo, direccion, telefono, email, colegio_procedencia, ciudad, titulo_bachiller, primera_opcion_id, segunda_opcion_id, turno_preferencia, gestion_id, estado, recurrente, user_id, created_at, updated_at) VALUES (538, '4625036', 'Verónica', 'Fuentes', '2005-01-15', 'M', NULL, '59180509337', 'verónicafuentes137@estudiante.edu.bo', 'Colegio Boliviano', 'Santa Cruz de la Sierra', NULL, 3, 1, 'Tarde', 1, 'Preinscrito', false, 637, NOW(), NOW());
INSERT INTO requisitos_documentales (postulante_id, ci_digitalizado, certificado_nacimiento, titulo_bachiller_legalizado, formulario_preinscripcion, verificado_bd_externa, updated_at) VALUES (538, false, false, false, false, false, NOW());
INSERT INTO users (id, name, email, password, role, active, created_at, updated_at) VALUES (638, 'Miguel López', 'miguellópez138@estudiante.edu.bo', '\$2y\$12\$TyO9cTQJ0O7NSPORyyP8Hup.wk8.BWNWu4itdEJYyjZ2Sem9DbFyi', 'Postulante', true, NOW(), NOW());
INSERT INTO postulantes (id, ci, nombres, apellidos, fecha_nacimiento, sexo, direccion, telefono, email, colegio_procedencia, ciudad, titulo_bachiller, primera_opcion_id, segunda_opcion_id, turno_preferencia, gestion_id, estado, recurrente, user_id, created_at, updated_at) VALUES (539, '9123220', 'Miguel', 'López', '2005-01-15', 'M', NULL, '59194213724', 'miguellópez138@estudiante.edu.bo', 'Colegio Boliviano', 'Santa Cruz de la Sierra', NULL, 3, 1, 'Noche', 1, 'Preinscrito', false, 638, NOW(), NOW());
INSERT INTO requisitos_documentales (postulante_id, ci_digitalizado, certificado_nacimiento, titulo_bachiller_legalizado, formulario_preinscripcion, verificado_bd_externa, updated_at) VALUES (539, false, false, false, false, false, NOW());
INSERT INTO users (id, name, email, password, role, active, created_at, updated_at) VALUES (639, 'Jorge Delgado', 'jorgedelgado139@estudiante.edu.bo', '\$2y\$12\$TyO9cTQJ0O7NSPORyyP8Hup.wk8.BWNWu4itdEJYyjZ2Sem9DbFyi', 'Postulante', true, NOW(), NOW());
INSERT INTO postulantes (id, ci, nombres, apellidos, fecha_nacimiento, sexo, direccion, telefono, email, colegio_procedencia, ciudad, titulo_bachiller, primera_opcion_id, segunda_opcion_id, turno_preferencia, gestion_id, estado, recurrente, user_id, created_at, updated_at) VALUES (540, '2607956', 'Jorge', 'Delgado', '2005-01-15', 'M', NULL, '59162655489', 'jorgedelgado139@estudiante.edu.bo', 'Colegio Boliviano', 'Santa Cruz de la Sierra', NULL, 3, 1, 'Manana', 1, 'Preinscrito', false, 639, NOW(), NOW());
INSERT INTO requisitos_documentales (postulante_id, ci_digitalizado, certificado_nacimiento, titulo_bachiller_legalizado, formulario_preinscripcion, verificado_bd_externa, updated_at) VALUES (540, false, false, false, false, false, NOW());
INSERT INTO users (id, name, email, password, role, active, created_at, updated_at) VALUES (640, 'Luis Contreras', 'luiscontreras140@estudiante.edu.bo', '\$2y\$12\$TyO9cTQJ0O7NSPORyyP8Hup.wk8.BWNWu4itdEJYyjZ2Sem9DbFyi', 'Postulante', true, NOW(), NOW());
INSERT INTO postulantes (id, ci, nombres, apellidos, fecha_nacimiento, sexo, direccion, telefono, email, colegio_procedencia, ciudad, titulo_bachiller, primera_opcion_id, segunda_opcion_id, turno_preferencia, gestion_id, estado, recurrente, user_id, created_at, updated_at) VALUES (541, '8118014', 'Luis', 'Contreras', '2005-01-15', 'M', NULL, '59189744860', 'luiscontreras140@estudiante.edu.bo', 'Colegio Boliviano', 'Santa Cruz de la Sierra', NULL, 3, 1, 'Manana', 1, 'Preinscrito', false, 640, NOW(), NOW());
INSERT INTO requisitos_documentales (postulante_id, ci_digitalizado, certificado_nacimiento, titulo_bachiller_legalizado, formulario_preinscripcion, verificado_bd_externa, updated_at) VALUES (541, false, false, false, false, false, NOW());
INSERT INTO users (id, name, email, password, role, active, created_at, updated_at) VALUES (641, 'Francisca Valencia', 'franciscavalencia141@estudiante.edu.bo', '\$2y\$12\$TyO9cTQJ0O7NSPORyyP8Hup.wk8.BWNWu4itdEJYyjZ2Sem9DbFyi', 'Postulante', true, NOW(), NOW());
INSERT INTO postulantes (id, ci, nombres, apellidos, fecha_nacimiento, sexo, direccion, telefono, email, colegio_procedencia, ciudad, titulo_bachiller, primera_opcion_id, segunda_opcion_id, turno_preferencia, gestion_id, estado, recurrente, user_id, created_at, updated_at) VALUES (542, '4147048', 'Francisca', 'Valencia', '2005-01-15', 'M', NULL, '59166851381', 'franciscavalencia141@estudiante.edu.bo', 'Colegio Boliviano', 'Santa Cruz de la Sierra', NULL, 3, 1, 'Noche', 1, 'Preinscrito', false, 641, NOW(), NOW());
INSERT INTO requisitos_documentales (postulante_id, ci_digitalizado, certificado_nacimiento, titulo_bachiller_legalizado, formulario_preinscripcion, verificado_bd_externa, updated_at) VALUES (542, false, false, false, false, false, NOW());
INSERT INTO users (id, name, email, password, role, active, created_at, updated_at) VALUES (642, 'Raúl Flores', 'raúlflores142@estudiante.edu.bo', '\$2y\$12\$TyO9cTQJ0O7NSPORyyP8Hup.wk8.BWNWu4itdEJYyjZ2Sem9DbFyi', 'Postulante', true, NOW(), NOW());
INSERT INTO postulantes (id, ci, nombres, apellidos, fecha_nacimiento, sexo, direccion, telefono, email, colegio_procedencia, ciudad, titulo_bachiller, primera_opcion_id, segunda_opcion_id, turno_preferencia, gestion_id, estado, recurrente, user_id, created_at, updated_at) VALUES (543, '8414262', 'Raúl', 'Flores', '2005-01-15', 'M', NULL, '59173651334', 'raúlflores142@estudiante.edu.bo', 'Colegio Boliviano', 'Santa Cruz de la Sierra', NULL, 3, 1, 'Tarde', 1, 'Preinscrito', false, 642, NOW(), NOW());
INSERT INTO requisitos_documentales (postulante_id, ci_digitalizado, certificado_nacimiento, titulo_bachiller_legalizado, formulario_preinscripcion, verificado_bd_externa, updated_at) VALUES (543, false, false, false, false, false, NOW());
INSERT INTO users (id, name, email, password, role, active, created_at, updated_at) VALUES (643, 'Víctor Domínguez', 'víctordomínguez143@estudiante.edu.bo', '\$2y\$12\$TyO9cTQJ0O7NSPORyyP8Hup.wk8.BWNWu4itdEJYyjZ2Sem9DbFyi', 'Postulante', true, NOW(), NOW());
INSERT INTO postulantes (id, ci, nombres, apellidos, fecha_nacimiento, sexo, direccion, telefono, email, colegio_procedencia, ciudad, titulo_bachiller, primera_opcion_id, segunda_opcion_id, turno_preferencia, gestion_id, estado, recurrente, user_id, created_at, updated_at) VALUES (544, '2757941', 'Víctor', 'Domínguez', '2005-01-15', 'M', NULL, '59171051082', 'víctordomínguez143@estudiante.edu.bo', 'Colegio Boliviano', 'Santa Cruz de la Sierra', NULL, 3, 1, 'Manana', 1, 'Preinscrito', false, 643, NOW(), NOW());
INSERT INTO requisitos_documentales (postulante_id, ci_digitalizado, certificado_nacimiento, titulo_bachiller_legalizado, formulario_preinscripcion, verificado_bd_externa, updated_at) VALUES (544, false, false, false, false, false, NOW());
INSERT INTO users (id, name, email, password, role, active, created_at, updated_at) VALUES (644, 'Patricia Valdez', 'patriciavaldez144@estudiante.edu.bo', '\$2y\$12\$TyO9cTQJ0O7NSPORyyP8Hup.wk8.BWNWu4itdEJYyjZ2Sem9DbFyi', 'Postulante', true, NOW(), NOW());
INSERT INTO postulantes (id, ci, nombres, apellidos, fecha_nacimiento, sexo, direccion, telefono, email, colegio_procedencia, ciudad, titulo_bachiller, primera_opcion_id, segunda_opcion_id, turno_preferencia, gestion_id, estado, recurrente, user_id, created_at, updated_at) VALUES (545, '2962514', 'Patricia', 'Valdez', '2005-01-15', 'M', NULL, '59192093170', 'patriciavaldez144@estudiante.edu.bo', 'Colegio Boliviano', 'Santa Cruz de la Sierra', NULL, 3, 1, 'Tarde', 1, 'Preinscrito', false, 644, NOW(), NOW());
INSERT INTO requisitos_documentales (postulante_id, ci_digitalizado, certificado_nacimiento, titulo_bachiller_legalizado, formulario_preinscripcion, verificado_bd_externa, updated_at) VALUES (545, false, false, false, false, false, NOW());
INSERT INTO users (id, name, email, password, role, active, created_at, updated_at) VALUES (645, 'Luis Sánchez', 'luissánchez145@estudiante.edu.bo', '\$2y\$12\$TyO9cTQJ0O7NSPORyyP8Hup.wk8.BWNWu4itdEJYyjZ2Sem9DbFyi', 'Postulante', true, NOW(), NOW());
INSERT INTO postulantes (id, ci, nombres, apellidos, fecha_nacimiento, sexo, direccion, telefono, email, colegio_procedencia, ciudad, titulo_bachiller, primera_opcion_id, segunda_opcion_id, turno_preferencia, gestion_id, estado, recurrente, user_id, created_at, updated_at) VALUES (546, '1944617', 'Luis', 'Sánchez', '2005-01-15', 'M', NULL, '59185113030', 'luissánchez145@estudiante.edu.bo', 'Colegio Boliviano', 'Santa Cruz de la Sierra', NULL, 3, 1, 'Tarde', 1, 'Preinscrito', false, 645, NOW(), NOW());
INSERT INTO requisitos_documentales (postulante_id, ci_digitalizado, certificado_nacimiento, titulo_bachiller_legalizado, formulario_preinscripcion, verificado_bd_externa, updated_at) VALUES (546, false, false, false, false, false, NOW());
INSERT INTO users (id, name, email, password, role, active, created_at, updated_at) VALUES (646, 'Guillermo Jiménez', 'guillermojiménez146@estudiante.edu.bo', '\$2y\$12\$TyO9cTQJ0O7NSPORyyP8Hup.wk8.BWNWu4itdEJYyjZ2Sem9DbFyi', 'Postulante', true, NOW(), NOW());
INSERT INTO postulantes (id, ci, nombres, apellidos, fecha_nacimiento, sexo, direccion, telefono, email, colegio_procedencia, ciudad, titulo_bachiller, primera_opcion_id, segunda_opcion_id, turno_preferencia, gestion_id, estado, recurrente, user_id, created_at, updated_at) VALUES (547, '6204148', 'Guillermo', 'Jiménez', '2005-01-15', 'M', NULL, '59198364913', 'guillermojiménez146@estudiante.edu.bo', 'Colegio Boliviano', 'Santa Cruz de la Sierra', NULL, 3, 1, 'Tarde', 1, 'Preinscrito', false, 646, NOW(), NOW());
INSERT INTO requisitos_documentales (postulante_id, ci_digitalizado, certificado_nacimiento, titulo_bachiller_legalizado, formulario_preinscripcion, verificado_bd_externa, updated_at) VALUES (547, false, false, false, false, false, NOW());
INSERT INTO users (id, name, email, password, role, active, created_at, updated_at) VALUES (647, 'Beatriz Rojas', 'beatrizrojas147@estudiante.edu.bo', '\$2y\$12\$TyO9cTQJ0O7NSPORyyP8Hup.wk8.BWNWu4itdEJYyjZ2Sem9DbFyi', 'Postulante', true, NOW(), NOW());
INSERT INTO postulantes (id, ci, nombres, apellidos, fecha_nacimiento, sexo, direccion, telefono, email, colegio_procedencia, ciudad, titulo_bachiller, primera_opcion_id, segunda_opcion_id, turno_preferencia, gestion_id, estado, recurrente, user_id, created_at, updated_at) VALUES (548, '4789051', 'Beatriz', 'Rojas', '2005-01-15', 'M', NULL, '59187364918', 'beatrizrojas147@estudiante.edu.bo', 'Colegio Boliviano', 'Santa Cruz de la Sierra', NULL, 3, 1, 'Manana', 1, 'Preinscrito', false, 647, NOW(), NOW());
INSERT INTO requisitos_documentales (postulante_id, ci_digitalizado, certificado_nacimiento, titulo_bachiller_legalizado, formulario_preinscripcion, verificado_bd_externa, updated_at) VALUES (548, false, false, false, false, false, NOW());
INSERT INTO users (id, name, email, password, role, active, created_at, updated_at) VALUES (648, 'Marisol Campos', 'marisolcampos148@estudiante.edu.bo', '\$2y\$12\$TyO9cTQJ0O7NSPORyyP8Hup.wk8.BWNWu4itdEJYyjZ2Sem9DbFyi', 'Postulante', true, NOW(), NOW());
INSERT INTO postulantes (id, ci, nombres, apellidos, fecha_nacimiento, sexo, direccion, telefono, email, colegio_procedencia, ciudad, titulo_bachiller, primera_opcion_id, segunda_opcion_id, turno_preferencia, gestion_id, estado, recurrente, user_id, created_at, updated_at) VALUES (549, '7840099', 'Marisol', 'Campos', '2005-01-15', 'M', NULL, '59195136466', 'marisolcampos148@estudiante.edu.bo', 'Colegio Boliviano', 'Santa Cruz de la Sierra', NULL, 3, 1, 'Noche', 1, 'Preinscrito', false, 648, NOW(), NOW());
INSERT INTO requisitos_documentales (postulante_id, ci_digitalizado, certificado_nacimiento, titulo_bachiller_legalizado, formulario_preinscripcion, verificado_bd_externa, updated_at) VALUES (549, false, false, false, false, false, NOW());
INSERT INTO users (id, name, email, password, role, active, created_at, updated_at) VALUES (649, 'Ana Reyes', 'anareyes149@estudiante.edu.bo', '\$2y\$12\$TyO9cTQJ0O7NSPORyyP8Hup.wk8.BWNWu4itdEJYyjZ2Sem9DbFyi', 'Postulante', true, NOW(), NOW());
INSERT INTO postulantes (id, ci, nombres, apellidos, fecha_nacimiento, sexo, direccion, telefono, email, colegio_procedencia, ciudad, titulo_bachiller, primera_opcion_id, segunda_opcion_id, turno_preferencia, gestion_id, estado, recurrente, user_id, created_at, updated_at) VALUES (550, '8976249', 'Ana', 'Reyes', '2005-01-15', 'M', NULL, '59196948901', 'anareyes149@estudiante.edu.bo', 'Colegio Boliviano', 'Santa Cruz de la Sierra', NULL, 3, 1, 'Tarde', 1, 'Preinscrito', false, 649, NOW(), NOW());
INSERT INTO requisitos_documentales (postulante_id, ci_digitalizado, certificado_nacimiento, titulo_bachiller_legalizado, formulario_preinscripcion, verificado_bd_externa, updated_at) VALUES (550, false, false, false, false, false, NOW());
INSERT INTO users (id, name, email, password, role, active, created_at, updated_at) VALUES (650, 'Ricardo Cortés', 'ricardocortés150@estudiante.edu.bo', '\$2y\$12\$TyO9cTQJ0O7NSPORyyP8Hup.wk8.BWNWu4itdEJYyjZ2Sem9DbFyi', 'Postulante', true, NOW(), NOW());
INSERT INTO postulantes (id, ci, nombres, apellidos, fecha_nacimiento, sexo, direccion, telefono, email, colegio_procedencia, ciudad, titulo_bachiller, primera_opcion_id, segunda_opcion_id, turno_preferencia, gestion_id, estado, recurrente, user_id, created_at, updated_at) VALUES (551, '9535425', 'Ricardo', 'Cortés', '2005-01-15', 'M', NULL, '59194279460', 'ricardocortés150@estudiante.edu.bo', 'Colegio Boliviano', 'Santa Cruz de la Sierra', NULL, 3, 1, 'Noche', 1, 'Preinscrito', false, 650, NOW(), NOW());
INSERT INTO requisitos_documentales (postulante_id, ci_digitalizado, certificado_nacimiento, titulo_bachiller_legalizado, formulario_preinscripcion, verificado_bd_externa, updated_at) VALUES (551, false, false, false, false, false, NOW());
INSERT INTO users (id, name, email, password, role, active, created_at, updated_at) VALUES (651, 'Gabriela Vázquez', 'gabrielavázquez151@estudiante.edu.bo', '\$2y\$12\$TyO9cTQJ0O7NSPORyyP8Hup.wk8.BWNWu4itdEJYyjZ2Sem9DbFyi', 'Postulante', true, NOW(), NOW());
INSERT INTO postulantes (id, ci, nombres, apellidos, fecha_nacimiento, sexo, direccion, telefono, email, colegio_procedencia, ciudad, titulo_bachiller, primera_opcion_id, segunda_opcion_id, turno_preferencia, gestion_id, estado, recurrente, user_id, created_at, updated_at) VALUES (552, '7178709', 'Gabriela', 'Vázquez', '2005-01-15', 'M', NULL, '59166156477', 'gabrielavázquez151@estudiante.edu.bo', 'Colegio Boliviano', 'Santa Cruz de la Sierra', NULL, 3, 1, 'Manana', 1, 'Preinscrito', false, 651, NOW(), NOW());
INSERT INTO requisitos_documentales (postulante_id, ci_digitalizado, certificado_nacimiento, titulo_bachiller_legalizado, formulario_preinscripcion, verificado_bd_externa, updated_at) VALUES (552, false, false, false, false, false, NOW());
INSERT INTO users (id, name, email, password, role, active, created_at, updated_at) VALUES (652, 'Patricia Rivas', 'patriciarivas152@estudiante.edu.bo', '\$2y\$12\$TyO9cTQJ0O7NSPORyyP8Hup.wk8.BWNWu4itdEJYyjZ2Sem9DbFyi', 'Postulante', true, NOW(), NOW());
INSERT INTO postulantes (id, ci, nombres, apellidos, fecha_nacimiento, sexo, direccion, telefono, email, colegio_procedencia, ciudad, titulo_bachiller, primera_opcion_id, segunda_opcion_id, turno_preferencia, gestion_id, estado, recurrente, user_id, created_at, updated_at) VALUES (553, '1467794', 'Patricia', 'Rivas', '2005-01-15', 'M', NULL, '59196112210', 'patriciarivas152@estudiante.edu.bo', 'Colegio Boliviano', 'Santa Cruz de la Sierra', NULL, 3, 1, 'Tarde', 1, 'Preinscrito', false, 652, NOW(), NOW());
INSERT INTO requisitos_documentales (postulante_id, ci_digitalizado, certificado_nacimiento, titulo_bachiller_legalizado, formulario_preinscripcion, verificado_bd_externa, updated_at) VALUES (553, false, false, false, false, false, NOW());
INSERT INTO users (id, name, email, password, role, active, created_at, updated_at) VALUES (653, 'Beatriz Acosta', 'beatrizacosta153@estudiante.edu.bo', '\$2y\$12\$TyO9cTQJ0O7NSPORyyP8Hup.wk8.BWNWu4itdEJYyjZ2Sem9DbFyi', 'Postulante', true, NOW(), NOW());
INSERT INTO postulantes (id, ci, nombres, apellidos, fecha_nacimiento, sexo, direccion, telefono, email, colegio_procedencia, ciudad, titulo_bachiller, primera_opcion_id, segunda_opcion_id, turno_preferencia, gestion_id, estado, recurrente, user_id, created_at, updated_at) VALUES (554, '5384566', 'Beatriz', 'Acosta', '2005-01-15', 'M', NULL, '59164055988', 'beatrizacosta153@estudiante.edu.bo', 'Colegio Boliviano', 'Santa Cruz de la Sierra', NULL, 3, 1, 'Tarde', 1, 'Preinscrito', false, 653, NOW(), NOW());
INSERT INTO requisitos_documentales (postulante_id, ci_digitalizado, certificado_nacimiento, titulo_bachiller_legalizado, formulario_preinscripcion, verificado_bd_externa, updated_at) VALUES (554, false, false, false, false, false, NOW());
INSERT INTO users (id, name, email, password, role, active, created_at, updated_at) VALUES (654, 'Natalia Morales', 'nataliamorales154@estudiante.edu.bo', '\$2y\$12\$TyO9cTQJ0O7NSPORyyP8Hup.wk8.BWNWu4itdEJYyjZ2Sem9DbFyi', 'Postulante', true, NOW(), NOW());
INSERT INTO postulantes (id, ci, nombres, apellidos, fecha_nacimiento, sexo, direccion, telefono, email, colegio_procedencia, ciudad, titulo_bachiller, primera_opcion_id, segunda_opcion_id, turno_preferencia, gestion_id, estado, recurrente, user_id, created_at, updated_at) VALUES (555, '1862433', 'Natalia', 'Morales', '2005-01-15', 'M', NULL, '59170599785', 'nataliamorales154@estudiante.edu.bo', 'Colegio Boliviano', 'Santa Cruz de la Sierra', NULL, 3, 1, 'Tarde', 1, 'Preinscrito', false, 654, NOW(), NOW());
INSERT INTO requisitos_documentales (postulante_id, ci_digitalizado, certificado_nacimiento, titulo_bachiller_legalizado, formulario_preinscripcion, verificado_bd_externa, updated_at) VALUES (555, false, false, false, false, false, NOW());
INSERT INTO users (id, name, email, password, role, active, created_at, updated_at) VALUES (655, 'Carlos Rivas', 'carlosrivas155@estudiante.edu.bo', '\$2y\$12\$TyO9cTQJ0O7NSPORyyP8Hup.wk8.BWNWu4itdEJYyjZ2Sem9DbFyi', 'Postulante', true, NOW(), NOW());
INSERT INTO postulantes (id, ci, nombres, apellidos, fecha_nacimiento, sexo, direccion, telefono, email, colegio_procedencia, ciudad, titulo_bachiller, primera_opcion_id, segunda_opcion_id, turno_preferencia, gestion_id, estado, recurrente, user_id, created_at, updated_at) VALUES (556, '7576296', 'Carlos', 'Rivas', '2005-01-15', 'M', NULL, '59187439138', 'carlosrivas155@estudiante.edu.bo', 'Colegio Boliviano', 'Santa Cruz de la Sierra', NULL, 3, 1, 'Tarde', 1, 'Preinscrito', false, 655, NOW(), NOW());
INSERT INTO requisitos_documentales (postulante_id, ci_digitalizado, certificado_nacimiento, titulo_bachiller_legalizado, formulario_preinscripcion, verificado_bd_externa, updated_at) VALUES (556, false, false, false, false, false, NOW());
INSERT INTO users (id, name, email, password, role, active, created_at, updated_at) VALUES (656, 'Laura Rivas', 'laurarivas156@estudiante.edu.bo', '\$2y\$12\$TyO9cTQJ0O7NSPORyyP8Hup.wk8.BWNWu4itdEJYyjZ2Sem9DbFyi', 'Postulante', true, NOW(), NOW());
INSERT INTO postulantes (id, ci, nombres, apellidos, fecha_nacimiento, sexo, direccion, telefono, email, colegio_procedencia, ciudad, titulo_bachiller, primera_opcion_id, segunda_opcion_id, turno_preferencia, gestion_id, estado, recurrente, user_id, created_at, updated_at) VALUES (557, '4633119', 'Laura', 'Rivas', '2005-01-15', 'M', NULL, '59163575050', 'laurarivas156@estudiante.edu.bo', 'Colegio Boliviano', 'Santa Cruz de la Sierra', NULL, 3, 1, 'Noche', 1, 'Preinscrito', false, 656, NOW(), NOW());
INSERT INTO requisitos_documentales (postulante_id, ci_digitalizado, certificado_nacimiento, titulo_bachiller_legalizado, formulario_preinscripcion, verificado_bd_externa, updated_at) VALUES (557, false, false, false, false, false, NOW());
INSERT INTO users (id, name, email, password, role, active, created_at, updated_at) VALUES (657, 'Sandra Delgado', 'sandradelgado157@estudiante.edu.bo', '\$2y\$12\$TyO9cTQJ0O7NSPORyyP8Hup.wk8.BWNWu4itdEJYyjZ2Sem9DbFyi', 'Postulante', true, NOW(), NOW());
INSERT INTO postulantes (id, ci, nombres, apellidos, fecha_nacimiento, sexo, direccion, telefono, email, colegio_procedencia, ciudad, titulo_bachiller, primera_opcion_id, segunda_opcion_id, turno_preferencia, gestion_id, estado, recurrente, user_id, created_at, updated_at) VALUES (558, '5285277', 'Sandra', 'Delgado', '2005-01-15', 'M', NULL, '59197988594', 'sandradelgado157@estudiante.edu.bo', 'Colegio Boliviano', 'Santa Cruz de la Sierra', NULL, 3, 1, 'Manana', 1, 'Preinscrito', false, 657, NOW(), NOW());
INSERT INTO requisitos_documentales (postulante_id, ci_digitalizado, certificado_nacimiento, titulo_bachiller_legalizado, formulario_preinscripcion, verificado_bd_externa, updated_at) VALUES (558, false, false, false, false, false, NOW());
INSERT INTO users (id, name, email, password, role, active, created_at, updated_at) VALUES (658, 'Lorena Reyes', 'lorenareyes158@estudiante.edu.bo', '\$2y\$12\$TyO9cTQJ0O7NSPORyyP8Hup.wk8.BWNWu4itdEJYyjZ2Sem9DbFyi', 'Postulante', true, NOW(), NOW());
INSERT INTO postulantes (id, ci, nombres, apellidos, fecha_nacimiento, sexo, direccion, telefono, email, colegio_procedencia, ciudad, titulo_bachiller, primera_opcion_id, segunda_opcion_id, turno_preferencia, gestion_id, estado, recurrente, user_id, created_at, updated_at) VALUES (559, '5789725', 'Lorena', 'Reyes', '2005-01-15', 'M', NULL, '59180040493', 'lorenareyes158@estudiante.edu.bo', 'Colegio Boliviano', 'Santa Cruz de la Sierra', NULL, 3, 1, 'Manana', 1, 'Preinscrito', false, 658, NOW(), NOW());
INSERT INTO requisitos_documentales (postulante_id, ci_digitalizado, certificado_nacimiento, titulo_bachiller_legalizado, formulario_preinscripcion, verificado_bd_externa, updated_at) VALUES (559, false, false, false, false, false, NOW());
INSERT INTO users (id, name, email, password, role, active, created_at, updated_at) VALUES (659, 'María Rojas', 'maríarojas159@estudiante.edu.bo', '\$2y\$12\$TyO9cTQJ0O7NSPORyyP8Hup.wk8.BWNWu4itdEJYyjZ2Sem9DbFyi', 'Postulante', true, NOW(), NOW());
INSERT INTO postulantes (id, ci, nombres, apellidos, fecha_nacimiento, sexo, direccion, telefono, email, colegio_procedencia, ciudad, titulo_bachiller, primera_opcion_id, segunda_opcion_id, turno_preferencia, gestion_id, estado, recurrente, user_id, created_at, updated_at) VALUES (560, '7350943', 'María', 'Rojas', '2005-01-15', 'M', NULL, '59164325740', 'maríarojas159@estudiante.edu.bo', 'Colegio Boliviano', 'Santa Cruz de la Sierra', NULL, 3, 1, 'Manana', 1, 'Preinscrito', false, 659, NOW(), NOW());
INSERT INTO requisitos_documentales (postulante_id, ci_digitalizado, certificado_nacimiento, titulo_bachiller_legalizado, formulario_preinscripcion, verificado_bd_externa, updated_at) VALUES (560, false, false, false, false, false, NOW());
INSERT INTO users (id, name, email, password, role, active, created_at, updated_at) VALUES (660, 'Laura Molina', 'lauramolina160@estudiante.edu.bo', '\$2y\$12\$TyO9cTQJ0O7NSPORyyP8Hup.wk8.BWNWu4itdEJYyjZ2Sem9DbFyi', 'Postulante', true, NOW(), NOW());
INSERT INTO postulantes (id, ci, nombres, apellidos, fecha_nacimiento, sexo, direccion, telefono, email, colegio_procedencia, ciudad, titulo_bachiller, primera_opcion_id, segunda_opcion_id, turno_preferencia, gestion_id, estado, recurrente, user_id, created_at, updated_at) VALUES (561, '3913850', 'Laura', 'Molina', '2005-01-15', 'M', NULL, '59187446989', 'lauramolina160@estudiante.edu.bo', 'Colegio Boliviano', 'Santa Cruz de la Sierra', NULL, 3, 1, 'Noche', 1, 'Preinscrito', false, 660, NOW(), NOW());
INSERT INTO requisitos_documentales (postulante_id, ci_digitalizado, certificado_nacimiento, titulo_bachiller_legalizado, formulario_preinscripcion, verificado_bd_externa, updated_at) VALUES (561, false, false, false, false, false, NOW());
INSERT INTO users (id, name, email, password, role, active, created_at, updated_at) VALUES (661, 'Rafael Ruiz', 'rafaelruiz161@estudiante.edu.bo', '\$2y\$12\$TyO9cTQJ0O7NSPORyyP8Hup.wk8.BWNWu4itdEJYyjZ2Sem9DbFyi', 'Postulante', true, NOW(), NOW());
INSERT INTO postulantes (id, ci, nombres, apellidos, fecha_nacimiento, sexo, direccion, telefono, email, colegio_procedencia, ciudad, titulo_bachiller, primera_opcion_id, segunda_opcion_id, turno_preferencia, gestion_id, estado, recurrente, user_id, created_at, updated_at) VALUES (562, '9849553', 'Rafael', 'Ruiz', '2005-01-15', 'M', NULL, '59171535203', 'rafaelruiz161@estudiante.edu.bo', 'Colegio Boliviano', 'Santa Cruz de la Sierra', NULL, 3, 1, 'Noche', 1, 'Preinscrito', false, 661, NOW(), NOW());
INSERT INTO requisitos_documentales (postulante_id, ci_digitalizado, certificado_nacimiento, titulo_bachiller_legalizado, formulario_preinscripcion, verificado_bd_externa, updated_at) VALUES (562, false, false, false, false, false, NOW());
INSERT INTO users (id, name, email, password, role, active, created_at, updated_at) VALUES (662, 'Ana Molina', 'anamolina162@estudiante.edu.bo', '\$2y\$12\$TyO9cTQJ0O7NSPORyyP8Hup.wk8.BWNWu4itdEJYyjZ2Sem9DbFyi', 'Postulante', true, NOW(), NOW());
INSERT INTO postulantes (id, ci, nombres, apellidos, fecha_nacimiento, sexo, direccion, telefono, email, colegio_procedencia, ciudad, titulo_bachiller, primera_opcion_id, segunda_opcion_id, turno_preferencia, gestion_id, estado, recurrente, user_id, created_at, updated_at) VALUES (563, '8035655', 'Ana', 'Molina', '2005-01-15', 'M', NULL, '59168045442', 'anamolina162@estudiante.edu.bo', 'Colegio Boliviano', 'Santa Cruz de la Sierra', NULL, 3, 1, 'Noche', 1, 'Preinscrito', false, 662, NOW(), NOW());
INSERT INTO requisitos_documentales (postulante_id, ci_digitalizado, certificado_nacimiento, titulo_bachiller_legalizado, formulario_preinscripcion, verificado_bd_externa, updated_at) VALUES (563, false, false, false, false, false, NOW());
INSERT INTO users (id, name, email, password, role, active, created_at, updated_at) VALUES (663, 'Eduardo García', 'eduardogarcía163@estudiante.edu.bo', '\$2y\$12\$TyO9cTQJ0O7NSPORyyP8Hup.wk8.BWNWu4itdEJYyjZ2Sem9DbFyi', 'Postulante', true, NOW(), NOW());
INSERT INTO postulantes (id, ci, nombres, apellidos, fecha_nacimiento, sexo, direccion, telefono, email, colegio_procedencia, ciudad, titulo_bachiller, primera_opcion_id, segunda_opcion_id, turno_preferencia, gestion_id, estado, recurrente, user_id, created_at, updated_at) VALUES (564, '1532250', 'Eduardo', 'García', '2005-01-15', 'M', NULL, '59196645958', 'eduardogarcía163@estudiante.edu.bo', 'Colegio Boliviano', 'Santa Cruz de la Sierra', NULL, 3, 1, 'Tarde', 1, 'Preinscrito', false, 663, NOW(), NOW());
INSERT INTO requisitos_documentales (postulante_id, ci_digitalizado, certificado_nacimiento, titulo_bachiller_legalizado, formulario_preinscripcion, verificado_bd_externa, updated_at) VALUES (564, false, false, false, false, false, NOW());
INSERT INTO users (id, name, email, password, role, active, created_at, updated_at) VALUES (664, 'Verónica Domínguez', 'verónicadomínguez164@estudiante.edu.bo', '\$2y\$12\$TyO9cTQJ0O7NSPORyyP8Hup.wk8.BWNWu4itdEJYyjZ2Sem9DbFyi', 'Postulante', true, NOW(), NOW());
INSERT INTO postulantes (id, ci, nombres, apellidos, fecha_nacimiento, sexo, direccion, telefono, email, colegio_procedencia, ciudad, titulo_bachiller, primera_opcion_id, segunda_opcion_id, turno_preferencia, gestion_id, estado, recurrente, user_id, created_at, updated_at) VALUES (565, '9614233', 'Verónica', 'Domínguez', '2005-01-15', 'M', NULL, '59195135463', 'verónicadomínguez164@estudiante.edu.bo', 'Colegio Boliviano', 'Santa Cruz de la Sierra', NULL, 3, 1, 'Manana', 1, 'Preinscrito', false, 664, NOW(), NOW());
INSERT INTO requisitos_documentales (postulante_id, ci_digitalizado, certificado_nacimiento, titulo_bachiller_legalizado, formulario_preinscripcion, verificado_bd_externa, updated_at) VALUES (565, false, false, false, false, false, NOW());
INSERT INTO users (id, name, email, password, role, active, created_at, updated_at) VALUES (665, 'Oscar Ramírez', 'oscarramírez165@estudiante.edu.bo', '\$2y\$12\$TyO9cTQJ0O7NSPORyyP8Hup.wk8.BWNWu4itdEJYyjZ2Sem9DbFyi', 'Postulante', true, NOW(), NOW());
INSERT INTO postulantes (id, ci, nombres, apellidos, fecha_nacimiento, sexo, direccion, telefono, email, colegio_procedencia, ciudad, titulo_bachiller, primera_opcion_id, segunda_opcion_id, turno_preferencia, gestion_id, estado, recurrente, user_id, created_at, updated_at) VALUES (566, '2206614', 'Oscar', 'Ramírez', '2005-01-15', 'M', NULL, '59188498070', 'oscarramírez165@estudiante.edu.bo', 'Colegio Boliviano', 'Santa Cruz de la Sierra', NULL, 3, 1, 'Tarde', 1, 'Preinscrito', false, 665, NOW(), NOW());
INSERT INTO requisitos_documentales (postulante_id, ci_digitalizado, certificado_nacimiento, titulo_bachiller_legalizado, formulario_preinscripcion, verificado_bd_externa, updated_at) VALUES (566, false, false, false, false, false, NOW());
INSERT INTO users (id, name, email, password, role, active, created_at, updated_at) VALUES (666, 'Víctor García', 'víctorgarcía166@estudiante.edu.bo', '\$2y\$12\$TyO9cTQJ0O7NSPORyyP8Hup.wk8.BWNWu4itdEJYyjZ2Sem9DbFyi', 'Postulante', true, NOW(), NOW());
INSERT INTO postulantes (id, ci, nombres, apellidos, fecha_nacimiento, sexo, direccion, telefono, email, colegio_procedencia, ciudad, titulo_bachiller, primera_opcion_id, segunda_opcion_id, turno_preferencia, gestion_id, estado, recurrente, user_id, created_at, updated_at) VALUES (567, '6095828', 'Víctor', 'García', '2005-01-15', 'M', NULL, '59172498556', 'víctorgarcía166@estudiante.edu.bo', 'Colegio Boliviano', 'Santa Cruz de la Sierra', NULL, 3, 1, 'Manana', 1, 'Preinscrito', false, 666, NOW(), NOW());
INSERT INTO requisitos_documentales (postulante_id, ci_digitalizado, certificado_nacimiento, titulo_bachiller_legalizado, formulario_preinscripcion, verificado_bd_externa, updated_at) VALUES (567, false, false, false, false, false, NOW());
INSERT INTO users (id, name, email, password, role, active, created_at, updated_at) VALUES (667, 'Lorena Ramírez', 'lorenaramírez167@estudiante.edu.bo', '\$2y\$12\$TyO9cTQJ0O7NSPORyyP8Hup.wk8.BWNWu4itdEJYyjZ2Sem9DbFyi', 'Postulante', true, NOW(), NOW());
INSERT INTO postulantes (id, ci, nombres, apellidos, fecha_nacimiento, sexo, direccion, telefono, email, colegio_procedencia, ciudad, titulo_bachiller, primera_opcion_id, segunda_opcion_id, turno_preferencia, gestion_id, estado, recurrente, user_id, created_at, updated_at) VALUES (568, '4235812', 'Lorena', 'Ramírez', '2005-01-15', 'M', NULL, '59166471214', 'lorenaramírez167@estudiante.edu.bo', 'Colegio Boliviano', 'Santa Cruz de la Sierra', NULL, 3, 1, 'Noche', 1, 'Preinscrito', false, 667, NOW(), NOW());
INSERT INTO requisitos_documentales (postulante_id, ci_digitalizado, certificado_nacimiento, titulo_bachiller_legalizado, formulario_preinscripcion, verificado_bd_externa, updated_at) VALUES (568, false, false, false, false, false, NOW());
INSERT INTO users (id, name, email, password, role, active, created_at, updated_at) VALUES (668, 'Rafael Vidal', 'rafaelvidal168@estudiante.edu.bo', '\$2y\$12\$TyO9cTQJ0O7NSPORyyP8Hup.wk8.BWNWu4itdEJYyjZ2Sem9DbFyi', 'Postulante', true, NOW(), NOW());
INSERT INTO postulantes (id, ci, nombres, apellidos, fecha_nacimiento, sexo, direccion, telefono, email, colegio_procedencia, ciudad, titulo_bachiller, primera_opcion_id, segunda_opcion_id, turno_preferencia, gestion_id, estado, recurrente, user_id, created_at, updated_at) VALUES (569, '6749278', 'Rafael', 'Vidal', '2005-01-15', 'M', NULL, '59185334439', 'rafaelvidal168@estudiante.edu.bo', 'Colegio Boliviano', 'Santa Cruz de la Sierra', NULL, 3, 1, 'Tarde', 1, 'Preinscrito', false, 668, NOW(), NOW());
INSERT INTO requisitos_documentales (postulante_id, ci_digitalizado, certificado_nacimiento, titulo_bachiller_legalizado, formulario_preinscripcion, verificado_bd_externa, updated_at) VALUES (569, false, false, false, false, false, NOW());
INSERT INTO users (id, name, email, password, role, active, created_at, updated_at) VALUES (669, 'Marisol Sánchez', 'marisolsánchez169@estudiante.edu.bo', '\$2y\$12\$TyO9cTQJ0O7NSPORyyP8Hup.wk8.BWNWu4itdEJYyjZ2Sem9DbFyi', 'Postulante', true, NOW(), NOW());
INSERT INTO postulantes (id, ci, nombres, apellidos, fecha_nacimiento, sexo, direccion, telefono, email, colegio_procedencia, ciudad, titulo_bachiller, primera_opcion_id, segunda_opcion_id, turno_preferencia, gestion_id, estado, recurrente, user_id, created_at, updated_at) VALUES (570, '9675567', 'Marisol', 'Sánchez', '2005-01-15', 'M', NULL, '59199659543', 'marisolsánchez169@estudiante.edu.bo', 'Colegio Boliviano', 'Santa Cruz de la Sierra', NULL, 3, 1, 'Noche', 1, 'Preinscrito', false, 669, NOW(), NOW());
INSERT INTO requisitos_documentales (postulante_id, ci_digitalizado, certificado_nacimiento, titulo_bachiller_legalizado, formulario_preinscripcion, verificado_bd_externa, updated_at) VALUES (570, false, false, false, false, false, NOW());
INSERT INTO users (id, name, email, password, role, active, created_at, updated_at) VALUES (670, 'Raúl Sánchez', 'raúlsánchez170@estudiante.edu.bo', '\$2y\$12\$TyO9cTQJ0O7NSPORyyP8Hup.wk8.BWNWu4itdEJYyjZ2Sem9DbFyi', 'Postulante', true, NOW(), NOW());
INSERT INTO postulantes (id, ci, nombres, apellidos, fecha_nacimiento, sexo, direccion, telefono, email, colegio_procedencia, ciudad, titulo_bachiller, primera_opcion_id, segunda_opcion_id, turno_preferencia, gestion_id, estado, recurrente, user_id, created_at, updated_at) VALUES (571, '9290278', 'Raúl', 'Sánchez', '2005-01-15', 'M', NULL, '59177861037', 'raúlsánchez170@estudiante.edu.bo', 'Colegio Boliviano', 'Santa Cruz de la Sierra', NULL, 3, 1, 'Tarde', 1, 'Preinscrito', false, 670, NOW(), NOW());
INSERT INTO requisitos_documentales (postulante_id, ci_digitalizado, certificado_nacimiento, titulo_bachiller_legalizado, formulario_preinscripcion, verificado_bd_externa, updated_at) VALUES (571, false, false, false, false, false, NOW());
INSERT INTO users (id, name, email, password, role, active, created_at, updated_at) VALUES (671, 'Eduardo Campos', 'eduardocampos171@estudiante.edu.bo', '\$2y\$12\$TyO9cTQJ0O7NSPORyyP8Hup.wk8.BWNWu4itdEJYyjZ2Sem9DbFyi', 'Postulante', true, NOW(), NOW());
INSERT INTO postulantes (id, ci, nombres, apellidos, fecha_nacimiento, sexo, direccion, telefono, email, colegio_procedencia, ciudad, titulo_bachiller, primera_opcion_id, segunda_opcion_id, turno_preferencia, gestion_id, estado, recurrente, user_id, created_at, updated_at) VALUES (572, '8354219', 'Eduardo', 'Campos', '2005-01-15', 'M', NULL, '59162541639', 'eduardocampos171@estudiante.edu.bo', 'Colegio Boliviano', 'Santa Cruz de la Sierra', NULL, 3, 1, 'Manana', 1, 'Preinscrito', false, 671, NOW(), NOW());
INSERT INTO requisitos_documentales (postulante_id, ci_digitalizado, certificado_nacimiento, titulo_bachiller_legalizado, formulario_preinscripcion, verificado_bd_externa, updated_at) VALUES (572, false, false, false, false, false, NOW());
INSERT INTO users (id, name, email, password, role, active, created_at, updated_at) VALUES (672, 'Rosario Vázquez', 'rosariovázquez172@estudiante.edu.bo', '\$2y\$12\$TyO9cTQJ0O7NSPORyyP8Hup.wk8.BWNWu4itdEJYyjZ2Sem9DbFyi', 'Postulante', true, NOW(), NOW());
INSERT INTO postulantes (id, ci, nombres, apellidos, fecha_nacimiento, sexo, direccion, telefono, email, colegio_procedencia, ciudad, titulo_bachiller, primera_opcion_id, segunda_opcion_id, turno_preferencia, gestion_id, estado, recurrente, user_id, created_at, updated_at) VALUES (573, '2721149', 'Rosario', 'Vázquez', '2005-01-15', 'M', NULL, '59165977972', 'rosariovázquez172@estudiante.edu.bo', 'Colegio Boliviano', 'Santa Cruz de la Sierra', NULL, 3, 1, 'Manana', 1, 'Preinscrito', false, 672, NOW(), NOW());
INSERT INTO requisitos_documentales (postulante_id, ci_digitalizado, certificado_nacimiento, titulo_bachiller_legalizado, formulario_preinscripcion, verificado_bd_externa, updated_at) VALUES (573, false, false, false, false, false, NOW());
INSERT INTO users (id, name, email, password, role, active, created_at, updated_at) VALUES (673, 'Beatriz Acosta', 'beatrizacosta173@estudiante.edu.bo', '\$2y\$12\$TyO9cTQJ0O7NSPORyyP8Hup.wk8.BWNWu4itdEJYyjZ2Sem9DbFyi', 'Postulante', true, NOW(), NOW());
INSERT INTO postulantes (id, ci, nombres, apellidos, fecha_nacimiento, sexo, direccion, telefono, email, colegio_procedencia, ciudad, titulo_bachiller, primera_opcion_id, segunda_opcion_id, turno_preferencia, gestion_id, estado, recurrente, user_id, created_at, updated_at) VALUES (574, '4836358', 'Beatriz', 'Acosta', '2005-01-15', 'M', NULL, '59186137283', 'beatrizacosta173@estudiante.edu.bo', 'Colegio Boliviano', 'Santa Cruz de la Sierra', NULL, 3, 1, 'Tarde', 1, 'Preinscrito', false, 673, NOW(), NOW());
INSERT INTO requisitos_documentales (postulante_id, ci_digitalizado, certificado_nacimiento, titulo_bachiller_legalizado, formulario_preinscripcion, verificado_bd_externa, updated_at) VALUES (574, false, false, false, false, false, NOW());
INSERT INTO users (id, name, email, password, role, active, created_at, updated_at) VALUES (674, 'Esperanza Cortés', 'esperanzacortés174@estudiante.edu.bo', '\$2y\$12\$TyO9cTQJ0O7NSPORyyP8Hup.wk8.BWNWu4itdEJYyjZ2Sem9DbFyi', 'Postulante', true, NOW(), NOW());
INSERT INTO postulantes (id, ci, nombres, apellidos, fecha_nacimiento, sexo, direccion, telefono, email, colegio_procedencia, ciudad, titulo_bachiller, primera_opcion_id, segunda_opcion_id, turno_preferencia, gestion_id, estado, recurrente, user_id, created_at, updated_at) VALUES (575, '8359737', 'Esperanza', 'Cortés', '2005-01-15', 'M', NULL, '59187727333', 'esperanzacortés174@estudiante.edu.bo', 'Colegio Boliviano', 'Santa Cruz de la Sierra', NULL, 3, 1, 'Tarde', 1, 'Preinscrito', false, 674, NOW(), NOW());
INSERT INTO requisitos_documentales (postulante_id, ci_digitalizado, certificado_nacimiento, titulo_bachiller_legalizado, formulario_preinscripcion, verificado_bd_externa, updated_at) VALUES (575, false, false, false, false, false, NOW());
INSERT INTO users (id, name, email, password, role, active, created_at, updated_at) VALUES (675, 'Francisca Pérez', 'franciscapérez175@estudiante.edu.bo', '\$2y\$12\$TyO9cTQJ0O7NSPORyyP8Hup.wk8.BWNWu4itdEJYyjZ2Sem9DbFyi', 'Postulante', true, NOW(), NOW());
INSERT INTO postulantes (id, ci, nombres, apellidos, fecha_nacimiento, sexo, direccion, telefono, email, colegio_procedencia, ciudad, titulo_bachiller, primera_opcion_id, segunda_opcion_id, turno_preferencia, gestion_id, estado, recurrente, user_id, created_at, updated_at) VALUES (576, '7417410', 'Francisca', 'Pérez', '2005-01-15', 'M', NULL, '59192250685', 'franciscapérez175@estudiante.edu.bo', 'Colegio Boliviano', 'Santa Cruz de la Sierra', NULL, 3, 1, 'Noche', 1, 'Preinscrito', false, 675, NOW(), NOW());
INSERT INTO requisitos_documentales (postulante_id, ci_digitalizado, certificado_nacimiento, titulo_bachiller_legalizado, formulario_preinscripcion, verificado_bd_externa, updated_at) VALUES (576, false, false, false, false, false, NOW());
INSERT INTO users (id, name, email, password, role, active, created_at, updated_at) VALUES (676, 'Valentina Valencia', 'valentinavalencia176@estudiante.edu.bo', '\$2y\$12\$TyO9cTQJ0O7NSPORyyP8Hup.wk8.BWNWu4itdEJYyjZ2Sem9DbFyi', 'Postulante', true, NOW(), NOW());
INSERT INTO postulantes (id, ci, nombres, apellidos, fecha_nacimiento, sexo, direccion, telefono, email, colegio_procedencia, ciudad, titulo_bachiller, primera_opcion_id, segunda_opcion_id, turno_preferencia, gestion_id, estado, recurrente, user_id, created_at, updated_at) VALUES (577, '1026712', 'Valentina', 'Valencia', '2005-01-15', 'M', NULL, '59168740397', 'valentinavalencia176@estudiante.edu.bo', 'Colegio Boliviano', 'Santa Cruz de la Sierra', NULL, 3, 1, 'Manana', 1, 'Preinscrito', false, 676, NOW(), NOW());
INSERT INTO requisitos_documentales (postulante_id, ci_digitalizado, certificado_nacimiento, titulo_bachiller_legalizado, formulario_preinscripcion, verificado_bd_externa, updated_at) VALUES (577, false, false, false, false, false, NOW());
INSERT INTO users (id, name, email, password, role, active, created_at, updated_at) VALUES (677, 'Rosa Tapia', 'rosatapia177@estudiante.edu.bo', '\$2y\$12\$TyO9cTQJ0O7NSPORyyP8Hup.wk8.BWNWu4itdEJYyjZ2Sem9DbFyi', 'Postulante', true, NOW(), NOW());
INSERT INTO postulantes (id, ci, nombres, apellidos, fecha_nacimiento, sexo, direccion, telefono, email, colegio_procedencia, ciudad, titulo_bachiller, primera_opcion_id, segunda_opcion_id, turno_preferencia, gestion_id, estado, recurrente, user_id, created_at, updated_at) VALUES (578, '7289493', 'Rosa', 'Tapia', '2005-01-15', 'M', NULL, '59186827711', 'rosatapia177@estudiante.edu.bo', 'Colegio Boliviano', 'Santa Cruz de la Sierra', NULL, 3, 1, 'Tarde', 1, 'Preinscrito', false, 677, NOW(), NOW());
INSERT INTO requisitos_documentales (postulante_id, ci_digitalizado, certificado_nacimiento, titulo_bachiller_legalizado, formulario_preinscripcion, verificado_bd_externa, updated_at) VALUES (578, false, false, false, false, false, NOW());
INSERT INTO users (id, name, email, password, role, active, created_at, updated_at) VALUES (678, 'Leticia Castillo', 'leticiacastillo578@estudiante.edu.bo', '\$2y\$12\$TyO9cTQJ0O7NSPORyyP8Hup.wk8.BWNWu4itdEJYyjZ2Sem9DbFyi', 'Postulante', true, NOW(), NOW());
INSERT INTO postulantes (id, ci, nombres, apellidos, fecha_nacimiento, sexo, direccion, telefono, email, colegio_procedencia, ciudad, titulo_bachiller, primera_opcion_id, segunda_opcion_id, turno_preferencia, gestion_id, estado, recurrente, user_id, created_at, updated_at) VALUES (579, '5211458', 'Leticia', 'Castillo', '2005-01-15', 'M', NULL, '59171091806', 'leticiacastillo578@estudiante.edu.bo', 'Colegio Boliviano', 'Santa Cruz de la Sierra', NULL, 3, 1, 'Noche', 1, 'Preinscrito', false, 678, NOW(), NOW());
INSERT INTO requisitos_documentales (postulante_id, ci_digitalizado, certificado_nacimiento, titulo_bachiller_legalizado, formulario_preinscripcion, verificado_bd_externa, updated_at) VALUES (579, false, false, false, false, false, NOW());
INSERT INTO users (id, name, email, password, role, active, created_at, updated_at) VALUES (679, 'Guillermo Vázquez', 'guillermovázquez179@estudiante.edu.bo', '\$2y\$12\$TyO9cTQJ0O7NSPORyyP8Hup.wk8.BWNWu4itdEJYyjZ2Sem9DbFyi', 'Postulante', true, NOW(), NOW());
INSERT INTO postulantes (id, ci, nombres, apellidos, fecha_nacimiento, sexo, direccion, telefono, email, colegio_procedencia, ciudad, titulo_bachiller, primera_opcion_id, segunda_opcion_id, turno_preferencia, gestion_id, estado, recurrente, user_id, created_at, updated_at) VALUES (580, '6299877', 'Guillermo', 'Vázquez', '2005-01-15', 'M', NULL, '59170817343', 'guillermovázquez179@estudiante.edu.bo', 'Colegio Boliviano', 'Santa Cruz de la Sierra', NULL, 3, 1, 'Tarde', 1, 'Preinscrito', false, 679, NOW(), NOW());
INSERT INTO requisitos_documentales (postulante_id, ci_digitalizado, certificado_nacimiento, titulo_bachiller_legalizado, formulario_preinscripcion, verificado_bd_externa, updated_at) VALUES (580, false, false, false, false, false, NOW());
INSERT INTO users (id, name, email, password, role, active, created_at, updated_at) VALUES (680, 'Laura Delgado', 'lauradelgado180@estudiante.edu.bo', '\$2y\$12\$TyO9cTQJ0O7NSPORyyP8Hup.wk8.BWNWu4itdEJYyjZ2Sem9DbFyi', 'Postulante', true, NOW(), NOW());
INSERT INTO postulantes (id, ci, nombres, apellidos, fecha_nacimiento, sexo, direccion, telefono, email, colegio_procedencia, ciudad, titulo_bachiller, primera_opcion_id, segunda_opcion_id, turno_preferencia, gestion_id, estado, recurrente, user_id, created_at, updated_at) VALUES (581, '4409520', 'Laura', 'Delgado', '2005-01-15', 'M', NULL, '59198063954', 'lauradelgado180@estudiante.edu.bo', 'Colegio Boliviano', 'Santa Cruz de la Sierra', NULL, 3, 1, 'Manana', 1, 'Preinscrito', false, 680, NOW(), NOW());
INSERT INTO requisitos_documentales (postulante_id, ci_digitalizado, certificado_nacimiento, titulo_bachiller_legalizado, formulario_preinscripcion, verificado_bd_externa, updated_at) VALUES (581, false, false, false, false, false, NOW());
INSERT INTO users (id, name, email, password, role, active, created_at, updated_at) VALUES (681, 'Rosario Vargas', 'rosariovargas181@estudiante.edu.bo', '\$2y\$12\$TyO9cTQJ0O7NSPORyyP8Hup.wk8.BWNWu4itdEJYyjZ2Sem9DbFyi', 'Postulante', true, NOW(), NOW());
INSERT INTO postulantes (id, ci, nombres, apellidos, fecha_nacimiento, sexo, direccion, telefono, email, colegio_procedencia, ciudad, titulo_bachiller, primera_opcion_id, segunda_opcion_id, turno_preferencia, gestion_id, estado, recurrente, user_id, created_at, updated_at) VALUES (582, '7121134', 'Rosario', 'Vargas', '2005-01-15', 'M', NULL, '59185007114', 'rosariovargas181@estudiante.edu.bo', 'Colegio Boliviano', 'Santa Cruz de la Sierra', NULL, 3, 1, 'Manana', 1, 'Preinscrito', false, 681, NOW(), NOW());
INSERT INTO requisitos_documentales (postulante_id, ci_digitalizado, certificado_nacimiento, titulo_bachiller_legalizado, formulario_preinscripcion, verificado_bd_externa, updated_at) VALUES (582, false, false, false, false, false, NOW());
INSERT INTO users (id, name, email, password, role, active, created_at, updated_at) VALUES (682, 'Irene Carrillo', 'irenecarrillo182@estudiante.edu.bo', '\$2y\$12\$TyO9cTQJ0O7NSPORyyP8Hup.wk8.BWNWu4itdEJYyjZ2Sem9DbFyi', 'Postulante', true, NOW(), NOW());
INSERT INTO postulantes (id, ci, nombres, apellidos, fecha_nacimiento, sexo, direccion, telefono, email, colegio_procedencia, ciudad, titulo_bachiller, primera_opcion_id, segunda_opcion_id, turno_preferencia, gestion_id, estado, recurrente, user_id, created_at, updated_at) VALUES (583, '6007464', 'Irene', 'Carrillo', '2005-01-15', 'M', NULL, '59179257871', 'irenecarrillo182@estudiante.edu.bo', 'Colegio Boliviano', 'Santa Cruz de la Sierra', NULL, 3, 1, 'Noche', 1, 'Preinscrito', false, 682, NOW(), NOW());
INSERT INTO requisitos_documentales (postulante_id, ci_digitalizado, certificado_nacimiento, titulo_bachiller_legalizado, formulario_preinscripcion, verificado_bd_externa, updated_at) VALUES (583, false, false, false, false, false, NOW());
INSERT INTO users (id, name, email, password, role, active, created_at, updated_at) VALUES (683, 'Valentina Guerrero', 'valentinaguerrero183@estudiante.edu.bo', '\$2y\$12\$TyO9cTQJ0O7NSPORyyP8Hup.wk8.BWNWu4itdEJYyjZ2Sem9DbFyi', 'Postulante', true, NOW(), NOW());
INSERT INTO postulantes (id, ci, nombres, apellidos, fecha_nacimiento, sexo, direccion, telefono, email, colegio_procedencia, ciudad, titulo_bachiller, primera_opcion_id, segunda_opcion_id, turno_preferencia, gestion_id, estado, recurrente, user_id, created_at, updated_at) VALUES (584, '1688113', 'Valentina', 'Guerrero', '2005-01-15', 'M', NULL, '59170459435', 'valentinaguerrero183@estudiante.edu.bo', 'Colegio Boliviano', 'Santa Cruz de la Sierra', NULL, 3, 1, 'Tarde', 1, 'Preinscrito', false, 683, NOW(), NOW());
INSERT INTO requisitos_documentales (postulante_id, ci_digitalizado, certificado_nacimiento, titulo_bachiller_legalizado, formulario_preinscripcion, verificado_bd_externa, updated_at) VALUES (584, false, false, false, false, false, NOW());
INSERT INTO users (id, name, email, password, role, active, created_at, updated_at) VALUES (684, 'Matías Ortiz', 'matíasortiz184@estudiante.edu.bo', '\$2y\$12\$TyO9cTQJ0O7NSPORyyP8Hup.wk8.BWNWu4itdEJYyjZ2Sem9DbFyi', 'Postulante', true, NOW(), NOW());
INSERT INTO postulantes (id, ci, nombres, apellidos, fecha_nacimiento, sexo, direccion, telefono, email, colegio_procedencia, ciudad, titulo_bachiller, primera_opcion_id, segunda_opcion_id, turno_preferencia, gestion_id, estado, recurrente, user_id, created_at, updated_at) VALUES (585, '4470735', 'Matías', 'Ortiz', '2005-01-15', 'M', NULL, '59190002141', 'matíasortiz184@estudiante.edu.bo', 'Colegio Boliviano', 'Santa Cruz de la Sierra', NULL, 3, 1, 'Tarde', 1, 'Preinscrito', false, 684, NOW(), NOW());
INSERT INTO requisitos_documentales (postulante_id, ci_digitalizado, certificado_nacimiento, titulo_bachiller_legalizado, formulario_preinscripcion, verificado_bd_externa, updated_at) VALUES (585, false, false, false, false, false, NOW());
INSERT INTO users (id, name, email, password, role, active, created_at, updated_at) VALUES (685, 'Carlos Hernández', 'carloshernández185@estudiante.edu.bo', '\$2y\$12\$TyO9cTQJ0O7NSPORyyP8Hup.wk8.BWNWu4itdEJYyjZ2Sem9DbFyi', 'Postulante', true, NOW(), NOW());
INSERT INTO postulantes (id, ci, nombres, apellidos, fecha_nacimiento, sexo, direccion, telefono, email, colegio_procedencia, ciudad, titulo_bachiller, primera_opcion_id, segunda_opcion_id, turno_preferencia, gestion_id, estado, recurrente, user_id, created_at, updated_at) VALUES (586, '6778916', 'Carlos', 'Hernández', '2005-01-15', 'M', NULL, '59190824877', 'carloshernández185@estudiante.edu.bo', 'Colegio Boliviano', 'Santa Cruz de la Sierra', NULL, 3, 1, 'Tarde', 1, 'Preinscrito', false, 685, NOW(), NOW());
INSERT INTO requisitos_documentales (postulante_id, ci_digitalizado, certificado_nacimiento, titulo_bachiller_legalizado, formulario_preinscripcion, verificado_bd_externa, updated_at) VALUES (586, false, false, false, false, false, NOW());
INSERT INTO users (id, name, email, password, role, active, created_at, updated_at) VALUES (686, 'Esperanza González', 'esperanzagonzález186@estudiante.edu.bo', '\$2y\$12\$TyO9cTQJ0O7NSPORyyP8Hup.wk8.BWNWu4itdEJYyjZ2Sem9DbFyi', 'Postulante', true, NOW(), NOW());
INSERT INTO postulantes (id, ci, nombres, apellidos, fecha_nacimiento, sexo, direccion, telefono, email, colegio_procedencia, ciudad, titulo_bachiller, primera_opcion_id, segunda_opcion_id, turno_preferencia, gestion_id, estado, recurrente, user_id, created_at, updated_at) VALUES (587, '5368983', 'Esperanza', 'González', '2005-01-15', 'M', NULL, '59173506234', 'esperanzagonzález186@estudiante.edu.bo', 'Colegio Boliviano', 'Santa Cruz de la Sierra', NULL, 3, 1, 'Tarde', 1, 'Preinscrito', false, 686, NOW(), NOW());
INSERT INTO requisitos_documentales (postulante_id, ci_digitalizado, certificado_nacimiento, titulo_bachiller_legalizado, formulario_preinscripcion, verificado_bd_externa, updated_at) VALUES (587, false, false, false, false, false, NOW());
INSERT INTO users (id, name, email, password, role, active, created_at, updated_at) VALUES (687, 'Jorge Silva', 'jorgesilva187@estudiante.edu.bo', '\$2y\$12\$TyO9cTQJ0O7NSPORyyP8Hup.wk8.BWNWu4itdEJYyjZ2Sem9DbFyi', 'Postulante', true, NOW(), NOW());
INSERT INTO postulantes (id, ci, nombres, apellidos, fecha_nacimiento, sexo, direccion, telefono, email, colegio_procedencia, ciudad, titulo_bachiller, primera_opcion_id, segunda_opcion_id, turno_preferencia, gestion_id, estado, recurrente, user_id, created_at, updated_at) VALUES (588, '2519082', 'Jorge', 'Silva', '2005-01-15', 'M', NULL, '59172564710', 'jorgesilva187@estudiante.edu.bo', 'Colegio Boliviano', 'Santa Cruz de la Sierra', NULL, 3, 1, 'Tarde', 1, 'Preinscrito', false, 687, NOW(), NOW());
INSERT INTO requisitos_documentales (postulante_id, ci_digitalizado, certificado_nacimiento, titulo_bachiller_legalizado, formulario_preinscripcion, verificado_bd_externa, updated_at) VALUES (588, false, false, false, false, false, NOW());
INSERT INTO users (id, name, email, password, role, active, created_at, updated_at) VALUES (688, 'Arturo Navarro', 'arturonavarro188@estudiante.edu.bo', '\$2y\$12\$TyO9cTQJ0O7NSPORyyP8Hup.wk8.BWNWu4itdEJYyjZ2Sem9DbFyi', 'Postulante', true, NOW(), NOW());
INSERT INTO postulantes (id, ci, nombres, apellidos, fecha_nacimiento, sexo, direccion, telefono, email, colegio_procedencia, ciudad, titulo_bachiller, primera_opcion_id, segunda_opcion_id, turno_preferencia, gestion_id, estado, recurrente, user_id, created_at, updated_at) VALUES (589, '3151717', 'Arturo', 'Navarro', '2005-01-15', 'M', NULL, '59162800971', 'arturonavarro188@estudiante.edu.bo', 'Colegio Boliviano', 'Santa Cruz de la Sierra', NULL, 3, 1, 'Tarde', 1, 'Preinscrito', false, 688, NOW(), NOW());
INSERT INTO requisitos_documentales (postulante_id, ci_digitalizado, certificado_nacimiento, titulo_bachiller_legalizado, formulario_preinscripcion, verificado_bd_externa, updated_at) VALUES (589, false, false, false, false, false, NOW());
INSERT INTO users (id, name, email, password, role, active, created_at, updated_at) VALUES (689, 'Natalia Morales', 'nataliamorales189@estudiante.edu.bo', '\$2y\$12\$TyO9cTQJ0O7NSPORyyP8Hup.wk8.BWNWu4itdEJYyjZ2Sem9DbFyi', 'Postulante', true, NOW(), NOW());
INSERT INTO postulantes (id, ci, nombres, apellidos, fecha_nacimiento, sexo, direccion, telefono, email, colegio_procedencia, ciudad, titulo_bachiller, primera_opcion_id, segunda_opcion_id, turno_preferencia, gestion_id, estado, recurrente, user_id, created_at, updated_at) VALUES (590, '6886813', 'Natalia', 'Morales', '2005-01-15', 'M', NULL, '59184192488', 'nataliamorales189@estudiante.edu.bo', 'Colegio Boliviano', 'Santa Cruz de la Sierra', NULL, 3, 1, 'Noche', 1, 'Preinscrito', false, 689, NOW(), NOW());
INSERT INTO requisitos_documentales (postulante_id, ci_digitalizado, certificado_nacimiento, titulo_bachiller_legalizado, formulario_preinscripcion, verificado_bd_externa, updated_at) VALUES (590, false, false, false, false, false, NOW());
INSERT INTO users (id, name, email, password, role, active, created_at, updated_at) VALUES (690, 'Diego Navarro', 'diegonavarro190@estudiante.edu.bo', '\$2y\$12\$TyO9cTQJ0O7NSPORyyP8Hup.wk8.BWNWu4itdEJYyjZ2Sem9DbFyi', 'Postulante', true, NOW(), NOW());
INSERT INTO postulantes (id, ci, nombres, apellidos, fecha_nacimiento, sexo, direccion, telefono, email, colegio_procedencia, ciudad, titulo_bachiller, primera_opcion_id, segunda_opcion_id, turno_preferencia, gestion_id, estado, recurrente, user_id, created_at, updated_at) VALUES (591, '5346404', 'Diego', 'Navarro', '2005-01-15', 'M', NULL, '59183514698', 'diegonavarro190@estudiante.edu.bo', 'Colegio Boliviano', 'Santa Cruz de la Sierra', NULL, 3, 1, 'Manana', 1, 'Preinscrito', false, 690, NOW(), NOW());
INSERT INTO requisitos_documentales (postulante_id, ci_digitalizado, certificado_nacimiento, titulo_bachiller_legalizado, formulario_preinscripcion, verificado_bd_externa, updated_at) VALUES (591, false, false, false, false, false, NOW());
INSERT INTO users (id, name, email, password, role, active, created_at, updated_at) VALUES (691, 'Irene García', 'irenegarcía191@estudiante.edu.bo', '\$2y\$12\$TyO9cTQJ0O7NSPORyyP8Hup.wk8.BWNWu4itdEJYyjZ2Sem9DbFyi', 'Postulante', true, NOW(), NOW());
INSERT INTO postulantes (id, ci, nombres, apellidos, fecha_nacimiento, sexo, direccion, telefono, email, colegio_procedencia, ciudad, titulo_bachiller, primera_opcion_id, segunda_opcion_id, turno_preferencia, gestion_id, estado, recurrente, user_id, created_at, updated_at) VALUES (592, '1282236', 'Irene', 'García', '2005-01-15', 'M', NULL, '59160416528', 'irenegarcía191@estudiante.edu.bo', 'Colegio Boliviano', 'Santa Cruz de la Sierra', NULL, 3, 1, 'Manana', 1, 'Preinscrito', false, 691, NOW(), NOW());
INSERT INTO requisitos_documentales (postulante_id, ci_digitalizado, certificado_nacimiento, titulo_bachiller_legalizado, formulario_preinscripcion, verificado_bd_externa, updated_at) VALUES (592, false, false, false, false, false, NOW());
INSERT INTO users (id, name, email, password, role, active, created_at, updated_at) VALUES (692, 'Luis Domínguez', 'luisdomínguez192@estudiante.edu.bo', '\$2y\$12\$TyO9cTQJ0O7NSPORyyP8Hup.wk8.BWNWu4itdEJYyjZ2Sem9DbFyi', 'Postulante', true, NOW(), NOW());
INSERT INTO postulantes (id, ci, nombres, apellidos, fecha_nacimiento, sexo, direccion, telefono, email, colegio_procedencia, ciudad, titulo_bachiller, primera_opcion_id, segunda_opcion_id, turno_preferencia, gestion_id, estado, recurrente, user_id, created_at, updated_at) VALUES (593, '8441870', 'Luis', 'Domínguez', '2005-01-15', 'M', NULL, '59189480414', 'luisdomínguez192@estudiante.edu.bo', 'Colegio Boliviano', 'Santa Cruz de la Sierra', NULL, 3, 1, 'Tarde', 1, 'Preinscrito', false, 692, NOW(), NOW());
INSERT INTO requisitos_documentales (postulante_id, ci_digitalizado, certificado_nacimiento, titulo_bachiller_legalizado, formulario_preinscripcion, verificado_bd_externa, updated_at) VALUES (593, false, false, false, false, false, NOW());
INSERT INTO users (id, name, email, password, role, active, created_at, updated_at) VALUES (693, 'Miguel Acosta', 'miguelacosta193@estudiante.edu.bo', '\$2y\$12\$TyO9cTQJ0O7NSPORyyP8Hup.wk8.BWNWu4itdEJYyjZ2Sem9DbFyi', 'Postulante', true, NOW(), NOW());
INSERT INTO postulantes (id, ci, nombres, apellidos, fecha_nacimiento, sexo, direccion, telefono, email, colegio_procedencia, ciudad, titulo_bachiller, primera_opcion_id, segunda_opcion_id, turno_preferencia, gestion_id, estado, recurrente, user_id, created_at, updated_at) VALUES (594, '5789319', 'Miguel', 'Acosta', '2005-01-15', 'M', NULL, '59167938883', 'miguelacosta193@estudiante.edu.bo', 'Colegio Boliviano', 'Santa Cruz de la Sierra', NULL, 3, 1, 'Tarde', 1, 'Preinscrito', false, 693, NOW(), NOW());
INSERT INTO requisitos_documentales (postulante_id, ci_digitalizado, certificado_nacimiento, titulo_bachiller_legalizado, formulario_preinscripcion, verificado_bd_externa, updated_at) VALUES (594, false, false, false, false, false, NOW());
INSERT INTO users (id, name, email, password, role, active, created_at, updated_at) VALUES (694, 'Ricardo Vargas', 'ricardovargas194@estudiante.edu.bo', '\$2y\$12\$TyO9cTQJ0O7NSPORyyP8Hup.wk8.BWNWu4itdEJYyjZ2Sem9DbFyi', 'Postulante', true, NOW(), NOW());
INSERT INTO postulantes (id, ci, nombres, apellidos, fecha_nacimiento, sexo, direccion, telefono, email, colegio_procedencia, ciudad, titulo_bachiller, primera_opcion_id, segunda_opcion_id, turno_preferencia, gestion_id, estado, recurrente, user_id, created_at, updated_at) VALUES (595, '3367370', 'Ricardo', 'Vargas', '2005-01-15', 'M', NULL, '59180889821', 'ricardovargas194@estudiante.edu.bo', 'Colegio Boliviano', 'Santa Cruz de la Sierra', NULL, 3, 1, 'Manana', 1, 'Preinscrito', false, 694, NOW(), NOW());
INSERT INTO requisitos_documentales (postulante_id, ci_digitalizado, certificado_nacimiento, titulo_bachiller_legalizado, formulario_preinscripcion, verificado_bd_externa, updated_at) VALUES (595, false, false, false, false, false, NOW());
INSERT INTO users (id, name, email, password, role, active, created_at, updated_at) VALUES (695, 'Ana Ortiz', 'anaortiz195@estudiante.edu.bo', '\$2y\$12\$TyO9cTQJ0O7NSPORyyP8Hup.wk8.BWNWu4itdEJYyjZ2Sem9DbFyi', 'Postulante', true, NOW(), NOW());
INSERT INTO postulantes (id, ci, nombres, apellidos, fecha_nacimiento, sexo, direccion, telefono, email, colegio_procedencia, ciudad, titulo_bachiller, primera_opcion_id, segunda_opcion_id, turno_preferencia, gestion_id, estado, recurrente, user_id, created_at, updated_at) VALUES (596, '2404594', 'Ana', 'Ortiz', '2005-01-15', 'M', NULL, '59161795838', 'anaortiz195@estudiante.edu.bo', 'Colegio Boliviano', 'Santa Cruz de la Sierra', NULL, 3, 1, 'Noche', 1, 'Preinscrito', false, 695, NOW(), NOW());
INSERT INTO requisitos_documentales (postulante_id, ci_digitalizado, certificado_nacimiento, titulo_bachiller_legalizado, formulario_preinscripcion, verificado_bd_externa, updated_at) VALUES (596, false, false, false, false, false, NOW());
INSERT INTO users (id, name, email, password, role, active, created_at, updated_at) VALUES (696, 'Raúl Ruiz', 'raúlruiz196@estudiante.edu.bo', '\$2y\$12\$TyO9cTQJ0O7NSPORyyP8Hup.wk8.BWNWu4itdEJYyjZ2Sem9DbFyi', 'Postulante', true, NOW(), NOW());
INSERT INTO postulantes (id, ci, nombres, apellidos, fecha_nacimiento, sexo, direccion, telefono, email, colegio_procedencia, ciudad, titulo_bachiller, primera_opcion_id, segunda_opcion_id, turno_preferencia, gestion_id, estado, recurrente, user_id, created_at, updated_at) VALUES (597, '7057978', 'Raúl', 'Ruiz', '2005-01-15', 'M', NULL, '59165436271', 'raúlruiz196@estudiante.edu.bo', 'Colegio Boliviano', 'Santa Cruz de la Sierra', NULL, 3, 1, 'Manana', 1, 'Preinscrito', false, 696, NOW(), NOW());
INSERT INTO requisitos_documentales (postulante_id, ci_digitalizado, certificado_nacimiento, titulo_bachiller_legalizado, formulario_preinscripcion, verificado_bd_externa, updated_at) VALUES (597, false, false, false, false, false, NOW());
INSERT INTO users (id, name, email, password, role, active, created_at, updated_at) VALUES (697, 'Constanza Delgado', 'constanzadelgado197@estudiante.edu.bo', '\$2y\$12\$TyO9cTQJ0O7NSPORyyP8Hup.wk8.BWNWu4itdEJYyjZ2Sem9DbFyi', 'Postulante', true, NOW(), NOW());
INSERT INTO postulantes (id, ci, nombres, apellidos, fecha_nacimiento, sexo, direccion, telefono, email, colegio_procedencia, ciudad, titulo_bachiller, primera_opcion_id, segunda_opcion_id, turno_preferencia, gestion_id, estado, recurrente, user_id, created_at, updated_at) VALUES (598, '3617110', 'Constanza', 'Delgado', '2005-01-15', 'M', NULL, '59169843134', 'constanzadelgado197@estudiante.edu.bo', 'Colegio Boliviano', 'Santa Cruz de la Sierra', NULL, 3, 1, 'Tarde', 1, 'Preinscrito', false, 697, NOW(), NOW());
INSERT INTO requisitos_documentales (postulante_id, ci_digitalizado, certificado_nacimiento, titulo_bachiller_legalizado, formulario_preinscripcion, verificado_bd_externa, updated_at) VALUES (598, false, false, false, false, false, NOW());
INSERT INTO users (id, name, email, password, role, active, created_at, updated_at) VALUES (698, 'Víctor Flores', 'víctorflores198@estudiante.edu.bo', '\$2y\$12\$TyO9cTQJ0O7NSPORyyP8Hup.wk8.BWNWu4itdEJYyjZ2Sem9DbFyi', 'Postulante', true, NOW(), NOW());
INSERT INTO postulantes (id, ci, nombres, apellidos, fecha_nacimiento, sexo, direccion, telefono, email, colegio_procedencia, ciudad, titulo_bachiller, primera_opcion_id, segunda_opcion_id, turno_preferencia, gestion_id, estado, recurrente, user_id, created_at, updated_at) VALUES (599, '3390978', 'Víctor', 'Flores', '2005-01-15', 'M', NULL, '59188164570', 'víctorflores198@estudiante.edu.bo', 'Colegio Boliviano', 'Santa Cruz de la Sierra', NULL, 3, 1, 'Noche', 1, 'Preinscrito', false, 698, NOW(), NOW());
INSERT INTO requisitos_documentales (postulante_id, ci_digitalizado, certificado_nacimiento, titulo_bachiller_legalizado, formulario_preinscripcion, verificado_bd_externa, updated_at) VALUES (599, false, false, false, false, false, NOW());
INSERT INTO users (id, name, email, password, role, active, created_at, updated_at) VALUES (699, 'Guillermo Carrillo', 'guillermocarrillo199@estudiante.edu.bo', '\$2y\$12\$TyO9cTQJ0O7NSPORyyP8Hup.wk8.BWNWu4itdEJYyjZ2Sem9DbFyi', 'Postulante', true, NOW(), NOW());
INSERT INTO postulantes (id, ci, nombres, apellidos, fecha_nacimiento, sexo, direccion, telefono, email, colegio_procedencia, ciudad, titulo_bachiller, primera_opcion_id, segunda_opcion_id, turno_preferencia, gestion_id, estado, recurrente, user_id, created_at, updated_at) VALUES (600, '5996010', 'Guillermo', 'Carrillo', '2005-01-15', 'M', NULL, '59183183008', 'guillermocarrillo199@estudiante.edu.bo', 'Colegio Boliviano', 'Santa Cruz de la Sierra', NULL, 3, 1, 'Noche', 1, 'Preinscrito', false, 699, NOW(), NOW());
INSERT INTO requisitos_documentales (postulante_id, ci_digitalizado, certificado_nacimiento, titulo_bachiller_legalizado, formulario_preinscripcion, verificado_bd_externa, updated_at) VALUES (600, false, false, false, false, false, NOW());
-- 600 postulantes insertados...
INSERT INTO users (id, name, email, password, role, active, created_at, updated_at) VALUES (700, 'Isabel Torres', 'isabeltorres0@estudiante.edu.bo', '\$2y\$12\$TyO9cTQJ0O7NSPORyyP8Hup.wk8.BWNWu4itdEJYyjZ2Sem9DbFyi', 'Postulante', true, NOW(), NOW());
INSERT INTO postulantes (id, ci, nombres, apellidos, fecha_nacimiento, sexo, direccion, telefono, email, colegio_procedencia, ciudad, titulo_bachiller, primera_opcion_id, segunda_opcion_id, turno_preferencia, gestion_id, estado, recurrente, user_id, created_at, updated_at) VALUES (601, '7267586', 'Isabel', 'Torres', '2005-01-15', 'M', NULL, '59183869866', 'isabeltorres0@estudiante.edu.bo', 'Colegio Boliviano', 'Santa Cruz de la Sierra', NULL, 4, 1, 'Tarde', 1, 'Preinscrito', false, 700, NOW(), NOW());
INSERT INTO requisitos_documentales (postulante_id, ci_digitalizado, certificado_nacimiento, titulo_bachiller_legalizado, formulario_preinscripcion, verificado_bd_externa, updated_at) VALUES (601, false, false, false, false, false, NOW());
INSERT INTO users (id, name, email, password, role, active, created_at, updated_at) VALUES (701, 'Constanza López', 'constanzalópez1@estudiante.edu.bo', '\$2y\$12\$TyO9cTQJ0O7NSPORyyP8Hup.wk8.BWNWu4itdEJYyjZ2Sem9DbFyi', 'Postulante', true, NOW(), NOW());
INSERT INTO postulantes (id, ci, nombres, apellidos, fecha_nacimiento, sexo, direccion, telefono, email, colegio_procedencia, ciudad, titulo_bachiller, primera_opcion_id, segunda_opcion_id, turno_preferencia, gestion_id, estado, recurrente, user_id, created_at, updated_at) VALUES (602, '1214750', 'Constanza', 'López', '2005-01-15', 'M', NULL, '59193839005', 'constanzalópez1@estudiante.edu.bo', 'Colegio Boliviano', 'Santa Cruz de la Sierra', NULL, 4, 1, 'Manana', 1, 'Preinscrito', false, 701, NOW(), NOW());
INSERT INTO requisitos_documentales (postulante_id, ci_digitalizado, certificado_nacimiento, titulo_bachiller_legalizado, formulario_preinscripcion, verificado_bd_externa, updated_at) VALUES (602, false, false, false, false, false, NOW());
INSERT INTO users (id, name, email, password, role, active, created_at, updated_at) VALUES (702, 'Francisca Reyes', 'franciscareyes2@estudiante.edu.bo', '\$2y\$12\$TyO9cTQJ0O7NSPORyyP8Hup.wk8.BWNWu4itdEJYyjZ2Sem9DbFyi', 'Postulante', true, NOW(), NOW());
INSERT INTO postulantes (id, ci, nombres, apellidos, fecha_nacimiento, sexo, direccion, telefono, email, colegio_procedencia, ciudad, titulo_bachiller, primera_opcion_id, segunda_opcion_id, turno_preferencia, gestion_id, estado, recurrente, user_id, created_at, updated_at) VALUES (603, '6635884', 'Francisca', 'Reyes', '2005-01-15', 'M', NULL, '59181076907', 'franciscareyes2@estudiante.edu.bo', 'Colegio Boliviano', 'Santa Cruz de la Sierra', NULL, 4, 1, 'Manana', 1, 'Preinscrito', false, 702, NOW(), NOW());
INSERT INTO requisitos_documentales (postulante_id, ci_digitalizado, certificado_nacimiento, titulo_bachiller_legalizado, formulario_preinscripcion, verificado_bd_externa, updated_at) VALUES (603, false, false, false, false, false, NOW());
INSERT INTO users (id, name, email, password, role, active, created_at, updated_at) VALUES (703, 'Antonio Rivera', 'antoniorivera3@estudiante.edu.bo', '\$2y\$12\$TyO9cTQJ0O7NSPORyyP8Hup.wk8.BWNWu4itdEJYyjZ2Sem9DbFyi', 'Postulante', true, NOW(), NOW());
INSERT INTO postulantes (id, ci, nombres, apellidos, fecha_nacimiento, sexo, direccion, telefono, email, colegio_procedencia, ciudad, titulo_bachiller, primera_opcion_id, segunda_opcion_id, turno_preferencia, gestion_id, estado, recurrente, user_id, created_at, updated_at) VALUES (604, '2737994', 'Antonio', 'Rivera', '2005-01-15', 'M', NULL, '59180422273', 'antoniorivera3@estudiante.edu.bo', 'Colegio Boliviano', 'Santa Cruz de la Sierra', NULL, 4, 1, 'Manana', 1, 'Preinscrito', false, 703, NOW(), NOW());
INSERT INTO requisitos_documentales (postulante_id, ci_digitalizado, certificado_nacimiento, titulo_bachiller_legalizado, formulario_preinscripcion, verificado_bd_externa, updated_at) VALUES (604, false, false, false, false, false, NOW());
INSERT INTO users (id, name, email, password, role, active, created_at, updated_at) VALUES (704, 'Diego Delgado', 'diegodelgado4@estudiante.edu.bo', '\$2y\$12\$TyO9cTQJ0O7NSPORyyP8Hup.wk8.BWNWu4itdEJYyjZ2Sem9DbFyi', 'Postulante', true, NOW(), NOW());
INSERT INTO postulantes (id, ci, nombres, apellidos, fecha_nacimiento, sexo, direccion, telefono, email, colegio_procedencia, ciudad, titulo_bachiller, primera_opcion_id, segunda_opcion_id, turno_preferencia, gestion_id, estado, recurrente, user_id, created_at, updated_at) VALUES (605, '8791975', 'Diego', 'Delgado', '2005-01-15', 'M', NULL, '59191043050', 'diegodelgado4@estudiante.edu.bo', 'Colegio Boliviano', 'Santa Cruz de la Sierra', NULL, 4, 1, 'Noche', 1, 'Preinscrito', false, 704, NOW(), NOW());
INSERT INTO requisitos_documentales (postulante_id, ci_digitalizado, certificado_nacimiento, titulo_bachiller_legalizado, formulario_preinscripcion, verificado_bd_externa, updated_at) VALUES (605, false, false, false, false, false, NOW());
INSERT INTO users (id, name, email, password, role, active, created_at, updated_at) VALUES (705, 'Beatriz Valdez', 'beatrizvaldez5@estudiante.edu.bo', '\$2y\$12\$TyO9cTQJ0O7NSPORyyP8Hup.wk8.BWNWu4itdEJYyjZ2Sem9DbFyi', 'Postulante', true, NOW(), NOW());
INSERT INTO postulantes (id, ci, nombres, apellidos, fecha_nacimiento, sexo, direccion, telefono, email, colegio_procedencia, ciudad, titulo_bachiller, primera_opcion_id, segunda_opcion_id, turno_preferencia, gestion_id, estado, recurrente, user_id, created_at, updated_at) VALUES (606, '4730702', 'Beatriz', 'Valdez', '2005-01-15', 'M', NULL, '59188273775', 'beatrizvaldez5@estudiante.edu.bo', 'Colegio Boliviano', 'Santa Cruz de la Sierra', NULL, 4, 1, 'Tarde', 1, 'Preinscrito', false, 705, NOW(), NOW());
INSERT INTO requisitos_documentales (postulante_id, ci_digitalizado, certificado_nacimiento, titulo_bachiller_legalizado, formulario_preinscripcion, verificado_bd_externa, updated_at) VALUES (606, false, false, false, false, false, NOW());
INSERT INTO users (id, name, email, password, role, active, created_at, updated_at) VALUES (706, 'Javier Hernández', 'javierhernández6@estudiante.edu.bo', '\$2y\$12\$TyO9cTQJ0O7NSPORyyP8Hup.wk8.BWNWu4itdEJYyjZ2Sem9DbFyi', 'Postulante', true, NOW(), NOW());
INSERT INTO postulantes (id, ci, nombres, apellidos, fecha_nacimiento, sexo, direccion, telefono, email, colegio_procedencia, ciudad, titulo_bachiller, primera_opcion_id, segunda_opcion_id, turno_preferencia, gestion_id, estado, recurrente, user_id, created_at, updated_at) VALUES (607, '2625788', 'Javier', 'Hernández', '2005-01-15', 'M', NULL, '59171904379', 'javierhernández6@estudiante.edu.bo', 'Colegio Boliviano', 'Santa Cruz de la Sierra', NULL, 4, 1, 'Tarde', 1, 'Preinscrito', false, 706, NOW(), NOW());
INSERT INTO requisitos_documentales (postulante_id, ci_digitalizado, certificado_nacimiento, titulo_bachiller_legalizado, formulario_preinscripcion, verificado_bd_externa, updated_at) VALUES (607, false, false, false, false, false, NOW());
INSERT INTO users (id, name, email, password, role, active, created_at, updated_at) VALUES (707, 'Constanza Contreras', 'constanzacontreras7@estudiante.edu.bo', '\$2y\$12\$TyO9cTQJ0O7NSPORyyP8Hup.wk8.BWNWu4itdEJYyjZ2Sem9DbFyi', 'Postulante', true, NOW(), NOW());
INSERT INTO postulantes (id, ci, nombres, apellidos, fecha_nacimiento, sexo, direccion, telefono, email, colegio_procedencia, ciudad, titulo_bachiller, primera_opcion_id, segunda_opcion_id, turno_preferencia, gestion_id, estado, recurrente, user_id, created_at, updated_at) VALUES (608, '3118234', 'Constanza', 'Contreras', '2005-01-15', 'M', NULL, '59188469964', 'constanzacontreras7@estudiante.edu.bo', 'Colegio Boliviano', 'Santa Cruz de la Sierra', NULL, 4, 1, 'Tarde', 1, 'Preinscrito', false, 707, NOW(), NOW());
INSERT INTO requisitos_documentales (postulante_id, ci_digitalizado, certificado_nacimiento, titulo_bachiller_legalizado, formulario_preinscripcion, verificado_bd_externa, updated_at) VALUES (608, false, false, false, false, false, NOW());
INSERT INTO users (id, name, email, password, role, active, created_at, updated_at) VALUES (708, 'Ricardo Campos', 'ricardocampos8@estudiante.edu.bo', '\$2y\$12\$TyO9cTQJ0O7NSPORyyP8Hup.wk8.BWNWu4itdEJYyjZ2Sem9DbFyi', 'Postulante', true, NOW(), NOW());
INSERT INTO postulantes (id, ci, nombres, apellidos, fecha_nacimiento, sexo, direccion, telefono, email, colegio_procedencia, ciudad, titulo_bachiller, primera_opcion_id, segunda_opcion_id, turno_preferencia, gestion_id, estado, recurrente, user_id, created_at, updated_at) VALUES (609, '9423280', 'Ricardo', 'Campos', '2005-01-15', 'M', NULL, '59166222284', 'ricardocampos8@estudiante.edu.bo', 'Colegio Boliviano', 'Santa Cruz de la Sierra', NULL, 4, 1, 'Manana', 1, 'Preinscrito', false, 708, NOW(), NOW());
INSERT INTO requisitos_documentales (postulante_id, ci_digitalizado, certificado_nacimiento, titulo_bachiller_legalizado, formulario_preinscripcion, verificado_bd_externa, updated_at) VALUES (609, false, false, false, false, false, NOW());
INSERT INTO users (id, name, email, password, role, active, created_at, updated_at) VALUES (709, 'Juan González', 'juangonzález9@estudiante.edu.bo', '\$2y\$12\$TyO9cTQJ0O7NSPORyyP8Hup.wk8.BWNWu4itdEJYyjZ2Sem9DbFyi', 'Postulante', true, NOW(), NOW());
INSERT INTO postulantes (id, ci, nombres, apellidos, fecha_nacimiento, sexo, direccion, telefono, email, colegio_procedencia, ciudad, titulo_bachiller, primera_opcion_id, segunda_opcion_id, turno_preferencia, gestion_id, estado, recurrente, user_id, created_at, updated_at) VALUES (610, '9150959', 'Juan', 'González', '2005-01-15', 'M', NULL, '59188841320', 'juangonzález9@estudiante.edu.bo', 'Colegio Boliviano', 'Santa Cruz de la Sierra', NULL, 4, 1, 'Tarde', 1, 'Preinscrito', false, 709, NOW(), NOW());
INSERT INTO requisitos_documentales (postulante_id, ci_digitalizado, certificado_nacimiento, titulo_bachiller_legalizado, formulario_preinscripcion, verificado_bd_externa, updated_at) VALUES (610, false, false, false, false, false, NOW());
INSERT INTO users (id, name, email, password, role, active, created_at, updated_at) VALUES (710, 'Héctor Tapia', 'héctortapia10@estudiante.edu.bo', '\$2y\$12\$TyO9cTQJ0O7NSPORyyP8Hup.wk8.BWNWu4itdEJYyjZ2Sem9DbFyi', 'Postulante', true, NOW(), NOW());
INSERT INTO postulantes (id, ci, nombres, apellidos, fecha_nacimiento, sexo, direccion, telefono, email, colegio_procedencia, ciudad, titulo_bachiller, primera_opcion_id, segunda_opcion_id, turno_preferencia, gestion_id, estado, recurrente, user_id, created_at, updated_at) VALUES (611, '1693987', 'Héctor', 'Tapia', '2005-01-15', 'M', NULL, '59187944963', 'héctortapia10@estudiante.edu.bo', 'Colegio Boliviano', 'Santa Cruz de la Sierra', NULL, 4, 1, 'Noche', 1, 'Preinscrito', false, 710, NOW(), NOW());
INSERT INTO requisitos_documentales (postulante_id, ci_digitalizado, certificado_nacimiento, titulo_bachiller_legalizado, formulario_preinscripcion, verificado_bd_externa, updated_at) VALUES (611, false, false, false, false, false, NOW());
INSERT INTO users (id, name, email, password, role, active, created_at, updated_at) VALUES (711, 'Isabel Ramírez', 'isabelramírez11@estudiante.edu.bo', '\$2y\$12\$TyO9cTQJ0O7NSPORyyP8Hup.wk8.BWNWu4itdEJYyjZ2Sem9DbFyi', 'Postulante', true, NOW(), NOW());
INSERT INTO postulantes (id, ci, nombres, apellidos, fecha_nacimiento, sexo, direccion, telefono, email, colegio_procedencia, ciudad, titulo_bachiller, primera_opcion_id, segunda_opcion_id, turno_preferencia, gestion_id, estado, recurrente, user_id, created_at, updated_at) VALUES (612, '5419664', 'Isabel', 'Ramírez', '2005-01-15', 'M', NULL, '59182246627', 'isabelramírez11@estudiante.edu.bo', 'Colegio Boliviano', 'Santa Cruz de la Sierra', NULL, 4, 1, 'Manana', 1, 'Preinscrito', false, 711, NOW(), NOW());
INSERT INTO requisitos_documentales (postulante_id, ci_digitalizado, certificado_nacimiento, titulo_bachiller_legalizado, formulario_preinscripcion, verificado_bd_externa, updated_at) VALUES (612, false, false, false, false, false, NOW());
INSERT INTO users (id, name, email, password, role, active, created_at, updated_at) VALUES (712, 'Patricia Reyes', 'patriciareyes12@estudiante.edu.bo', '\$2y\$12\$TyO9cTQJ0O7NSPORyyP8Hup.wk8.BWNWu4itdEJYyjZ2Sem9DbFyi', 'Postulante', true, NOW(), NOW());
INSERT INTO postulantes (id, ci, nombres, apellidos, fecha_nacimiento, sexo, direccion, telefono, email, colegio_procedencia, ciudad, titulo_bachiller, primera_opcion_id, segunda_opcion_id, turno_preferencia, gestion_id, estado, recurrente, user_id, created_at, updated_at) VALUES (613, '5272275', 'Patricia', 'Reyes', '2005-01-15', 'M', NULL, '59192514153', 'patriciareyes12@estudiante.edu.bo', 'Colegio Boliviano', 'Santa Cruz de la Sierra', NULL, 4, 1, 'Manana', 1, 'Preinscrito', false, 712, NOW(), NOW());
INSERT INTO requisitos_documentales (postulante_id, ci_digitalizado, certificado_nacimiento, titulo_bachiller_legalizado, formulario_preinscripcion, verificado_bd_externa, updated_at) VALUES (613, false, false, false, false, false, NOW());
INSERT INTO users (id, name, email, password, role, active, created_at, updated_at) VALUES (713, 'Leticia Valencia', 'leticiavalencia13@estudiante.edu.bo', '\$2y\$12\$TyO9cTQJ0O7NSPORyyP8Hup.wk8.BWNWu4itdEJYyjZ2Sem9DbFyi', 'Postulante', true, NOW(), NOW());
INSERT INTO postulantes (id, ci, nombres, apellidos, fecha_nacimiento, sexo, direccion, telefono, email, colegio_procedencia, ciudad, titulo_bachiller, primera_opcion_id, segunda_opcion_id, turno_preferencia, gestion_id, estado, recurrente, user_id, created_at, updated_at) VALUES (614, '8815680', 'Leticia', 'Valencia', '2005-01-15', 'M', NULL, '59193648497', 'leticiavalencia13@estudiante.edu.bo', 'Colegio Boliviano', 'Santa Cruz de la Sierra', NULL, 4, 1, 'Noche', 1, 'Preinscrito', false, 713, NOW(), NOW());
INSERT INTO requisitos_documentales (postulante_id, ci_digitalizado, certificado_nacimiento, titulo_bachiller_legalizado, formulario_preinscripcion, verificado_bd_externa, updated_at) VALUES (614, false, false, false, false, false, NOW());
INSERT INTO users (id, name, email, password, role, active, created_at, updated_at) VALUES (714, 'Matías Vega', 'matíasvega14@estudiante.edu.bo', '\$2y\$12\$TyO9cTQJ0O7NSPORyyP8Hup.wk8.BWNWu4itdEJYyjZ2Sem9DbFyi', 'Postulante', true, NOW(), NOW());
INSERT INTO postulantes (id, ci, nombres, apellidos, fecha_nacimiento, sexo, direccion, telefono, email, colegio_procedencia, ciudad, titulo_bachiller, primera_opcion_id, segunda_opcion_id, turno_preferencia, gestion_id, estado, recurrente, user_id, created_at, updated_at) VALUES (615, '7243376', 'Matías', 'Vega', '2005-01-15', 'M', NULL, '59196608202', 'matíasvega14@estudiante.edu.bo', 'Colegio Boliviano', 'Santa Cruz de la Sierra', NULL, 4, 1, 'Tarde', 1, 'Preinscrito', false, 714, NOW(), NOW());
INSERT INTO requisitos_documentales (postulante_id, ci_digitalizado, certificado_nacimiento, titulo_bachiller_legalizado, formulario_preinscripcion, verificado_bd_externa, updated_at) VALUES (615, false, false, false, false, false, NOW());
INSERT INTO users (id, name, email, password, role, active, created_at, updated_at) VALUES (715, 'Gabriela Fuentes', 'gabrielafuentes15@estudiante.edu.bo', '\$2y\$12\$TyO9cTQJ0O7NSPORyyP8Hup.wk8.BWNWu4itdEJYyjZ2Sem9DbFyi', 'Postulante', true, NOW(), NOW());
INSERT INTO postulantes (id, ci, nombres, apellidos, fecha_nacimiento, sexo, direccion, telefono, email, colegio_procedencia, ciudad, titulo_bachiller, primera_opcion_id, segunda_opcion_id, turno_preferencia, gestion_id, estado, recurrente, user_id, created_at, updated_at) VALUES (616, '2468503', 'Gabriela', 'Fuentes', '2005-01-15', 'M', NULL, '59197416533', 'gabrielafuentes15@estudiante.edu.bo', 'Colegio Boliviano', 'Santa Cruz de la Sierra', NULL, 4, 1, 'Tarde', 1, 'Preinscrito', false, 715, NOW(), NOW());
INSERT INTO requisitos_documentales (postulante_id, ci_digitalizado, certificado_nacimiento, titulo_bachiller_legalizado, formulario_preinscripcion, verificado_bd_externa, updated_at) VALUES (616, false, false, false, false, false, NOW());
INSERT INTO users (id, name, email, password, role, active, created_at, updated_at) VALUES (716, 'Francisca González', 'franciscagonzález16@estudiante.edu.bo', '\$2y\$12\$TyO9cTQJ0O7NSPORyyP8Hup.wk8.BWNWu4itdEJYyjZ2Sem9DbFyi', 'Postulante', true, NOW(), NOW());
INSERT INTO postulantes (id, ci, nombres, apellidos, fecha_nacimiento, sexo, direccion, telefono, email, colegio_procedencia, ciudad, titulo_bachiller, primera_opcion_id, segunda_opcion_id, turno_preferencia, gestion_id, estado, recurrente, user_id, created_at, updated_at) VALUES (617, '3763544', 'Francisca', 'González', '2005-01-15', 'M', NULL, '59160781446', 'franciscagonzález16@estudiante.edu.bo', 'Colegio Boliviano', 'Santa Cruz de la Sierra', NULL, 4, 1, 'Tarde', 1, 'Preinscrito', false, 716, NOW(), NOW());
INSERT INTO requisitos_documentales (postulante_id, ci_digitalizado, certificado_nacimiento, titulo_bachiller_legalizado, formulario_preinscripcion, verificado_bd_externa, updated_at) VALUES (617, false, false, false, false, false, NOW());
INSERT INTO users (id, name, email, password, role, active, created_at, updated_at) VALUES (717, 'Alejandro Morales', 'alejandromorales17@estudiante.edu.bo', '\$2y\$12\$TyO9cTQJ0O7NSPORyyP8Hup.wk8.BWNWu4itdEJYyjZ2Sem9DbFyi', 'Postulante', true, NOW(), NOW());
INSERT INTO postulantes (id, ci, nombres, apellidos, fecha_nacimiento, sexo, direccion, telefono, email, colegio_procedencia, ciudad, titulo_bachiller, primera_opcion_id, segunda_opcion_id, turno_preferencia, gestion_id, estado, recurrente, user_id, created_at, updated_at) VALUES (618, '6141888', 'Alejandro', 'Morales', '2005-01-15', 'M', NULL, '59172454050', 'alejandromorales17@estudiante.edu.bo', 'Colegio Boliviano', 'Santa Cruz de la Sierra', NULL, 4, 1, 'Noche', 1, 'Preinscrito', false, 717, NOW(), NOW());
INSERT INTO requisitos_documentales (postulante_id, ci_digitalizado, certificado_nacimiento, titulo_bachiller_legalizado, formulario_preinscripcion, verificado_bd_externa, updated_at) VALUES (618, false, false, false, false, false, NOW());
INSERT INTO users (id, name, email, password, role, active, created_at, updated_at) VALUES (718, 'Beatriz Rojas', 'beatrizrojas18@estudiante.edu.bo', '\$2y\$12\$TyO9cTQJ0O7NSPORyyP8Hup.wk8.BWNWu4itdEJYyjZ2Sem9DbFyi', 'Postulante', true, NOW(), NOW());
INSERT INTO postulantes (id, ci, nombres, apellidos, fecha_nacimiento, sexo, direccion, telefono, email, colegio_procedencia, ciudad, titulo_bachiller, primera_opcion_id, segunda_opcion_id, turno_preferencia, gestion_id, estado, recurrente, user_id, created_at, updated_at) VALUES (619, '5815072', 'Beatriz', 'Rojas', '2005-01-15', 'M', NULL, '59197641782', 'beatrizrojas18@estudiante.edu.bo', 'Colegio Boliviano', 'Santa Cruz de la Sierra', NULL, 4, 1, 'Tarde', 1, 'Preinscrito', false, 718, NOW(), NOW());
INSERT INTO requisitos_documentales (postulante_id, ci_digitalizado, certificado_nacimiento, titulo_bachiller_legalizado, formulario_preinscripcion, verificado_bd_externa, updated_at) VALUES (619, false, false, false, false, false, NOW());
INSERT INTO users (id, name, email, password, role, active, created_at, updated_at) VALUES (719, 'Jorge Morales', 'jorgemorales19@estudiante.edu.bo', '\$2y\$12\$TyO9cTQJ0O7NSPORyyP8Hup.wk8.BWNWu4itdEJYyjZ2Sem9DbFyi', 'Postulante', true, NOW(), NOW());
INSERT INTO postulantes (id, ci, nombres, apellidos, fecha_nacimiento, sexo, direccion, telefono, email, colegio_procedencia, ciudad, titulo_bachiller, primera_opcion_id, segunda_opcion_id, turno_preferencia, gestion_id, estado, recurrente, user_id, created_at, updated_at) VALUES (620, '4431612', 'Jorge', 'Morales', '2005-01-15', 'M', NULL, '59198971238', 'jorgemorales19@estudiante.edu.bo', 'Colegio Boliviano', 'Santa Cruz de la Sierra', NULL, 4, 1, 'Manana', 1, 'Preinscrito', false, 719, NOW(), NOW());
INSERT INTO requisitos_documentales (postulante_id, ci_digitalizado, certificado_nacimiento, titulo_bachiller_legalizado, formulario_preinscripcion, verificado_bd_externa, updated_at) VALUES (620, false, false, false, false, false, NOW());
INSERT INTO users (id, name, email, password, role, active, created_at, updated_at) VALUES (720, 'Javier Fuentes', 'javierfuentes20@estudiante.edu.bo', '\$2y\$12\$TyO9cTQJ0O7NSPORyyP8Hup.wk8.BWNWu4itdEJYyjZ2Sem9DbFyi', 'Postulante', true, NOW(), NOW());
INSERT INTO postulantes (id, ci, nombres, apellidos, fecha_nacimiento, sexo, direccion, telefono, email, colegio_procedencia, ciudad, titulo_bachiller, primera_opcion_id, segunda_opcion_id, turno_preferencia, gestion_id, estado, recurrente, user_id, created_at, updated_at) VALUES (621, '8257200', 'Javier', 'Fuentes', '2005-01-15', 'M', NULL, '59188932839', 'javierfuentes20@estudiante.edu.bo', 'Colegio Boliviano', 'Santa Cruz de la Sierra', NULL, 4, 1, 'Manana', 1, 'Preinscrito', false, 720, NOW(), NOW());
INSERT INTO requisitos_documentales (postulante_id, ci_digitalizado, certificado_nacimiento, titulo_bachiller_legalizado, formulario_preinscripcion, verificado_bd_externa, updated_at) VALUES (621, false, false, false, false, false, NOW());
INSERT INTO users (id, name, email, password, role, active, created_at, updated_at) VALUES (721, 'Pedro Ruiz', 'pedroruiz21@estudiante.edu.bo', '\$2y\$12\$TyO9cTQJ0O7NSPORyyP8Hup.wk8.BWNWu4itdEJYyjZ2Sem9DbFyi', 'Postulante', true, NOW(), NOW());
INSERT INTO postulantes (id, ci, nombres, apellidos, fecha_nacimiento, sexo, direccion, telefono, email, colegio_procedencia, ciudad, titulo_bachiller, primera_opcion_id, segunda_opcion_id, turno_preferencia, gestion_id, estado, recurrente, user_id, created_at, updated_at) VALUES (622, '1115921', 'Pedro', 'Ruiz', '2005-01-15', 'M', NULL, '59172697999', 'pedroruiz21@estudiante.edu.bo', 'Colegio Boliviano', 'Santa Cruz de la Sierra', NULL, 4, 1, 'Manana', 1, 'Preinscrito', false, 721, NOW(), NOW());
INSERT INTO requisitos_documentales (postulante_id, ci_digitalizado, certificado_nacimiento, titulo_bachiller_legalizado, formulario_preinscripcion, verificado_bd_externa, updated_at) VALUES (622, false, false, false, false, false, NOW());
INSERT INTO users (id, name, email, password, role, active, created_at, updated_at) VALUES (722, 'Aurora Guerrero', 'auroraguerrero22@estudiante.edu.bo', '\$2y\$12\$TyO9cTQJ0O7NSPORyyP8Hup.wk8.BWNWu4itdEJYyjZ2Sem9DbFyi', 'Postulante', true, NOW(), NOW());
INSERT INTO postulantes (id, ci, nombres, apellidos, fecha_nacimiento, sexo, direccion, telefono, email, colegio_procedencia, ciudad, titulo_bachiller, primera_opcion_id, segunda_opcion_id, turno_preferencia, gestion_id, estado, recurrente, user_id, created_at, updated_at) VALUES (623, '4943331', 'Aurora', 'Guerrero', '2005-01-15', 'M', NULL, '59197257609', 'auroraguerrero22@estudiante.edu.bo', 'Colegio Boliviano', 'Santa Cruz de la Sierra', NULL, 4, 1, 'Noche', 1, 'Preinscrito', false, 722, NOW(), NOW());
INSERT INTO requisitos_documentales (postulante_id, ci_digitalizado, certificado_nacimiento, titulo_bachiller_legalizado, formulario_preinscripcion, verificado_bd_externa, updated_at) VALUES (623, false, false, false, false, false, NOW());
INSERT INTO users (id, name, email, password, role, active, created_at, updated_at) VALUES (723, 'Arturo Morales', 'arturomorales23@estudiante.edu.bo', '\$2y\$12\$TyO9cTQJ0O7NSPORyyP8Hup.wk8.BWNWu4itdEJYyjZ2Sem9DbFyi', 'Postulante', true, NOW(), NOW());
INSERT INTO postulantes (id, ci, nombres, apellidos, fecha_nacimiento, sexo, direccion, telefono, email, colegio_procedencia, ciudad, titulo_bachiller, primera_opcion_id, segunda_opcion_id, turno_preferencia, gestion_id, estado, recurrente, user_id, created_at, updated_at) VALUES (624, '2582704', 'Arturo', 'Morales', '2005-01-15', 'M', NULL, '59165254203', 'arturomorales23@estudiante.edu.bo', 'Colegio Boliviano', 'Santa Cruz de la Sierra', NULL, 4, 1, 'Noche', 1, 'Preinscrito', false, 723, NOW(), NOW());
INSERT INTO requisitos_documentales (postulante_id, ci_digitalizado, certificado_nacimiento, titulo_bachiller_legalizado, formulario_preinscripcion, verificado_bd_externa, updated_at) VALUES (624, false, false, false, false, false, NOW());
INSERT INTO users (id, name, email, password, role, active, created_at, updated_at) VALUES (724, 'Gabriela Rodríguez', 'gabrielarodríguez24@estudiante.edu.bo', '\$2y\$12\$TyO9cTQJ0O7NSPORyyP8Hup.wk8.BWNWu4itdEJYyjZ2Sem9DbFyi', 'Postulante', true, NOW(), NOW());
INSERT INTO postulantes (id, ci, nombres, apellidos, fecha_nacimiento, sexo, direccion, telefono, email, colegio_procedencia, ciudad, titulo_bachiller, primera_opcion_id, segunda_opcion_id, turno_preferencia, gestion_id, estado, recurrente, user_id, created_at, updated_at) VALUES (625, '5120584', 'Gabriela', 'Rodríguez', '2005-01-15', 'M', NULL, '59161430685', 'gabrielarodríguez24@estudiante.edu.bo', 'Colegio Boliviano', 'Santa Cruz de la Sierra', NULL, 4, 1, 'Manana', 1, 'Preinscrito', false, 724, NOW(), NOW());
INSERT INTO requisitos_documentales (postulante_id, ci_digitalizado, certificado_nacimiento, titulo_bachiller_legalizado, formulario_preinscripcion, verificado_bd_externa, updated_at) VALUES (625, false, false, false, false, false, NOW());
INSERT INTO users (id, name, email, password, role, active, created_at, updated_at) VALUES (725, 'Antonio Acosta', 'antonioacosta25@estudiante.edu.bo', '\$2y\$12\$TyO9cTQJ0O7NSPORyyP8Hup.wk8.BWNWu4itdEJYyjZ2Sem9DbFyi', 'Postulante', true, NOW(), NOW());
INSERT INTO postulantes (id, ci, nombres, apellidos, fecha_nacimiento, sexo, direccion, telefono, email, colegio_procedencia, ciudad, titulo_bachiller, primera_opcion_id, segunda_opcion_id, turno_preferencia, gestion_id, estado, recurrente, user_id, created_at, updated_at) VALUES (626, '7152991', 'Antonio', 'Acosta', '2005-01-15', 'M', NULL, '59166671134', 'antonioacosta25@estudiante.edu.bo', 'Colegio Boliviano', 'Santa Cruz de la Sierra', NULL, 4, 1, 'Tarde', 1, 'Preinscrito', false, 725, NOW(), NOW());
INSERT INTO requisitos_documentales (postulante_id, ci_digitalizado, certificado_nacimiento, titulo_bachiller_legalizado, formulario_preinscripcion, verificado_bd_externa, updated_at) VALUES (626, false, false, false, false, false, NOW());
INSERT INTO users (id, name, email, password, role, active, created_at, updated_at) VALUES (726, 'Antonio Molina', 'antoniomolina26@estudiante.edu.bo', '\$2y\$12\$TyO9cTQJ0O7NSPORyyP8Hup.wk8.BWNWu4itdEJYyjZ2Sem9DbFyi', 'Postulante', true, NOW(), NOW());
INSERT INTO postulantes (id, ci, nombres, apellidos, fecha_nacimiento, sexo, direccion, telefono, email, colegio_procedencia, ciudad, titulo_bachiller, primera_opcion_id, segunda_opcion_id, turno_preferencia, gestion_id, estado, recurrente, user_id, created_at, updated_at) VALUES (627, '8627212', 'Antonio', 'Molina', '2005-01-15', 'M', NULL, '59192868471', 'antoniomolina26@estudiante.edu.bo', 'Colegio Boliviano', 'Santa Cruz de la Sierra', NULL, 4, 1, 'Noche', 1, 'Preinscrito', false, 726, NOW(), NOW());
INSERT INTO requisitos_documentales (postulante_id, ci_digitalizado, certificado_nacimiento, titulo_bachiller_legalizado, formulario_preinscripcion, verificado_bd_externa, updated_at) VALUES (627, false, false, false, false, false, NOW());
INSERT INTO users (id, name, email, password, role, active, created_at, updated_at) VALUES (727, 'Elena Rivas', 'elenarivas27@estudiante.edu.bo', '\$2y\$12\$TyO9cTQJ0O7NSPORyyP8Hup.wk8.BWNWu4itdEJYyjZ2Sem9DbFyi', 'Postulante', true, NOW(), NOW());
INSERT INTO postulantes (id, ci, nombres, apellidos, fecha_nacimiento, sexo, direccion, telefono, email, colegio_procedencia, ciudad, titulo_bachiller, primera_opcion_id, segunda_opcion_id, turno_preferencia, gestion_id, estado, recurrente, user_id, created_at, updated_at) VALUES (628, '1154577', 'Elena', 'Rivas', '2005-01-15', 'M', NULL, '59161018365', 'elenarivas27@estudiante.edu.bo', 'Colegio Boliviano', 'Santa Cruz de la Sierra', NULL, 4, 1, 'Noche', 1, 'Preinscrito', false, 727, NOW(), NOW());
INSERT INTO requisitos_documentales (postulante_id, ci_digitalizado, certificado_nacimiento, titulo_bachiller_legalizado, formulario_preinscripcion, verificado_bd_externa, updated_at) VALUES (628, false, false, false, false, false, NOW());
INSERT INTO users (id, name, email, password, role, active, created_at, updated_at) VALUES (728, 'Isabel Ruiz', 'isabelruiz28@estudiante.edu.bo', '\$2y\$12\$TyO9cTQJ0O7NSPORyyP8Hup.wk8.BWNWu4itdEJYyjZ2Sem9DbFyi', 'Postulante', true, NOW(), NOW());
INSERT INTO postulantes (id, ci, nombres, apellidos, fecha_nacimiento, sexo, direccion, telefono, email, colegio_procedencia, ciudad, titulo_bachiller, primera_opcion_id, segunda_opcion_id, turno_preferencia, gestion_id, estado, recurrente, user_id, created_at, updated_at) VALUES (629, '2979343', 'Isabel', 'Ruiz', '2005-01-15', 'M', NULL, '59167849435', 'isabelruiz28@estudiante.edu.bo', 'Colegio Boliviano', 'Santa Cruz de la Sierra', NULL, 4, 1, 'Noche', 1, 'Preinscrito', false, 728, NOW(), NOW());
INSERT INTO requisitos_documentales (postulante_id, ci_digitalizado, certificado_nacimiento, titulo_bachiller_legalizado, formulario_preinscripcion, verificado_bd_externa, updated_at) VALUES (629, false, false, false, false, false, NOW());
INSERT INTO users (id, name, email, password, role, active, created_at, updated_at) VALUES (729, 'Beatriz Vidal', 'beatrizvidal29@estudiante.edu.bo', '\$2y\$12\$TyO9cTQJ0O7NSPORyyP8Hup.wk8.BWNWu4itdEJYyjZ2Sem9DbFyi', 'Postulante', true, NOW(), NOW());
INSERT INTO postulantes (id, ci, nombres, apellidos, fecha_nacimiento, sexo, direccion, telefono, email, colegio_procedencia, ciudad, titulo_bachiller, primera_opcion_id, segunda_opcion_id, turno_preferencia, gestion_id, estado, recurrente, user_id, created_at, updated_at) VALUES (630, '6832821', 'Beatriz', 'Vidal', '2005-01-15', 'M', NULL, '59174158762', 'beatrizvidal29@estudiante.edu.bo', 'Colegio Boliviano', 'Santa Cruz de la Sierra', NULL, 4, 1, 'Manana', 1, 'Preinscrito', false, 729, NOW(), NOW());
INSERT INTO requisitos_documentales (postulante_id, ci_digitalizado, certificado_nacimiento, titulo_bachiller_legalizado, formulario_preinscripcion, verificado_bd_externa, updated_at) VALUES (630, false, false, false, false, false, NOW());
INSERT INTO users (id, name, email, password, role, active, created_at, updated_at) VALUES (730, 'Isabel Ortiz', 'isabelortiz30@estudiante.edu.bo', '\$2y\$12\$TyO9cTQJ0O7NSPORyyP8Hup.wk8.BWNWu4itdEJYyjZ2Sem9DbFyi', 'Postulante', true, NOW(), NOW());
INSERT INTO postulantes (id, ci, nombres, apellidos, fecha_nacimiento, sexo, direccion, telefono, email, colegio_procedencia, ciudad, titulo_bachiller, primera_opcion_id, segunda_opcion_id, turno_preferencia, gestion_id, estado, recurrente, user_id, created_at, updated_at) VALUES (631, '1317957', 'Isabel', 'Ortiz', '2005-01-15', 'M', NULL, '59177207556', 'isabelortiz30@estudiante.edu.bo', 'Colegio Boliviano', 'Santa Cruz de la Sierra', NULL, 4, 1, 'Noche', 1, 'Preinscrito', false, 730, NOW(), NOW());
INSERT INTO requisitos_documentales (postulante_id, ci_digitalizado, certificado_nacimiento, titulo_bachiller_legalizado, formulario_preinscripcion, verificado_bd_externa, updated_at) VALUES (631, false, false, false, false, false, NOW());
INSERT INTO users (id, name, email, password, role, active, created_at, updated_at) VALUES (731, 'Francisca Valencia', 'franciscavalencia31@estudiante.edu.bo', '\$2y\$12\$TyO9cTQJ0O7NSPORyyP8Hup.wk8.BWNWu4itdEJYyjZ2Sem9DbFyi', 'Postulante', true, NOW(), NOW());
INSERT INTO postulantes (id, ci, nombres, apellidos, fecha_nacimiento, sexo, direccion, telefono, email, colegio_procedencia, ciudad, titulo_bachiller, primera_opcion_id, segunda_opcion_id, turno_preferencia, gestion_id, estado, recurrente, user_id, created_at, updated_at) VALUES (632, '4968477', 'Francisca', 'Valencia', '2005-01-15', 'M', NULL, '59191065080', 'franciscavalencia31@estudiante.edu.bo', 'Colegio Boliviano', 'Santa Cruz de la Sierra', NULL, 4, 1, 'Manana', 1, 'Preinscrito', false, 731, NOW(), NOW());
INSERT INTO requisitos_documentales (postulante_id, ci_digitalizado, certificado_nacimiento, titulo_bachiller_legalizado, formulario_preinscripcion, verificado_bd_externa, updated_at) VALUES (632, false, false, false, false, false, NOW());
INSERT INTO users (id, name, email, password, role, active, created_at, updated_at) VALUES (732, 'Patricia Flores', 'patriciaflores32@estudiante.edu.bo', '\$2y\$12\$TyO9cTQJ0O7NSPORyyP8Hup.wk8.BWNWu4itdEJYyjZ2Sem9DbFyi', 'Postulante', true, NOW(), NOW());
INSERT INTO postulantes (id, ci, nombres, apellidos, fecha_nacimiento, sexo, direccion, telefono, email, colegio_procedencia, ciudad, titulo_bachiller, primera_opcion_id, segunda_opcion_id, turno_preferencia, gestion_id, estado, recurrente, user_id, created_at, updated_at) VALUES (633, '4988583', 'Patricia', 'Flores', '2005-01-15', 'M', NULL, '59186664940', 'patriciaflores32@estudiante.edu.bo', 'Colegio Boliviano', 'Santa Cruz de la Sierra', NULL, 4, 1, 'Noche', 1, 'Preinscrito', false, 732, NOW(), NOW());
INSERT INTO requisitos_documentales (postulante_id, ci_digitalizado, certificado_nacimiento, titulo_bachiller_legalizado, formulario_preinscripcion, verificado_bd_externa, updated_at) VALUES (633, false, false, false, false, false, NOW());
INSERT INTO users (id, name, email, password, role, active, created_at, updated_at) VALUES (733, 'Carmen Rivera', 'carmenrivera33@estudiante.edu.bo', '\$2y\$12\$TyO9cTQJ0O7NSPORyyP8Hup.wk8.BWNWu4itdEJYyjZ2Sem9DbFyi', 'Postulante', true, NOW(), NOW());
INSERT INTO postulantes (id, ci, nombres, apellidos, fecha_nacimiento, sexo, direccion, telefono, email, colegio_procedencia, ciudad, titulo_bachiller, primera_opcion_id, segunda_opcion_id, turno_preferencia, gestion_id, estado, recurrente, user_id, created_at, updated_at) VALUES (634, '5244263', 'Carmen', 'Rivera', '2005-01-15', 'M', NULL, '59180024112', 'carmenrivera33@estudiante.edu.bo', 'Colegio Boliviano', 'Santa Cruz de la Sierra', NULL, 4, 1, 'Noche', 1, 'Preinscrito', false, 733, NOW(), NOW());
INSERT INTO requisitos_documentales (postulante_id, ci_digitalizado, certificado_nacimiento, titulo_bachiller_legalizado, formulario_preinscripcion, verificado_bd_externa, updated_at) VALUES (634, false, false, false, false, false, NOW());
INSERT INTO users (id, name, email, password, role, active, created_at, updated_at) VALUES (734, 'Ricardo Sánchez', 'ricardosánchez34@estudiante.edu.bo', '\$2y\$12\$TyO9cTQJ0O7NSPORyyP8Hup.wk8.BWNWu4itdEJYyjZ2Sem9DbFyi', 'Postulante', true, NOW(), NOW());
INSERT INTO postulantes (id, ci, nombres, apellidos, fecha_nacimiento, sexo, direccion, telefono, email, colegio_procedencia, ciudad, titulo_bachiller, primera_opcion_id, segunda_opcion_id, turno_preferencia, gestion_id, estado, recurrente, user_id, created_at, updated_at) VALUES (635, '8837072', 'Ricardo', 'Sánchez', '2005-01-15', 'M', NULL, '59163262477', 'ricardosánchez34@estudiante.edu.bo', 'Colegio Boliviano', 'Santa Cruz de la Sierra', NULL, 4, 1, 'Manana', 1, 'Preinscrito', false, 734, NOW(), NOW());
INSERT INTO requisitos_documentales (postulante_id, ci_digitalizado, certificado_nacimiento, titulo_bachiller_legalizado, formulario_preinscripcion, verificado_bd_externa, updated_at) VALUES (635, false, false, false, false, false, NOW());
INSERT INTO users (id, name, email, password, role, active, created_at, updated_at) VALUES (735, 'Irene Reyes', 'irenereyes35@estudiante.edu.bo', '\$2y\$12\$TyO9cTQJ0O7NSPORyyP8Hup.wk8.BWNWu4itdEJYyjZ2Sem9DbFyi', 'Postulante', true, NOW(), NOW());
INSERT INTO postulantes (id, ci, nombres, apellidos, fecha_nacimiento, sexo, direccion, telefono, email, colegio_procedencia, ciudad, titulo_bachiller, primera_opcion_id, segunda_opcion_id, turno_preferencia, gestion_id, estado, recurrente, user_id, created_at, updated_at) VALUES (636, '1357062', 'Irene', 'Reyes', '2005-01-15', 'M', NULL, '59186782116', 'irenereyes35@estudiante.edu.bo', 'Colegio Boliviano', 'Santa Cruz de la Sierra', NULL, 4, 1, 'Tarde', 1, 'Preinscrito', false, 735, NOW(), NOW());
INSERT INTO requisitos_documentales (postulante_id, ci_digitalizado, certificado_nacimiento, titulo_bachiller_legalizado, formulario_preinscripcion, verificado_bd_externa, updated_at) VALUES (636, false, false, false, false, false, NOW());
INSERT INTO users (id, name, email, password, role, active, created_at, updated_at) VALUES (736, 'Verónica Delgado', 'verónicadelgado36@estudiante.edu.bo', '\$2y\$12\$TyO9cTQJ0O7NSPORyyP8Hup.wk8.BWNWu4itdEJYyjZ2Sem9DbFyi', 'Postulante', true, NOW(), NOW());
INSERT INTO postulantes (id, ci, nombres, apellidos, fecha_nacimiento, sexo, direccion, telefono, email, colegio_procedencia, ciudad, titulo_bachiller, primera_opcion_id, segunda_opcion_id, turno_preferencia, gestion_id, estado, recurrente, user_id, created_at, updated_at) VALUES (637, '8681562', 'Verónica', 'Delgado', '2005-01-15', 'M', NULL, '59186155795', 'verónicadelgado36@estudiante.edu.bo', 'Colegio Boliviano', 'Santa Cruz de la Sierra', NULL, 4, 1, 'Tarde', 1, 'Preinscrito', false, 736, NOW(), NOW());
INSERT INTO requisitos_documentales (postulante_id, ci_digitalizado, certificado_nacimiento, titulo_bachiller_legalizado, formulario_preinscripcion, verificado_bd_externa, updated_at) VALUES (637, false, false, false, false, false, NOW());
INSERT INTO users (id, name, email, password, role, active, created_at, updated_at) VALUES (737, 'María Campos', 'maríacampos37@estudiante.edu.bo', '\$2y\$12\$TyO9cTQJ0O7NSPORyyP8Hup.wk8.BWNWu4itdEJYyjZ2Sem9DbFyi', 'Postulante', true, NOW(), NOW());
INSERT INTO postulantes (id, ci, nombres, apellidos, fecha_nacimiento, sexo, direccion, telefono, email, colegio_procedencia, ciudad, titulo_bachiller, primera_opcion_id, segunda_opcion_id, turno_preferencia, gestion_id, estado, recurrente, user_id, created_at, updated_at) VALUES (638, '3618453', 'María', 'Campos', '2005-01-15', 'M', NULL, '59166157869', 'maríacampos37@estudiante.edu.bo', 'Colegio Boliviano', 'Santa Cruz de la Sierra', NULL, 4, 1, 'Manana', 1, 'Preinscrito', false, 737, NOW(), NOW());
INSERT INTO requisitos_documentales (postulante_id, ci_digitalizado, certificado_nacimiento, titulo_bachiller_legalizado, formulario_preinscripcion, verificado_bd_externa, updated_at) VALUES (638, false, false, false, false, false, NOW());
INSERT INTO users (id, name, email, password, role, active, created_at, updated_at) VALUES (738, 'Francisca Rojas', 'franciscarojas38@estudiante.edu.bo', '\$2y\$12\$TyO9cTQJ0O7NSPORyyP8Hup.wk8.BWNWu4itdEJYyjZ2Sem9DbFyi', 'Postulante', true, NOW(), NOW());
INSERT INTO postulantes (id, ci, nombres, apellidos, fecha_nacimiento, sexo, direccion, telefono, email, colegio_procedencia, ciudad, titulo_bachiller, primera_opcion_id, segunda_opcion_id, turno_preferencia, gestion_id, estado, recurrente, user_id, created_at, updated_at) VALUES (639, '3018980', 'Francisca', 'Rojas', '2005-01-15', 'M', NULL, '59181825852', 'franciscarojas38@estudiante.edu.bo', 'Colegio Boliviano', 'Santa Cruz de la Sierra', NULL, 4, 1, 'Tarde', 1, 'Preinscrito', false, 738, NOW(), NOW());
INSERT INTO requisitos_documentales (postulante_id, ci_digitalizado, certificado_nacimiento, titulo_bachiller_legalizado, formulario_preinscripcion, verificado_bd_externa, updated_at) VALUES (639, false, false, false, false, false, NOW());
INSERT INTO users (id, name, email, password, role, active, created_at, updated_at) VALUES (739, 'Isabel Jiménez', 'isabeljiménez39@estudiante.edu.bo', '\$2y\$12\$TyO9cTQJ0O7NSPORyyP8Hup.wk8.BWNWu4itdEJYyjZ2Sem9DbFyi', 'Postulante', true, NOW(), NOW());
INSERT INTO postulantes (id, ci, nombres, apellidos, fecha_nacimiento, sexo, direccion, telefono, email, colegio_procedencia, ciudad, titulo_bachiller, primera_opcion_id, segunda_opcion_id, turno_preferencia, gestion_id, estado, recurrente, user_id, created_at, updated_at) VALUES (640, '8231272', 'Isabel', 'Jiménez', '2005-01-15', 'M', NULL, '59162469111', 'isabeljiménez39@estudiante.edu.bo', 'Colegio Boliviano', 'Santa Cruz de la Sierra', NULL, 4, 1, 'Tarde', 1, 'Preinscrito', false, 739, NOW(), NOW());
INSERT INTO requisitos_documentales (postulante_id, ci_digitalizado, certificado_nacimiento, titulo_bachiller_legalizado, formulario_preinscripcion, verificado_bd_externa, updated_at) VALUES (640, false, false, false, false, false, NOW());
INSERT INTO users (id, name, email, password, role, active, created_at, updated_at) VALUES (740, 'Isabel Rivera', 'isabelrivera40@estudiante.edu.bo', '\$2y\$12\$TyO9cTQJ0O7NSPORyyP8Hup.wk8.BWNWu4itdEJYyjZ2Sem9DbFyi', 'Postulante', true, NOW(), NOW());
INSERT INTO postulantes (id, ci, nombres, apellidos, fecha_nacimiento, sexo, direccion, telefono, email, colegio_procedencia, ciudad, titulo_bachiller, primera_opcion_id, segunda_opcion_id, turno_preferencia, gestion_id, estado, recurrente, user_id, created_at, updated_at) VALUES (641, '4267316', 'Isabel', 'Rivera', '2005-01-15', 'M', NULL, '59167477461', 'isabelrivera40@estudiante.edu.bo', 'Colegio Boliviano', 'Santa Cruz de la Sierra', NULL, 4, 1, 'Noche', 1, 'Preinscrito', false, 740, NOW(), NOW());
INSERT INTO requisitos_documentales (postulante_id, ci_digitalizado, certificado_nacimiento, titulo_bachiller_legalizado, formulario_preinscripcion, verificado_bd_externa, updated_at) VALUES (641, false, false, false, false, false, NOW());
INSERT INTO users (id, name, email, password, role, active, created_at, updated_at) VALUES (741, 'Roberto Silva', 'robertosilva41@estudiante.edu.bo', '\$2y\$12\$TyO9cTQJ0O7NSPORyyP8Hup.wk8.BWNWu4itdEJYyjZ2Sem9DbFyi', 'Postulante', true, NOW(), NOW());
INSERT INTO postulantes (id, ci, nombres, apellidos, fecha_nacimiento, sexo, direccion, telefono, email, colegio_procedencia, ciudad, titulo_bachiller, primera_opcion_id, segunda_opcion_id, turno_preferencia, gestion_id, estado, recurrente, user_id, created_at, updated_at) VALUES (642, '8285582', 'Roberto', 'Silva', '2005-01-15', 'M', NULL, '59176732020', 'robertosilva41@estudiante.edu.bo', 'Colegio Boliviano', 'Santa Cruz de la Sierra', NULL, 4, 1, 'Tarde', 1, 'Preinscrito', false, 741, NOW(), NOW());
INSERT INTO requisitos_documentales (postulante_id, ci_digitalizado, certificado_nacimiento, titulo_bachiller_legalizado, formulario_preinscripcion, verificado_bd_externa, updated_at) VALUES (642, false, false, false, false, false, NOW());
INSERT INTO users (id, name, email, password, role, active, created_at, updated_at) VALUES (742, 'Rosa Vega', 'rosavega42@estudiante.edu.bo', '\$2y\$12\$TyO9cTQJ0O7NSPORyyP8Hup.wk8.BWNWu4itdEJYyjZ2Sem9DbFyi', 'Postulante', true, NOW(), NOW());
INSERT INTO postulantes (id, ci, nombres, apellidos, fecha_nacimiento, sexo, direccion, telefono, email, colegio_procedencia, ciudad, titulo_bachiller, primera_opcion_id, segunda_opcion_id, turno_preferencia, gestion_id, estado, recurrente, user_id, created_at, updated_at) VALUES (643, '4885232', 'Rosa', 'Vega', '2005-01-15', 'M', NULL, '59167348474', 'rosavega42@estudiante.edu.bo', 'Colegio Boliviano', 'Santa Cruz de la Sierra', NULL, 4, 1, 'Noche', 1, 'Preinscrito', false, 742, NOW(), NOW());
INSERT INTO requisitos_documentales (postulante_id, ci_digitalizado, certificado_nacimiento, titulo_bachiller_legalizado, formulario_preinscripcion, verificado_bd_externa, updated_at) VALUES (643, false, false, false, false, false, NOW());
INSERT INTO users (id, name, email, password, role, active, created_at, updated_at) VALUES (743, 'Valentina Silva', 'valentinasilva43@estudiante.edu.bo', '\$2y\$12\$TyO9cTQJ0O7NSPORyyP8Hup.wk8.BWNWu4itdEJYyjZ2Sem9DbFyi', 'Postulante', true, NOW(), NOW());
INSERT INTO postulantes (id, ci, nombres, apellidos, fecha_nacimiento, sexo, direccion, telefono, email, colegio_procedencia, ciudad, titulo_bachiller, primera_opcion_id, segunda_opcion_id, turno_preferencia, gestion_id, estado, recurrente, user_id, created_at, updated_at) VALUES (644, '4402732', 'Valentina', 'Silva', '2005-01-15', 'M', NULL, '59172340316', 'valentinasilva43@estudiante.edu.bo', 'Colegio Boliviano', 'Santa Cruz de la Sierra', NULL, 4, 1, 'Noche', 1, 'Preinscrito', false, 743, NOW(), NOW());
INSERT INTO requisitos_documentales (postulante_id, ci_digitalizado, certificado_nacimiento, titulo_bachiller_legalizado, formulario_preinscripcion, verificado_bd_externa, updated_at) VALUES (644, false, false, false, false, false, NOW());
INSERT INTO users (id, name, email, password, role, active, created_at, updated_at) VALUES (744, 'Irene Rivas', 'irenerivas44@estudiante.edu.bo', '\$2y\$12\$TyO9cTQJ0O7NSPORyyP8Hup.wk8.BWNWu4itdEJYyjZ2Sem9DbFyi', 'Postulante', true, NOW(), NOW());
INSERT INTO postulantes (id, ci, nombres, apellidos, fecha_nacimiento, sexo, direccion, telefono, email, colegio_procedencia, ciudad, titulo_bachiller, primera_opcion_id, segunda_opcion_id, turno_preferencia, gestion_id, estado, recurrente, user_id, created_at, updated_at) VALUES (645, '2262678', 'Irene', 'Rivas', '2005-01-15', 'M', NULL, '59171872175', 'irenerivas44@estudiante.edu.bo', 'Colegio Boliviano', 'Santa Cruz de la Sierra', NULL, 4, 1, 'Tarde', 1, 'Preinscrito', false, 744, NOW(), NOW());
INSERT INTO requisitos_documentales (postulante_id, ci_digitalizado, certificado_nacimiento, titulo_bachiller_legalizado, formulario_preinscripcion, verificado_bd_externa, updated_at) VALUES (645, false, false, false, false, false, NOW());
INSERT INTO users (id, name, email, password, role, active, created_at, updated_at) VALUES (745, 'Valentina Rivera', 'valentinarivera45@estudiante.edu.bo', '\$2y\$12\$TyO9cTQJ0O7NSPORyyP8Hup.wk8.BWNWu4itdEJYyjZ2Sem9DbFyi', 'Postulante', true, NOW(), NOW());
INSERT INTO postulantes (id, ci, nombres, apellidos, fecha_nacimiento, sexo, direccion, telefono, email, colegio_procedencia, ciudad, titulo_bachiller, primera_opcion_id, segunda_opcion_id, turno_preferencia, gestion_id, estado, recurrente, user_id, created_at, updated_at) VALUES (646, '6252431', 'Valentina', 'Rivera', '2005-01-15', 'M', NULL, '59172092944', 'valentinarivera45@estudiante.edu.bo', 'Colegio Boliviano', 'Santa Cruz de la Sierra', NULL, 4, 1, 'Noche', 1, 'Preinscrito', false, 745, NOW(), NOW());
INSERT INTO requisitos_documentales (postulante_id, ci_digitalizado, certificado_nacimiento, titulo_bachiller_legalizado, formulario_preinscripcion, verificado_bd_externa, updated_at) VALUES (646, false, false, false, false, false, NOW());
INSERT INTO users (id, name, email, password, role, active, created_at, updated_at) VALUES (746, 'Carlos Hernández', 'carloshernández46@estudiante.edu.bo', '\$2y\$12\$TyO9cTQJ0O7NSPORyyP8Hup.wk8.BWNWu4itdEJYyjZ2Sem9DbFyi', 'Postulante', true, NOW(), NOW());
INSERT INTO postulantes (id, ci, nombres, apellidos, fecha_nacimiento, sexo, direccion, telefono, email, colegio_procedencia, ciudad, titulo_bachiller, primera_opcion_id, segunda_opcion_id, turno_preferencia, gestion_id, estado, recurrente, user_id, created_at, updated_at) VALUES (647, '1521965', 'Carlos', 'Hernández', '2005-01-15', 'M', NULL, '59185991937', 'carloshernández46@estudiante.edu.bo', 'Colegio Boliviano', 'Santa Cruz de la Sierra', NULL, 4, 1, 'Manana', 1, 'Preinscrito', false, 746, NOW(), NOW());
INSERT INTO requisitos_documentales (postulante_id, ci_digitalizado, certificado_nacimiento, titulo_bachiller_legalizado, formulario_preinscripcion, verificado_bd_externa, updated_at) VALUES (647, false, false, false, false, false, NOW());
INSERT INTO users (id, name, email, password, role, active, created_at, updated_at) VALUES (747, 'Manuel Reyes', 'manuelreyes47@estudiante.edu.bo', '\$2y\$12\$TyO9cTQJ0O7NSPORyyP8Hup.wk8.BWNWu4itdEJYyjZ2Sem9DbFyi', 'Postulante', true, NOW(), NOW());
INSERT INTO postulantes (id, ci, nombres, apellidos, fecha_nacimiento, sexo, direccion, telefono, email, colegio_procedencia, ciudad, titulo_bachiller, primera_opcion_id, segunda_opcion_id, turno_preferencia, gestion_id, estado, recurrente, user_id, created_at, updated_at) VALUES (648, '5245818', 'Manuel', 'Reyes', '2005-01-15', 'M', NULL, '59193535999', 'manuelreyes47@estudiante.edu.bo', 'Colegio Boliviano', 'Santa Cruz de la Sierra', NULL, 4, 1, 'Tarde', 1, 'Preinscrito', false, 747, NOW(), NOW());
INSERT INTO requisitos_documentales (postulante_id, ci_digitalizado, certificado_nacimiento, titulo_bachiller_legalizado, formulario_preinscripcion, verificado_bd_externa, updated_at) VALUES (648, false, false, false, false, false, NOW());
INSERT INTO users (id, name, email, password, role, active, created_at, updated_at) VALUES (748, 'Miguel Tapia', 'migueltapia48@estudiante.edu.bo', '\$2y\$12\$TyO9cTQJ0O7NSPORyyP8Hup.wk8.BWNWu4itdEJYyjZ2Sem9DbFyi', 'Postulante', true, NOW(), NOW());
INSERT INTO postulantes (id, ci, nombres, apellidos, fecha_nacimiento, sexo, direccion, telefono, email, colegio_procedencia, ciudad, titulo_bachiller, primera_opcion_id, segunda_opcion_id, turno_preferencia, gestion_id, estado, recurrente, user_id, created_at, updated_at) VALUES (649, '1659243', 'Miguel', 'Tapia', '2005-01-15', 'M', NULL, '59184876334', 'migueltapia48@estudiante.edu.bo', 'Colegio Boliviano', 'Santa Cruz de la Sierra', NULL, 4, 1, 'Noche', 1, 'Preinscrito', false, 748, NOW(), NOW());
INSERT INTO requisitos_documentales (postulante_id, ci_digitalizado, certificado_nacimiento, titulo_bachiller_legalizado, formulario_preinscripcion, verificado_bd_externa, updated_at) VALUES (649, false, false, false, false, false, NOW());
INSERT INTO users (id, name, email, password, role, active, created_at, updated_at) VALUES (749, 'Rosario Castillo', 'rosariocastillo49@estudiante.edu.bo', '\$2y\$12\$TyO9cTQJ0O7NSPORyyP8Hup.wk8.BWNWu4itdEJYyjZ2Sem9DbFyi', 'Postulante', true, NOW(), NOW());
INSERT INTO postulantes (id, ci, nombres, apellidos, fecha_nacimiento, sexo, direccion, telefono, email, colegio_procedencia, ciudad, titulo_bachiller, primera_opcion_id, segunda_opcion_id, turno_preferencia, gestion_id, estado, recurrente, user_id, created_at, updated_at) VALUES (650, '3034814', 'Rosario', 'Castillo', '2005-01-15', 'M', NULL, '59184596969', 'rosariocastillo49@estudiante.edu.bo', 'Colegio Boliviano', 'Santa Cruz de la Sierra', NULL, 4, 1, 'Noche', 1, 'Preinscrito', false, 749, NOW(), NOW());
INSERT INTO requisitos_documentales (postulante_id, ci_digitalizado, certificado_nacimiento, titulo_bachiller_legalizado, formulario_preinscripcion, verificado_bd_externa, updated_at) VALUES (650, false, false, false, false, false, NOW());
INSERT INTO users (id, name, email, password, role, active, created_at, updated_at) VALUES (750, 'Andrés Fuentes', 'andrésfuentes50@estudiante.edu.bo', '\$2y\$12\$TyO9cTQJ0O7NSPORyyP8Hup.wk8.BWNWu4itdEJYyjZ2Sem9DbFyi', 'Postulante', true, NOW(), NOW());
INSERT INTO postulantes (id, ci, nombres, apellidos, fecha_nacimiento, sexo, direccion, telefono, email, colegio_procedencia, ciudad, titulo_bachiller, primera_opcion_id, segunda_opcion_id, turno_preferencia, gestion_id, estado, recurrente, user_id, created_at, updated_at) VALUES (651, '8788097', 'Andrés', 'Fuentes', '2005-01-15', 'M', NULL, '59195569275', 'andrésfuentes50@estudiante.edu.bo', 'Colegio Boliviano', 'Santa Cruz de la Sierra', NULL, 4, 1, 'Tarde', 1, 'Preinscrito', false, 750, NOW(), NOW());
INSERT INTO requisitos_documentales (postulante_id, ci_digitalizado, certificado_nacimiento, titulo_bachiller_legalizado, formulario_preinscripcion, verificado_bd_externa, updated_at) VALUES (651, false, false, false, false, false, NOW());
INSERT INTO users (id, name, email, password, role, active, created_at, updated_at) VALUES (751, 'Elena Guerrero', 'elenaguerrero51@estudiante.edu.bo', '\$2y\$12\$TyO9cTQJ0O7NSPORyyP8Hup.wk8.BWNWu4itdEJYyjZ2Sem9DbFyi', 'Postulante', true, NOW(), NOW());
INSERT INTO postulantes (id, ci, nombres, apellidos, fecha_nacimiento, sexo, direccion, telefono, email, colegio_procedencia, ciudad, titulo_bachiller, primera_opcion_id, segunda_opcion_id, turno_preferencia, gestion_id, estado, recurrente, user_id, created_at, updated_at) VALUES (652, '1037223', 'Elena', 'Guerrero', '2005-01-15', 'M', NULL, '59163981069', 'elenaguerrero51@estudiante.edu.bo', 'Colegio Boliviano', 'Santa Cruz de la Sierra', NULL, 4, 1, 'Noche', 1, 'Preinscrito', false, 751, NOW(), NOW());
INSERT INTO requisitos_documentales (postulante_id, ci_digitalizado, certificado_nacimiento, titulo_bachiller_legalizado, formulario_preinscripcion, verificado_bd_externa, updated_at) VALUES (652, false, false, false, false, false, NOW());
INSERT INTO users (id, name, email, password, role, active, created_at, updated_at) VALUES (752, 'Diego Reyes', 'diegoreyes52@estudiante.edu.bo', '\$2y\$12\$TyO9cTQJ0O7NSPORyyP8Hup.wk8.BWNWu4itdEJYyjZ2Sem9DbFyi', 'Postulante', true, NOW(), NOW());
INSERT INTO postulantes (id, ci, nombres, apellidos, fecha_nacimiento, sexo, direccion, telefono, email, colegio_procedencia, ciudad, titulo_bachiller, primera_opcion_id, segunda_opcion_id, turno_preferencia, gestion_id, estado, recurrente, user_id, created_at, updated_at) VALUES (653, '3976281', 'Diego', 'Reyes', '2005-01-15', 'M', NULL, '59193453135', 'diegoreyes52@estudiante.edu.bo', 'Colegio Boliviano', 'Santa Cruz de la Sierra', NULL, 4, 1, 'Tarde', 1, 'Preinscrito', false, 752, NOW(), NOW());
INSERT INTO requisitos_documentales (postulante_id, ci_digitalizado, certificado_nacimiento, titulo_bachiller_legalizado, formulario_preinscripcion, verificado_bd_externa, updated_at) VALUES (653, false, false, false, false, false, NOW());
INSERT INTO users (id, name, email, password, role, active, created_at, updated_at) VALUES (753, 'Valentina Pérez', 'valentinapérez53@estudiante.edu.bo', '\$2y\$12\$TyO9cTQJ0O7NSPORyyP8Hup.wk8.BWNWu4itdEJYyjZ2Sem9DbFyi', 'Postulante', true, NOW(), NOW());
INSERT INTO postulantes (id, ci, nombres, apellidos, fecha_nacimiento, sexo, direccion, telefono, email, colegio_procedencia, ciudad, titulo_bachiller, primera_opcion_id, segunda_opcion_id, turno_preferencia, gestion_id, estado, recurrente, user_id, created_at, updated_at) VALUES (654, '1556703', 'Valentina', 'Pérez', '2005-01-15', 'M', NULL, '59184948584', 'valentinapérez53@estudiante.edu.bo', 'Colegio Boliviano', 'Santa Cruz de la Sierra', NULL, 4, 1, 'Manana', 1, 'Preinscrito', false, 753, NOW(), NOW());
INSERT INTO requisitos_documentales (postulante_id, ci_digitalizado, certificado_nacimiento, titulo_bachiller_legalizado, formulario_preinscripcion, verificado_bd_externa, updated_at) VALUES (654, false, false, false, false, false, NOW());
INSERT INTO users (id, name, email, password, role, active, created_at, updated_at) VALUES (754, 'Natalia Hernández', 'nataliahernández54@estudiante.edu.bo', '\$2y\$12\$TyO9cTQJ0O7NSPORyyP8Hup.wk8.BWNWu4itdEJYyjZ2Sem9DbFyi', 'Postulante', true, NOW(), NOW());
INSERT INTO postulantes (id, ci, nombres, apellidos, fecha_nacimiento, sexo, direccion, telefono, email, colegio_procedencia, ciudad, titulo_bachiller, primera_opcion_id, segunda_opcion_id, turno_preferencia, gestion_id, estado, recurrente, user_id, created_at, updated_at) VALUES (655, '9667283', 'Natalia', 'Hernández', '2005-01-15', 'M', NULL, '59166998844', 'nataliahernández54@estudiante.edu.bo', 'Colegio Boliviano', 'Santa Cruz de la Sierra', NULL, 4, 1, 'Tarde', 1, 'Preinscrito', false, 754, NOW(), NOW());
INSERT INTO requisitos_documentales (postulante_id, ci_digitalizado, certificado_nacimiento, titulo_bachiller_legalizado, formulario_preinscripcion, verificado_bd_externa, updated_at) VALUES (655, false, false, false, false, false, NOW());
INSERT INTO users (id, name, email, password, role, active, created_at, updated_at) VALUES (755, 'Verónica Molina', 'verónicamolina55@estudiante.edu.bo', '\$2y\$12\$TyO9cTQJ0O7NSPORyyP8Hup.wk8.BWNWu4itdEJYyjZ2Sem9DbFyi', 'Postulante', true, NOW(), NOW());
INSERT INTO postulantes (id, ci, nombres, apellidos, fecha_nacimiento, sexo, direccion, telefono, email, colegio_procedencia, ciudad, titulo_bachiller, primera_opcion_id, segunda_opcion_id, turno_preferencia, gestion_id, estado, recurrente, user_id, created_at, updated_at) VALUES (656, '5472674', 'Verónica', 'Molina', '2005-01-15', 'M', NULL, '59175143699', 'verónicamolina55@estudiante.edu.bo', 'Colegio Boliviano', 'Santa Cruz de la Sierra', NULL, 4, 1, 'Manana', 1, 'Preinscrito', false, 755, NOW(), NOW());
INSERT INTO requisitos_documentales (postulante_id, ci_digitalizado, certificado_nacimiento, titulo_bachiller_legalizado, formulario_preinscripcion, verificado_bd_externa, updated_at) VALUES (656, false, false, false, false, false, NOW());
INSERT INTO users (id, name, email, password, role, active, created_at, updated_at) VALUES (756, 'Constanza Domínguez', 'constanzadomínguez56@estudiante.edu.bo', '\$2y\$12\$TyO9cTQJ0O7NSPORyyP8Hup.wk8.BWNWu4itdEJYyjZ2Sem9DbFyi', 'Postulante', true, NOW(), NOW());
INSERT INTO postulantes (id, ci, nombres, apellidos, fecha_nacimiento, sexo, direccion, telefono, email, colegio_procedencia, ciudad, titulo_bachiller, primera_opcion_id, segunda_opcion_id, turno_preferencia, gestion_id, estado, recurrente, user_id, created_at, updated_at) VALUES (657, '9819645', 'Constanza', 'Domínguez', '2005-01-15', 'M', NULL, '59179540676', 'constanzadomínguez56@estudiante.edu.bo', 'Colegio Boliviano', 'Santa Cruz de la Sierra', NULL, 4, 1, 'Manana', 1, 'Preinscrito', false, 756, NOW(), NOW());
INSERT INTO requisitos_documentales (postulante_id, ci_digitalizado, certificado_nacimiento, titulo_bachiller_legalizado, formulario_preinscripcion, verificado_bd_externa, updated_at) VALUES (657, false, false, false, false, false, NOW());
INSERT INTO users (id, name, email, password, role, active, created_at, updated_at) VALUES (757, 'Manuel Guerrero', 'manuelguerrero57@estudiante.edu.bo', '\$2y\$12\$TyO9cTQJ0O7NSPORyyP8Hup.wk8.BWNWu4itdEJYyjZ2Sem9DbFyi', 'Postulante', true, NOW(), NOW());
INSERT INTO postulantes (id, ci, nombres, apellidos, fecha_nacimiento, sexo, direccion, telefono, email, colegio_procedencia, ciudad, titulo_bachiller, primera_opcion_id, segunda_opcion_id, turno_preferencia, gestion_id, estado, recurrente, user_id, created_at, updated_at) VALUES (658, '2517221', 'Manuel', 'Guerrero', '2005-01-15', 'M', NULL, '59198553711', 'manuelguerrero57@estudiante.edu.bo', 'Colegio Boliviano', 'Santa Cruz de la Sierra', NULL, 4, 1, 'Tarde', 1, 'Preinscrito', false, 757, NOW(), NOW());
INSERT INTO requisitos_documentales (postulante_id, ci_digitalizado, certificado_nacimiento, titulo_bachiller_legalizado, formulario_preinscripcion, verificado_bd_externa, updated_at) VALUES (658, false, false, false, false, false, NOW());
INSERT INTO users (id, name, email, password, role, active, created_at, updated_at) VALUES (758, 'Isabel García', 'isabelgarcía58@estudiante.edu.bo', '\$2y\$12\$TyO9cTQJ0O7NSPORyyP8Hup.wk8.BWNWu4itdEJYyjZ2Sem9DbFyi', 'Postulante', true, NOW(), NOW());
INSERT INTO postulantes (id, ci, nombres, apellidos, fecha_nacimiento, sexo, direccion, telefono, email, colegio_procedencia, ciudad, titulo_bachiller, primera_opcion_id, segunda_opcion_id, turno_preferencia, gestion_id, estado, recurrente, user_id, created_at, updated_at) VALUES (659, '4106827', 'Isabel', 'García', '2005-01-15', 'M', NULL, '59199007977', 'isabelgarcía58@estudiante.edu.bo', 'Colegio Boliviano', 'Santa Cruz de la Sierra', NULL, 4, 1, 'Manana', 1, 'Preinscrito', false, 758, NOW(), NOW());
INSERT INTO requisitos_documentales (postulante_id, ci_digitalizado, certificado_nacimiento, titulo_bachiller_legalizado, formulario_preinscripcion, verificado_bd_externa, updated_at) VALUES (659, false, false, false, false, false, NOW());
INSERT INTO users (id, name, email, password, role, active, created_at, updated_at) VALUES (759, 'Andrés Contreras', 'andréscontreras59@estudiante.edu.bo', '\$2y\$12\$TyO9cTQJ0O7NSPORyyP8Hup.wk8.BWNWu4itdEJYyjZ2Sem9DbFyi', 'Postulante', true, NOW(), NOW());
INSERT INTO postulantes (id, ci, nombres, apellidos, fecha_nacimiento, sexo, direccion, telefono, email, colegio_procedencia, ciudad, titulo_bachiller, primera_opcion_id, segunda_opcion_id, turno_preferencia, gestion_id, estado, recurrente, user_id, created_at, updated_at) VALUES (660, '8063594', 'Andrés', 'Contreras', '2005-01-15', 'M', NULL, '59171125760', 'andréscontreras59@estudiante.edu.bo', 'Colegio Boliviano', 'Santa Cruz de la Sierra', NULL, 4, 1, 'Tarde', 1, 'Preinscrito', false, 759, NOW(), NOW());
INSERT INTO requisitos_documentales (postulante_id, ci_digitalizado, certificado_nacimiento, titulo_bachiller_legalizado, formulario_preinscripcion, verificado_bd_externa, updated_at) VALUES (660, false, false, false, false, false, NOW());
INSERT INTO users (id, name, email, password, role, active, created_at, updated_at) VALUES (760, 'Luis Acosta', 'luisacosta60@estudiante.edu.bo', '\$2y\$12\$TyO9cTQJ0O7NSPORyyP8Hup.wk8.BWNWu4itdEJYyjZ2Sem9DbFyi', 'Postulante', true, NOW(), NOW());
INSERT INTO postulantes (id, ci, nombres, apellidos, fecha_nacimiento, sexo, direccion, telefono, email, colegio_procedencia, ciudad, titulo_bachiller, primera_opcion_id, segunda_opcion_id, turno_preferencia, gestion_id, estado, recurrente, user_id, created_at, updated_at) VALUES (661, '6396157', 'Luis', 'Acosta', '2005-01-15', 'M', NULL, '59171095528', 'luisacosta60@estudiante.edu.bo', 'Colegio Boliviano', 'Santa Cruz de la Sierra', NULL, 4, 1, 'Noche', 1, 'Preinscrito', false, 760, NOW(), NOW());
INSERT INTO requisitos_documentales (postulante_id, ci_digitalizado, certificado_nacimiento, titulo_bachiller_legalizado, formulario_preinscripcion, verificado_bd_externa, updated_at) VALUES (661, false, false, false, false, false, NOW());
INSERT INTO users (id, name, email, password, role, active, created_at, updated_at) VALUES (761, 'Carlos Ruiz', 'carlosruiz61@estudiante.edu.bo', '\$2y\$12\$TyO9cTQJ0O7NSPORyyP8Hup.wk8.BWNWu4itdEJYyjZ2Sem9DbFyi', 'Postulante', true, NOW(), NOW());
INSERT INTO postulantes (id, ci, nombres, apellidos, fecha_nacimiento, sexo, direccion, telefono, email, colegio_procedencia, ciudad, titulo_bachiller, primera_opcion_id, segunda_opcion_id, turno_preferencia, gestion_id, estado, recurrente, user_id, created_at, updated_at) VALUES (662, '3735670', 'Carlos', 'Ruiz', '2005-01-15', 'M', NULL, '59182442246', 'carlosruiz61@estudiante.edu.bo', 'Colegio Boliviano', 'Santa Cruz de la Sierra', NULL, 4, 1, 'Manana', 1, 'Preinscrito', false, 761, NOW(), NOW());
INSERT INTO requisitos_documentales (postulante_id, ci_digitalizado, certificado_nacimiento, titulo_bachiller_legalizado, formulario_preinscripcion, verificado_bd_externa, updated_at) VALUES (662, false, false, false, false, false, NOW());
INSERT INTO users (id, name, email, password, role, active, created_at, updated_at) VALUES (762, 'Francisca Vázquez', 'franciscavázquez62@estudiante.edu.bo', '\$2y\$12\$TyO9cTQJ0O7NSPORyyP8Hup.wk8.BWNWu4itdEJYyjZ2Sem9DbFyi', 'Postulante', true, NOW(), NOW());
INSERT INTO postulantes (id, ci, nombres, apellidos, fecha_nacimiento, sexo, direccion, telefono, email, colegio_procedencia, ciudad, titulo_bachiller, primera_opcion_id, segunda_opcion_id, turno_preferencia, gestion_id, estado, recurrente, user_id, created_at, updated_at) VALUES (663, '2414391', 'Francisca', 'Vázquez', '2005-01-15', 'M', NULL, '59178219728', 'franciscavázquez62@estudiante.edu.bo', 'Colegio Boliviano', 'Santa Cruz de la Sierra', NULL, 4, 1, 'Tarde', 1, 'Preinscrito', false, 762, NOW(), NOW());
INSERT INTO requisitos_documentales (postulante_id, ci_digitalizado, certificado_nacimiento, titulo_bachiller_legalizado, formulario_preinscripcion, verificado_bd_externa, updated_at) VALUES (663, false, false, false, false, false, NOW());
INSERT INTO users (id, name, email, password, role, active, created_at, updated_at) VALUES (763, 'Beatriz Pérez', 'beatrizpérez63@estudiante.edu.bo', '\$2y\$12\$TyO9cTQJ0O7NSPORyyP8Hup.wk8.BWNWu4itdEJYyjZ2Sem9DbFyi', 'Postulante', true, NOW(), NOW());
INSERT INTO postulantes (id, ci, nombres, apellidos, fecha_nacimiento, sexo, direccion, telefono, email, colegio_procedencia, ciudad, titulo_bachiller, primera_opcion_id, segunda_opcion_id, turno_preferencia, gestion_id, estado, recurrente, user_id, created_at, updated_at) VALUES (664, '2650483', 'Beatriz', 'Pérez', '2005-01-15', 'M', NULL, '59176544486', 'beatrizpérez63@estudiante.edu.bo', 'Colegio Boliviano', 'Santa Cruz de la Sierra', NULL, 4, 1, 'Noche', 1, 'Preinscrito', false, 763, NOW(), NOW());
INSERT INTO requisitos_documentales (postulante_id, ci_digitalizado, certificado_nacimiento, titulo_bachiller_legalizado, formulario_preinscripcion, verificado_bd_externa, updated_at) VALUES (664, false, false, false, false, false, NOW());
INSERT INTO users (id, name, email, password, role, active, created_at, updated_at) VALUES (764, 'Gabriela Rivera', 'gabrielarivera64@estudiante.edu.bo', '\$2y\$12\$TyO9cTQJ0O7NSPORyyP8Hup.wk8.BWNWu4itdEJYyjZ2Sem9DbFyi', 'Postulante', true, NOW(), NOW());
INSERT INTO postulantes (id, ci, nombres, apellidos, fecha_nacimiento, sexo, direccion, telefono, email, colegio_procedencia, ciudad, titulo_bachiller, primera_opcion_id, segunda_opcion_id, turno_preferencia, gestion_id, estado, recurrente, user_id, created_at, updated_at) VALUES (665, '9767373', 'Gabriela', 'Rivera', '2005-01-15', 'M', NULL, '59184285098', 'gabrielarivera64@estudiante.edu.bo', 'Colegio Boliviano', 'Santa Cruz de la Sierra', NULL, 4, 1, 'Manana', 1, 'Preinscrito', false, 764, NOW(), NOW());
INSERT INTO requisitos_documentales (postulante_id, ci_digitalizado, certificado_nacimiento, titulo_bachiller_legalizado, formulario_preinscripcion, verificado_bd_externa, updated_at) VALUES (665, false, false, false, false, false, NOW());
INSERT INTO users (id, name, email, password, role, active, created_at, updated_at) VALUES (765, 'Verónica Campos', 'verónicacampos65@estudiante.edu.bo', '\$2y\$12\$TyO9cTQJ0O7NSPORyyP8Hup.wk8.BWNWu4itdEJYyjZ2Sem9DbFyi', 'Postulante', true, NOW(), NOW());
INSERT INTO postulantes (id, ci, nombres, apellidos, fecha_nacimiento, sexo, direccion, telefono, email, colegio_procedencia, ciudad, titulo_bachiller, primera_opcion_id, segunda_opcion_id, turno_preferencia, gestion_id, estado, recurrente, user_id, created_at, updated_at) VALUES (666, '1833035', 'Verónica', 'Campos', '2005-01-15', 'M', NULL, '59166011095', 'verónicacampos65@estudiante.edu.bo', 'Colegio Boliviano', 'Santa Cruz de la Sierra', NULL, 4, 1, 'Manana', 1, 'Preinscrito', false, 765, NOW(), NOW());
INSERT INTO requisitos_documentales (postulante_id, ci_digitalizado, certificado_nacimiento, titulo_bachiller_legalizado, formulario_preinscripcion, verificado_bd_externa, updated_at) VALUES (666, false, false, false, false, false, NOW());
INSERT INTO users (id, name, email, password, role, active, created_at, updated_at) VALUES (766, 'Juan Silva', 'juansilva66@estudiante.edu.bo', '\$2y\$12\$TyO9cTQJ0O7NSPORyyP8Hup.wk8.BWNWu4itdEJYyjZ2Sem9DbFyi', 'Postulante', true, NOW(), NOW());
INSERT INTO postulantes (id, ci, nombres, apellidos, fecha_nacimiento, sexo, direccion, telefono, email, colegio_procedencia, ciudad, titulo_bachiller, primera_opcion_id, segunda_opcion_id, turno_preferencia, gestion_id, estado, recurrente, user_id, created_at, updated_at) VALUES (667, '2772482', 'Juan', 'Silva', '2005-01-15', 'M', NULL, '59179064755', 'juansilva66@estudiante.edu.bo', 'Colegio Boliviano', 'Santa Cruz de la Sierra', NULL, 4, 1, 'Manana', 1, 'Preinscrito', false, 766, NOW(), NOW());
INSERT INTO requisitos_documentales (postulante_id, ci_digitalizado, certificado_nacimiento, titulo_bachiller_legalizado, formulario_preinscripcion, verificado_bd_externa, updated_at) VALUES (667, false, false, false, false, false, NOW());
INSERT INTO users (id, name, email, password, role, active, created_at, updated_at) VALUES (767, 'Carlos Martínez', 'carlosmartínez67@estudiante.edu.bo', '\$2y\$12\$TyO9cTQJ0O7NSPORyyP8Hup.wk8.BWNWu4itdEJYyjZ2Sem9DbFyi', 'Postulante', true, NOW(), NOW());
INSERT INTO postulantes (id, ci, nombres, apellidos, fecha_nacimiento, sexo, direccion, telefono, email, colegio_procedencia, ciudad, titulo_bachiller, primera_opcion_id, segunda_opcion_id, turno_preferencia, gestion_id, estado, recurrente, user_id, created_at, updated_at) VALUES (668, '8287393', 'Carlos', 'Martínez', '2005-01-15', 'M', NULL, '59169616247', 'carlosmartínez67@estudiante.edu.bo', 'Colegio Boliviano', 'Santa Cruz de la Sierra', NULL, 4, 1, 'Tarde', 1, 'Preinscrito', false, 767, NOW(), NOW());
INSERT INTO requisitos_documentales (postulante_id, ci_digitalizado, certificado_nacimiento, titulo_bachiller_legalizado, formulario_preinscripcion, verificado_bd_externa, updated_at) VALUES (668, false, false, false, false, false, NOW());
INSERT INTO users (id, name, email, password, role, active, created_at, updated_at) VALUES (768, 'Sergio Fuentes', 'sergiofuentes68@estudiante.edu.bo', '\$2y\$12\$TyO9cTQJ0O7NSPORyyP8Hup.wk8.BWNWu4itdEJYyjZ2Sem9DbFyi', 'Postulante', true, NOW(), NOW());
INSERT INTO postulantes (id, ci, nombres, apellidos, fecha_nacimiento, sexo, direccion, telefono, email, colegio_procedencia, ciudad, titulo_bachiller, primera_opcion_id, segunda_opcion_id, turno_preferencia, gestion_id, estado, recurrente, user_id, created_at, updated_at) VALUES (669, '2748916', 'Sergio', 'Fuentes', '2005-01-15', 'M', NULL, '59166597283', 'sergiofuentes68@estudiante.edu.bo', 'Colegio Boliviano', 'Santa Cruz de la Sierra', NULL, 4, 1, 'Noche', 1, 'Preinscrito', false, 768, NOW(), NOW());
INSERT INTO requisitos_documentales (postulante_id, ci_digitalizado, certificado_nacimiento, titulo_bachiller_legalizado, formulario_preinscripcion, verificado_bd_externa, updated_at) VALUES (669, false, false, false, false, false, NOW());
INSERT INTO users (id, name, email, password, role, active, created_at, updated_at) VALUES (769, 'Alejandro Reyes', 'alejandroreyes69@estudiante.edu.bo', '\$2y\$12\$TyO9cTQJ0O7NSPORyyP8Hup.wk8.BWNWu4itdEJYyjZ2Sem9DbFyi', 'Postulante', true, NOW(), NOW());
INSERT INTO postulantes (id, ci, nombres, apellidos, fecha_nacimiento, sexo, direccion, telefono, email, colegio_procedencia, ciudad, titulo_bachiller, primera_opcion_id, segunda_opcion_id, turno_preferencia, gestion_id, estado, recurrente, user_id, created_at, updated_at) VALUES (670, '5577467', 'Alejandro', 'Reyes', '2005-01-15', 'M', NULL, '59197702377', 'alejandroreyes69@estudiante.edu.bo', 'Colegio Boliviano', 'Santa Cruz de la Sierra', NULL, 4, 1, 'Manana', 1, 'Preinscrito', false, 769, NOW(), NOW());
INSERT INTO requisitos_documentales (postulante_id, ci_digitalizado, certificado_nacimiento, titulo_bachiller_legalizado, formulario_preinscripcion, verificado_bd_externa, updated_at) VALUES (670, false, false, false, false, false, NOW());
INSERT INTO users (id, name, email, password, role, active, created_at, updated_at) VALUES (770, 'Francisca Vargas', 'franciscavargas70@estudiante.edu.bo', '\$2y\$12\$TyO9cTQJ0O7NSPORyyP8Hup.wk8.BWNWu4itdEJYyjZ2Sem9DbFyi', 'Postulante', true, NOW(), NOW());
INSERT INTO postulantes (id, ci, nombres, apellidos, fecha_nacimiento, sexo, direccion, telefono, email, colegio_procedencia, ciudad, titulo_bachiller, primera_opcion_id, segunda_opcion_id, turno_preferencia, gestion_id, estado, recurrente, user_id, created_at, updated_at) VALUES (671, '7135408', 'Francisca', 'Vargas', '2005-01-15', 'M', NULL, '59196915602', 'franciscavargas70@estudiante.edu.bo', 'Colegio Boliviano', 'Santa Cruz de la Sierra', NULL, 4, 1, 'Manana', 1, 'Preinscrito', false, 770, NOW(), NOW());
INSERT INTO requisitos_documentales (postulante_id, ci_digitalizado, certificado_nacimiento, titulo_bachiller_legalizado, formulario_preinscripcion, verificado_bd_externa, updated_at) VALUES (671, false, false, false, false, false, NOW());
INSERT INTO users (id, name, email, password, role, active, created_at, updated_at) VALUES (771, 'Elena Jiménez', 'elenajiménez71@estudiante.edu.bo', '\$2y\$12\$TyO9cTQJ0O7NSPORyyP8Hup.wk8.BWNWu4itdEJYyjZ2Sem9DbFyi', 'Postulante', true, NOW(), NOW());
INSERT INTO postulantes (id, ci, nombres, apellidos, fecha_nacimiento, sexo, direccion, telefono, email, colegio_procedencia, ciudad, titulo_bachiller, primera_opcion_id, segunda_opcion_id, turno_preferencia, gestion_id, estado, recurrente, user_id, created_at, updated_at) VALUES (672, '1128458', 'Elena', 'Jiménez', '2005-01-15', 'M', NULL, '59178023543', 'elenajiménez71@estudiante.edu.bo', 'Colegio Boliviano', 'Santa Cruz de la Sierra', NULL, 4, 1, 'Noche', 1, 'Preinscrito', false, 771, NOW(), NOW());
INSERT INTO requisitos_documentales (postulante_id, ci_digitalizado, certificado_nacimiento, titulo_bachiller_legalizado, formulario_preinscripcion, verificado_bd_externa, updated_at) VALUES (672, false, false, false, false, false, NOW());
INSERT INTO users (id, name, email, password, role, active, created_at, updated_at) VALUES (772, 'Constanza Carrillo', 'constanzacarrillo72@estudiante.edu.bo', '\$2y\$12\$TyO9cTQJ0O7NSPORyyP8Hup.wk8.BWNWu4itdEJYyjZ2Sem9DbFyi', 'Postulante', true, NOW(), NOW());
INSERT INTO postulantes (id, ci, nombres, apellidos, fecha_nacimiento, sexo, direccion, telefono, email, colegio_procedencia, ciudad, titulo_bachiller, primera_opcion_id, segunda_opcion_id, turno_preferencia, gestion_id, estado, recurrente, user_id, created_at, updated_at) VALUES (673, '2589488', 'Constanza', 'Carrillo', '2005-01-15', 'M', NULL, '59186669068', 'constanzacarrillo72@estudiante.edu.bo', 'Colegio Boliviano', 'Santa Cruz de la Sierra', NULL, 4, 1, 'Noche', 1, 'Preinscrito', false, 772, NOW(), NOW());
INSERT INTO requisitos_documentales (postulante_id, ci_digitalizado, certificado_nacimiento, titulo_bachiller_legalizado, formulario_preinscripcion, verificado_bd_externa, updated_at) VALUES (673, false, false, false, false, false, NOW());
INSERT INTO users (id, name, email, password, role, active, created_at, updated_at) VALUES (773, 'Diego Rodríguez', 'diegorodríguez73@estudiante.edu.bo', '\$2y\$12\$TyO9cTQJ0O7NSPORyyP8Hup.wk8.BWNWu4itdEJYyjZ2Sem9DbFyi', 'Postulante', true, NOW(), NOW());
INSERT INTO postulantes (id, ci, nombres, apellidos, fecha_nacimiento, sexo, direccion, telefono, email, colegio_procedencia, ciudad, titulo_bachiller, primera_opcion_id, segunda_opcion_id, turno_preferencia, gestion_id, estado, recurrente, user_id, created_at, updated_at) VALUES (674, '7039254', 'Diego', 'Rodríguez', '2005-01-15', 'M', NULL, '59175452514', 'diegorodríguez73@estudiante.edu.bo', 'Colegio Boliviano', 'Santa Cruz de la Sierra', NULL, 4, 1, 'Manana', 1, 'Preinscrito', false, 773, NOW(), NOW());
INSERT INTO requisitos_documentales (postulante_id, ci_digitalizado, certificado_nacimiento, titulo_bachiller_legalizado, formulario_preinscripcion, verificado_bd_externa, updated_at) VALUES (674, false, false, false, false, false, NOW());
INSERT INTO users (id, name, email, password, role, active, created_at, updated_at) VALUES (774, 'Pedro Domínguez', 'pedrodomínguez74@estudiante.edu.bo', '\$2y\$12\$TyO9cTQJ0O7NSPORyyP8Hup.wk8.BWNWu4itdEJYyjZ2Sem9DbFyi', 'Postulante', true, NOW(), NOW());
INSERT INTO postulantes (id, ci, nombres, apellidos, fecha_nacimiento, sexo, direccion, telefono, email, colegio_procedencia, ciudad, titulo_bachiller, primera_opcion_id, segunda_opcion_id, turno_preferencia, gestion_id, estado, recurrente, user_id, created_at, updated_at) VALUES (675, '8209344', 'Pedro', 'Domínguez', '2005-01-15', 'M', NULL, '59179184936', 'pedrodomínguez74@estudiante.edu.bo', 'Colegio Boliviano', 'Santa Cruz de la Sierra', NULL, 4, 1, 'Tarde', 1, 'Preinscrito', false, 774, NOW(), NOW());
INSERT INTO requisitos_documentales (postulante_id, ci_digitalizado, certificado_nacimiento, titulo_bachiller_legalizado, formulario_preinscripcion, verificado_bd_externa, updated_at) VALUES (675, false, false, false, false, false, NOW());
INSERT INTO users (id, name, email, password, role, active, created_at, updated_at) VALUES (775, 'Oscar Fuentes', 'oscarfuentes75@estudiante.edu.bo', '\$2y\$12\$TyO9cTQJ0O7NSPORyyP8Hup.wk8.BWNWu4itdEJYyjZ2Sem9DbFyi', 'Postulante', true, NOW(), NOW());
INSERT INTO postulantes (id, ci, nombres, apellidos, fecha_nacimiento, sexo, direccion, telefono, email, colegio_procedencia, ciudad, titulo_bachiller, primera_opcion_id, segunda_opcion_id, turno_preferencia, gestion_id, estado, recurrente, user_id, created_at, updated_at) VALUES (676, '2022539', 'Oscar', 'Fuentes', '2005-01-15', 'M', NULL, '59190939058', 'oscarfuentes75@estudiante.edu.bo', 'Colegio Boliviano', 'Santa Cruz de la Sierra', NULL, 4, 1, 'Manana', 1, 'Preinscrito', false, 775, NOW(), NOW());
INSERT INTO requisitos_documentales (postulante_id, ci_digitalizado, certificado_nacimiento, titulo_bachiller_legalizado, formulario_preinscripcion, verificado_bd_externa, updated_at) VALUES (676, false, false, false, false, false, NOW());
INSERT INTO users (id, name, email, password, role, active, created_at, updated_at) VALUES (776, 'Rosario Vidal', 'rosariovidal76@estudiante.edu.bo', '\$2y\$12\$TyO9cTQJ0O7NSPORyyP8Hup.wk8.BWNWu4itdEJYyjZ2Sem9DbFyi', 'Postulante', true, NOW(), NOW());
INSERT INTO postulantes (id, ci, nombres, apellidos, fecha_nacimiento, sexo, direccion, telefono, email, colegio_procedencia, ciudad, titulo_bachiller, primera_opcion_id, segunda_opcion_id, turno_preferencia, gestion_id, estado, recurrente, user_id, created_at, updated_at) VALUES (677, '8357736', 'Rosario', 'Vidal', '2005-01-15', 'M', NULL, '59178266353', 'rosariovidal76@estudiante.edu.bo', 'Colegio Boliviano', 'Santa Cruz de la Sierra', NULL, 4, 1, 'Tarde', 1, 'Preinscrito', false, 776, NOW(), NOW());
INSERT INTO requisitos_documentales (postulante_id, ci_digitalizado, certificado_nacimiento, titulo_bachiller_legalizado, formulario_preinscripcion, verificado_bd_externa, updated_at) VALUES (677, false, false, false, false, false, NOW());
INSERT INTO users (id, name, email, password, role, active, created_at, updated_at) VALUES (777, 'Miguel Vázquez', 'miguelvázquez77@estudiante.edu.bo', '\$2y\$12\$TyO9cTQJ0O7NSPORyyP8Hup.wk8.BWNWu4itdEJYyjZ2Sem9DbFyi', 'Postulante', true, NOW(), NOW());
INSERT INTO postulantes (id, ci, nombres, apellidos, fecha_nacimiento, sexo, direccion, telefono, email, colegio_procedencia, ciudad, titulo_bachiller, primera_opcion_id, segunda_opcion_id, turno_preferencia, gestion_id, estado, recurrente, user_id, created_at, updated_at) VALUES (678, '3144964', 'Miguel', 'Vázquez', '2005-01-15', 'M', NULL, '59187460094', 'miguelvázquez77@estudiante.edu.bo', 'Colegio Boliviano', 'Santa Cruz de la Sierra', NULL, 4, 1, 'Noche', 1, 'Preinscrito', false, 777, NOW(), NOW());
INSERT INTO requisitos_documentales (postulante_id, ci_digitalizado, certificado_nacimiento, titulo_bachiller_legalizado, formulario_preinscripcion, verificado_bd_externa, updated_at) VALUES (678, false, false, false, false, false, NOW());
INSERT INTO users (id, name, email, password, role, active, created_at, updated_at) VALUES (778, 'Gabriela López', 'gabrielalópez78@estudiante.edu.bo', '\$2y\$12\$TyO9cTQJ0O7NSPORyyP8Hup.wk8.BWNWu4itdEJYyjZ2Sem9DbFyi', 'Postulante', true, NOW(), NOW());
INSERT INTO postulantes (id, ci, nombres, apellidos, fecha_nacimiento, sexo, direccion, telefono, email, colegio_procedencia, ciudad, titulo_bachiller, primera_opcion_id, segunda_opcion_id, turno_preferencia, gestion_id, estado, recurrente, user_id, created_at, updated_at) VALUES (679, '5367986', 'Gabriela', 'López', '2005-01-15', 'M', NULL, '59197195844', 'gabrielalópez78@estudiante.edu.bo', 'Colegio Boliviano', 'Santa Cruz de la Sierra', NULL, 4, 1, 'Manana', 1, 'Preinscrito', false, 778, NOW(), NOW());
INSERT INTO requisitos_documentales (postulante_id, ci_digitalizado, certificado_nacimiento, titulo_bachiller_legalizado, formulario_preinscripcion, verificado_bd_externa, updated_at) VALUES (679, false, false, false, false, false, NOW());
INSERT INTO users (id, name, email, password, role, active, created_at, updated_at) VALUES (779, 'Eduardo Torres', 'eduardotorres79@estudiante.edu.bo', '\$2y\$12\$TyO9cTQJ0O7NSPORyyP8Hup.wk8.BWNWu4itdEJYyjZ2Sem9DbFyi', 'Postulante', true, NOW(), NOW());
INSERT INTO postulantes (id, ci, nombres, apellidos, fecha_nacimiento, sexo, direccion, telefono, email, colegio_procedencia, ciudad, titulo_bachiller, primera_opcion_id, segunda_opcion_id, turno_preferencia, gestion_id, estado, recurrente, user_id, created_at, updated_at) VALUES (680, '1454132', 'Eduardo', 'Torres', '2005-01-15', 'M', NULL, '59167667272', 'eduardotorres79@estudiante.edu.bo', 'Colegio Boliviano', 'Santa Cruz de la Sierra', NULL, 4, 1, 'Tarde', 1, 'Preinscrito', false, 779, NOW(), NOW());
INSERT INTO requisitos_documentales (postulante_id, ci_digitalizado, certificado_nacimiento, titulo_bachiller_legalizado, formulario_preinscripcion, verificado_bd_externa, updated_at) VALUES (680, false, false, false, false, false, NOW());
INSERT INTO users (id, name, email, password, role, active, created_at, updated_at) VALUES (780, 'Aurora Martínez', 'auroramartínez80@estudiante.edu.bo', '\$2y\$12\$TyO9cTQJ0O7NSPORyyP8Hup.wk8.BWNWu4itdEJYyjZ2Sem9DbFyi', 'Postulante', true, NOW(), NOW());
INSERT INTO postulantes (id, ci, nombres, apellidos, fecha_nacimiento, sexo, direccion, telefono, email, colegio_procedencia, ciudad, titulo_bachiller, primera_opcion_id, segunda_opcion_id, turno_preferencia, gestion_id, estado, recurrente, user_id, created_at, updated_at) VALUES (681, '4858583', 'Aurora', 'Martínez', '2005-01-15', 'M', NULL, '59189427777', 'auroramartínez80@estudiante.edu.bo', 'Colegio Boliviano', 'Santa Cruz de la Sierra', NULL, 4, 1, 'Tarde', 1, 'Preinscrito', false, 780, NOW(), NOW());
INSERT INTO requisitos_documentales (postulante_id, ci_digitalizado, certificado_nacimiento, titulo_bachiller_legalizado, formulario_preinscripcion, verificado_bd_externa, updated_at) VALUES (681, false, false, false, false, false, NOW());
INSERT INTO users (id, name, email, password, role, active, created_at, updated_at) VALUES (781, 'Arturo Hernández', 'arturohernández81@estudiante.edu.bo', '\$2y\$12\$TyO9cTQJ0O7NSPORyyP8Hup.wk8.BWNWu4itdEJYyjZ2Sem9DbFyi', 'Postulante', true, NOW(), NOW());
INSERT INTO postulantes (id, ci, nombres, apellidos, fecha_nacimiento, sexo, direccion, telefono, email, colegio_procedencia, ciudad, titulo_bachiller, primera_opcion_id, segunda_opcion_id, turno_preferencia, gestion_id, estado, recurrente, user_id, created_at, updated_at) VALUES (682, '5339534', 'Arturo', 'Hernández', '2005-01-15', 'M', NULL, '59172992068', 'arturohernández81@estudiante.edu.bo', 'Colegio Boliviano', 'Santa Cruz de la Sierra', NULL, 4, 1, 'Manana', 1, 'Preinscrito', false, 781, NOW(), NOW());
INSERT INTO requisitos_documentales (postulante_id, ci_digitalizado, certificado_nacimiento, titulo_bachiller_legalizado, formulario_preinscripcion, verificado_bd_externa, updated_at) VALUES (682, false, false, false, false, false, NOW());
INSERT INTO users (id, name, email, password, role, active, created_at, updated_at) VALUES (782, 'Aurora Castillo', 'auroracastillo82@estudiante.edu.bo', '\$2y\$12\$TyO9cTQJ0O7NSPORyyP8Hup.wk8.BWNWu4itdEJYyjZ2Sem9DbFyi', 'Postulante', true, NOW(), NOW());
INSERT INTO postulantes (id, ci, nombres, apellidos, fecha_nacimiento, sexo, direccion, telefono, email, colegio_procedencia, ciudad, titulo_bachiller, primera_opcion_id, segunda_opcion_id, turno_preferencia, gestion_id, estado, recurrente, user_id, created_at, updated_at) VALUES (683, '8267585', 'Aurora', 'Castillo', '2005-01-15', 'M', NULL, '59197855254', 'auroracastillo82@estudiante.edu.bo', 'Colegio Boliviano', 'Santa Cruz de la Sierra', NULL, 4, 1, 'Noche', 1, 'Preinscrito', false, 782, NOW(), NOW());
INSERT INTO requisitos_documentales (postulante_id, ci_digitalizado, certificado_nacimiento, titulo_bachiller_legalizado, formulario_preinscripcion, verificado_bd_externa, updated_at) VALUES (683, false, false, false, false, false, NOW());
INSERT INTO users (id, name, email, password, role, active, created_at, updated_at) VALUES (783, 'Javier Rivera', 'javierrivera83@estudiante.edu.bo', '\$2y\$12\$TyO9cTQJ0O7NSPORyyP8Hup.wk8.BWNWu4itdEJYyjZ2Sem9DbFyi', 'Postulante', true, NOW(), NOW());
INSERT INTO postulantes (id, ci, nombres, apellidos, fecha_nacimiento, sexo, direccion, telefono, email, colegio_procedencia, ciudad, titulo_bachiller, primera_opcion_id, segunda_opcion_id, turno_preferencia, gestion_id, estado, recurrente, user_id, created_at, updated_at) VALUES (684, '3488514', 'Javier', 'Rivera', '2005-01-15', 'M', NULL, '59174120115', 'javierrivera83@estudiante.edu.bo', 'Colegio Boliviano', 'Santa Cruz de la Sierra', NULL, 4, 1, 'Manana', 1, 'Preinscrito', false, 783, NOW(), NOW());
INSERT INTO requisitos_documentales (postulante_id, ci_digitalizado, certificado_nacimiento, titulo_bachiller_legalizado, formulario_preinscripcion, verificado_bd_externa, updated_at) VALUES (684, false, false, false, false, false, NOW());
INSERT INTO users (id, name, email, password, role, active, created_at, updated_at) VALUES (784, 'Luis López', 'luislópez84@estudiante.edu.bo', '\$2y\$12\$TyO9cTQJ0O7NSPORyyP8Hup.wk8.BWNWu4itdEJYyjZ2Sem9DbFyi', 'Postulante', true, NOW(), NOW());
INSERT INTO postulantes (id, ci, nombres, apellidos, fecha_nacimiento, sexo, direccion, telefono, email, colegio_procedencia, ciudad, titulo_bachiller, primera_opcion_id, segunda_opcion_id, turno_preferencia, gestion_id, estado, recurrente, user_id, created_at, updated_at) VALUES (685, '2632000', 'Luis', 'López', '2005-01-15', 'M', NULL, '59177635824', 'luislópez84@estudiante.edu.bo', 'Colegio Boliviano', 'Santa Cruz de la Sierra', NULL, 4, 1, 'Noche', 1, 'Preinscrito', false, 784, NOW(), NOW());
INSERT INTO requisitos_documentales (postulante_id, ci_digitalizado, certificado_nacimiento, titulo_bachiller_legalizado, formulario_preinscripcion, verificado_bd_externa, updated_at) VALUES (685, false, false, false, false, false, NOW());
INSERT INTO users (id, name, email, password, role, active, created_at, updated_at) VALUES (785, 'Isabel Morales', 'isabelmorales85@estudiante.edu.bo', '\$2y\$12\$TyO9cTQJ0O7NSPORyyP8Hup.wk8.BWNWu4itdEJYyjZ2Sem9DbFyi', 'Postulante', true, NOW(), NOW());
INSERT INTO postulantes (id, ci, nombres, apellidos, fecha_nacimiento, sexo, direccion, telefono, email, colegio_procedencia, ciudad, titulo_bachiller, primera_opcion_id, segunda_opcion_id, turno_preferencia, gestion_id, estado, recurrente, user_id, created_at, updated_at) VALUES (686, '6517773', 'Isabel', 'Morales', '2005-01-15', 'M', NULL, '59179601899', 'isabelmorales85@estudiante.edu.bo', 'Colegio Boliviano', 'Santa Cruz de la Sierra', NULL, 4, 1, 'Tarde', 1, 'Preinscrito', false, 785, NOW(), NOW());
INSERT INTO requisitos_documentales (postulante_id, ci_digitalizado, certificado_nacimiento, titulo_bachiller_legalizado, formulario_preinscripcion, verificado_bd_externa, updated_at) VALUES (686, false, false, false, false, false, NOW());
INSERT INTO users (id, name, email, password, role, active, created_at, updated_at) VALUES (786, 'Sergio Ortiz', 'sergioortiz86@estudiante.edu.bo', '\$2y\$12\$TyO9cTQJ0O7NSPORyyP8Hup.wk8.BWNWu4itdEJYyjZ2Sem9DbFyi', 'Postulante', true, NOW(), NOW());
INSERT INTO postulantes (id, ci, nombres, apellidos, fecha_nacimiento, sexo, direccion, telefono, email, colegio_procedencia, ciudad, titulo_bachiller, primera_opcion_id, segunda_opcion_id, turno_preferencia, gestion_id, estado, recurrente, user_id, created_at, updated_at) VALUES (687, '4902340', 'Sergio', 'Ortiz', '2005-01-15', 'M', NULL, '59187719552', 'sergioortiz86@estudiante.edu.bo', 'Colegio Boliviano', 'Santa Cruz de la Sierra', NULL, 4, 1, 'Noche', 1, 'Preinscrito', false, 786, NOW(), NOW());
INSERT INTO requisitos_documentales (postulante_id, ci_digitalizado, certificado_nacimiento, titulo_bachiller_legalizado, formulario_preinscripcion, verificado_bd_externa, updated_at) VALUES (687, false, false, false, false, false, NOW());
INSERT INTO users (id, name, email, password, role, active, created_at, updated_at) VALUES (787, 'Pedro Flores', 'pedroflores87@estudiante.edu.bo', '\$2y\$12\$TyO9cTQJ0O7NSPORyyP8Hup.wk8.BWNWu4itdEJYyjZ2Sem9DbFyi', 'Postulante', true, NOW(), NOW());
INSERT INTO postulantes (id, ci, nombres, apellidos, fecha_nacimiento, sexo, direccion, telefono, email, colegio_procedencia, ciudad, titulo_bachiller, primera_opcion_id, segunda_opcion_id, turno_preferencia, gestion_id, estado, recurrente, user_id, created_at, updated_at) VALUES (688, '9980832', 'Pedro', 'Flores', '2005-01-15', 'M', NULL, '59165616121', 'pedroflores87@estudiante.edu.bo', 'Colegio Boliviano', 'Santa Cruz de la Sierra', NULL, 4, 1, 'Tarde', 1, 'Preinscrito', false, 787, NOW(), NOW());
INSERT INTO requisitos_documentales (postulante_id, ci_digitalizado, certificado_nacimiento, titulo_bachiller_legalizado, formulario_preinscripcion, verificado_bd_externa, updated_at) VALUES (688, false, false, false, false, false, NOW());
INSERT INTO users (id, name, email, password, role, active, created_at, updated_at) VALUES (788, 'Marisol Contreras', 'marisolcontreras88@estudiante.edu.bo', '\$2y\$12\$TyO9cTQJ0O7NSPORyyP8Hup.wk8.BWNWu4itdEJYyjZ2Sem9DbFyi', 'Postulante', true, NOW(), NOW());
INSERT INTO postulantes (id, ci, nombres, apellidos, fecha_nacimiento, sexo, direccion, telefono, email, colegio_procedencia, ciudad, titulo_bachiller, primera_opcion_id, segunda_opcion_id, turno_preferencia, gestion_id, estado, recurrente, user_id, created_at, updated_at) VALUES (689, '7439506', 'Marisol', 'Contreras', '2005-01-15', 'M', NULL, '59162669406', 'marisolcontreras88@estudiante.edu.bo', 'Colegio Boliviano', 'Santa Cruz de la Sierra', NULL, 4, 1, 'Tarde', 1, 'Preinscrito', false, 788, NOW(), NOW());
INSERT INTO requisitos_documentales (postulante_id, ci_digitalizado, certificado_nacimiento, titulo_bachiller_legalizado, formulario_preinscripcion, verificado_bd_externa, updated_at) VALUES (689, false, false, false, false, false, NOW());
INSERT INTO users (id, name, email, password, role, active, created_at, updated_at) VALUES (789, 'Constanza Martínez', 'constanzamartínez89@estudiante.edu.bo', '\$2y\$12\$TyO9cTQJ0O7NSPORyyP8Hup.wk8.BWNWu4itdEJYyjZ2Sem9DbFyi', 'Postulante', true, NOW(), NOW());
INSERT INTO postulantes (id, ci, nombres, apellidos, fecha_nacimiento, sexo, direccion, telefono, email, colegio_procedencia, ciudad, titulo_bachiller, primera_opcion_id, segunda_opcion_id, turno_preferencia, gestion_id, estado, recurrente, user_id, created_at, updated_at) VALUES (690, '7200140', 'Constanza', 'Martínez', '2005-01-15', 'M', NULL, '59165110464', 'constanzamartínez89@estudiante.edu.bo', 'Colegio Boliviano', 'Santa Cruz de la Sierra', NULL, 4, 1, 'Manana', 1, 'Preinscrito', false, 789, NOW(), NOW());
INSERT INTO requisitos_documentales (postulante_id, ci_digitalizado, certificado_nacimiento, titulo_bachiller_legalizado, formulario_preinscripcion, verificado_bd_externa, updated_at) VALUES (690, false, false, false, false, false, NOW());
INSERT INTO users (id, name, email, password, role, active, created_at, updated_at) VALUES (790, 'Rosario Vidal', 'rosariovidal90@estudiante.edu.bo', '\$2y\$12\$TyO9cTQJ0O7NSPORyyP8Hup.wk8.BWNWu4itdEJYyjZ2Sem9DbFyi', 'Postulante', true, NOW(), NOW());
INSERT INTO postulantes (id, ci, nombres, apellidos, fecha_nacimiento, sexo, direccion, telefono, email, colegio_procedencia, ciudad, titulo_bachiller, primera_opcion_id, segunda_opcion_id, turno_preferencia, gestion_id, estado, recurrente, user_id, created_at, updated_at) VALUES (691, '9435803', 'Rosario', 'Vidal', '2005-01-15', 'M', NULL, '59195504015', 'rosariovidal90@estudiante.edu.bo', 'Colegio Boliviano', 'Santa Cruz de la Sierra', NULL, 4, 1, 'Noche', 1, 'Preinscrito', false, 790, NOW(), NOW());
INSERT INTO requisitos_documentales (postulante_id, ci_digitalizado, certificado_nacimiento, titulo_bachiller_legalizado, formulario_preinscripcion, verificado_bd_externa, updated_at) VALUES (691, false, false, false, false, false, NOW());
INSERT INTO users (id, name, email, password, role, active, created_at, updated_at) VALUES (791, 'Leticia Vidal', 'leticiavidal91@estudiante.edu.bo', '\$2y\$12\$TyO9cTQJ0O7NSPORyyP8Hup.wk8.BWNWu4itdEJYyjZ2Sem9DbFyi', 'Postulante', true, NOW(), NOW());
INSERT INTO postulantes (id, ci, nombres, apellidos, fecha_nacimiento, sexo, direccion, telefono, email, colegio_procedencia, ciudad, titulo_bachiller, primera_opcion_id, segunda_opcion_id, turno_preferencia, gestion_id, estado, recurrente, user_id, created_at, updated_at) VALUES (692, '7667586', 'Leticia', 'Vidal', '2005-01-15', 'M', NULL, '59181327716', 'leticiavidal91@estudiante.edu.bo', 'Colegio Boliviano', 'Santa Cruz de la Sierra', NULL, 4, 1, 'Noche', 1, 'Preinscrito', false, 791, NOW(), NOW());
INSERT INTO requisitos_documentales (postulante_id, ci_digitalizado, certificado_nacimiento, titulo_bachiller_legalizado, formulario_preinscripcion, verificado_bd_externa, updated_at) VALUES (692, false, false, false, false, false, NOW());
INSERT INTO users (id, name, email, password, role, active, created_at, updated_at) VALUES (792, 'Diego Rodríguez', 'diegorodríguez92@estudiante.edu.bo', '\$2y\$12\$TyO9cTQJ0O7NSPORyyP8Hup.wk8.BWNWu4itdEJYyjZ2Sem9DbFyi', 'Postulante', true, NOW(), NOW());
INSERT INTO postulantes (id, ci, nombres, apellidos, fecha_nacimiento, sexo, direccion, telefono, email, colegio_procedencia, ciudad, titulo_bachiller, primera_opcion_id, segunda_opcion_id, turno_preferencia, gestion_id, estado, recurrente, user_id, created_at, updated_at) VALUES (693, '9715530', 'Diego', 'Rodríguez', '2005-01-15', 'M', NULL, '59162752102', 'diegorodríguez92@estudiante.edu.bo', 'Colegio Boliviano', 'Santa Cruz de la Sierra', NULL, 4, 1, 'Tarde', 1, 'Preinscrito', false, 792, NOW(), NOW());
INSERT INTO requisitos_documentales (postulante_id, ci_digitalizado, certificado_nacimiento, titulo_bachiller_legalizado, formulario_preinscripcion, verificado_bd_externa, updated_at) VALUES (693, false, false, false, false, false, NOW());
INSERT INTO users (id, name, email, password, role, active, created_at, updated_at) VALUES (793, 'Sergio Pérez', 'sergiopérez93@estudiante.edu.bo', '\$2y\$12\$TyO9cTQJ0O7NSPORyyP8Hup.wk8.BWNWu4itdEJYyjZ2Sem9DbFyi', 'Postulante', true, NOW(), NOW());
INSERT INTO postulantes (id, ci, nombres, apellidos, fecha_nacimiento, sexo, direccion, telefono, email, colegio_procedencia, ciudad, titulo_bachiller, primera_opcion_id, segunda_opcion_id, turno_preferencia, gestion_id, estado, recurrente, user_id, created_at, updated_at) VALUES (694, '8266821', 'Sergio', 'Pérez', '2005-01-15', 'M', NULL, '59179870823', 'sergiopérez93@estudiante.edu.bo', 'Colegio Boliviano', 'Santa Cruz de la Sierra', NULL, 4, 1, 'Noche', 1, 'Preinscrito', false, 793, NOW(), NOW());
INSERT INTO requisitos_documentales (postulante_id, ci_digitalizado, certificado_nacimiento, titulo_bachiller_legalizado, formulario_preinscripcion, verificado_bd_externa, updated_at) VALUES (694, false, false, false, false, false, NOW());
INSERT INTO users (id, name, email, password, role, active, created_at, updated_at) VALUES (794, 'Roberto Acosta', 'robertoacosta94@estudiante.edu.bo', '\$2y\$12\$TyO9cTQJ0O7NSPORyyP8Hup.wk8.BWNWu4itdEJYyjZ2Sem9DbFyi', 'Postulante', true, NOW(), NOW());
INSERT INTO postulantes (id, ci, nombres, apellidos, fecha_nacimiento, sexo, direccion, telefono, email, colegio_procedencia, ciudad, titulo_bachiller, primera_opcion_id, segunda_opcion_id, turno_preferencia, gestion_id, estado, recurrente, user_id, created_at, updated_at) VALUES (695, '7414930', 'Roberto', 'Acosta', '2005-01-15', 'M', NULL, '59184949794', 'robertoacosta94@estudiante.edu.bo', 'Colegio Boliviano', 'Santa Cruz de la Sierra', NULL, 4, 1, 'Manana', 1, 'Preinscrito', false, 794, NOW(), NOW());
INSERT INTO requisitos_documentales (postulante_id, ci_digitalizado, certificado_nacimiento, titulo_bachiller_legalizado, formulario_preinscripcion, verificado_bd_externa, updated_at) VALUES (695, false, false, false, false, false, NOW());
INSERT INTO users (id, name, email, password, role, active, created_at, updated_at) VALUES (795, 'Ricardo Jiménez', 'ricardojiménez95@estudiante.edu.bo', '\$2y\$12\$TyO9cTQJ0O7NSPORyyP8Hup.wk8.BWNWu4itdEJYyjZ2Sem9DbFyi', 'Postulante', true, NOW(), NOW());
INSERT INTO postulantes (id, ci, nombres, apellidos, fecha_nacimiento, sexo, direccion, telefono, email, colegio_procedencia, ciudad, titulo_bachiller, primera_opcion_id, segunda_opcion_id, turno_preferencia, gestion_id, estado, recurrente, user_id, created_at, updated_at) VALUES (696, '6877781', 'Ricardo', 'Jiménez', '2005-01-15', 'M', NULL, '59199567940', 'ricardojiménez95@estudiante.edu.bo', 'Colegio Boliviano', 'Santa Cruz de la Sierra', NULL, 4, 1, 'Tarde', 1, 'Preinscrito', false, 795, NOW(), NOW());
INSERT INTO requisitos_documentales (postulante_id, ci_digitalizado, certificado_nacimiento, titulo_bachiller_legalizado, formulario_preinscripcion, verificado_bd_externa, updated_at) VALUES (696, false, false, false, false, false, NOW());
INSERT INTO users (id, name, email, password, role, active, created_at, updated_at) VALUES (796, 'Alejandro Torres', 'alejandrotorres96@estudiante.edu.bo', '\$2y\$12\$TyO9cTQJ0O7NSPORyyP8Hup.wk8.BWNWu4itdEJYyjZ2Sem9DbFyi', 'Postulante', true, NOW(), NOW());
INSERT INTO postulantes (id, ci, nombres, apellidos, fecha_nacimiento, sexo, direccion, telefono, email, colegio_procedencia, ciudad, titulo_bachiller, primera_opcion_id, segunda_opcion_id, turno_preferencia, gestion_id, estado, recurrente, user_id, created_at, updated_at) VALUES (697, '9927737', 'Alejandro', 'Torres', '2005-01-15', 'M', NULL, '59193978312', 'alejandrotorres96@estudiante.edu.bo', 'Colegio Boliviano', 'Santa Cruz de la Sierra', NULL, 4, 1, 'Manana', 1, 'Preinscrito', false, 796, NOW(), NOW());
INSERT INTO requisitos_documentales (postulante_id, ci_digitalizado, certificado_nacimiento, titulo_bachiller_legalizado, formulario_preinscripcion, verificado_bd_externa, updated_at) VALUES (697, false, false, false, false, false, NOW());
INSERT INTO users (id, name, email, password, role, active, created_at, updated_at) VALUES (797, 'Isabel Domínguez', 'isabeldomínguez97@estudiante.edu.bo', '\$2y\$12\$TyO9cTQJ0O7NSPORyyP8Hup.wk8.BWNWu4itdEJYyjZ2Sem9DbFyi', 'Postulante', true, NOW(), NOW());
INSERT INTO postulantes (id, ci, nombres, apellidos, fecha_nacimiento, sexo, direccion, telefono, email, colegio_procedencia, ciudad, titulo_bachiller, primera_opcion_id, segunda_opcion_id, turno_preferencia, gestion_id, estado, recurrente, user_id, created_at, updated_at) VALUES (698, '1016048', 'Isabel', 'Domínguez', '2005-01-15', 'M', NULL, '59186540461', 'isabeldomínguez97@estudiante.edu.bo', 'Colegio Boliviano', 'Santa Cruz de la Sierra', NULL, 4, 1, 'Tarde', 1, 'Preinscrito', false, 797, NOW(), NOW());
INSERT INTO requisitos_documentales (postulante_id, ci_digitalizado, certificado_nacimiento, titulo_bachiller_legalizado, formulario_preinscripcion, verificado_bd_externa, updated_at) VALUES (698, false, false, false, false, false, NOW());
INSERT INTO users (id, name, email, password, role, active, created_at, updated_at) VALUES (798, 'Fernando Acosta', 'fernandoacosta98@estudiante.edu.bo', '\$2y\$12\$TyO9cTQJ0O7NSPORyyP8Hup.wk8.BWNWu4itdEJYyjZ2Sem9DbFyi', 'Postulante', true, NOW(), NOW());
INSERT INTO postulantes (id, ci, nombres, apellidos, fecha_nacimiento, sexo, direccion, telefono, email, colegio_procedencia, ciudad, titulo_bachiller, primera_opcion_id, segunda_opcion_id, turno_preferencia, gestion_id, estado, recurrente, user_id, created_at, updated_at) VALUES (699, '7335012', 'Fernando', 'Acosta', '2005-01-15', 'M', NULL, '59186974656', 'fernandoacosta98@estudiante.edu.bo', 'Colegio Boliviano', 'Santa Cruz de la Sierra', NULL, 4, 1, 'Tarde', 1, 'Preinscrito', false, 798, NOW(), NOW());
INSERT INTO requisitos_documentales (postulante_id, ci_digitalizado, certificado_nacimiento, titulo_bachiller_legalizado, formulario_preinscripcion, verificado_bd_externa, updated_at) VALUES (699, false, false, false, false, false, NOW());
INSERT INTO users (id, name, email, password, role, active, created_at, updated_at) VALUES (799, 'Carlos Pérez', 'carlospérez99@estudiante.edu.bo', '\$2y\$12\$TyO9cTQJ0O7NSPORyyP8Hup.wk8.BWNWu4itdEJYyjZ2Sem9DbFyi', 'Postulante', true, NOW(), NOW());
INSERT INTO postulantes (id, ci, nombres, apellidos, fecha_nacimiento, sexo, direccion, telefono, email, colegio_procedencia, ciudad, titulo_bachiller, primera_opcion_id, segunda_opcion_id, turno_preferencia, gestion_id, estado, recurrente, user_id, created_at, updated_at) VALUES (700, '3726715', 'Carlos', 'Pérez', '2005-01-15', 'M', NULL, '59161626418', 'carlospérez99@estudiante.edu.bo', 'Colegio Boliviano', 'Santa Cruz de la Sierra', NULL, 4, 1, 'Manana', 1, 'Preinscrito', false, 799, NOW(), NOW());
INSERT INTO requisitos_documentales (postulante_id, ci_digitalizado, certificado_nacimiento, titulo_bachiller_legalizado, formulario_preinscripcion, verificado_bd_externa, updated_at) VALUES (700, false, false, false, false, false, NOW());
INSERT INTO users (id, name, email, password, role, active, created_at, updated_at) VALUES (800, 'Ana Campos', 'anacampos100@estudiante.edu.bo', '\$2y\$12\$TyO9cTQJ0O7NSPORyyP8Hup.wk8.BWNWu4itdEJYyjZ2Sem9DbFyi', 'Postulante', true, NOW(), NOW());
INSERT INTO postulantes (id, ci, nombres, apellidos, fecha_nacimiento, sexo, direccion, telefono, email, colegio_procedencia, ciudad, titulo_bachiller, primera_opcion_id, segunda_opcion_id, turno_preferencia, gestion_id, estado, recurrente, user_id, created_at, updated_at) VALUES (701, '9892854', 'Ana', 'Campos', '2005-01-15', 'M', NULL, '59163150868', 'anacampos100@estudiante.edu.bo', 'Colegio Boliviano', 'Santa Cruz de la Sierra', NULL, 4, 1, 'Tarde', 1, 'Preinscrito', false, 800, NOW(), NOW());
INSERT INTO requisitos_documentales (postulante_id, ci_digitalizado, certificado_nacimiento, titulo_bachiller_legalizado, formulario_preinscripcion, verificado_bd_externa, updated_at) VALUES (701, false, false, false, false, false, NOW());
INSERT INTO users (id, name, email, password, role, active, created_at, updated_at) VALUES (801, 'Diego Cortés', 'diegocortés101@estudiante.edu.bo', '\$2y\$12\$TyO9cTQJ0O7NSPORyyP8Hup.wk8.BWNWu4itdEJYyjZ2Sem9DbFyi', 'Postulante', true, NOW(), NOW());
INSERT INTO postulantes (id, ci, nombres, apellidos, fecha_nacimiento, sexo, direccion, telefono, email, colegio_procedencia, ciudad, titulo_bachiller, primera_opcion_id, segunda_opcion_id, turno_preferencia, gestion_id, estado, recurrente, user_id, created_at, updated_at) VALUES (702, '1093798', 'Diego', 'Cortés', '2005-01-15', 'M', NULL, '59165165638', 'diegocortés101@estudiante.edu.bo', 'Colegio Boliviano', 'Santa Cruz de la Sierra', NULL, 4, 1, 'Manana', 1, 'Preinscrito', false, 801, NOW(), NOW());
INSERT INTO requisitos_documentales (postulante_id, ci_digitalizado, certificado_nacimiento, titulo_bachiller_legalizado, formulario_preinscripcion, verificado_bd_externa, updated_at) VALUES (702, false, false, false, false, false, NOW());
INSERT INTO users (id, name, email, password, role, active, created_at, updated_at) VALUES (802, 'Luis Rivera', 'luisrivera102@estudiante.edu.bo', '\$2y\$12\$TyO9cTQJ0O7NSPORyyP8Hup.wk8.BWNWu4itdEJYyjZ2Sem9DbFyi', 'Postulante', true, NOW(), NOW());
INSERT INTO postulantes (id, ci, nombres, apellidos, fecha_nacimiento, sexo, direccion, telefono, email, colegio_procedencia, ciudad, titulo_bachiller, primera_opcion_id, segunda_opcion_id, turno_preferencia, gestion_id, estado, recurrente, user_id, created_at, updated_at) VALUES (703, '9316457', 'Luis', 'Rivera', '2005-01-15', 'M', NULL, '59168715483', 'luisrivera102@estudiante.edu.bo', 'Colegio Boliviano', 'Santa Cruz de la Sierra', NULL, 4, 1, 'Noche', 1, 'Preinscrito', false, 802, NOW(), NOW());
INSERT INTO requisitos_documentales (postulante_id, ci_digitalizado, certificado_nacimiento, titulo_bachiller_legalizado, formulario_preinscripcion, verificado_bd_externa, updated_at) VALUES (703, false, false, false, false, false, NOW());
INSERT INTO users (id, name, email, password, role, active, created_at, updated_at) VALUES (803, 'Raúl Valencia', 'raúlvalencia103@estudiante.edu.bo', '\$2y\$12\$TyO9cTQJ0O7NSPORyyP8Hup.wk8.BWNWu4itdEJYyjZ2Sem9DbFyi', 'Postulante', true, NOW(), NOW());
INSERT INTO postulantes (id, ci, nombres, apellidos, fecha_nacimiento, sexo, direccion, telefono, email, colegio_procedencia, ciudad, titulo_bachiller, primera_opcion_id, segunda_opcion_id, turno_preferencia, gestion_id, estado, recurrente, user_id, created_at, updated_at) VALUES (704, '7524669', 'Raúl', 'Valencia', '2005-01-15', 'M', NULL, '59178462212', 'raúlvalencia103@estudiante.edu.bo', 'Colegio Boliviano', 'Santa Cruz de la Sierra', NULL, 4, 1, 'Noche', 1, 'Preinscrito', false, 803, NOW(), NOW());
INSERT INTO requisitos_documentales (postulante_id, ci_digitalizado, certificado_nacimiento, titulo_bachiller_legalizado, formulario_preinscripcion, verificado_bd_externa, updated_at) VALUES (704, false, false, false, false, false, NOW());
INSERT INTO users (id, name, email, password, role, active, created_at, updated_at) VALUES (804, 'Francisca González', 'franciscagonzález104@estudiante.edu.bo', '\$2y\$12\$TyO9cTQJ0O7NSPORyyP8Hup.wk8.BWNWu4itdEJYyjZ2Sem9DbFyi', 'Postulante', true, NOW(), NOW());
INSERT INTO postulantes (id, ci, nombres, apellidos, fecha_nacimiento, sexo, direccion, telefono, email, colegio_procedencia, ciudad, titulo_bachiller, primera_opcion_id, segunda_opcion_id, turno_preferencia, gestion_id, estado, recurrente, user_id, created_at, updated_at) VALUES (705, '9755683', 'Francisca', 'González', '2005-01-15', 'M', NULL, '59199661435', 'franciscagonzález104@estudiante.edu.bo', 'Colegio Boliviano', 'Santa Cruz de la Sierra', NULL, 4, 1, 'Noche', 1, 'Preinscrito', false, 804, NOW(), NOW());
INSERT INTO requisitos_documentales (postulante_id, ci_digitalizado, certificado_nacimiento, titulo_bachiller_legalizado, formulario_preinscripcion, verificado_bd_externa, updated_at) VALUES (705, false, false, false, false, false, NOW());
INSERT INTO users (id, name, email, password, role, active, created_at, updated_at) VALUES (805, 'Luis Rodríguez', 'luisrodríguez105@estudiante.edu.bo', '\$2y\$12\$TyO9cTQJ0O7NSPORyyP8Hup.wk8.BWNWu4itdEJYyjZ2Sem9DbFyi', 'Postulante', true, NOW(), NOW());
INSERT INTO postulantes (id, ci, nombres, apellidos, fecha_nacimiento, sexo, direccion, telefono, email, colegio_procedencia, ciudad, titulo_bachiller, primera_opcion_id, segunda_opcion_id, turno_preferencia, gestion_id, estado, recurrente, user_id, created_at, updated_at) VALUES (706, '6033808', 'Luis', 'Rodríguez', '2005-01-15', 'M', NULL, '59183743592', 'luisrodríguez105@estudiante.edu.bo', 'Colegio Boliviano', 'Santa Cruz de la Sierra', NULL, 4, 1, 'Noche', 1, 'Preinscrito', false, 805, NOW(), NOW());
INSERT INTO requisitos_documentales (postulante_id, ci_digitalizado, certificado_nacimiento, titulo_bachiller_legalizado, formulario_preinscripcion, verificado_bd_externa, updated_at) VALUES (706, false, false, false, false, false, NOW());
INSERT INTO users (id, name, email, password, role, active, created_at, updated_at) VALUES (806, 'Rafael Hernández', 'rafaelhernández106@estudiante.edu.bo', '\$2y\$12\$TyO9cTQJ0O7NSPORyyP8Hup.wk8.BWNWu4itdEJYyjZ2Sem9DbFyi', 'Postulante', true, NOW(), NOW());
INSERT INTO postulantes (id, ci, nombres, apellidos, fecha_nacimiento, sexo, direccion, telefono, email, colegio_procedencia, ciudad, titulo_bachiller, primera_opcion_id, segunda_opcion_id, turno_preferencia, gestion_id, estado, recurrente, user_id, created_at, updated_at) VALUES (707, '9145346', 'Rafael', 'Hernández', '2005-01-15', 'M', NULL, '59181332624', 'rafaelhernández106@estudiante.edu.bo', 'Colegio Boliviano', 'Santa Cruz de la Sierra', NULL, 4, 1, 'Manana', 1, 'Preinscrito', false, 806, NOW(), NOW());
INSERT INTO requisitos_documentales (postulante_id, ci_digitalizado, certificado_nacimiento, titulo_bachiller_legalizado, formulario_preinscripcion, verificado_bd_externa, updated_at) VALUES (707, false, false, false, false, false, NOW());
INSERT INTO users (id, name, email, password, role, active, created_at, updated_at) VALUES (807, 'Verónica Carrillo', 'verónicacarrillo107@estudiante.edu.bo', '\$2y\$12\$TyO9cTQJ0O7NSPORyyP8Hup.wk8.BWNWu4itdEJYyjZ2Sem9DbFyi', 'Postulante', true, NOW(), NOW());
INSERT INTO postulantes (id, ci, nombres, apellidos, fecha_nacimiento, sexo, direccion, telefono, email, colegio_procedencia, ciudad, titulo_bachiller, primera_opcion_id, segunda_opcion_id, turno_preferencia, gestion_id, estado, recurrente, user_id, created_at, updated_at) VALUES (708, '6125258', 'Verónica', 'Carrillo', '2005-01-15', 'M', NULL, '59199931853', 'verónicacarrillo107@estudiante.edu.bo', 'Colegio Boliviano', 'Santa Cruz de la Sierra', NULL, 4, 1, 'Noche', 1, 'Preinscrito', false, 807, NOW(), NOW());
INSERT INTO requisitos_documentales (postulante_id, ci_digitalizado, certificado_nacimiento, titulo_bachiller_legalizado, formulario_preinscripcion, verificado_bd_externa, updated_at) VALUES (708, false, false, false, false, false, NOW());
INSERT INTO users (id, name, email, password, role, active, created_at, updated_at) VALUES (808, 'Valentina Martínez', 'valentinamartínez108@estudiante.edu.bo', '\$2y\$12\$TyO9cTQJ0O7NSPORyyP8Hup.wk8.BWNWu4itdEJYyjZ2Sem9DbFyi', 'Postulante', true, NOW(), NOW());
INSERT INTO postulantes (id, ci, nombres, apellidos, fecha_nacimiento, sexo, direccion, telefono, email, colegio_procedencia, ciudad, titulo_bachiller, primera_opcion_id, segunda_opcion_id, turno_preferencia, gestion_id, estado, recurrente, user_id, created_at, updated_at) VALUES (709, '8827147', 'Valentina', 'Martínez', '2005-01-15', 'M', NULL, '59196025870', 'valentinamartínez108@estudiante.edu.bo', 'Colegio Boliviano', 'Santa Cruz de la Sierra', NULL, 4, 1, 'Manana', 1, 'Preinscrito', false, 808, NOW(), NOW());
INSERT INTO requisitos_documentales (postulante_id, ci_digitalizado, certificado_nacimiento, titulo_bachiller_legalizado, formulario_preinscripcion, verificado_bd_externa, updated_at) VALUES (709, false, false, false, false, false, NOW());
INSERT INTO users (id, name, email, password, role, active, created_at, updated_at) VALUES (809, 'Matías Cortés', 'matíascortés109@estudiante.edu.bo', '\$2y\$12\$TyO9cTQJ0O7NSPORyyP8Hup.wk8.BWNWu4itdEJYyjZ2Sem9DbFyi', 'Postulante', true, NOW(), NOW());
INSERT INTO postulantes (id, ci, nombres, apellidos, fecha_nacimiento, sexo, direccion, telefono, email, colegio_procedencia, ciudad, titulo_bachiller, primera_opcion_id, segunda_opcion_id, turno_preferencia, gestion_id, estado, recurrente, user_id, created_at, updated_at) VALUES (710, '9649841', 'Matías', 'Cortés', '2005-01-15', 'M', NULL, '59160549981', 'matíascortés109@estudiante.edu.bo', 'Colegio Boliviano', 'Santa Cruz de la Sierra', NULL, 4, 1, 'Noche', 1, 'Preinscrito', false, 809, NOW(), NOW());
INSERT INTO requisitos_documentales (postulante_id, ci_digitalizado, certificado_nacimiento, titulo_bachiller_legalizado, formulario_preinscripcion, verificado_bd_externa, updated_at) VALUES (710, false, false, false, false, false, NOW());
INSERT INTO users (id, name, email, password, role, active, created_at, updated_at) VALUES (810, 'Rosario Sánchez', 'rosariosánchez110@estudiante.edu.bo', '\$2y\$12\$TyO9cTQJ0O7NSPORyyP8Hup.wk8.BWNWu4itdEJYyjZ2Sem9DbFyi', 'Postulante', true, NOW(), NOW());
INSERT INTO postulantes (id, ci, nombres, apellidos, fecha_nacimiento, sexo, direccion, telefono, email, colegio_procedencia, ciudad, titulo_bachiller, primera_opcion_id, segunda_opcion_id, turno_preferencia, gestion_id, estado, recurrente, user_id, created_at, updated_at) VALUES (711, '4953943', 'Rosario', 'Sánchez', '2005-01-15', 'M', NULL, '59175847498', 'rosariosánchez110@estudiante.edu.bo', 'Colegio Boliviano', 'Santa Cruz de la Sierra', NULL, 4, 1, 'Manana', 1, 'Preinscrito', false, 810, NOW(), NOW());
INSERT INTO requisitos_documentales (postulante_id, ci_digitalizado, certificado_nacimiento, titulo_bachiller_legalizado, formulario_preinscripcion, verificado_bd_externa, updated_at) VALUES (711, false, false, false, false, false, NOW());
INSERT INTO users (id, name, email, password, role, active, created_at, updated_at) VALUES (811, 'Ricardo Morales', 'ricardomorales111@estudiante.edu.bo', '\$2y\$12\$TyO9cTQJ0O7NSPORyyP8Hup.wk8.BWNWu4itdEJYyjZ2Sem9DbFyi', 'Postulante', true, NOW(), NOW());
INSERT INTO postulantes (id, ci, nombres, apellidos, fecha_nacimiento, sexo, direccion, telefono, email, colegio_procedencia, ciudad, titulo_bachiller, primera_opcion_id, segunda_opcion_id, turno_preferencia, gestion_id, estado, recurrente, user_id, created_at, updated_at) VALUES (712, '6089955', 'Ricardo', 'Morales', '2005-01-15', 'M', NULL, '59184749164', 'ricardomorales111@estudiante.edu.bo', 'Colegio Boliviano', 'Santa Cruz de la Sierra', NULL, 4, 1, 'Manana', 1, 'Preinscrito', false, 811, NOW(), NOW());
INSERT INTO requisitos_documentales (postulante_id, ci_digitalizado, certificado_nacimiento, titulo_bachiller_legalizado, formulario_preinscripcion, verificado_bd_externa, updated_at) VALUES (712, false, false, false, false, false, NOW());
INSERT INTO users (id, name, email, password, role, active, created_at, updated_at) VALUES (812, 'Fernando Rojas', 'fernandorojas112@estudiante.edu.bo', '\$2y\$12\$TyO9cTQJ0O7NSPORyyP8Hup.wk8.BWNWu4itdEJYyjZ2Sem9DbFyi', 'Postulante', true, NOW(), NOW());
INSERT INTO postulantes (id, ci, nombres, apellidos, fecha_nacimiento, sexo, direccion, telefono, email, colegio_procedencia, ciudad, titulo_bachiller, primera_opcion_id, segunda_opcion_id, turno_preferencia, gestion_id, estado, recurrente, user_id, created_at, updated_at) VALUES (713, '7686031', 'Fernando', 'Rojas', '2005-01-15', 'M', NULL, '59190584187', 'fernandorojas112@estudiante.edu.bo', 'Colegio Boliviano', 'Santa Cruz de la Sierra', NULL, 4, 1, 'Tarde', 1, 'Preinscrito', false, 812, NOW(), NOW());
INSERT INTO requisitos_documentales (postulante_id, ci_digitalizado, certificado_nacimiento, titulo_bachiller_legalizado, formulario_preinscripcion, verificado_bd_externa, updated_at) VALUES (713, false, false, false, false, false, NOW());
INSERT INTO users (id, name, email, password, role, active, created_at, updated_at) VALUES (813, 'Isabel Navarro', 'isabelnavarro113@estudiante.edu.bo', '\$2y\$12\$TyO9cTQJ0O7NSPORyyP8Hup.wk8.BWNWu4itdEJYyjZ2Sem9DbFyi', 'Postulante', true, NOW(), NOW());
INSERT INTO postulantes (id, ci, nombres, apellidos, fecha_nacimiento, sexo, direccion, telefono, email, colegio_procedencia, ciudad, titulo_bachiller, primera_opcion_id, segunda_opcion_id, turno_preferencia, gestion_id, estado, recurrente, user_id, created_at, updated_at) VALUES (714, '4105257', 'Isabel', 'Navarro', '2005-01-15', 'M', NULL, '59187884886', 'isabelnavarro113@estudiante.edu.bo', 'Colegio Boliviano', 'Santa Cruz de la Sierra', NULL, 4, 1, 'Noche', 1, 'Preinscrito', false, 813, NOW(), NOW());
INSERT INTO requisitos_documentales (postulante_id, ci_digitalizado, certificado_nacimiento, titulo_bachiller_legalizado, formulario_preinscripcion, verificado_bd_externa, updated_at) VALUES (714, false, false, false, false, false, NOW());
INSERT INTO users (id, name, email, password, role, active, created_at, updated_at) VALUES (814, 'Esperanza Rojas', 'esperanzarojas114@estudiante.edu.bo', '\$2y\$12\$TyO9cTQJ0O7NSPORyyP8Hup.wk8.BWNWu4itdEJYyjZ2Sem9DbFyi', 'Postulante', true, NOW(), NOW());
INSERT INTO postulantes (id, ci, nombres, apellidos, fecha_nacimiento, sexo, direccion, telefono, email, colegio_procedencia, ciudad, titulo_bachiller, primera_opcion_id, segunda_opcion_id, turno_preferencia, gestion_id, estado, recurrente, user_id, created_at, updated_at) VALUES (715, '6004096', 'Esperanza', 'Rojas', '2005-01-15', 'M', NULL, '59164030605', 'esperanzarojas114@estudiante.edu.bo', 'Colegio Boliviano', 'Santa Cruz de la Sierra', NULL, 4, 1, 'Noche', 1, 'Preinscrito', false, 814, NOW(), NOW());
INSERT INTO requisitos_documentales (postulante_id, ci_digitalizado, certificado_nacimiento, titulo_bachiller_legalizado, formulario_preinscripcion, verificado_bd_externa, updated_at) VALUES (715, false, false, false, false, false, NOW());
INSERT INTO users (id, name, email, password, role, active, created_at, updated_at) VALUES (815, 'Juan Flores', 'juanflores115@estudiante.edu.bo', '\$2y\$12\$TyO9cTQJ0O7NSPORyyP8Hup.wk8.BWNWu4itdEJYyjZ2Sem9DbFyi', 'Postulante', true, NOW(), NOW());
INSERT INTO postulantes (id, ci, nombres, apellidos, fecha_nacimiento, sexo, direccion, telefono, email, colegio_procedencia, ciudad, titulo_bachiller, primera_opcion_id, segunda_opcion_id, turno_preferencia, gestion_id, estado, recurrente, user_id, created_at, updated_at) VALUES (716, '1372742', 'Juan', 'Flores', '2005-01-15', 'M', NULL, '59174492999', 'juanflores115@estudiante.edu.bo', 'Colegio Boliviano', 'Santa Cruz de la Sierra', NULL, 4, 1, 'Manana', 1, 'Preinscrito', false, 815, NOW(), NOW());
INSERT INTO requisitos_documentales (postulante_id, ci_digitalizado, certificado_nacimiento, titulo_bachiller_legalizado, formulario_preinscripcion, verificado_bd_externa, updated_at) VALUES (716, false, false, false, false, false, NOW());
INSERT INTO users (id, name, email, password, role, active, created_at, updated_at) VALUES (816, 'Matías Medina', 'matíasmedina116@estudiante.edu.bo', '\$2y\$12\$TyO9cTQJ0O7NSPORyyP8Hup.wk8.BWNWu4itdEJYyjZ2Sem9DbFyi', 'Postulante', true, NOW(), NOW());
INSERT INTO postulantes (id, ci, nombres, apellidos, fecha_nacimiento, sexo, direccion, telefono, email, colegio_procedencia, ciudad, titulo_bachiller, primera_opcion_id, segunda_opcion_id, turno_preferencia, gestion_id, estado, recurrente, user_id, created_at, updated_at) VALUES (717, '6387226', 'Matías', 'Medina', '2005-01-15', 'M', NULL, '59166674629', 'matíasmedina116@estudiante.edu.bo', 'Colegio Boliviano', 'Santa Cruz de la Sierra', NULL, 4, 1, 'Tarde', 1, 'Preinscrito', false, 816, NOW(), NOW());
INSERT INTO requisitos_documentales (postulante_id, ci_digitalizado, certificado_nacimiento, titulo_bachiller_legalizado, formulario_preinscripcion, verificado_bd_externa, updated_at) VALUES (717, false, false, false, false, false, NOW());
INSERT INTO users (id, name, email, password, role, active, created_at, updated_at) VALUES (817, 'Isabel Navarro', 'isabelnavarro117@estudiante.edu.bo', '\$2y\$12\$TyO9cTQJ0O7NSPORyyP8Hup.wk8.BWNWu4itdEJYyjZ2Sem9DbFyi', 'Postulante', true, NOW(), NOW());
INSERT INTO postulantes (id, ci, nombres, apellidos, fecha_nacimiento, sexo, direccion, telefono, email, colegio_procedencia, ciudad, titulo_bachiller, primera_opcion_id, segunda_opcion_id, turno_preferencia, gestion_id, estado, recurrente, user_id, created_at, updated_at) VALUES (718, '9536667', 'Isabel', 'Navarro', '2005-01-15', 'M', NULL, '59185474600', 'isabelnavarro117@estudiante.edu.bo', 'Colegio Boliviano', 'Santa Cruz de la Sierra', NULL, 4, 1, 'Manana', 1, 'Preinscrito', false, 817, NOW(), NOW());
INSERT INTO requisitos_documentales (postulante_id, ci_digitalizado, certificado_nacimiento, titulo_bachiller_legalizado, formulario_preinscripcion, verificado_bd_externa, updated_at) VALUES (718, false, false, false, false, false, NOW());
INSERT INTO users (id, name, email, password, role, active, created_at, updated_at) VALUES (818, 'Diego Jiménez', 'diegojiménez118@estudiante.edu.bo', '\$2y\$12\$TyO9cTQJ0O7NSPORyyP8Hup.wk8.BWNWu4itdEJYyjZ2Sem9DbFyi', 'Postulante', true, NOW(), NOW());
INSERT INTO postulantes (id, ci, nombres, apellidos, fecha_nacimiento, sexo, direccion, telefono, email, colegio_procedencia, ciudad, titulo_bachiller, primera_opcion_id, segunda_opcion_id, turno_preferencia, gestion_id, estado, recurrente, user_id, created_at, updated_at) VALUES (719, '4029977', 'Diego', 'Jiménez', '2005-01-15', 'M', NULL, '59197234406', 'diegojiménez118@estudiante.edu.bo', 'Colegio Boliviano', 'Santa Cruz de la Sierra', NULL, 4, 1, 'Noche', 1, 'Preinscrito', false, 818, NOW(), NOW());
INSERT INTO requisitos_documentales (postulante_id, ci_digitalizado, certificado_nacimiento, titulo_bachiller_legalizado, formulario_preinscripcion, verificado_bd_externa, updated_at) VALUES (719, false, false, false, false, false, NOW());
INSERT INTO users (id, name, email, password, role, active, created_at, updated_at) VALUES (819, 'Héctor Rojas', 'héctorrojas119@estudiante.edu.bo', '\$2y\$12\$TyO9cTQJ0O7NSPORyyP8Hup.wk8.BWNWu4itdEJYyjZ2Sem9DbFyi', 'Postulante', true, NOW(), NOW());
INSERT INTO postulantes (id, ci, nombres, apellidos, fecha_nacimiento, sexo, direccion, telefono, email, colegio_procedencia, ciudad, titulo_bachiller, primera_opcion_id, segunda_opcion_id, turno_preferencia, gestion_id, estado, recurrente, user_id, created_at, updated_at) VALUES (720, '8117977', 'Héctor', 'Rojas', '2005-01-15', 'M', NULL, '59185151819', 'héctorrojas119@estudiante.edu.bo', 'Colegio Boliviano', 'Santa Cruz de la Sierra', NULL, 4, 1, 'Tarde', 1, 'Preinscrito', false, 819, NOW(), NOW());
INSERT INTO requisitos_documentales (postulante_id, ci_digitalizado, certificado_nacimiento, titulo_bachiller_legalizado, formulario_preinscripcion, verificado_bd_externa, updated_at) VALUES (720, false, false, false, false, false, NOW());
INSERT INTO users (id, name, email, password, role, active, created_at, updated_at) VALUES (820, 'Natalia Martínez', 'nataliamartínez120@estudiante.edu.bo', '\$2y\$12\$TyO9cTQJ0O7NSPORyyP8Hup.wk8.BWNWu4itdEJYyjZ2Sem9DbFyi', 'Postulante', true, NOW(), NOW());
INSERT INTO postulantes (id, ci, nombres, apellidos, fecha_nacimiento, sexo, direccion, telefono, email, colegio_procedencia, ciudad, titulo_bachiller, primera_opcion_id, segunda_opcion_id, turno_preferencia, gestion_id, estado, recurrente, user_id, created_at, updated_at) VALUES (721, '2310341', 'Natalia', 'Martínez', '2005-01-15', 'M', NULL, '59185016926', 'nataliamartínez120@estudiante.edu.bo', 'Colegio Boliviano', 'Santa Cruz de la Sierra', NULL, 4, 1, 'Tarde', 1, 'Preinscrito', false, 820, NOW(), NOW());
INSERT INTO requisitos_documentales (postulante_id, ci_digitalizado, certificado_nacimiento, titulo_bachiller_legalizado, formulario_preinscripcion, verificado_bd_externa, updated_at) VALUES (721, false, false, false, false, false, NOW());
INSERT INTO users (id, name, email, password, role, active, created_at, updated_at) VALUES (821, 'Matías Vargas', 'matíasvargas121@estudiante.edu.bo', '\$2y\$12\$TyO9cTQJ0O7NSPORyyP8Hup.wk8.BWNWu4itdEJYyjZ2Sem9DbFyi', 'Postulante', true, NOW(), NOW());
INSERT INTO postulantes (id, ci, nombres, apellidos, fecha_nacimiento, sexo, direccion, telefono, email, colegio_procedencia, ciudad, titulo_bachiller, primera_opcion_id, segunda_opcion_id, turno_preferencia, gestion_id, estado, recurrente, user_id, created_at, updated_at) VALUES (722, '8165989', 'Matías', 'Vargas', '2005-01-15', 'M', NULL, '59180086299', 'matíasvargas121@estudiante.edu.bo', 'Colegio Boliviano', 'Santa Cruz de la Sierra', NULL, 4, 1, 'Manana', 1, 'Preinscrito', false, 821, NOW(), NOW());
INSERT INTO requisitos_documentales (postulante_id, ci_digitalizado, certificado_nacimiento, titulo_bachiller_legalizado, formulario_preinscripcion, verificado_bd_externa, updated_at) VALUES (722, false, false, false, false, false, NOW());
INSERT INTO users (id, name, email, password, role, active, created_at, updated_at) VALUES (822, 'Carlos Medina', 'carlosmedina122@estudiante.edu.bo', '\$2y\$12\$TyO9cTQJ0O7NSPORyyP8Hup.wk8.BWNWu4itdEJYyjZ2Sem9DbFyi', 'Postulante', true, NOW(), NOW());
INSERT INTO postulantes (id, ci, nombres, apellidos, fecha_nacimiento, sexo, direccion, telefono, email, colegio_procedencia, ciudad, titulo_bachiller, primera_opcion_id, segunda_opcion_id, turno_preferencia, gestion_id, estado, recurrente, user_id, created_at, updated_at) VALUES (723, '6964843', 'Carlos', 'Medina', '2005-01-15', 'M', NULL, '59195279601', 'carlosmedina122@estudiante.edu.bo', 'Colegio Boliviano', 'Santa Cruz de la Sierra', NULL, 4, 1, 'Tarde', 1, 'Preinscrito', false, 822, NOW(), NOW());
INSERT INTO requisitos_documentales (postulante_id, ci_digitalizado, certificado_nacimiento, titulo_bachiller_legalizado, formulario_preinscripcion, verificado_bd_externa, updated_at) VALUES (723, false, false, false, false, false, NOW());
INSERT INTO users (id, name, email, password, role, active, created_at, updated_at) VALUES (823, 'Ricardo Rodríguez', 'ricardorodríguez123@estudiante.edu.bo', '\$2y\$12\$TyO9cTQJ0O7NSPORyyP8Hup.wk8.BWNWu4itdEJYyjZ2Sem9DbFyi', 'Postulante', true, NOW(), NOW());
INSERT INTO postulantes (id, ci, nombres, apellidos, fecha_nacimiento, sexo, direccion, telefono, email, colegio_procedencia, ciudad, titulo_bachiller, primera_opcion_id, segunda_opcion_id, turno_preferencia, gestion_id, estado, recurrente, user_id, created_at, updated_at) VALUES (724, '6976909', 'Ricardo', 'Rodríguez', '2005-01-15', 'M', NULL, '59174501880', 'ricardorodríguez123@estudiante.edu.bo', 'Colegio Boliviano', 'Santa Cruz de la Sierra', NULL, 4, 1, 'Noche', 1, 'Preinscrito', false, 823, NOW(), NOW());
INSERT INTO requisitos_documentales (postulante_id, ci_digitalizado, certificado_nacimiento, titulo_bachiller_legalizado, formulario_preinscripcion, verificado_bd_externa, updated_at) VALUES (724, false, false, false, false, false, NOW());
INSERT INTO users (id, name, email, password, role, active, created_at, updated_at) VALUES (824, 'Rosario Campos', 'rosariocampos124@estudiante.edu.bo', '\$2y\$12\$TyO9cTQJ0O7NSPORyyP8Hup.wk8.BWNWu4itdEJYyjZ2Sem9DbFyi', 'Postulante', true, NOW(), NOW());
INSERT INTO postulantes (id, ci, nombres, apellidos, fecha_nacimiento, sexo, direccion, telefono, email, colegio_procedencia, ciudad, titulo_bachiller, primera_opcion_id, segunda_opcion_id, turno_preferencia, gestion_id, estado, recurrente, user_id, created_at, updated_at) VALUES (725, '4211971', 'Rosario', 'Campos', '2005-01-15', 'M', NULL, '59176841283', 'rosariocampos124@estudiante.edu.bo', 'Colegio Boliviano', 'Santa Cruz de la Sierra', NULL, 4, 1, 'Tarde', 1, 'Preinscrito', false, 824, NOW(), NOW());
INSERT INTO requisitos_documentales (postulante_id, ci_digitalizado, certificado_nacimiento, titulo_bachiller_legalizado, formulario_preinscripcion, verificado_bd_externa, updated_at) VALUES (725, false, false, false, false, false, NOW());
INSERT INTO users (id, name, email, password, role, active, created_at, updated_at) VALUES (825, 'Sergio Tapia', 'sergiotapia125@estudiante.edu.bo', '\$2y\$12\$TyO9cTQJ0O7NSPORyyP8Hup.wk8.BWNWu4itdEJYyjZ2Sem9DbFyi', 'Postulante', true, NOW(), NOW());
INSERT INTO postulantes (id, ci, nombres, apellidos, fecha_nacimiento, sexo, direccion, telefono, email, colegio_procedencia, ciudad, titulo_bachiller, primera_opcion_id, segunda_opcion_id, turno_preferencia, gestion_id, estado, recurrente, user_id, created_at, updated_at) VALUES (726, '4044219', 'Sergio', 'Tapia', '2005-01-15', 'M', NULL, '59191458033', 'sergiotapia125@estudiante.edu.bo', 'Colegio Boliviano', 'Santa Cruz de la Sierra', NULL, 4, 1, 'Noche', 1, 'Preinscrito', false, 825, NOW(), NOW());
INSERT INTO requisitos_documentales (postulante_id, ci_digitalizado, certificado_nacimiento, titulo_bachiller_legalizado, formulario_preinscripcion, verificado_bd_externa, updated_at) VALUES (726, false, false, false, false, false, NOW());
INSERT INTO users (id, name, email, password, role, active, created_at, updated_at) VALUES (826, 'Bruno Morales', 'brunomorales126@estudiante.edu.bo', '\$2y\$12\$TyO9cTQJ0O7NSPORyyP8Hup.wk8.BWNWu4itdEJYyjZ2Sem9DbFyi', 'Postulante', true, NOW(), NOW());
INSERT INTO postulantes (id, ci, nombres, apellidos, fecha_nacimiento, sexo, direccion, telefono, email, colegio_procedencia, ciudad, titulo_bachiller, primera_opcion_id, segunda_opcion_id, turno_preferencia, gestion_id, estado, recurrente, user_id, created_at, updated_at) VALUES (727, '8025676', 'Bruno', 'Morales', '2005-01-15', 'M', NULL, '59170807704', 'brunomorales126@estudiante.edu.bo', 'Colegio Boliviano', 'Santa Cruz de la Sierra', NULL, 4, 1, 'Manana', 1, 'Preinscrito', false, 826, NOW(), NOW());
INSERT INTO requisitos_documentales (postulante_id, ci_digitalizado, certificado_nacimiento, titulo_bachiller_legalizado, formulario_preinscripcion, verificado_bd_externa, updated_at) VALUES (727, false, false, false, false, false, NOW());
INSERT INTO users (id, name, email, password, role, active, created_at, updated_at) VALUES (827, 'Lorena Vargas', 'lorenavargas127@estudiante.edu.bo', '\$2y\$12\$TyO9cTQJ0O7NSPORyyP8Hup.wk8.BWNWu4itdEJYyjZ2Sem9DbFyi', 'Postulante', true, NOW(), NOW());
INSERT INTO postulantes (id, ci, nombres, apellidos, fecha_nacimiento, sexo, direccion, telefono, email, colegio_procedencia, ciudad, titulo_bachiller, primera_opcion_id, segunda_opcion_id, turno_preferencia, gestion_id, estado, recurrente, user_id, created_at, updated_at) VALUES (728, '7822621', 'Lorena', 'Vargas', '2005-01-15', 'M', NULL, '59184313211', 'lorenavargas127@estudiante.edu.bo', 'Colegio Boliviano', 'Santa Cruz de la Sierra', NULL, 4, 1, 'Noche', 1, 'Preinscrito', false, 827, NOW(), NOW());
INSERT INTO requisitos_documentales (postulante_id, ci_digitalizado, certificado_nacimiento, titulo_bachiller_legalizado, formulario_preinscripcion, verificado_bd_externa, updated_at) VALUES (728, false, false, false, false, false, NOW());
INSERT INTO users (id, name, email, password, role, active, created_at, updated_at) VALUES (828, 'Alejandro Silva', 'alejandrosilva128@estudiante.edu.bo', '\$2y\$12\$TyO9cTQJ0O7NSPORyyP8Hup.wk8.BWNWu4itdEJYyjZ2Sem9DbFyi', 'Postulante', true, NOW(), NOW());
INSERT INTO postulantes (id, ci, nombres, apellidos, fecha_nacimiento, sexo, direccion, telefono, email, colegio_procedencia, ciudad, titulo_bachiller, primera_opcion_id, segunda_opcion_id, turno_preferencia, gestion_id, estado, recurrente, user_id, created_at, updated_at) VALUES (729, '1893413', 'Alejandro', 'Silva', '2005-01-15', 'M', NULL, '59181030988', 'alejandrosilva128@estudiante.edu.bo', 'Colegio Boliviano', 'Santa Cruz de la Sierra', NULL, 4, 1, 'Noche', 1, 'Preinscrito', false, 828, NOW(), NOW());
INSERT INTO requisitos_documentales (postulante_id, ci_digitalizado, certificado_nacimiento, titulo_bachiller_legalizado, formulario_preinscripcion, verificado_bd_externa, updated_at) VALUES (729, false, false, false, false, false, NOW());
INSERT INTO users (id, name, email, password, role, active, created_at, updated_at) VALUES (829, 'María Reyes', 'maríareyes129@estudiante.edu.bo', '\$2y\$12\$TyO9cTQJ0O7NSPORyyP8Hup.wk8.BWNWu4itdEJYyjZ2Sem9DbFyi', 'Postulante', true, NOW(), NOW());
INSERT INTO postulantes (id, ci, nombres, apellidos, fecha_nacimiento, sexo, direccion, telefono, email, colegio_procedencia, ciudad, titulo_bachiller, primera_opcion_id, segunda_opcion_id, turno_preferencia, gestion_id, estado, recurrente, user_id, created_at, updated_at) VALUES (730, '5672201', 'María', 'Reyes', '2005-01-15', 'M', NULL, '59196815173', 'maríareyes129@estudiante.edu.bo', 'Colegio Boliviano', 'Santa Cruz de la Sierra', NULL, 4, 1, 'Tarde', 1, 'Preinscrito', false, 829, NOW(), NOW());
INSERT INTO requisitos_documentales (postulante_id, ci_digitalizado, certificado_nacimiento, titulo_bachiller_legalizado, formulario_preinscripcion, verificado_bd_externa, updated_at) VALUES (730, false, false, false, false, false, NOW());
INSERT INTO users (id, name, email, password, role, active, created_at, updated_at) VALUES (830, 'Esperanza Valencia', 'esperanzavalencia130@estudiante.edu.bo', '\$2y\$12\$TyO9cTQJ0O7NSPORyyP8Hup.wk8.BWNWu4itdEJYyjZ2Sem9DbFyi', 'Postulante', true, NOW(), NOW());
INSERT INTO postulantes (id, ci, nombres, apellidos, fecha_nacimiento, sexo, direccion, telefono, email, colegio_procedencia, ciudad, titulo_bachiller, primera_opcion_id, segunda_opcion_id, turno_preferencia, gestion_id, estado, recurrente, user_id, created_at, updated_at) VALUES (731, '4644975', 'Esperanza', 'Valencia', '2005-01-15', 'M', NULL, '59199502387', 'esperanzavalencia130@estudiante.edu.bo', 'Colegio Boliviano', 'Santa Cruz de la Sierra', NULL, 4, 1, 'Noche', 1, 'Preinscrito', false, 830, NOW(), NOW());
INSERT INTO requisitos_documentales (postulante_id, ci_digitalizado, certificado_nacimiento, titulo_bachiller_legalizado, formulario_preinscripcion, verificado_bd_externa, updated_at) VALUES (731, false, false, false, false, false, NOW());
INSERT INTO users (id, name, email, password, role, active, created_at, updated_at) VALUES (831, 'Andrés Medina', 'andrésmedina131@estudiante.edu.bo', '\$2y\$12\$TyO9cTQJ0O7NSPORyyP8Hup.wk8.BWNWu4itdEJYyjZ2Sem9DbFyi', 'Postulante', true, NOW(), NOW());
INSERT INTO postulantes (id, ci, nombres, apellidos, fecha_nacimiento, sexo, direccion, telefono, email, colegio_procedencia, ciudad, titulo_bachiller, primera_opcion_id, segunda_opcion_id, turno_preferencia, gestion_id, estado, recurrente, user_id, created_at, updated_at) VALUES (732, '8436257', 'Andrés', 'Medina', '2005-01-15', 'M', NULL, '59186578672', 'andrésmedina131@estudiante.edu.bo', 'Colegio Boliviano', 'Santa Cruz de la Sierra', NULL, 4, 1, 'Manana', 1, 'Preinscrito', false, 831, NOW(), NOW());
INSERT INTO requisitos_documentales (postulante_id, ci_digitalizado, certificado_nacimiento, titulo_bachiller_legalizado, formulario_preinscripcion, verificado_bd_externa, updated_at) VALUES (732, false, false, false, false, false, NOW());
INSERT INTO users (id, name, email, password, role, active, created_at, updated_at) VALUES (832, 'Carlos Jiménez', 'carlosjiménez132@estudiante.edu.bo', '\$2y\$12\$TyO9cTQJ0O7NSPORyyP8Hup.wk8.BWNWu4itdEJYyjZ2Sem9DbFyi', 'Postulante', true, NOW(), NOW());
INSERT INTO postulantes (id, ci, nombres, apellidos, fecha_nacimiento, sexo, direccion, telefono, email, colegio_procedencia, ciudad, titulo_bachiller, primera_opcion_id, segunda_opcion_id, turno_preferencia, gestion_id, estado, recurrente, user_id, created_at, updated_at) VALUES (733, '3583923', 'Carlos', 'Jiménez', '2005-01-15', 'M', NULL, '59193627705', 'carlosjiménez132@estudiante.edu.bo', 'Colegio Boliviano', 'Santa Cruz de la Sierra', NULL, 4, 1, 'Tarde', 1, 'Preinscrito', false, 832, NOW(), NOW());
INSERT INTO requisitos_documentales (postulante_id, ci_digitalizado, certificado_nacimiento, titulo_bachiller_legalizado, formulario_preinscripcion, verificado_bd_externa, updated_at) VALUES (733, false, false, false, false, false, NOW());
INSERT INTO users (id, name, email, password, role, active, created_at, updated_at) VALUES (833, 'Diego Vargas', 'diegovargas133@estudiante.edu.bo', '\$2y\$12\$TyO9cTQJ0O7NSPORyyP8Hup.wk8.BWNWu4itdEJYyjZ2Sem9DbFyi', 'Postulante', true, NOW(), NOW());
INSERT INTO postulantes (id, ci, nombres, apellidos, fecha_nacimiento, sexo, direccion, telefono, email, colegio_procedencia, ciudad, titulo_bachiller, primera_opcion_id, segunda_opcion_id, turno_preferencia, gestion_id, estado, recurrente, user_id, created_at, updated_at) VALUES (734, '9152223', 'Diego', 'Vargas', '2005-01-15', 'M', NULL, '59183410995', 'diegovargas133@estudiante.edu.bo', 'Colegio Boliviano', 'Santa Cruz de la Sierra', NULL, 4, 1, 'Manana', 1, 'Preinscrito', false, 833, NOW(), NOW());
INSERT INTO requisitos_documentales (postulante_id, ci_digitalizado, certificado_nacimiento, titulo_bachiller_legalizado, formulario_preinscripcion, verificado_bd_externa, updated_at) VALUES (734, false, false, false, false, false, NOW());
INSERT INTO users (id, name, email, password, role, active, created_at, updated_at) VALUES (834, 'Héctor Domínguez', 'héctordomínguez134@estudiante.edu.bo', '\$2y\$12\$TyO9cTQJ0O7NSPORyyP8Hup.wk8.BWNWu4itdEJYyjZ2Sem9DbFyi', 'Postulante', true, NOW(), NOW());
INSERT INTO postulantes (id, ci, nombres, apellidos, fecha_nacimiento, sexo, direccion, telefono, email, colegio_procedencia, ciudad, titulo_bachiller, primera_opcion_id, segunda_opcion_id, turno_preferencia, gestion_id, estado, recurrente, user_id, created_at, updated_at) VALUES (735, '8132858', 'Héctor', 'Domínguez', '2005-01-15', 'M', NULL, '59183952358', 'héctordomínguez134@estudiante.edu.bo', 'Colegio Boliviano', 'Santa Cruz de la Sierra', NULL, 4, 1, 'Noche', 1, 'Preinscrito', false, 834, NOW(), NOW());
INSERT INTO requisitos_documentales (postulante_id, ci_digitalizado, certificado_nacimiento, titulo_bachiller_legalizado, formulario_preinscripcion, verificado_bd_externa, updated_at) VALUES (735, false, false, false, false, false, NOW());
INSERT INTO users (id, name, email, password, role, active, created_at, updated_at) VALUES (835, 'Jorge Valencia', 'jorgevalencia135@estudiante.edu.bo', '\$2y\$12\$TyO9cTQJ0O7NSPORyyP8Hup.wk8.BWNWu4itdEJYyjZ2Sem9DbFyi', 'Postulante', true, NOW(), NOW());
INSERT INTO postulantes (id, ci, nombres, apellidos, fecha_nacimiento, sexo, direccion, telefono, email, colegio_procedencia, ciudad, titulo_bachiller, primera_opcion_id, segunda_opcion_id, turno_preferencia, gestion_id, estado, recurrente, user_id, created_at, updated_at) VALUES (736, '4257135', 'Jorge', 'Valencia', '2005-01-15', 'M', NULL, '59172093695', 'jorgevalencia135@estudiante.edu.bo', 'Colegio Boliviano', 'Santa Cruz de la Sierra', NULL, 4, 1, 'Tarde', 1, 'Preinscrito', false, 835, NOW(), NOW());
INSERT INTO requisitos_documentales (postulante_id, ci_digitalizado, certificado_nacimiento, titulo_bachiller_legalizado, formulario_preinscripcion, verificado_bd_externa, updated_at) VALUES (736, false, false, false, false, false, NOW());
INSERT INTO users (id, name, email, password, role, active, created_at, updated_at) VALUES (836, 'Sergio García', 'sergiogarcía136@estudiante.edu.bo', '\$2y\$12\$TyO9cTQJ0O7NSPORyyP8Hup.wk8.BWNWu4itdEJYyjZ2Sem9DbFyi', 'Postulante', true, NOW(), NOW());
INSERT INTO postulantes (id, ci, nombres, apellidos, fecha_nacimiento, sexo, direccion, telefono, email, colegio_procedencia, ciudad, titulo_bachiller, primera_opcion_id, segunda_opcion_id, turno_preferencia, gestion_id, estado, recurrente, user_id, created_at, updated_at) VALUES (737, '2143349', 'Sergio', 'García', '2005-01-15', 'M', NULL, '59189523719', 'sergiogarcía136@estudiante.edu.bo', 'Colegio Boliviano', 'Santa Cruz de la Sierra', NULL, 4, 1, 'Tarde', 1, 'Preinscrito', false, 836, NOW(), NOW());
INSERT INTO requisitos_documentales (postulante_id, ci_digitalizado, certificado_nacimiento, titulo_bachiller_legalizado, formulario_preinscripcion, verificado_bd_externa, updated_at) VALUES (737, false, false, false, false, false, NOW());
INSERT INTO users (id, name, email, password, role, active, created_at, updated_at) VALUES (837, 'Eduardo Castillo', 'eduardocastillo137@estudiante.edu.bo', '\$2y\$12\$TyO9cTQJ0O7NSPORyyP8Hup.wk8.BWNWu4itdEJYyjZ2Sem9DbFyi', 'Postulante', true, NOW(), NOW());
INSERT INTO postulantes (id, ci, nombres, apellidos, fecha_nacimiento, sexo, direccion, telefono, email, colegio_procedencia, ciudad, titulo_bachiller, primera_opcion_id, segunda_opcion_id, turno_preferencia, gestion_id, estado, recurrente, user_id, created_at, updated_at) VALUES (738, '6938258', 'Eduardo', 'Castillo', '2005-01-15', 'M', NULL, '59191158228', 'eduardocastillo137@estudiante.edu.bo', 'Colegio Boliviano', 'Santa Cruz de la Sierra', NULL, 4, 1, 'Noche', 1, 'Preinscrito', false, 837, NOW(), NOW());
INSERT INTO requisitos_documentales (postulante_id, ci_digitalizado, certificado_nacimiento, titulo_bachiller_legalizado, formulario_preinscripcion, verificado_bd_externa, updated_at) VALUES (738, false, false, false, false, false, NOW());
INSERT INTO users (id, name, email, password, role, active, created_at, updated_at) VALUES (838, 'Bruno Silva', 'brunosilva138@estudiante.edu.bo', '\$2y\$12\$TyO9cTQJ0O7NSPORyyP8Hup.wk8.BWNWu4itdEJYyjZ2Sem9DbFyi', 'Postulante', true, NOW(), NOW());
INSERT INTO postulantes (id, ci, nombres, apellidos, fecha_nacimiento, sexo, direccion, telefono, email, colegio_procedencia, ciudad, titulo_bachiller, primera_opcion_id, segunda_opcion_id, turno_preferencia, gestion_id, estado, recurrente, user_id, created_at, updated_at) VALUES (739, '6309913', 'Bruno', 'Silva', '2005-01-15', 'M', NULL, '59168282986', 'brunosilva138@estudiante.edu.bo', 'Colegio Boliviano', 'Santa Cruz de la Sierra', NULL, 4, 1, 'Noche', 1, 'Preinscrito', false, 838, NOW(), NOW());
INSERT INTO requisitos_documentales (postulante_id, ci_digitalizado, certificado_nacimiento, titulo_bachiller_legalizado, formulario_preinscripcion, verificado_bd_externa, updated_at) VALUES (739, false, false, false, false, false, NOW());
INSERT INTO users (id, name, email, password, role, active, created_at, updated_at) VALUES (839, 'Aurora Vega', 'auroravega139@estudiante.edu.bo', '\$2y\$12\$TyO9cTQJ0O7NSPORyyP8Hup.wk8.BWNWu4itdEJYyjZ2Sem9DbFyi', 'Postulante', true, NOW(), NOW());
INSERT INTO postulantes (id, ci, nombres, apellidos, fecha_nacimiento, sexo, direccion, telefono, email, colegio_procedencia, ciudad, titulo_bachiller, primera_opcion_id, segunda_opcion_id, turno_preferencia, gestion_id, estado, recurrente, user_id, created_at, updated_at) VALUES (740, '7047085', 'Aurora', 'Vega', '2005-01-15', 'M', NULL, '59181305910', 'auroravega139@estudiante.edu.bo', 'Colegio Boliviano', 'Santa Cruz de la Sierra', NULL, 4, 1, 'Tarde', 1, 'Preinscrito', false, 839, NOW(), NOW());
INSERT INTO requisitos_documentales (postulante_id, ci_digitalizado, certificado_nacimiento, titulo_bachiller_legalizado, formulario_preinscripcion, verificado_bd_externa, updated_at) VALUES (740, false, false, false, false, false, NOW());
INSERT INTO users (id, name, email, password, role, active, created_at, updated_at) VALUES (840, 'Leticia Navarro', 'leticianavarro140@estudiante.edu.bo', '\$2y\$12\$TyO9cTQJ0O7NSPORyyP8Hup.wk8.BWNWu4itdEJYyjZ2Sem9DbFyi', 'Postulante', true, NOW(), NOW());
INSERT INTO postulantes (id, ci, nombres, apellidos, fecha_nacimiento, sexo, direccion, telefono, email, colegio_procedencia, ciudad, titulo_bachiller, primera_opcion_id, segunda_opcion_id, turno_preferencia, gestion_id, estado, recurrente, user_id, created_at, updated_at) VALUES (741, '1283976', 'Leticia', 'Navarro', '2005-01-15', 'M', NULL, '59180933050', 'leticianavarro140@estudiante.edu.bo', 'Colegio Boliviano', 'Santa Cruz de la Sierra', NULL, 4, 1, 'Tarde', 1, 'Preinscrito', false, 840, NOW(), NOW());
INSERT INTO requisitos_documentales (postulante_id, ci_digitalizado, certificado_nacimiento, titulo_bachiller_legalizado, formulario_preinscripcion, verificado_bd_externa, updated_at) VALUES (741, false, false, false, false, false, NOW());
INSERT INTO users (id, name, email, password, role, active, created_at, updated_at) VALUES (841, 'Rosa Vázquez', 'rosavázquez141@estudiante.edu.bo', '\$2y\$12\$TyO9cTQJ0O7NSPORyyP8Hup.wk8.BWNWu4itdEJYyjZ2Sem9DbFyi', 'Postulante', true, NOW(), NOW());
INSERT INTO postulantes (id, ci, nombres, apellidos, fecha_nacimiento, sexo, direccion, telefono, email, colegio_procedencia, ciudad, titulo_bachiller, primera_opcion_id, segunda_opcion_id, turno_preferencia, gestion_id, estado, recurrente, user_id, created_at, updated_at) VALUES (742, '5307518', 'Rosa', 'Vázquez', '2005-01-15', 'M', NULL, '59194026462', 'rosavázquez141@estudiante.edu.bo', 'Colegio Boliviano', 'Santa Cruz de la Sierra', NULL, 4, 1, 'Tarde', 1, 'Preinscrito', false, 841, NOW(), NOW());
INSERT INTO requisitos_documentales (postulante_id, ci_digitalizado, certificado_nacimiento, titulo_bachiller_legalizado, formulario_preinscripcion, verificado_bd_externa, updated_at) VALUES (742, false, false, false, false, false, NOW());
INSERT INTO users (id, name, email, password, role, active, created_at, updated_at) VALUES (842, 'Matías Valencia', 'matíasvalencia142@estudiante.edu.bo', '\$2y\$12\$TyO9cTQJ0O7NSPORyyP8Hup.wk8.BWNWu4itdEJYyjZ2Sem9DbFyi', 'Postulante', true, NOW(), NOW());
INSERT INTO postulantes (id, ci, nombres, apellidos, fecha_nacimiento, sexo, direccion, telefono, email, colegio_procedencia, ciudad, titulo_bachiller, primera_opcion_id, segunda_opcion_id, turno_preferencia, gestion_id, estado, recurrente, user_id, created_at, updated_at) VALUES (743, '1593188', 'Matías', 'Valencia', '2005-01-15', 'M', NULL, '59180892234', 'matíasvalencia142@estudiante.edu.bo', 'Colegio Boliviano', 'Santa Cruz de la Sierra', NULL, 4, 1, 'Noche', 1, 'Preinscrito', false, 842, NOW(), NOW());
INSERT INTO requisitos_documentales (postulante_id, ci_digitalizado, certificado_nacimiento, titulo_bachiller_legalizado, formulario_preinscripcion, verificado_bd_externa, updated_at) VALUES (743, false, false, false, false, false, NOW());
INSERT INTO users (id, name, email, password, role, active, created_at, updated_at) VALUES (843, 'Aurora Campos', 'auroracampos143@estudiante.edu.bo', '\$2y\$12\$TyO9cTQJ0O7NSPORyyP8Hup.wk8.BWNWu4itdEJYyjZ2Sem9DbFyi', 'Postulante', true, NOW(), NOW());
INSERT INTO postulantes (id, ci, nombres, apellidos, fecha_nacimiento, sexo, direccion, telefono, email, colegio_procedencia, ciudad, titulo_bachiller, primera_opcion_id, segunda_opcion_id, turno_preferencia, gestion_id, estado, recurrente, user_id, created_at, updated_at) VALUES (744, '9291699', 'Aurora', 'Campos', '2005-01-15', 'M', NULL, '59182315145', 'auroracampos143@estudiante.edu.bo', 'Colegio Boliviano', 'Santa Cruz de la Sierra', NULL, 4, 1, 'Noche', 1, 'Preinscrito', false, 843, NOW(), NOW());
INSERT INTO requisitos_documentales (postulante_id, ci_digitalizado, certificado_nacimiento, titulo_bachiller_legalizado, formulario_preinscripcion, verificado_bd_externa, updated_at) VALUES (744, false, false, false, false, false, NOW());
INSERT INTO users (id, name, email, password, role, active, created_at, updated_at) VALUES (844, 'Valentina Sánchez', 'valentinasánchez144@estudiante.edu.bo', '\$2y\$12\$TyO9cTQJ0O7NSPORyyP8Hup.wk8.BWNWu4itdEJYyjZ2Sem9DbFyi', 'Postulante', true, NOW(), NOW());
INSERT INTO postulantes (id, ci, nombres, apellidos, fecha_nacimiento, sexo, direccion, telefono, email, colegio_procedencia, ciudad, titulo_bachiller, primera_opcion_id, segunda_opcion_id, turno_preferencia, gestion_id, estado, recurrente, user_id, created_at, updated_at) VALUES (745, '1510729', 'Valentina', 'Sánchez', '2005-01-15', 'M', NULL, '59187393758', 'valentinasánchez144@estudiante.edu.bo', 'Colegio Boliviano', 'Santa Cruz de la Sierra', NULL, 4, 1, 'Tarde', 1, 'Preinscrito', false, 844, NOW(), NOW());
INSERT INTO requisitos_documentales (postulante_id, ci_digitalizado, certificado_nacimiento, titulo_bachiller_legalizado, formulario_preinscripcion, verificado_bd_externa, updated_at) VALUES (745, false, false, false, false, false, NOW());
INSERT INTO users (id, name, email, password, role, active, created_at, updated_at) VALUES (845, 'Roberto Rivas', 'robertorivas145@estudiante.edu.bo', '\$2y\$12\$TyO9cTQJ0O7NSPORyyP8Hup.wk8.BWNWu4itdEJYyjZ2Sem9DbFyi', 'Postulante', true, NOW(), NOW());
INSERT INTO postulantes (id, ci, nombres, apellidos, fecha_nacimiento, sexo, direccion, telefono, email, colegio_procedencia, ciudad, titulo_bachiller, primera_opcion_id, segunda_opcion_id, turno_preferencia, gestion_id, estado, recurrente, user_id, created_at, updated_at) VALUES (746, '9840350', 'Roberto', 'Rivas', '2005-01-15', 'M', NULL, '59166622103', 'robertorivas145@estudiante.edu.bo', 'Colegio Boliviano', 'Santa Cruz de la Sierra', NULL, 4, 1, 'Manana', 1, 'Preinscrito', false, 845, NOW(), NOW());
INSERT INTO requisitos_documentales (postulante_id, ci_digitalizado, certificado_nacimiento, titulo_bachiller_legalizado, formulario_preinscripcion, verificado_bd_externa, updated_at) VALUES (746, false, false, false, false, false, NOW());
INSERT INTO users (id, name, email, password, role, active, created_at, updated_at) VALUES (846, 'Jorge Ramírez', 'jorgeramírez146@estudiante.edu.bo', '\$2y\$12\$TyO9cTQJ0O7NSPORyyP8Hup.wk8.BWNWu4itdEJYyjZ2Sem9DbFyi', 'Postulante', true, NOW(), NOW());
INSERT INTO postulantes (id, ci, nombres, apellidos, fecha_nacimiento, sexo, direccion, telefono, email, colegio_procedencia, ciudad, titulo_bachiller, primera_opcion_id, segunda_opcion_id, turno_preferencia, gestion_id, estado, recurrente, user_id, created_at, updated_at) VALUES (747, '3614040', 'Jorge', 'Ramírez', '2005-01-15', 'M', NULL, '59194757801', 'jorgeramírez146@estudiante.edu.bo', 'Colegio Boliviano', 'Santa Cruz de la Sierra', NULL, 4, 1, 'Tarde', 1, 'Preinscrito', false, 846, NOW(), NOW());
INSERT INTO requisitos_documentales (postulante_id, ci_digitalizado, certificado_nacimiento, titulo_bachiller_legalizado, formulario_preinscripcion, verificado_bd_externa, updated_at) VALUES (747, false, false, false, false, false, NOW());
INSERT INTO users (id, name, email, password, role, active, created_at, updated_at) VALUES (847, 'Natalia Reyes', 'nataliareyes147@estudiante.edu.bo', '\$2y\$12\$TyO9cTQJ0O7NSPORyyP8Hup.wk8.BWNWu4itdEJYyjZ2Sem9DbFyi', 'Postulante', true, NOW(), NOW());
INSERT INTO postulantes (id, ci, nombres, apellidos, fecha_nacimiento, sexo, direccion, telefono, email, colegio_procedencia, ciudad, titulo_bachiller, primera_opcion_id, segunda_opcion_id, turno_preferencia, gestion_id, estado, recurrente, user_id, created_at, updated_at) VALUES (748, '3352586', 'Natalia', 'Reyes', '2005-01-15', 'M', NULL, '59171085817', 'nataliareyes147@estudiante.edu.bo', 'Colegio Boliviano', 'Santa Cruz de la Sierra', NULL, 4, 1, 'Tarde', 1, 'Preinscrito', false, 847, NOW(), NOW());
INSERT INTO requisitos_documentales (postulante_id, ci_digitalizado, certificado_nacimiento, titulo_bachiller_legalizado, formulario_preinscripcion, verificado_bd_externa, updated_at) VALUES (748, false, false, false, false, false, NOW());
INSERT INTO users (id, name, email, password, role, active, created_at, updated_at) VALUES (848, 'Francisca Martínez', 'franciscamartínez148@estudiante.edu.bo', '\$2y\$12\$TyO9cTQJ0O7NSPORyyP8Hup.wk8.BWNWu4itdEJYyjZ2Sem9DbFyi', 'Postulante', true, NOW(), NOW());
INSERT INTO postulantes (id, ci, nombres, apellidos, fecha_nacimiento, sexo, direccion, telefono, email, colegio_procedencia, ciudad, titulo_bachiller, primera_opcion_id, segunda_opcion_id, turno_preferencia, gestion_id, estado, recurrente, user_id, created_at, updated_at) VALUES (749, '9446259', 'Francisca', 'Martínez', '2005-01-15', 'M', NULL, '59186624003', 'franciscamartínez148@estudiante.edu.bo', 'Colegio Boliviano', 'Santa Cruz de la Sierra', NULL, 4, 1, 'Noche', 1, 'Preinscrito', false, 848, NOW(), NOW());
INSERT INTO requisitos_documentales (postulante_id, ci_digitalizado, certificado_nacimiento, titulo_bachiller_legalizado, formulario_preinscripcion, verificado_bd_externa, updated_at) VALUES (749, false, false, false, false, false, NOW());
INSERT INTO users (id, name, email, password, role, active, created_at, updated_at) VALUES (849, 'Andrés Vázquez', 'andrésvázquez149@estudiante.edu.bo', '\$2y\$12\$TyO9cTQJ0O7NSPORyyP8Hup.wk8.BWNWu4itdEJYyjZ2Sem9DbFyi', 'Postulante', true, NOW(), NOW());
INSERT INTO postulantes (id, ci, nombres, apellidos, fecha_nacimiento, sexo, direccion, telefono, email, colegio_procedencia, ciudad, titulo_bachiller, primera_opcion_id, segunda_opcion_id, turno_preferencia, gestion_id, estado, recurrente, user_id, created_at, updated_at) VALUES (750, '4734324', 'Andrés', 'Vázquez', '2005-01-15', 'M', NULL, '59191992518', 'andrésvázquez149@estudiante.edu.bo', 'Colegio Boliviano', 'Santa Cruz de la Sierra', NULL, 4, 1, 'Tarde', 1, 'Preinscrito', false, 849, NOW(), NOW());
INSERT INTO requisitos_documentales (postulante_id, ci_digitalizado, certificado_nacimiento, titulo_bachiller_legalizado, formulario_preinscripcion, verificado_bd_externa, updated_at) VALUES (750, false, false, false, false, false, NOW());
INSERT INTO users (id, name, email, password, role, active, created_at, updated_at) VALUES (850, 'Javier González', 'javiergonzález150@estudiante.edu.bo', '\$2y\$12\$TyO9cTQJ0O7NSPORyyP8Hup.wk8.BWNWu4itdEJYyjZ2Sem9DbFyi', 'Postulante', true, NOW(), NOW());
INSERT INTO postulantes (id, ci, nombres, apellidos, fecha_nacimiento, sexo, direccion, telefono, email, colegio_procedencia, ciudad, titulo_bachiller, primera_opcion_id, segunda_opcion_id, turno_preferencia, gestion_id, estado, recurrente, user_id, created_at, updated_at) VALUES (751, '2886905', 'Javier', 'González', '2005-01-15', 'M', NULL, '59178477913', 'javiergonzález150@estudiante.edu.bo', 'Colegio Boliviano', 'Santa Cruz de la Sierra', NULL, 4, 1, 'Noche', 1, 'Preinscrito', false, 850, NOW(), NOW());
INSERT INTO requisitos_documentales (postulante_id, ci_digitalizado, certificado_nacimiento, titulo_bachiller_legalizado, formulario_preinscripcion, verificado_bd_externa, updated_at) VALUES (751, false, false, false, false, false, NOW());
INSERT INTO users (id, name, email, password, role, active, created_at, updated_at) VALUES (851, 'Miguel Valencia', 'miguelvalencia151@estudiante.edu.bo', '\$2y\$12\$TyO9cTQJ0O7NSPORyyP8Hup.wk8.BWNWu4itdEJYyjZ2Sem9DbFyi', 'Postulante', true, NOW(), NOW());
INSERT INTO postulantes (id, ci, nombres, apellidos, fecha_nacimiento, sexo, direccion, telefono, email, colegio_procedencia, ciudad, titulo_bachiller, primera_opcion_id, segunda_opcion_id, turno_preferencia, gestion_id, estado, recurrente, user_id, created_at, updated_at) VALUES (752, '4649336', 'Miguel', 'Valencia', '2005-01-15', 'M', NULL, '59179261673', 'miguelvalencia151@estudiante.edu.bo', 'Colegio Boliviano', 'Santa Cruz de la Sierra', NULL, 4, 1, 'Tarde', 1, 'Preinscrito', false, 851, NOW(), NOW());
INSERT INTO requisitos_documentales (postulante_id, ci_digitalizado, certificado_nacimiento, titulo_bachiller_legalizado, formulario_preinscripcion, verificado_bd_externa, updated_at) VALUES (752, false, false, false, false, false, NOW());
INSERT INTO users (id, name, email, password, role, active, created_at, updated_at) VALUES (852, 'Luis Carrillo', 'luiscarrillo152@estudiante.edu.bo', '\$2y\$12\$TyO9cTQJ0O7NSPORyyP8Hup.wk8.BWNWu4itdEJYyjZ2Sem9DbFyi', 'Postulante', true, NOW(), NOW());
INSERT INTO postulantes (id, ci, nombres, apellidos, fecha_nacimiento, sexo, direccion, telefono, email, colegio_procedencia, ciudad, titulo_bachiller, primera_opcion_id, segunda_opcion_id, turno_preferencia, gestion_id, estado, recurrente, user_id, created_at, updated_at) VALUES (753, '1632896', 'Luis', 'Carrillo', '2005-01-15', 'M', NULL, '59177825742', 'luiscarrillo152@estudiante.edu.bo', 'Colegio Boliviano', 'Santa Cruz de la Sierra', NULL, 4, 1, 'Noche', 1, 'Preinscrito', false, 852, NOW(), NOW());
INSERT INTO requisitos_documentales (postulante_id, ci_digitalizado, certificado_nacimiento, titulo_bachiller_legalizado, formulario_preinscripcion, verificado_bd_externa, updated_at) VALUES (753, false, false, false, false, false, NOW());
INSERT INTO users (id, name, email, password, role, active, created_at, updated_at) VALUES (853, 'Oscar Valencia', 'oscarvalencia153@estudiante.edu.bo', '\$2y\$12\$TyO9cTQJ0O7NSPORyyP8Hup.wk8.BWNWu4itdEJYyjZ2Sem9DbFyi', 'Postulante', true, NOW(), NOW());
INSERT INTO postulantes (id, ci, nombres, apellidos, fecha_nacimiento, sexo, direccion, telefono, email, colegio_procedencia, ciudad, titulo_bachiller, primera_opcion_id, segunda_opcion_id, turno_preferencia, gestion_id, estado, recurrente, user_id, created_at, updated_at) VALUES (754, '7529652', 'Oscar', 'Valencia', '2005-01-15', 'M', NULL, '59175947607', 'oscarvalencia153@estudiante.edu.bo', 'Colegio Boliviano', 'Santa Cruz de la Sierra', NULL, 4, 1, 'Tarde', 1, 'Preinscrito', false, 853, NOW(), NOW());
INSERT INTO requisitos_documentales (postulante_id, ci_digitalizado, certificado_nacimiento, titulo_bachiller_legalizado, formulario_preinscripcion, verificado_bd_externa, updated_at) VALUES (754, false, false, false, false, false, NOW());
INSERT INTO users (id, name, email, password, role, active, created_at, updated_at) VALUES (854, 'Valentina Delgado', 'valentinadelgado154@estudiante.edu.bo', '\$2y\$12\$TyO9cTQJ0O7NSPORyyP8Hup.wk8.BWNWu4itdEJYyjZ2Sem9DbFyi', 'Postulante', true, NOW(), NOW());
INSERT INTO postulantes (id, ci, nombres, apellidos, fecha_nacimiento, sexo, direccion, telefono, email, colegio_procedencia, ciudad, titulo_bachiller, primera_opcion_id, segunda_opcion_id, turno_preferencia, gestion_id, estado, recurrente, user_id, created_at, updated_at) VALUES (755, '4183128', 'Valentina', 'Delgado', '2005-01-15', 'M', NULL, '59174708160', 'valentinadelgado154@estudiante.edu.bo', 'Colegio Boliviano', 'Santa Cruz de la Sierra', NULL, 4, 1, 'Manana', 1, 'Preinscrito', false, 854, NOW(), NOW());
INSERT INTO requisitos_documentales (postulante_id, ci_digitalizado, certificado_nacimiento, titulo_bachiller_legalizado, formulario_preinscripcion, verificado_bd_externa, updated_at) VALUES (755, false, false, false, false, false, NOW());
INSERT INTO users (id, name, email, password, role, active, created_at, updated_at) VALUES (855, 'Guillermo Tapia', 'guillermotapia155@estudiante.edu.bo', '\$2y\$12\$TyO9cTQJ0O7NSPORyyP8Hup.wk8.BWNWu4itdEJYyjZ2Sem9DbFyi', 'Postulante', true, NOW(), NOW());
INSERT INTO postulantes (id, ci, nombres, apellidos, fecha_nacimiento, sexo, direccion, telefono, email, colegio_procedencia, ciudad, titulo_bachiller, primera_opcion_id, segunda_opcion_id, turno_preferencia, gestion_id, estado, recurrente, user_id, created_at, updated_at) VALUES (756, '7099652', 'Guillermo', 'Tapia', '2005-01-15', 'M', NULL, '59168644406', 'guillermotapia155@estudiante.edu.bo', 'Colegio Boliviano', 'Santa Cruz de la Sierra', NULL, 4, 1, 'Noche', 1, 'Preinscrito', false, 855, NOW(), NOW());
INSERT INTO requisitos_documentales (postulante_id, ci_digitalizado, certificado_nacimiento, titulo_bachiller_legalizado, formulario_preinscripcion, verificado_bd_externa, updated_at) VALUES (756, false, false, false, false, false, NOW());
INSERT INTO users (id, name, email, password, role, active, created_at, updated_at) VALUES (856, 'Gabriela Sánchez', 'gabrielasánchez156@estudiante.edu.bo', '\$2y\$12\$TyO9cTQJ0O7NSPORyyP8Hup.wk8.BWNWu4itdEJYyjZ2Sem9DbFyi', 'Postulante', true, NOW(), NOW());
INSERT INTO postulantes (id, ci, nombres, apellidos, fecha_nacimiento, sexo, direccion, telefono, email, colegio_procedencia, ciudad, titulo_bachiller, primera_opcion_id, segunda_opcion_id, turno_preferencia, gestion_id, estado, recurrente, user_id, created_at, updated_at) VALUES (757, '5426430', 'Gabriela', 'Sánchez', '2005-01-15', 'M', NULL, '59199305083', 'gabrielasánchez156@estudiante.edu.bo', 'Colegio Boliviano', 'Santa Cruz de la Sierra', NULL, 4, 1, 'Noche', 1, 'Preinscrito', false, 856, NOW(), NOW());
INSERT INTO requisitos_documentales (postulante_id, ci_digitalizado, certificado_nacimiento, titulo_bachiller_legalizado, formulario_preinscripcion, verificado_bd_externa, updated_at) VALUES (757, false, false, false, false, false, NOW());
INSERT INTO users (id, name, email, password, role, active, created_at, updated_at) VALUES (857, 'Raúl Vargas', 'raúlvargas157@estudiante.edu.bo', '\$2y\$12\$TyO9cTQJ0O7NSPORyyP8Hup.wk8.BWNWu4itdEJYyjZ2Sem9DbFyi', 'Postulante', true, NOW(), NOW());
INSERT INTO postulantes (id, ci, nombres, apellidos, fecha_nacimiento, sexo, direccion, telefono, email, colegio_procedencia, ciudad, titulo_bachiller, primera_opcion_id, segunda_opcion_id, turno_preferencia, gestion_id, estado, recurrente, user_id, created_at, updated_at) VALUES (758, '5277112', 'Raúl', 'Vargas', '2005-01-15', 'M', NULL, '59189848594', 'raúlvargas157@estudiante.edu.bo', 'Colegio Boliviano', 'Santa Cruz de la Sierra', NULL, 4, 1, 'Manana', 1, 'Preinscrito', false, 857, NOW(), NOW());
INSERT INTO requisitos_documentales (postulante_id, ci_digitalizado, certificado_nacimiento, titulo_bachiller_legalizado, formulario_preinscripcion, verificado_bd_externa, updated_at) VALUES (758, false, false, false, false, false, NOW());
INSERT INTO users (id, name, email, password, role, active, created_at, updated_at) VALUES (858, 'Andrés Hernández', 'andréshernández158@estudiante.edu.bo', '\$2y\$12\$TyO9cTQJ0O7NSPORyyP8Hup.wk8.BWNWu4itdEJYyjZ2Sem9DbFyi', 'Postulante', true, NOW(), NOW());
INSERT INTO postulantes (id, ci, nombres, apellidos, fecha_nacimiento, sexo, direccion, telefono, email, colegio_procedencia, ciudad, titulo_bachiller, primera_opcion_id, segunda_opcion_id, turno_preferencia, gestion_id, estado, recurrente, user_id, created_at, updated_at) VALUES (759, '5842374', 'Andrés', 'Hernández', '2005-01-15', 'M', NULL, '59165127503', 'andréshernández158@estudiante.edu.bo', 'Colegio Boliviano', 'Santa Cruz de la Sierra', NULL, 4, 1, 'Manana', 1, 'Preinscrito', false, 858, NOW(), NOW());
INSERT INTO requisitos_documentales (postulante_id, ci_digitalizado, certificado_nacimiento, titulo_bachiller_legalizado, formulario_preinscripcion, verificado_bd_externa, updated_at) VALUES (759, false, false, false, false, false, NOW());
INSERT INTO users (id, name, email, password, role, active, created_at, updated_at) VALUES (859, 'Laura Rivera', 'laurarivera159@estudiante.edu.bo', '\$2y\$12\$TyO9cTQJ0O7NSPORyyP8Hup.wk8.BWNWu4itdEJYyjZ2Sem9DbFyi', 'Postulante', true, NOW(), NOW());
INSERT INTO postulantes (id, ci, nombres, apellidos, fecha_nacimiento, sexo, direccion, telefono, email, colegio_procedencia, ciudad, titulo_bachiller, primera_opcion_id, segunda_opcion_id, turno_preferencia, gestion_id, estado, recurrente, user_id, created_at, updated_at) VALUES (760, '9311561', 'Laura', 'Rivera', '2005-01-15', 'M', NULL, '59160133060', 'laurarivera159@estudiante.edu.bo', 'Colegio Boliviano', 'Santa Cruz de la Sierra', NULL, 4, 1, 'Tarde', 1, 'Preinscrito', false, 859, NOW(), NOW());
INSERT INTO requisitos_documentales (postulante_id, ci_digitalizado, certificado_nacimiento, titulo_bachiller_legalizado, formulario_preinscripcion, verificado_bd_externa, updated_at) VALUES (760, false, false, false, false, false, NOW());
INSERT INTO users (id, name, email, password, role, active, created_at, updated_at) VALUES (860, 'Manuel Vázquez', 'manuelvázquez160@estudiante.edu.bo', '\$2y\$12\$TyO9cTQJ0O7NSPORyyP8Hup.wk8.BWNWu4itdEJYyjZ2Sem9DbFyi', 'Postulante', true, NOW(), NOW());
INSERT INTO postulantes (id, ci, nombres, apellidos, fecha_nacimiento, sexo, direccion, telefono, email, colegio_procedencia, ciudad, titulo_bachiller, primera_opcion_id, segunda_opcion_id, turno_preferencia, gestion_id, estado, recurrente, user_id, created_at, updated_at) VALUES (761, '3554735', 'Manuel', 'Vázquez', '2005-01-15', 'M', NULL, '59199058746', 'manuelvázquez160@estudiante.edu.bo', 'Colegio Boliviano', 'Santa Cruz de la Sierra', NULL, 4, 1, 'Manana', 1, 'Preinscrito', false, 860, NOW(), NOW());
INSERT INTO requisitos_documentales (postulante_id, ci_digitalizado, certificado_nacimiento, titulo_bachiller_legalizado, formulario_preinscripcion, verificado_bd_externa, updated_at) VALUES (761, false, false, false, false, false, NOW());
INSERT INTO users (id, name, email, password, role, active, created_at, updated_at) VALUES (861, 'Jorge Guerrero', 'jorgeguerrero161@estudiante.edu.bo', '\$2y\$12\$TyO9cTQJ0O7NSPORyyP8Hup.wk8.BWNWu4itdEJYyjZ2Sem9DbFyi', 'Postulante', true, NOW(), NOW());
INSERT INTO postulantes (id, ci, nombres, apellidos, fecha_nacimiento, sexo, direccion, telefono, email, colegio_procedencia, ciudad, titulo_bachiller, primera_opcion_id, segunda_opcion_id, turno_preferencia, gestion_id, estado, recurrente, user_id, created_at, updated_at) VALUES (762, '1415255', 'Jorge', 'Guerrero', '2005-01-15', 'M', NULL, '59163125709', 'jorgeguerrero161@estudiante.edu.bo', 'Colegio Boliviano', 'Santa Cruz de la Sierra', NULL, 4, 1, 'Noche', 1, 'Preinscrito', false, 861, NOW(), NOW());
INSERT INTO requisitos_documentales (postulante_id, ci_digitalizado, certificado_nacimiento, titulo_bachiller_legalizado, formulario_preinscripcion, verificado_bd_externa, updated_at) VALUES (762, false, false, false, false, false, NOW());
INSERT INTO users (id, name, email, password, role, active, created_at, updated_at) VALUES (862, 'Manuel Valdez', 'manuelvaldez162@estudiante.edu.bo', '\$2y\$12\$TyO9cTQJ0O7NSPORyyP8Hup.wk8.BWNWu4itdEJYyjZ2Sem9DbFyi', 'Postulante', true, NOW(), NOW());
INSERT INTO postulantes (id, ci, nombres, apellidos, fecha_nacimiento, sexo, direccion, telefono, email, colegio_procedencia, ciudad, titulo_bachiller, primera_opcion_id, segunda_opcion_id, turno_preferencia, gestion_id, estado, recurrente, user_id, created_at, updated_at) VALUES (763, '7458643', 'Manuel', 'Valdez', '2005-01-15', 'M', NULL, '59195474782', 'manuelvaldez162@estudiante.edu.bo', 'Colegio Boliviano', 'Santa Cruz de la Sierra', NULL, 4, 1, 'Tarde', 1, 'Preinscrito', false, 862, NOW(), NOW());
INSERT INTO requisitos_documentales (postulante_id, ci_digitalizado, certificado_nacimiento, titulo_bachiller_legalizado, formulario_preinscripcion, verificado_bd_externa, updated_at) VALUES (763, false, false, false, false, false, NOW());
INSERT INTO users (id, name, email, password, role, active, created_at, updated_at) VALUES (863, 'Roberto Delgado', 'robertodelgado163@estudiante.edu.bo', '\$2y\$12\$TyO9cTQJ0O7NSPORyyP8Hup.wk8.BWNWu4itdEJYyjZ2Sem9DbFyi', 'Postulante', true, NOW(), NOW());
INSERT INTO postulantes (id, ci, nombres, apellidos, fecha_nacimiento, sexo, direccion, telefono, email, colegio_procedencia, ciudad, titulo_bachiller, primera_opcion_id, segunda_opcion_id, turno_preferencia, gestion_id, estado, recurrente, user_id, created_at, updated_at) VALUES (764, '1690155', 'Roberto', 'Delgado', '2005-01-15', 'M', NULL, '59169519348', 'robertodelgado163@estudiante.edu.bo', 'Colegio Boliviano', 'Santa Cruz de la Sierra', NULL, 4, 1, 'Manana', 1, 'Preinscrito', false, 863, NOW(), NOW());
INSERT INTO requisitos_documentales (postulante_id, ci_digitalizado, certificado_nacimiento, titulo_bachiller_legalizado, formulario_preinscripcion, verificado_bd_externa, updated_at) VALUES (764, false, false, false, false, false, NOW());
INSERT INTO users (id, name, email, password, role, active, created_at, updated_at) VALUES (864, 'Rosa Cortés', 'rosacortés164@estudiante.edu.bo', '\$2y\$12\$TyO9cTQJ0O7NSPORyyP8Hup.wk8.BWNWu4itdEJYyjZ2Sem9DbFyi', 'Postulante', true, NOW(), NOW());
INSERT INTO postulantes (id, ci, nombres, apellidos, fecha_nacimiento, sexo, direccion, telefono, email, colegio_procedencia, ciudad, titulo_bachiller, primera_opcion_id, segunda_opcion_id, turno_preferencia, gestion_id, estado, recurrente, user_id, created_at, updated_at) VALUES (765, '9815757', 'Rosa', 'Cortés', '2005-01-15', 'M', NULL, '59163340222', 'rosacortés164@estudiante.edu.bo', 'Colegio Boliviano', 'Santa Cruz de la Sierra', NULL, 4, 1, 'Tarde', 1, 'Preinscrito', false, 864, NOW(), NOW());
INSERT INTO requisitos_documentales (postulante_id, ci_digitalizado, certificado_nacimiento, titulo_bachiller_legalizado, formulario_preinscripcion, verificado_bd_externa, updated_at) VALUES (765, false, false, false, false, false, NOW());
INSERT INTO users (id, name, email, password, role, active, created_at, updated_at) VALUES (865, 'Antonio Rivera', 'antoniorivera165@estudiante.edu.bo', '\$2y\$12\$TyO9cTQJ0O7NSPORyyP8Hup.wk8.BWNWu4itdEJYyjZ2Sem9DbFyi', 'Postulante', true, NOW(), NOW());
INSERT INTO postulantes (id, ci, nombres, apellidos, fecha_nacimiento, sexo, direccion, telefono, email, colegio_procedencia, ciudad, titulo_bachiller, primera_opcion_id, segunda_opcion_id, turno_preferencia, gestion_id, estado, recurrente, user_id, created_at, updated_at) VALUES (766, '6404218', 'Antonio', 'Rivera', '2005-01-15', 'M', NULL, '59190041133', 'antoniorivera165@estudiante.edu.bo', 'Colegio Boliviano', 'Santa Cruz de la Sierra', NULL, 4, 1, 'Manana', 1, 'Preinscrito', false, 865, NOW(), NOW());
INSERT INTO requisitos_documentales (postulante_id, ci_digitalizado, certificado_nacimiento, titulo_bachiller_legalizado, formulario_preinscripcion, verificado_bd_externa, updated_at) VALUES (766, false, false, false, false, false, NOW());
INSERT INTO users (id, name, email, password, role, active, created_at, updated_at) VALUES (866, 'Verónica Acosta', 'verónicaacosta166@estudiante.edu.bo', '\$2y\$12\$TyO9cTQJ0O7NSPORyyP8Hup.wk8.BWNWu4itdEJYyjZ2Sem9DbFyi', 'Postulante', true, NOW(), NOW());
INSERT INTO postulantes (id, ci, nombres, apellidos, fecha_nacimiento, sexo, direccion, telefono, email, colegio_procedencia, ciudad, titulo_bachiller, primera_opcion_id, segunda_opcion_id, turno_preferencia, gestion_id, estado, recurrente, user_id, created_at, updated_at) VALUES (767, '8131549', 'Verónica', 'Acosta', '2005-01-15', 'M', NULL, '59194296511', 'verónicaacosta166@estudiante.edu.bo', 'Colegio Boliviano', 'Santa Cruz de la Sierra', NULL, 4, 1, 'Noche', 1, 'Preinscrito', false, 866, NOW(), NOW());
INSERT INTO requisitos_documentales (postulante_id, ci_digitalizado, certificado_nacimiento, titulo_bachiller_legalizado, formulario_preinscripcion, verificado_bd_externa, updated_at) VALUES (767, false, false, false, false, false, NOW());
INSERT INTO users (id, name, email, password, role, active, created_at, updated_at) VALUES (867, 'Carmen Cortés', 'carmencortés167@estudiante.edu.bo', '\$2y\$12\$TyO9cTQJ0O7NSPORyyP8Hup.wk8.BWNWu4itdEJYyjZ2Sem9DbFyi', 'Postulante', true, NOW(), NOW());
INSERT INTO postulantes (id, ci, nombres, apellidos, fecha_nacimiento, sexo, direccion, telefono, email, colegio_procedencia, ciudad, titulo_bachiller, primera_opcion_id, segunda_opcion_id, turno_preferencia, gestion_id, estado, recurrente, user_id, created_at, updated_at) VALUES (768, '3062719', 'Carmen', 'Cortés', '2005-01-15', 'M', NULL, '59175855696', 'carmencortés167@estudiante.edu.bo', 'Colegio Boliviano', 'Santa Cruz de la Sierra', NULL, 4, 1, 'Noche', 1, 'Preinscrito', false, 867, NOW(), NOW());
INSERT INTO requisitos_documentales (postulante_id, ci_digitalizado, certificado_nacimiento, titulo_bachiller_legalizado, formulario_preinscripcion, verificado_bd_externa, updated_at) VALUES (768, false, false, false, false, false, NOW());
INSERT INTO users (id, name, email, password, role, active, created_at, updated_at) VALUES (868, 'Laura Ruiz', 'lauraruiz168@estudiante.edu.bo', '\$2y\$12\$TyO9cTQJ0O7NSPORyyP8Hup.wk8.BWNWu4itdEJYyjZ2Sem9DbFyi', 'Postulante', true, NOW(), NOW());
INSERT INTO postulantes (id, ci, nombres, apellidos, fecha_nacimiento, sexo, direccion, telefono, email, colegio_procedencia, ciudad, titulo_bachiller, primera_opcion_id, segunda_opcion_id, turno_preferencia, gestion_id, estado, recurrente, user_id, created_at, updated_at) VALUES (769, '4141314', 'Laura', 'Ruiz', '2005-01-15', 'M', NULL, '59172050779', 'lauraruiz168@estudiante.edu.bo', 'Colegio Boliviano', 'Santa Cruz de la Sierra', NULL, 4, 1, 'Tarde', 1, 'Preinscrito', false, 868, NOW(), NOW());
INSERT INTO requisitos_documentales (postulante_id, ci_digitalizado, certificado_nacimiento, titulo_bachiller_legalizado, formulario_preinscripcion, verificado_bd_externa, updated_at) VALUES (769, false, false, false, false, false, NOW());
INSERT INTO users (id, name, email, password, role, active, created_at, updated_at) VALUES (869, 'Oscar Rodríguez', 'oscarrodríguez169@estudiante.edu.bo', '\$2y\$12\$TyO9cTQJ0O7NSPORyyP8Hup.wk8.BWNWu4itdEJYyjZ2Sem9DbFyi', 'Postulante', true, NOW(), NOW());
INSERT INTO postulantes (id, ci, nombres, apellidos, fecha_nacimiento, sexo, direccion, telefono, email, colegio_procedencia, ciudad, titulo_bachiller, primera_opcion_id, segunda_opcion_id, turno_preferencia, gestion_id, estado, recurrente, user_id, created_at, updated_at) VALUES (770, '5332780', 'Oscar', 'Rodríguez', '2005-01-15', 'M', NULL, '59196105504', 'oscarrodríguez169@estudiante.edu.bo', 'Colegio Boliviano', 'Santa Cruz de la Sierra', NULL, 4, 1, 'Manana', 1, 'Preinscrito', false, 869, NOW(), NOW());
INSERT INTO requisitos_documentales (postulante_id, ci_digitalizado, certificado_nacimiento, titulo_bachiller_legalizado, formulario_preinscripcion, verificado_bd_externa, updated_at) VALUES (770, false, false, false, false, false, NOW());
INSERT INTO users (id, name, email, password, role, active, created_at, updated_at) VALUES (870, 'Leticia Delgado', 'leticiadelgado170@estudiante.edu.bo', '\$2y\$12\$TyO9cTQJ0O7NSPORyyP8Hup.wk8.BWNWu4itdEJYyjZ2Sem9DbFyi', 'Postulante', true, NOW(), NOW());
INSERT INTO postulantes (id, ci, nombres, apellidos, fecha_nacimiento, sexo, direccion, telefono, email, colegio_procedencia, ciudad, titulo_bachiller, primera_opcion_id, segunda_opcion_id, turno_preferencia, gestion_id, estado, recurrente, user_id, created_at, updated_at) VALUES (771, '6000732', 'Leticia', 'Delgado', '2005-01-15', 'M', NULL, '59169161023', 'leticiadelgado170@estudiante.edu.bo', 'Colegio Boliviano', 'Santa Cruz de la Sierra', NULL, 4, 1, 'Tarde', 1, 'Preinscrito', false, 870, NOW(), NOW());
INSERT INTO requisitos_documentales (postulante_id, ci_digitalizado, certificado_nacimiento, titulo_bachiller_legalizado, formulario_preinscripcion, verificado_bd_externa, updated_at) VALUES (771, false, false, false, false, false, NOW());
INSERT INTO users (id, name, email, password, role, active, created_at, updated_at) VALUES (871, 'Natalia Acosta', 'nataliaacosta171@estudiante.edu.bo', '\$2y\$12\$TyO9cTQJ0O7NSPORyyP8Hup.wk8.BWNWu4itdEJYyjZ2Sem9DbFyi', 'Postulante', true, NOW(), NOW());
INSERT INTO postulantes (id, ci, nombres, apellidos, fecha_nacimiento, sexo, direccion, telefono, email, colegio_procedencia, ciudad, titulo_bachiller, primera_opcion_id, segunda_opcion_id, turno_preferencia, gestion_id, estado, recurrente, user_id, created_at, updated_at) VALUES (772, '8119213', 'Natalia', 'Acosta', '2005-01-15', 'M', NULL, '59173817440', 'nataliaacosta171@estudiante.edu.bo', 'Colegio Boliviano', 'Santa Cruz de la Sierra', NULL, 4, 1, 'Tarde', 1, 'Preinscrito', false, 871, NOW(), NOW());
INSERT INTO requisitos_documentales (postulante_id, ci_digitalizado, certificado_nacimiento, titulo_bachiller_legalizado, formulario_preinscripcion, verificado_bd_externa, updated_at) VALUES (772, false, false, false, false, false, NOW());
INSERT INTO users (id, name, email, password, role, active, created_at, updated_at) VALUES (872, 'Antonio Guerrero', 'antonioguerrero172@estudiante.edu.bo', '\$2y\$12\$TyO9cTQJ0O7NSPORyyP8Hup.wk8.BWNWu4itdEJYyjZ2Sem9DbFyi', 'Postulante', true, NOW(), NOW());
INSERT INTO postulantes (id, ci, nombres, apellidos, fecha_nacimiento, sexo, direccion, telefono, email, colegio_procedencia, ciudad, titulo_bachiller, primera_opcion_id, segunda_opcion_id, turno_preferencia, gestion_id, estado, recurrente, user_id, created_at, updated_at) VALUES (773, '7913506', 'Antonio', 'Guerrero', '2005-01-15', 'M', NULL, '59187015329', 'antonioguerrero172@estudiante.edu.bo', 'Colegio Boliviano', 'Santa Cruz de la Sierra', NULL, 4, 1, 'Manana', 1, 'Preinscrito', false, 872, NOW(), NOW());
INSERT INTO requisitos_documentales (postulante_id, ci_digitalizado, certificado_nacimiento, titulo_bachiller_legalizado, formulario_preinscripcion, verificado_bd_externa, updated_at) VALUES (773, false, false, false, false, false, NOW());
INSERT INTO users (id, name, email, password, role, active, created_at, updated_at) VALUES (873, 'Francisca Hernández', 'franciscahernández173@estudiante.edu.bo', '\$2y\$12\$TyO9cTQJ0O7NSPORyyP8Hup.wk8.BWNWu4itdEJYyjZ2Sem9DbFyi', 'Postulante', true, NOW(), NOW());
INSERT INTO postulantes (id, ci, nombres, apellidos, fecha_nacimiento, sexo, direccion, telefono, email, colegio_procedencia, ciudad, titulo_bachiller, primera_opcion_id, segunda_opcion_id, turno_preferencia, gestion_id, estado, recurrente, user_id, created_at, updated_at) VALUES (774, '4127354', 'Francisca', 'Hernández', '2005-01-15', 'M', NULL, '59182186024', 'franciscahernández173@estudiante.edu.bo', 'Colegio Boliviano', 'Santa Cruz de la Sierra', NULL, 4, 1, 'Tarde', 1, 'Preinscrito', false, 873, NOW(), NOW());
INSERT INTO requisitos_documentales (postulante_id, ci_digitalizado, certificado_nacimiento, titulo_bachiller_legalizado, formulario_preinscripcion, verificado_bd_externa, updated_at) VALUES (774, false, false, false, false, false, NOW());
INSERT INTO users (id, name, email, password, role, active, created_at, updated_at) VALUES (874, 'Sergio Martínez', 'sergiomartínez174@estudiante.edu.bo', '\$2y\$12\$TyO9cTQJ0O7NSPORyyP8Hup.wk8.BWNWu4itdEJYyjZ2Sem9DbFyi', 'Postulante', true, NOW(), NOW());
INSERT INTO postulantes (id, ci, nombres, apellidos, fecha_nacimiento, sexo, direccion, telefono, email, colegio_procedencia, ciudad, titulo_bachiller, primera_opcion_id, segunda_opcion_id, turno_preferencia, gestion_id, estado, recurrente, user_id, created_at, updated_at) VALUES (775, '8374665', 'Sergio', 'Martínez', '2005-01-15', 'M', NULL, '59197963563', 'sergiomartínez174@estudiante.edu.bo', 'Colegio Boliviano', 'Santa Cruz de la Sierra', NULL, 4, 1, 'Noche', 1, 'Preinscrito', false, 874, NOW(), NOW());
INSERT INTO requisitos_documentales (postulante_id, ci_digitalizado, certificado_nacimiento, titulo_bachiller_legalizado, formulario_preinscripcion, verificado_bd_externa, updated_at) VALUES (775, false, false, false, false, false, NOW());
INSERT INTO users (id, name, email, password, role, active, created_at, updated_at) VALUES (875, 'Leticia Vargas', 'leticiavargas175@estudiante.edu.bo', '\$2y\$12\$TyO9cTQJ0O7NSPORyyP8Hup.wk8.BWNWu4itdEJYyjZ2Sem9DbFyi', 'Postulante', true, NOW(), NOW());
INSERT INTO postulantes (id, ci, nombres, apellidos, fecha_nacimiento, sexo, direccion, telefono, email, colegio_procedencia, ciudad, titulo_bachiller, primera_opcion_id, segunda_opcion_id, turno_preferencia, gestion_id, estado, recurrente, user_id, created_at, updated_at) VALUES (776, '9595614', 'Leticia', 'Vargas', '2005-01-15', 'M', NULL, '59160063322', 'leticiavargas175@estudiante.edu.bo', 'Colegio Boliviano', 'Santa Cruz de la Sierra', NULL, 4, 1, 'Noche', 1, 'Preinscrito', false, 875, NOW(), NOW());
INSERT INTO requisitos_documentales (postulante_id, ci_digitalizado, certificado_nacimiento, titulo_bachiller_legalizado, formulario_preinscripcion, verificado_bd_externa, updated_at) VALUES (776, false, false, false, false, false, NOW());
INSERT INTO users (id, name, email, password, role, active, created_at, updated_at) VALUES (876, 'Constanza Morales', 'constanzamorales176@estudiante.edu.bo', '\$2y\$12\$TyO9cTQJ0O7NSPORyyP8Hup.wk8.BWNWu4itdEJYyjZ2Sem9DbFyi', 'Postulante', true, NOW(), NOW());
INSERT INTO postulantes (id, ci, nombres, apellidos, fecha_nacimiento, sexo, direccion, telefono, email, colegio_procedencia, ciudad, titulo_bachiller, primera_opcion_id, segunda_opcion_id, turno_preferencia, gestion_id, estado, recurrente, user_id, created_at, updated_at) VALUES (777, '1126848', 'Constanza', 'Morales', '2005-01-15', 'M', NULL, '59164769859', 'constanzamorales176@estudiante.edu.bo', 'Colegio Boliviano', 'Santa Cruz de la Sierra', NULL, 4, 1, 'Noche', 1, 'Preinscrito', false, 876, NOW(), NOW());
INSERT INTO requisitos_documentales (postulante_id, ci_digitalizado, certificado_nacimiento, titulo_bachiller_legalizado, formulario_preinscripcion, verificado_bd_externa, updated_at) VALUES (777, false, false, false, false, false, NOW());
INSERT INTO users (id, name, email, password, role, active, created_at, updated_at) VALUES (877, 'Aurora López', 'auroralópez177@estudiante.edu.bo', '\$2y\$12\$TyO9cTQJ0O7NSPORyyP8Hup.wk8.BWNWu4itdEJYyjZ2Sem9DbFyi', 'Postulante', true, NOW(), NOW());
INSERT INTO postulantes (id, ci, nombres, apellidos, fecha_nacimiento, sexo, direccion, telefono, email, colegio_procedencia, ciudad, titulo_bachiller, primera_opcion_id, segunda_opcion_id, turno_preferencia, gestion_id, estado, recurrente, user_id, created_at, updated_at) VALUES (778, '4911792', 'Aurora', 'López', '2005-01-15', 'M', NULL, '59167151615', 'auroralópez177@estudiante.edu.bo', 'Colegio Boliviano', 'Santa Cruz de la Sierra', NULL, 4, 1, 'Manana', 1, 'Preinscrito', false, 877, NOW(), NOW());
INSERT INTO requisitos_documentales (postulante_id, ci_digitalizado, certificado_nacimiento, titulo_bachiller_legalizado, formulario_preinscripcion, verificado_bd_externa, updated_at) VALUES (778, false, false, false, false, false, NOW());
INSERT INTO users (id, name, email, password, role, active, created_at, updated_at) VALUES (878, 'Pedro Vega', 'pedrovega178@estudiante.edu.bo', '\$2y\$12\$TyO9cTQJ0O7NSPORyyP8Hup.wk8.BWNWu4itdEJYyjZ2Sem9DbFyi', 'Postulante', true, NOW(), NOW());
INSERT INTO postulantes (id, ci, nombres, apellidos, fecha_nacimiento, sexo, direccion, telefono, email, colegio_procedencia, ciudad, titulo_bachiller, primera_opcion_id, segunda_opcion_id, turno_preferencia, gestion_id, estado, recurrente, user_id, created_at, updated_at) VALUES (779, '8266228', 'Pedro', 'Vega', '2005-01-15', 'M', NULL, '59167240598', 'pedrovega178@estudiante.edu.bo', 'Colegio Boliviano', 'Santa Cruz de la Sierra', NULL, 4, 1, 'Noche', 1, 'Preinscrito', false, 878, NOW(), NOW());
INSERT INTO requisitos_documentales (postulante_id, ci_digitalizado, certificado_nacimiento, titulo_bachiller_legalizado, formulario_preinscripcion, verificado_bd_externa, updated_at) VALUES (779, false, false, false, false, false, NOW());
INSERT INTO users (id, name, email, password, role, active, created_at, updated_at) VALUES (879, 'Francisca Acosta', 'franciscaacosta179@estudiante.edu.bo', '\$2y\$12\$TyO9cTQJ0O7NSPORyyP8Hup.wk8.BWNWu4itdEJYyjZ2Sem9DbFyi', 'Postulante', true, NOW(), NOW());
INSERT INTO postulantes (id, ci, nombres, apellidos, fecha_nacimiento, sexo, direccion, telefono, email, colegio_procedencia, ciudad, titulo_bachiller, primera_opcion_id, segunda_opcion_id, turno_preferencia, gestion_id, estado, recurrente, user_id, created_at, updated_at) VALUES (780, '5780527', 'Francisca', 'Acosta', '2005-01-15', 'M', NULL, '59176701089', 'franciscaacosta179@estudiante.edu.bo', 'Colegio Boliviano', 'Santa Cruz de la Sierra', NULL, 4, 1, 'Manana', 1, 'Preinscrito', false, 879, NOW(), NOW());
INSERT INTO requisitos_documentales (postulante_id, ci_digitalizado, certificado_nacimiento, titulo_bachiller_legalizado, formulario_preinscripcion, verificado_bd_externa, updated_at) VALUES (780, false, false, false, false, false, NOW());
INSERT INTO users (id, name, email, password, role, active, created_at, updated_at) VALUES (880, 'Bruno Rivas', 'brunorivas180@estudiante.edu.bo', '\$2y\$12\$TyO9cTQJ0O7NSPORyyP8Hup.wk8.BWNWu4itdEJYyjZ2Sem9DbFyi', 'Postulante', true, NOW(), NOW());
INSERT INTO postulantes (id, ci, nombres, apellidos, fecha_nacimiento, sexo, direccion, telefono, email, colegio_procedencia, ciudad, titulo_bachiller, primera_opcion_id, segunda_opcion_id, turno_preferencia, gestion_id, estado, recurrente, user_id, created_at, updated_at) VALUES (781, '8528412', 'Bruno', 'Rivas', '2005-01-15', 'M', NULL, '59182381160', 'brunorivas180@estudiante.edu.bo', 'Colegio Boliviano', 'Santa Cruz de la Sierra', NULL, 4, 1, 'Noche', 1, 'Preinscrito', false, 880, NOW(), NOW());
INSERT INTO requisitos_documentales (postulante_id, ci_digitalizado, certificado_nacimiento, titulo_bachiller_legalizado, formulario_preinscripcion, verificado_bd_externa, updated_at) VALUES (781, false, false, false, false, false, NOW());
INSERT INTO users (id, name, email, password, role, active, created_at, updated_at) VALUES (881, 'Aurora Vega', 'auroravega181@estudiante.edu.bo', '\$2y\$12\$TyO9cTQJ0O7NSPORyyP8Hup.wk8.BWNWu4itdEJYyjZ2Sem9DbFyi', 'Postulante', true, NOW(), NOW());
INSERT INTO postulantes (id, ci, nombres, apellidos, fecha_nacimiento, sexo, direccion, telefono, email, colegio_procedencia, ciudad, titulo_bachiller, primera_opcion_id, segunda_opcion_id, turno_preferencia, gestion_id, estado, recurrente, user_id, created_at, updated_at) VALUES (782, '6326385', 'Aurora', 'Vega', '2005-01-15', 'M', NULL, '59168163875', 'auroravega181@estudiante.edu.bo', 'Colegio Boliviano', 'Santa Cruz de la Sierra', NULL, 4, 1, 'Tarde', 1, 'Preinscrito', false, 881, NOW(), NOW());
INSERT INTO requisitos_documentales (postulante_id, ci_digitalizado, certificado_nacimiento, titulo_bachiller_legalizado, formulario_preinscripcion, verificado_bd_externa, updated_at) VALUES (782, false, false, false, false, false, NOW());
INSERT INTO users (id, name, email, password, role, active, created_at, updated_at) VALUES (882, 'Miguel Carrillo', 'miguelcarrillo182@estudiante.edu.bo', '\$2y\$12\$TyO9cTQJ0O7NSPORyyP8Hup.wk8.BWNWu4itdEJYyjZ2Sem9DbFyi', 'Postulante', true, NOW(), NOW());
INSERT INTO postulantes (id, ci, nombres, apellidos, fecha_nacimiento, sexo, direccion, telefono, email, colegio_procedencia, ciudad, titulo_bachiller, primera_opcion_id, segunda_opcion_id, turno_preferencia, gestion_id, estado, recurrente, user_id, created_at, updated_at) VALUES (783, '3424011', 'Miguel', 'Carrillo', '2005-01-15', 'M', NULL, '59177640169', 'miguelcarrillo182@estudiante.edu.bo', 'Colegio Boliviano', 'Santa Cruz de la Sierra', NULL, 4, 1, 'Tarde', 1, 'Preinscrito', false, 882, NOW(), NOW());
INSERT INTO requisitos_documentales (postulante_id, ci_digitalizado, certificado_nacimiento, titulo_bachiller_legalizado, formulario_preinscripcion, verificado_bd_externa, updated_at) VALUES (783, false, false, false, false, false, NOW());
INSERT INTO users (id, name, email, password, role, active, created_at, updated_at) VALUES (883, 'Bruno Campos', 'brunocampos183@estudiante.edu.bo', '\$2y\$12\$TyO9cTQJ0O7NSPORyyP8Hup.wk8.BWNWu4itdEJYyjZ2Sem9DbFyi', 'Postulante', true, NOW(), NOW());
INSERT INTO postulantes (id, ci, nombres, apellidos, fecha_nacimiento, sexo, direccion, telefono, email, colegio_procedencia, ciudad, titulo_bachiller, primera_opcion_id, segunda_opcion_id, turno_preferencia, gestion_id, estado, recurrente, user_id, created_at, updated_at) VALUES (784, '4160032', 'Bruno', 'Campos', '2005-01-15', 'M', NULL, '59191194817', 'brunocampos183@estudiante.edu.bo', 'Colegio Boliviano', 'Santa Cruz de la Sierra', NULL, 4, 1, 'Tarde', 1, 'Preinscrito', false, 883, NOW(), NOW());
INSERT INTO requisitos_documentales (postulante_id, ci_digitalizado, certificado_nacimiento, titulo_bachiller_legalizado, formulario_preinscripcion, verificado_bd_externa, updated_at) VALUES (784, false, false, false, false, false, NOW());
INSERT INTO users (id, name, email, password, role, active, created_at, updated_at) VALUES (884, 'Pedro Rivas', 'pedrorivas184@estudiante.edu.bo', '\$2y\$12\$TyO9cTQJ0O7NSPORyyP8Hup.wk8.BWNWu4itdEJYyjZ2Sem9DbFyi', 'Postulante', true, NOW(), NOW());
INSERT INTO postulantes (id, ci, nombres, apellidos, fecha_nacimiento, sexo, direccion, telefono, email, colegio_procedencia, ciudad, titulo_bachiller, primera_opcion_id, segunda_opcion_id, turno_preferencia, gestion_id, estado, recurrente, user_id, created_at, updated_at) VALUES (785, '4898398', 'Pedro', 'Rivas', '2005-01-15', 'M', NULL, '59184465625', 'pedrorivas184@estudiante.edu.bo', 'Colegio Boliviano', 'Santa Cruz de la Sierra', NULL, 4, 1, 'Tarde', 1, 'Preinscrito', false, 884, NOW(), NOW());
INSERT INTO requisitos_documentales (postulante_id, ci_digitalizado, certificado_nacimiento, titulo_bachiller_legalizado, formulario_preinscripcion, verificado_bd_externa, updated_at) VALUES (785, false, false, false, false, false, NOW());
INSERT INTO users (id, name, email, password, role, active, created_at, updated_at) VALUES (885, 'Antonio Sánchez', 'antoniosánchez185@estudiante.edu.bo', '\$2y\$12\$TyO9cTQJ0O7NSPORyyP8Hup.wk8.BWNWu4itdEJYyjZ2Sem9DbFyi', 'Postulante', true, NOW(), NOW());
INSERT INTO postulantes (id, ci, nombres, apellidos, fecha_nacimiento, sexo, direccion, telefono, email, colegio_procedencia, ciudad, titulo_bachiller, primera_opcion_id, segunda_opcion_id, turno_preferencia, gestion_id, estado, recurrente, user_id, created_at, updated_at) VALUES (786, '3308490', 'Antonio', 'Sánchez', '2005-01-15', 'M', NULL, '59195158651', 'antoniosánchez185@estudiante.edu.bo', 'Colegio Boliviano', 'Santa Cruz de la Sierra', NULL, 4, 1, 'Manana', 1, 'Preinscrito', false, 885, NOW(), NOW());
INSERT INTO requisitos_documentales (postulante_id, ci_digitalizado, certificado_nacimiento, titulo_bachiller_legalizado, formulario_preinscripcion, verificado_bd_externa, updated_at) VALUES (786, false, false, false, false, false, NOW());
INSERT INTO users (id, name, email, password, role, active, created_at, updated_at) VALUES (886, 'Ricardo Pérez', 'ricardopérez186@estudiante.edu.bo', '\$2y\$12\$TyO9cTQJ0O7NSPORyyP8Hup.wk8.BWNWu4itdEJYyjZ2Sem9DbFyi', 'Postulante', true, NOW(), NOW());
INSERT INTO postulantes (id, ci, nombres, apellidos, fecha_nacimiento, sexo, direccion, telefono, email, colegio_procedencia, ciudad, titulo_bachiller, primera_opcion_id, segunda_opcion_id, turno_preferencia, gestion_id, estado, recurrente, user_id, created_at, updated_at) VALUES (787, '8389644', 'Ricardo', 'Pérez', '2005-01-15', 'M', NULL, '59162093163', 'ricardopérez186@estudiante.edu.bo', 'Colegio Boliviano', 'Santa Cruz de la Sierra', NULL, 4, 1, 'Noche', 1, 'Preinscrito', false, 886, NOW(), NOW());
INSERT INTO requisitos_documentales (postulante_id, ci_digitalizado, certificado_nacimiento, titulo_bachiller_legalizado, formulario_preinscripcion, verificado_bd_externa, updated_at) VALUES (787, false, false, false, false, false, NOW());
INSERT INTO users (id, name, email, password, role, active, created_at, updated_at) VALUES (887, 'Miguel García', 'miguelgarcía187@estudiante.edu.bo', '\$2y\$12\$TyO9cTQJ0O7NSPORyyP8Hup.wk8.BWNWu4itdEJYyjZ2Sem9DbFyi', 'Postulante', true, NOW(), NOW());
INSERT INTO postulantes (id, ci, nombres, apellidos, fecha_nacimiento, sexo, direccion, telefono, email, colegio_procedencia, ciudad, titulo_bachiller, primera_opcion_id, segunda_opcion_id, turno_preferencia, gestion_id, estado, recurrente, user_id, created_at, updated_at) VALUES (788, '7705147', 'Miguel', 'García', '2005-01-15', 'M', NULL, '59199587515', 'miguelgarcía187@estudiante.edu.bo', 'Colegio Boliviano', 'Santa Cruz de la Sierra', NULL, 4, 1, 'Tarde', 1, 'Preinscrito', false, 887, NOW(), NOW());
INSERT INTO requisitos_documentales (postulante_id, ci_digitalizado, certificado_nacimiento, titulo_bachiller_legalizado, formulario_preinscripcion, verificado_bd_externa, updated_at) VALUES (788, false, false, false, false, false, NOW());
INSERT INTO users (id, name, email, password, role, active, created_at, updated_at) VALUES (888, 'María Ortiz', 'maríaortiz188@estudiante.edu.bo', '\$2y\$12\$TyO9cTQJ0O7NSPORyyP8Hup.wk8.BWNWu4itdEJYyjZ2Sem9DbFyi', 'Postulante', true, NOW(), NOW());
INSERT INTO postulantes (id, ci, nombres, apellidos, fecha_nacimiento, sexo, direccion, telefono, email, colegio_procedencia, ciudad, titulo_bachiller, primera_opcion_id, segunda_opcion_id, turno_preferencia, gestion_id, estado, recurrente, user_id, created_at, updated_at) VALUES (789, '7455035', 'María', 'Ortiz', '2005-01-15', 'M', NULL, '59185548241', 'maríaortiz188@estudiante.edu.bo', 'Colegio Boliviano', 'Santa Cruz de la Sierra', NULL, 4, 1, 'Noche', 1, 'Preinscrito', false, 888, NOW(), NOW());
INSERT INTO requisitos_documentales (postulante_id, ci_digitalizado, certificado_nacimiento, titulo_bachiller_legalizado, formulario_preinscripcion, verificado_bd_externa, updated_at) VALUES (789, false, false, false, false, false, NOW());
INSERT INTO users (id, name, email, password, role, active, created_at, updated_at) VALUES (889, 'Juan Morales', 'juanmorales189@estudiante.edu.bo', '\$2y\$12\$TyO9cTQJ0O7NSPORyyP8Hup.wk8.BWNWu4itdEJYyjZ2Sem9DbFyi', 'Postulante', true, NOW(), NOW());
INSERT INTO postulantes (id, ci, nombres, apellidos, fecha_nacimiento, sexo, direccion, telefono, email, colegio_procedencia, ciudad, titulo_bachiller, primera_opcion_id, segunda_opcion_id, turno_preferencia, gestion_id, estado, recurrente, user_id, created_at, updated_at) VALUES (790, '8497459', 'Juan', 'Morales', '2005-01-15', 'M', NULL, '59177259000', 'juanmorales189@estudiante.edu.bo', 'Colegio Boliviano', 'Santa Cruz de la Sierra', NULL, 4, 1, 'Manana', 1, 'Preinscrito', false, 889, NOW(), NOW());
INSERT INTO requisitos_documentales (postulante_id, ci_digitalizado, certificado_nacimiento, titulo_bachiller_legalizado, formulario_preinscripcion, verificado_bd_externa, updated_at) VALUES (790, false, false, false, false, false, NOW());
INSERT INTO users (id, name, email, password, role, active, created_at, updated_at) VALUES (890, 'Guillermo Silva', 'guillermosilva190@estudiante.edu.bo', '\$2y\$12\$TyO9cTQJ0O7NSPORyyP8Hup.wk8.BWNWu4itdEJYyjZ2Sem9DbFyi', 'Postulante', true, NOW(), NOW());
INSERT INTO postulantes (id, ci, nombres, apellidos, fecha_nacimiento, sexo, direccion, telefono, email, colegio_procedencia, ciudad, titulo_bachiller, primera_opcion_id, segunda_opcion_id, turno_preferencia, gestion_id, estado, recurrente, user_id, created_at, updated_at) VALUES (791, '2259257', 'Guillermo', 'Silva', '2005-01-15', 'M', NULL, '59194193444', 'guillermosilva190@estudiante.edu.bo', 'Colegio Boliviano', 'Santa Cruz de la Sierra', NULL, 4, 1, 'Tarde', 1, 'Preinscrito', false, 890, NOW(), NOW());
INSERT INTO requisitos_documentales (postulante_id, ci_digitalizado, certificado_nacimiento, titulo_bachiller_legalizado, formulario_preinscripcion, verificado_bd_externa, updated_at) VALUES (791, false, false, false, false, false, NOW());
INSERT INTO users (id, name, email, password, role, active, created_at, updated_at) VALUES (891, 'Matías Pérez', 'matíaspérez191@estudiante.edu.bo', '\$2y\$12\$TyO9cTQJ0O7NSPORyyP8Hup.wk8.BWNWu4itdEJYyjZ2Sem9DbFyi', 'Postulante', true, NOW(), NOW());
INSERT INTO postulantes (id, ci, nombres, apellidos, fecha_nacimiento, sexo, direccion, telefono, email, colegio_procedencia, ciudad, titulo_bachiller, primera_opcion_id, segunda_opcion_id, turno_preferencia, gestion_id, estado, recurrente, user_id, created_at, updated_at) VALUES (792, '6886209', 'Matías', 'Pérez', '2005-01-15', 'M', NULL, '59183259579', 'matíaspérez191@estudiante.edu.bo', 'Colegio Boliviano', 'Santa Cruz de la Sierra', NULL, 4, 1, 'Noche', 1, 'Preinscrito', false, 891, NOW(), NOW());
INSERT INTO requisitos_documentales (postulante_id, ci_digitalizado, certificado_nacimiento, titulo_bachiller_legalizado, formulario_preinscripcion, verificado_bd_externa, updated_at) VALUES (792, false, false, false, false, false, NOW());
INSERT INTO users (id, name, email, password, role, active, created_at, updated_at) VALUES (892, 'Lorena Domínguez', 'lorenadomínguez192@estudiante.edu.bo', '\$2y\$12\$TyO9cTQJ0O7NSPORyyP8Hup.wk8.BWNWu4itdEJYyjZ2Sem9DbFyi', 'Postulante', true, NOW(), NOW());
INSERT INTO postulantes (id, ci, nombres, apellidos, fecha_nacimiento, sexo, direccion, telefono, email, colegio_procedencia, ciudad, titulo_bachiller, primera_opcion_id, segunda_opcion_id, turno_preferencia, gestion_id, estado, recurrente, user_id, created_at, updated_at) VALUES (793, '8231249', 'Lorena', 'Domínguez', '2005-01-15', 'M', NULL, '59165568588', 'lorenadomínguez192@estudiante.edu.bo', 'Colegio Boliviano', 'Santa Cruz de la Sierra', NULL, 4, 1, 'Manana', 1, 'Preinscrito', false, 892, NOW(), NOW());
INSERT INTO requisitos_documentales (postulante_id, ci_digitalizado, certificado_nacimiento, titulo_bachiller_legalizado, formulario_preinscripcion, verificado_bd_externa, updated_at) VALUES (793, false, false, false, false, false, NOW());
INSERT INTO users (id, name, email, password, role, active, created_at, updated_at) VALUES (893, 'Carmen Rojas', 'carmenrojas193@estudiante.edu.bo', '\$2y\$12\$TyO9cTQJ0O7NSPORyyP8Hup.wk8.BWNWu4itdEJYyjZ2Sem9DbFyi', 'Postulante', true, NOW(), NOW());
INSERT INTO postulantes (id, ci, nombres, apellidos, fecha_nacimiento, sexo, direccion, telefono, email, colegio_procedencia, ciudad, titulo_bachiller, primera_opcion_id, segunda_opcion_id, turno_preferencia, gestion_id, estado, recurrente, user_id, created_at, updated_at) VALUES (794, '6459503', 'Carmen', 'Rojas', '2005-01-15', 'M', NULL, '59177611979', 'carmenrojas193@estudiante.edu.bo', 'Colegio Boliviano', 'Santa Cruz de la Sierra', NULL, 4, 1, 'Tarde', 1, 'Preinscrito', false, 893, NOW(), NOW());
INSERT INTO requisitos_documentales (postulante_id, ci_digitalizado, certificado_nacimiento, titulo_bachiller_legalizado, formulario_preinscripcion, verificado_bd_externa, updated_at) VALUES (794, false, false, false, false, false, NOW());
INSERT INTO users (id, name, email, password, role, active, created_at, updated_at) VALUES (894, 'Jorge Ramírez', 'jorgeramírez194@estudiante.edu.bo', '\$2y\$12\$TyO9cTQJ0O7NSPORyyP8Hup.wk8.BWNWu4itdEJYyjZ2Sem9DbFyi', 'Postulante', true, NOW(), NOW());
INSERT INTO postulantes (id, ci, nombres, apellidos, fecha_nacimiento, sexo, direccion, telefono, email, colegio_procedencia, ciudad, titulo_bachiller, primera_opcion_id, segunda_opcion_id, turno_preferencia, gestion_id, estado, recurrente, user_id, created_at, updated_at) VALUES (795, '9181945', 'Jorge', 'Ramírez', '2005-01-15', 'M', NULL, '59181280052', 'jorgeramírez194@estudiante.edu.bo', 'Colegio Boliviano', 'Santa Cruz de la Sierra', NULL, 4, 1, 'Tarde', 1, 'Preinscrito', false, 894, NOW(), NOW());
INSERT INTO requisitos_documentales (postulante_id, ci_digitalizado, certificado_nacimiento, titulo_bachiller_legalizado, formulario_preinscripcion, verificado_bd_externa, updated_at) VALUES (795, false, false, false, false, false, NOW());
INSERT INTO users (id, name, email, password, role, active, created_at, updated_at) VALUES (895, 'Elena Rojas', 'elenarojas195@estudiante.edu.bo', '\$2y\$12\$TyO9cTQJ0O7NSPORyyP8Hup.wk8.BWNWu4itdEJYyjZ2Sem9DbFyi', 'Postulante', true, NOW(), NOW());
INSERT INTO postulantes (id, ci, nombres, apellidos, fecha_nacimiento, sexo, direccion, telefono, email, colegio_procedencia, ciudad, titulo_bachiller, primera_opcion_id, segunda_opcion_id, turno_preferencia, gestion_id, estado, recurrente, user_id, created_at, updated_at) VALUES (796, '8138224', 'Elena', 'Rojas', '2005-01-15', 'M', NULL, '59193451624', 'elenarojas195@estudiante.edu.bo', 'Colegio Boliviano', 'Santa Cruz de la Sierra', NULL, 4, 1, 'Manana', 1, 'Preinscrito', false, 895, NOW(), NOW());
INSERT INTO requisitos_documentales (postulante_id, ci_digitalizado, certificado_nacimiento, titulo_bachiller_legalizado, formulario_preinscripcion, verificado_bd_externa, updated_at) VALUES (796, false, false, false, false, false, NOW());
INSERT INTO users (id, name, email, password, role, active, created_at, updated_at) VALUES (896, 'Pedro Rivas', 'pedrorivas196@estudiante.edu.bo', '\$2y\$12\$TyO9cTQJ0O7NSPORyyP8Hup.wk8.BWNWu4itdEJYyjZ2Sem9DbFyi', 'Postulante', true, NOW(), NOW());
INSERT INTO postulantes (id, ci, nombres, apellidos, fecha_nacimiento, sexo, direccion, telefono, email, colegio_procedencia, ciudad, titulo_bachiller, primera_opcion_id, segunda_opcion_id, turno_preferencia, gestion_id, estado, recurrente, user_id, created_at, updated_at) VALUES (797, '8048901', 'Pedro', 'Rivas', '2005-01-15', 'M', NULL, '59180515533', 'pedrorivas196@estudiante.edu.bo', 'Colegio Boliviano', 'Santa Cruz de la Sierra', NULL, 4, 1, 'Noche', 1, 'Preinscrito', false, 896, NOW(), NOW());
INSERT INTO requisitos_documentales (postulante_id, ci_digitalizado, certificado_nacimiento, titulo_bachiller_legalizado, formulario_preinscripcion, verificado_bd_externa, updated_at) VALUES (797, false, false, false, false, false, NOW());
INSERT INTO users (id, name, email, password, role, active, created_at, updated_at) VALUES (897, 'Francisca Vargas', 'franciscavargas197@estudiante.edu.bo', '\$2y\$12\$TyO9cTQJ0O7NSPORyyP8Hup.wk8.BWNWu4itdEJYyjZ2Sem9DbFyi', 'Postulante', true, NOW(), NOW());
INSERT INTO postulantes (id, ci, nombres, apellidos, fecha_nacimiento, sexo, direccion, telefono, email, colegio_procedencia, ciudad, titulo_bachiller, primera_opcion_id, segunda_opcion_id, turno_preferencia, gestion_id, estado, recurrente, user_id, created_at, updated_at) VALUES (798, '5500881', 'Francisca', 'Vargas', '2005-01-15', 'M', NULL, '59165525741', 'franciscavargas197@estudiante.edu.bo', 'Colegio Boliviano', 'Santa Cruz de la Sierra', NULL, 4, 1, 'Tarde', 1, 'Preinscrito', false, 897, NOW(), NOW());
INSERT INTO requisitos_documentales (postulante_id, ci_digitalizado, certificado_nacimiento, titulo_bachiller_legalizado, formulario_preinscripcion, verificado_bd_externa, updated_at) VALUES (798, false, false, false, false, false, NOW());
INSERT INTO users (id, name, email, password, role, active, created_at, updated_at) VALUES (898, 'Sandra Ortiz', 'sandraortiz198@estudiante.edu.bo', '\$2y\$12\$TyO9cTQJ0O7NSPORyyP8Hup.wk8.BWNWu4itdEJYyjZ2Sem9DbFyi', 'Postulante', true, NOW(), NOW());
INSERT INTO postulantes (id, ci, nombres, apellidos, fecha_nacimiento, sexo, direccion, telefono, email, colegio_procedencia, ciudad, titulo_bachiller, primera_opcion_id, segunda_opcion_id, turno_preferencia, gestion_id, estado, recurrente, user_id, created_at, updated_at) VALUES (799, '5508485', 'Sandra', 'Ortiz', '2005-01-15', 'M', NULL, '59179719120', 'sandraortiz198@estudiante.edu.bo', 'Colegio Boliviano', 'Santa Cruz de la Sierra', NULL, 4, 1, 'Noche', 1, 'Preinscrito', false, 898, NOW(), NOW());
INSERT INTO requisitos_documentales (postulante_id, ci_digitalizado, certificado_nacimiento, titulo_bachiller_legalizado, formulario_preinscripcion, verificado_bd_externa, updated_at) VALUES (799, false, false, false, false, false, NOW());
INSERT INTO users (id, name, email, password, role, active, created_at, updated_at) VALUES (899, 'Ricardo Contreras', 'ricardocontreras199@estudiante.edu.bo', '\$2y\$12\$TyO9cTQJ0O7NSPORyyP8Hup.wk8.BWNWu4itdEJYyjZ2Sem9DbFyi', 'Postulante', true, NOW(), NOW());
INSERT INTO postulantes (id, ci, nombres, apellidos, fecha_nacimiento, sexo, direccion, telefono, email, colegio_procedencia, ciudad, titulo_bachiller, primera_opcion_id, segunda_opcion_id, turno_preferencia, gestion_id, estado, recurrente, user_id, created_at, updated_at) VALUES (800, '2145994', 'Ricardo', 'Contreras', '2005-01-15', 'M', NULL, '59178947747', 'ricardocontreras199@estudiante.edu.bo', 'Colegio Boliviano', 'Santa Cruz de la Sierra', NULL, 4, 1, 'Manana', 1, 'Preinscrito', false, 899, NOW(), NOW());
INSERT INTO requisitos_documentales (postulante_id, ci_digitalizado, certificado_nacimiento, titulo_bachiller_legalizado, formulario_preinscripcion, verificado_bd_externa, updated_at) VALUES (800, false, false, false, false, false, NOW());
-- 800 postulantes insertados...
INSERT INTO users (id, name, email, password, role, active, created_at, updated_at) VALUES (900, 'Beatriz Fuentes', 'beatrizfuentes0@estudiante.edu.bo', '\$2y\$12\$TyO9cTQJ0O7NSPORyyP8Hup.wk8.BWNWu4itdEJYyjZ2Sem9DbFyi', 'Postulante', true, NOW(), NOW());
INSERT INTO postulantes (id, ci, nombres, apellidos, fecha_nacimiento, sexo, direccion, telefono, email, colegio_procedencia, ciudad, titulo_bachiller, primera_opcion_id, segunda_opcion_id, turno_preferencia, gestion_id, estado, recurrente, user_id, created_at, updated_at) VALUES (801, '5450585', 'Beatriz', 'Fuentes', '2005-01-15', 'M', NULL, '59169822543', 'beatrizfuentes0@estudiante.edu.bo', 'Colegio Boliviano', 'Santa Cruz de la Sierra', NULL, 1, 2, 'Manana', 2, 'Preinscrito', false, 900, NOW(), NOW());
INSERT INTO requisitos_documentales (postulante_id, ci_digitalizado, certificado_nacimiento, titulo_bachiller_legalizado, formulario_preinscripcion, verificado_bd_externa, updated_at) VALUES (801, false, false, false, false, false, NOW());
INSERT INTO users (id, name, email, password, role, active, created_at, updated_at) VALUES (901, 'Víctor Campos', 'víctorcampos1@estudiante.edu.bo', '\$2y\$12\$TyO9cTQJ0O7NSPORyyP8Hup.wk8.BWNWu4itdEJYyjZ2Sem9DbFyi', 'Postulante', true, NOW(), NOW());
INSERT INTO postulantes (id, ci, nombres, apellidos, fecha_nacimiento, sexo, direccion, telefono, email, colegio_procedencia, ciudad, titulo_bachiller, primera_opcion_id, segunda_opcion_id, turno_preferencia, gestion_id, estado, recurrente, user_id, created_at, updated_at) VALUES (802, '8076689', 'Víctor', 'Campos', '2005-01-15', 'M', NULL, '59177459960', 'víctorcampos1@estudiante.edu.bo', 'Colegio Boliviano', 'Santa Cruz de la Sierra', NULL, 1, 2, 'Manana', 2, 'Preinscrito', false, 901, NOW(), NOW());
INSERT INTO requisitos_documentales (postulante_id, ci_digitalizado, certificado_nacimiento, titulo_bachiller_legalizado, formulario_preinscripcion, verificado_bd_externa, updated_at) VALUES (802, false, false, false, false, false, NOW());
INSERT INTO users (id, name, email, password, role, active, created_at, updated_at) VALUES (902, 'Constanza Vázquez', 'constanzavázquez2@estudiante.edu.bo', '\$2y\$12\$TyO9cTQJ0O7NSPORyyP8Hup.wk8.BWNWu4itdEJYyjZ2Sem9DbFyi', 'Postulante', true, NOW(), NOW());
INSERT INTO postulantes (id, ci, nombres, apellidos, fecha_nacimiento, sexo, direccion, telefono, email, colegio_procedencia, ciudad, titulo_bachiller, primera_opcion_id, segunda_opcion_id, turno_preferencia, gestion_id, estado, recurrente, user_id, created_at, updated_at) VALUES (803, '7159324', 'Constanza', 'Vázquez', '2005-01-15', 'M', NULL, '59168174774', 'constanzavázquez2@estudiante.edu.bo', 'Colegio Boliviano', 'Santa Cruz de la Sierra', NULL, 1, 2, 'Noche', 2, 'Preinscrito', false, 902, NOW(), NOW());
INSERT INTO requisitos_documentales (postulante_id, ci_digitalizado, certificado_nacimiento, titulo_bachiller_legalizado, formulario_preinscripcion, verificado_bd_externa, updated_at) VALUES (803, false, false, false, false, false, NOW());
INSERT INTO users (id, name, email, password, role, active, created_at, updated_at) VALUES (903, 'María Acosta', 'maríaacosta3@estudiante.edu.bo', '\$2y\$12\$TyO9cTQJ0O7NSPORyyP8Hup.wk8.BWNWu4itdEJYyjZ2Sem9DbFyi', 'Postulante', true, NOW(), NOW());
INSERT INTO postulantes (id, ci, nombres, apellidos, fecha_nacimiento, sexo, direccion, telefono, email, colegio_procedencia, ciudad, titulo_bachiller, primera_opcion_id, segunda_opcion_id, turno_preferencia, gestion_id, estado, recurrente, user_id, created_at, updated_at) VALUES (804, '8634314', 'María', 'Acosta', '2005-01-15', 'M', NULL, '59177682963', 'maríaacosta3@estudiante.edu.bo', 'Colegio Boliviano', 'Santa Cruz de la Sierra', NULL, 1, 2, 'Noche', 2, 'Preinscrito', false, 903, NOW(), NOW());
INSERT INTO requisitos_documentales (postulante_id, ci_digitalizado, certificado_nacimiento, titulo_bachiller_legalizado, formulario_preinscripcion, verificado_bd_externa, updated_at) VALUES (804, false, false, false, false, false, NOW());
INSERT INTO users (id, name, email, password, role, active, created_at, updated_at) VALUES (904, 'Gabriela López', 'gabrielalópez4@estudiante.edu.bo', '\$2y\$12\$TyO9cTQJ0O7NSPORyyP8Hup.wk8.BWNWu4itdEJYyjZ2Sem9DbFyi', 'Postulante', true, NOW(), NOW());
INSERT INTO postulantes (id, ci, nombres, apellidos, fecha_nacimiento, sexo, direccion, telefono, email, colegio_procedencia, ciudad, titulo_bachiller, primera_opcion_id, segunda_opcion_id, turno_preferencia, gestion_id, estado, recurrente, user_id, created_at, updated_at) VALUES (805, '6744367', 'Gabriela', 'López', '2005-01-15', 'M', NULL, '59177278864', 'gabrielalópez4@estudiante.edu.bo', 'Colegio Boliviano', 'Santa Cruz de la Sierra', NULL, 1, 2, 'Noche', 2, 'Preinscrito', false, 904, NOW(), NOW());
INSERT INTO requisitos_documentales (postulante_id, ci_digitalizado, certificado_nacimiento, titulo_bachiller_legalizado, formulario_preinscripcion, verificado_bd_externa, updated_at) VALUES (805, false, false, false, false, false, NOW());
INSERT INTO users (id, name, email, password, role, active, created_at, updated_at) VALUES (905, 'Javier González', 'javiergonzález5@estudiante.edu.bo', '\$2y\$12\$TyO9cTQJ0O7NSPORyyP8Hup.wk8.BWNWu4itdEJYyjZ2Sem9DbFyi', 'Postulante', true, NOW(), NOW());
INSERT INTO postulantes (id, ci, nombres, apellidos, fecha_nacimiento, sexo, direccion, telefono, email, colegio_procedencia, ciudad, titulo_bachiller, primera_opcion_id, segunda_opcion_id, turno_preferencia, gestion_id, estado, recurrente, user_id, created_at, updated_at) VALUES (806, '8490600', 'Javier', 'González', '2005-01-15', 'M', NULL, '59191912123', 'javiergonzález5@estudiante.edu.bo', 'Colegio Boliviano', 'Santa Cruz de la Sierra', NULL, 1, 2, 'Manana', 2, 'Preinscrito', false, 905, NOW(), NOW());
INSERT INTO requisitos_documentales (postulante_id, ci_digitalizado, certificado_nacimiento, titulo_bachiller_legalizado, formulario_preinscripcion, verificado_bd_externa, updated_at) VALUES (806, false, false, false, false, false, NOW());
INSERT INTO users (id, name, email, password, role, active, created_at, updated_at) VALUES (906, 'Héctor Cortés', 'héctorcortés6@estudiante.edu.bo', '\$2y\$12\$TyO9cTQJ0O7NSPORyyP8Hup.wk8.BWNWu4itdEJYyjZ2Sem9DbFyi', 'Postulante', true, NOW(), NOW());
INSERT INTO postulantes (id, ci, nombres, apellidos, fecha_nacimiento, sexo, direccion, telefono, email, colegio_procedencia, ciudad, titulo_bachiller, primera_opcion_id, segunda_opcion_id, turno_preferencia, gestion_id, estado, recurrente, user_id, created_at, updated_at) VALUES (807, '7099473', 'Héctor', 'Cortés', '2005-01-15', 'M', NULL, '59175104996', 'héctorcortés6@estudiante.edu.bo', 'Colegio Boliviano', 'Santa Cruz de la Sierra', NULL, 1, 2, 'Noche', 2, 'Preinscrito', false, 906, NOW(), NOW());
INSERT INTO requisitos_documentales (postulante_id, ci_digitalizado, certificado_nacimiento, titulo_bachiller_legalizado, formulario_preinscripcion, verificado_bd_externa, updated_at) VALUES (807, false, false, false, false, false, NOW());
INSERT INTO users (id, name, email, password, role, active, created_at, updated_at) VALUES (907, 'Alejandro Tapia', 'alejandrotapia7@estudiante.edu.bo', '\$2y\$12\$TyO9cTQJ0O7NSPORyyP8Hup.wk8.BWNWu4itdEJYyjZ2Sem9DbFyi', 'Postulante', true, NOW(), NOW());
INSERT INTO postulantes (id, ci, nombres, apellidos, fecha_nacimiento, sexo, direccion, telefono, email, colegio_procedencia, ciudad, titulo_bachiller, primera_opcion_id, segunda_opcion_id, turno_preferencia, gestion_id, estado, recurrente, user_id, created_at, updated_at) VALUES (808, '5444476', 'Alejandro', 'Tapia', '2005-01-15', 'M', NULL, '59197150215', 'alejandrotapia7@estudiante.edu.bo', 'Colegio Boliviano', 'Santa Cruz de la Sierra', NULL, 1, 2, 'Tarde', 2, 'Preinscrito', false, 907, NOW(), NOW());
INSERT INTO requisitos_documentales (postulante_id, ci_digitalizado, certificado_nacimiento, titulo_bachiller_legalizado, formulario_preinscripcion, verificado_bd_externa, updated_at) VALUES (808, false, false, false, false, false, NOW());
INSERT INTO users (id, name, email, password, role, active, created_at, updated_at) VALUES (908, 'Sandra Carrillo', 'sandracarrillo8@estudiante.edu.bo', '\$2y\$12\$TyO9cTQJ0O7NSPORyyP8Hup.wk8.BWNWu4itdEJYyjZ2Sem9DbFyi', 'Postulante', true, NOW(), NOW());
INSERT INTO postulantes (id, ci, nombres, apellidos, fecha_nacimiento, sexo, direccion, telefono, email, colegio_procedencia, ciudad, titulo_bachiller, primera_opcion_id, segunda_opcion_id, turno_preferencia, gestion_id, estado, recurrente, user_id, created_at, updated_at) VALUES (809, '2762262', 'Sandra', 'Carrillo', '2005-01-15', 'M', NULL, '59199241933', 'sandracarrillo8@estudiante.edu.bo', 'Colegio Boliviano', 'Santa Cruz de la Sierra', NULL, 1, 2, 'Noche', 2, 'Preinscrito', false, 908, NOW(), NOW());
INSERT INTO requisitos_documentales (postulante_id, ci_digitalizado, certificado_nacimiento, titulo_bachiller_legalizado, formulario_preinscripcion, verificado_bd_externa, updated_at) VALUES (809, false, false, false, false, false, NOW());
INSERT INTO users (id, name, email, password, role, active, created_at, updated_at) VALUES (909, 'Alejandro Navarro', 'alejandronavarro9@estudiante.edu.bo', '\$2y\$12\$TyO9cTQJ0O7NSPORyyP8Hup.wk8.BWNWu4itdEJYyjZ2Sem9DbFyi', 'Postulante', true, NOW(), NOW());
INSERT INTO postulantes (id, ci, nombres, apellidos, fecha_nacimiento, sexo, direccion, telefono, email, colegio_procedencia, ciudad, titulo_bachiller, primera_opcion_id, segunda_opcion_id, turno_preferencia, gestion_id, estado, recurrente, user_id, created_at, updated_at) VALUES (810, '3301227', 'Alejandro', 'Navarro', '2005-01-15', 'M', NULL, '59168998860', 'alejandronavarro9@estudiante.edu.bo', 'Colegio Boliviano', 'Santa Cruz de la Sierra', NULL, 1, 2, 'Noche', 2, 'Preinscrito', false, 909, NOW(), NOW());
INSERT INTO requisitos_documentales (postulante_id, ci_digitalizado, certificado_nacimiento, titulo_bachiller_legalizado, formulario_preinscripcion, verificado_bd_externa, updated_at) VALUES (810, false, false, false, false, false, NOW());
INSERT INTO users (id, name, email, password, role, active, created_at, updated_at) VALUES (910, 'Marisol Vargas', 'marisolvargas10@estudiante.edu.bo', '\$2y\$12\$TyO9cTQJ0O7NSPORyyP8Hup.wk8.BWNWu4itdEJYyjZ2Sem9DbFyi', 'Postulante', true, NOW(), NOW());
INSERT INTO postulantes (id, ci, nombres, apellidos, fecha_nacimiento, sexo, direccion, telefono, email, colegio_procedencia, ciudad, titulo_bachiller, primera_opcion_id, segunda_opcion_id, turno_preferencia, gestion_id, estado, recurrente, user_id, created_at, updated_at) VALUES (811, '9060458', 'Marisol', 'Vargas', '2005-01-15', 'M', NULL, '59182615738', 'marisolvargas10@estudiante.edu.bo', 'Colegio Boliviano', 'Santa Cruz de la Sierra', NULL, 1, 2, 'Manana', 2, 'Preinscrito', false, 910, NOW(), NOW());
INSERT INTO requisitos_documentales (postulante_id, ci_digitalizado, certificado_nacimiento, titulo_bachiller_legalizado, formulario_preinscripcion, verificado_bd_externa, updated_at) VALUES (811, false, false, false, false, false, NOW());
INSERT INTO users (id, name, email, password, role, active, created_at, updated_at) VALUES (911, 'Verónica Rodríguez', 'verónicarodríguez11@estudiante.edu.bo', '\$2y\$12\$TyO9cTQJ0O7NSPORyyP8Hup.wk8.BWNWu4itdEJYyjZ2Sem9DbFyi', 'Postulante', true, NOW(), NOW());
INSERT INTO postulantes (id, ci, nombres, apellidos, fecha_nacimiento, sexo, direccion, telefono, email, colegio_procedencia, ciudad, titulo_bachiller, primera_opcion_id, segunda_opcion_id, turno_preferencia, gestion_id, estado, recurrente, user_id, created_at, updated_at) VALUES (812, '4434480', 'Verónica', 'Rodríguez', '2005-01-15', 'M', NULL, '59182379834', 'verónicarodríguez11@estudiante.edu.bo', 'Colegio Boliviano', 'Santa Cruz de la Sierra', NULL, 1, 2, 'Tarde', 2, 'Preinscrito', false, 911, NOW(), NOW());
INSERT INTO requisitos_documentales (postulante_id, ci_digitalizado, certificado_nacimiento, titulo_bachiller_legalizado, formulario_preinscripcion, verificado_bd_externa, updated_at) VALUES (812, false, false, false, false, false, NOW());
INSERT INTO users (id, name, email, password, role, active, created_at, updated_at) VALUES (912, 'Juan García', 'juangarcía12@estudiante.edu.bo', '\$2y\$12\$TyO9cTQJ0O7NSPORyyP8Hup.wk8.BWNWu4itdEJYyjZ2Sem9DbFyi', 'Postulante', true, NOW(), NOW());
INSERT INTO postulantes (id, ci, nombres, apellidos, fecha_nacimiento, sexo, direccion, telefono, email, colegio_procedencia, ciudad, titulo_bachiller, primera_opcion_id, segunda_opcion_id, turno_preferencia, gestion_id, estado, recurrente, user_id, created_at, updated_at) VALUES (813, '4904150', 'Juan', 'García', '2005-01-15', 'M', NULL, '59192029694', 'juangarcía12@estudiante.edu.bo', 'Colegio Boliviano', 'Santa Cruz de la Sierra', NULL, 1, 2, 'Manana', 2, 'Preinscrito', false, 912, NOW(), NOW());
INSERT INTO requisitos_documentales (postulante_id, ci_digitalizado, certificado_nacimiento, titulo_bachiller_legalizado, formulario_preinscripcion, verificado_bd_externa, updated_at) VALUES (813, false, false, false, false, false, NOW());
INSERT INTO users (id, name, email, password, role, active, created_at, updated_at) VALUES (913, 'Diego Valdez', 'diegovaldez13@estudiante.edu.bo', '\$2y\$12\$TyO9cTQJ0O7NSPORyyP8Hup.wk8.BWNWu4itdEJYyjZ2Sem9DbFyi', 'Postulante', true, NOW(), NOW());
INSERT INTO postulantes (id, ci, nombres, apellidos, fecha_nacimiento, sexo, direccion, telefono, email, colegio_procedencia, ciudad, titulo_bachiller, primera_opcion_id, segunda_opcion_id, turno_preferencia, gestion_id, estado, recurrente, user_id, created_at, updated_at) VALUES (814, '3672667', 'Diego', 'Valdez', '2005-01-15', 'M', NULL, '59193847257', 'diegovaldez13@estudiante.edu.bo', 'Colegio Boliviano', 'Santa Cruz de la Sierra', NULL, 1, 2, 'Manana', 2, 'Preinscrito', false, 913, NOW(), NOW());
INSERT INTO requisitos_documentales (postulante_id, ci_digitalizado, certificado_nacimiento, titulo_bachiller_legalizado, formulario_preinscripcion, verificado_bd_externa, updated_at) VALUES (814, false, false, false, false, false, NOW());
INSERT INTO users (id, name, email, password, role, active, created_at, updated_at) VALUES (914, 'Oscar Rodríguez', 'oscarrodríguez14@estudiante.edu.bo', '\$2y\$12\$TyO9cTQJ0O7NSPORyyP8Hup.wk8.BWNWu4itdEJYyjZ2Sem9DbFyi', 'Postulante', true, NOW(), NOW());
INSERT INTO postulantes (id, ci, nombres, apellidos, fecha_nacimiento, sexo, direccion, telefono, email, colegio_procedencia, ciudad, titulo_bachiller, primera_opcion_id, segunda_opcion_id, turno_preferencia, gestion_id, estado, recurrente, user_id, created_at, updated_at) VALUES (815, '5853646', 'Oscar', 'Rodríguez', '2005-01-15', 'M', NULL, '59165999496', 'oscarrodríguez14@estudiante.edu.bo', 'Colegio Boliviano', 'Santa Cruz de la Sierra', NULL, 1, 2, 'Noche', 2, 'Preinscrito', false, 914, NOW(), NOW());
INSERT INTO requisitos_documentales (postulante_id, ci_digitalizado, certificado_nacimiento, titulo_bachiller_legalizado, formulario_preinscripcion, verificado_bd_externa, updated_at) VALUES (815, false, false, false, false, false, NOW());
INSERT INTO users (id, name, email, password, role, active, created_at, updated_at) VALUES (915, 'Alejandro Valencia', 'alejandrovalencia15@estudiante.edu.bo', '\$2y\$12\$TyO9cTQJ0O7NSPORyyP8Hup.wk8.BWNWu4itdEJYyjZ2Sem9DbFyi', 'Postulante', true, NOW(), NOW());
INSERT INTO postulantes (id, ci, nombres, apellidos, fecha_nacimiento, sexo, direccion, telefono, email, colegio_procedencia, ciudad, titulo_bachiller, primera_opcion_id, segunda_opcion_id, turno_preferencia, gestion_id, estado, recurrente, user_id, created_at, updated_at) VALUES (816, '8381032', 'Alejandro', 'Valencia', '2005-01-15', 'M', NULL, '59178496033', 'alejandrovalencia15@estudiante.edu.bo', 'Colegio Boliviano', 'Santa Cruz de la Sierra', NULL, 1, 2, 'Noche', 2, 'Preinscrito', false, 915, NOW(), NOW());
INSERT INTO requisitos_documentales (postulante_id, ci_digitalizado, certificado_nacimiento, titulo_bachiller_legalizado, formulario_preinscripcion, verificado_bd_externa, updated_at) VALUES (816, false, false, false, false, false, NOW());
INSERT INTO users (id, name, email, password, role, active, created_at, updated_at) VALUES (916, 'Ricardo Vargas', 'ricardovargas16@estudiante.edu.bo', '\$2y\$12\$TyO9cTQJ0O7NSPORyyP8Hup.wk8.BWNWu4itdEJYyjZ2Sem9DbFyi', 'Postulante', true, NOW(), NOW());
INSERT INTO postulantes (id, ci, nombres, apellidos, fecha_nacimiento, sexo, direccion, telefono, email, colegio_procedencia, ciudad, titulo_bachiller, primera_opcion_id, segunda_opcion_id, turno_preferencia, gestion_id, estado, recurrente, user_id, created_at, updated_at) VALUES (817, '7545673', 'Ricardo', 'Vargas', '2005-01-15', 'M', NULL, '59172172976', 'ricardovargas16@estudiante.edu.bo', 'Colegio Boliviano', 'Santa Cruz de la Sierra', NULL, 1, 2, 'Noche', 2, 'Preinscrito', false, 916, NOW(), NOW());
INSERT INTO requisitos_documentales (postulante_id, ci_digitalizado, certificado_nacimiento, titulo_bachiller_legalizado, formulario_preinscripcion, verificado_bd_externa, updated_at) VALUES (817, false, false, false, false, false, NOW());
INSERT INTO users (id, name, email, password, role, active, created_at, updated_at) VALUES (917, 'Ricardo Vázquez', 'ricardovázquez17@estudiante.edu.bo', '\$2y\$12\$TyO9cTQJ0O7NSPORyyP8Hup.wk8.BWNWu4itdEJYyjZ2Sem9DbFyi', 'Postulante', true, NOW(), NOW());
INSERT INTO postulantes (id, ci, nombres, apellidos, fecha_nacimiento, sexo, direccion, telefono, email, colegio_procedencia, ciudad, titulo_bachiller, primera_opcion_id, segunda_opcion_id, turno_preferencia, gestion_id, estado, recurrente, user_id, created_at, updated_at) VALUES (818, '2024827', 'Ricardo', 'Vázquez', '2005-01-15', 'M', NULL, '59165824642', 'ricardovázquez17@estudiante.edu.bo', 'Colegio Boliviano', 'Santa Cruz de la Sierra', NULL, 1, 2, 'Manana', 2, 'Preinscrito', false, 917, NOW(), NOW());
INSERT INTO requisitos_documentales (postulante_id, ci_digitalizado, certificado_nacimiento, titulo_bachiller_legalizado, formulario_preinscripcion, verificado_bd_externa, updated_at) VALUES (818, false, false, false, false, false, NOW());
INSERT INTO users (id, name, email, password, role, active, created_at, updated_at) VALUES (918, 'Oscar Flores', 'oscarflores18@estudiante.edu.bo', '\$2y\$12\$TyO9cTQJ0O7NSPORyyP8Hup.wk8.BWNWu4itdEJYyjZ2Sem9DbFyi', 'Postulante', true, NOW(), NOW());
INSERT INTO postulantes (id, ci, nombres, apellidos, fecha_nacimiento, sexo, direccion, telefono, email, colegio_procedencia, ciudad, titulo_bachiller, primera_opcion_id, segunda_opcion_id, turno_preferencia, gestion_id, estado, recurrente, user_id, created_at, updated_at) VALUES (819, '7032904', 'Oscar', 'Flores', '2005-01-15', 'M', NULL, '59183565519', 'oscarflores18@estudiante.edu.bo', 'Colegio Boliviano', 'Santa Cruz de la Sierra', NULL, 1, 2, 'Manana', 2, 'Preinscrito', false, 918, NOW(), NOW());
INSERT INTO requisitos_documentales (postulante_id, ci_digitalizado, certificado_nacimiento, titulo_bachiller_legalizado, formulario_preinscripcion, verificado_bd_externa, updated_at) VALUES (819, false, false, false, false, false, NOW());
INSERT INTO users (id, name, email, password, role, active, created_at, updated_at) VALUES (919, 'Bruno Tapia', 'brunotapia19@estudiante.edu.bo', '\$2y\$12\$TyO9cTQJ0O7NSPORyyP8Hup.wk8.BWNWu4itdEJYyjZ2Sem9DbFyi', 'Postulante', true, NOW(), NOW());
INSERT INTO postulantes (id, ci, nombres, apellidos, fecha_nacimiento, sexo, direccion, telefono, email, colegio_procedencia, ciudad, titulo_bachiller, primera_opcion_id, segunda_opcion_id, turno_preferencia, gestion_id, estado, recurrente, user_id, created_at, updated_at) VALUES (820, '4147762', 'Bruno', 'Tapia', '2005-01-15', 'M', NULL, '59183224603', 'brunotapia19@estudiante.edu.bo', 'Colegio Boliviano', 'Santa Cruz de la Sierra', NULL, 1, 2, 'Tarde', 2, 'Preinscrito', false, 919, NOW(), NOW());
INSERT INTO requisitos_documentales (postulante_id, ci_digitalizado, certificado_nacimiento, titulo_bachiller_legalizado, formulario_preinscripcion, verificado_bd_externa, updated_at) VALUES (820, false, false, false, false, false, NOW());
INSERT INTO users (id, name, email, password, role, active, created_at, updated_at) VALUES (920, 'Jorge Ramírez', 'jorgeramírez20@estudiante.edu.bo', '\$2y\$12\$TyO9cTQJ0O7NSPORyyP8Hup.wk8.BWNWu4itdEJYyjZ2Sem9DbFyi', 'Postulante', true, NOW(), NOW());
INSERT INTO postulantes (id, ci, nombres, apellidos, fecha_nacimiento, sexo, direccion, telefono, email, colegio_procedencia, ciudad, titulo_bachiller, primera_opcion_id, segunda_opcion_id, turno_preferencia, gestion_id, estado, recurrente, user_id, created_at, updated_at) VALUES (821, '1907743', 'Jorge', 'Ramírez', '2005-01-15', 'M', NULL, '59167557796', 'jorgeramírez20@estudiante.edu.bo', 'Colegio Boliviano', 'Santa Cruz de la Sierra', NULL, 1, 2, 'Noche', 2, 'Preinscrito', false, 920, NOW(), NOW());
INSERT INTO requisitos_documentales (postulante_id, ci_digitalizado, certificado_nacimiento, titulo_bachiller_legalizado, formulario_preinscripcion, verificado_bd_externa, updated_at) VALUES (821, false, false, false, false, false, NOW());
INSERT INTO users (id, name, email, password, role, active, created_at, updated_at) VALUES (921, 'Guillermo González', 'guillermogonzález21@estudiante.edu.bo', '\$2y\$12\$TyO9cTQJ0O7NSPORyyP8Hup.wk8.BWNWu4itdEJYyjZ2Sem9DbFyi', 'Postulante', true, NOW(), NOW());
INSERT INTO postulantes (id, ci, nombres, apellidos, fecha_nacimiento, sexo, direccion, telefono, email, colegio_procedencia, ciudad, titulo_bachiller, primera_opcion_id, segunda_opcion_id, turno_preferencia, gestion_id, estado, recurrente, user_id, created_at, updated_at) VALUES (822, '3539270', 'Guillermo', 'González', '2005-01-15', 'M', NULL, '59188700247', 'guillermogonzález21@estudiante.edu.bo', 'Colegio Boliviano', 'Santa Cruz de la Sierra', NULL, 1, 2, 'Tarde', 2, 'Preinscrito', false, 921, NOW(), NOW());
INSERT INTO requisitos_documentales (postulante_id, ci_digitalizado, certificado_nacimiento, titulo_bachiller_legalizado, formulario_preinscripcion, verificado_bd_externa, updated_at) VALUES (822, false, false, false, false, false, NOW());
INSERT INTO users (id, name, email, password, role, active, created_at, updated_at) VALUES (922, 'Héctor Tapia', 'héctortapia22@estudiante.edu.bo', '\$2y\$12\$TyO9cTQJ0O7NSPORyyP8Hup.wk8.BWNWu4itdEJYyjZ2Sem9DbFyi', 'Postulante', true, NOW(), NOW());
INSERT INTO postulantes (id, ci, nombres, apellidos, fecha_nacimiento, sexo, direccion, telefono, email, colegio_procedencia, ciudad, titulo_bachiller, primera_opcion_id, segunda_opcion_id, turno_preferencia, gestion_id, estado, recurrente, user_id, created_at, updated_at) VALUES (823, '2056012', 'Héctor', 'Tapia', '2005-01-15', 'M', NULL, '59169972252', 'héctortapia22@estudiante.edu.bo', 'Colegio Boliviano', 'Santa Cruz de la Sierra', NULL, 1, 2, 'Tarde', 2, 'Preinscrito', false, 922, NOW(), NOW());
INSERT INTO requisitos_documentales (postulante_id, ci_digitalizado, certificado_nacimiento, titulo_bachiller_legalizado, formulario_preinscripcion, verificado_bd_externa, updated_at) VALUES (823, false, false, false, false, false, NOW());
INSERT INTO users (id, name, email, password, role, active, created_at, updated_at) VALUES (923, 'Marisol Valdez', 'marisolvaldez23@estudiante.edu.bo', '\$2y\$12\$TyO9cTQJ0O7NSPORyyP8Hup.wk8.BWNWu4itdEJYyjZ2Sem9DbFyi', 'Postulante', true, NOW(), NOW());
INSERT INTO postulantes (id, ci, nombres, apellidos, fecha_nacimiento, sexo, direccion, telefono, email, colegio_procedencia, ciudad, titulo_bachiller, primera_opcion_id, segunda_opcion_id, turno_preferencia, gestion_id, estado, recurrente, user_id, created_at, updated_at) VALUES (824, '7556249', 'Marisol', 'Valdez', '2005-01-15', 'M', NULL, '59196941493', 'marisolvaldez23@estudiante.edu.bo', 'Colegio Boliviano', 'Santa Cruz de la Sierra', NULL, 1, 2, 'Tarde', 2, 'Preinscrito', false, 923, NOW(), NOW());
INSERT INTO requisitos_documentales (postulante_id, ci_digitalizado, certificado_nacimiento, titulo_bachiller_legalizado, formulario_preinscripcion, verificado_bd_externa, updated_at) VALUES (824, false, false, false, false, false, NOW());
INSERT INTO users (id, name, email, password, role, active, created_at, updated_at) VALUES (924, 'Francisca Domínguez', 'franciscadomínguez24@estudiante.edu.bo', '\$2y\$12\$TyO9cTQJ0O7NSPORyyP8Hup.wk8.BWNWu4itdEJYyjZ2Sem9DbFyi', 'Postulante', true, NOW(), NOW());
INSERT INTO postulantes (id, ci, nombres, apellidos, fecha_nacimiento, sexo, direccion, telefono, email, colegio_procedencia, ciudad, titulo_bachiller, primera_opcion_id, segunda_opcion_id, turno_preferencia, gestion_id, estado, recurrente, user_id, created_at, updated_at) VALUES (825, '1365242', 'Francisca', 'Domínguez', '2005-01-15', 'M', NULL, '59172957729', 'franciscadomínguez24@estudiante.edu.bo', 'Colegio Boliviano', 'Santa Cruz de la Sierra', NULL, 1, 2, 'Tarde', 2, 'Preinscrito', false, 924, NOW(), NOW());
INSERT INTO requisitos_documentales (postulante_id, ci_digitalizado, certificado_nacimiento, titulo_bachiller_legalizado, formulario_preinscripcion, verificado_bd_externa, updated_at) VALUES (825, false, false, false, false, false, NOW());
INSERT INTO users (id, name, email, password, role, active, created_at, updated_at) VALUES (925, 'Antonio Flores', 'antonioflores25@estudiante.edu.bo', '\$2y\$12\$TyO9cTQJ0O7NSPORyyP8Hup.wk8.BWNWu4itdEJYyjZ2Sem9DbFyi', 'Postulante', true, NOW(), NOW());
INSERT INTO postulantes (id, ci, nombres, apellidos, fecha_nacimiento, sexo, direccion, telefono, email, colegio_procedencia, ciudad, titulo_bachiller, primera_opcion_id, segunda_opcion_id, turno_preferencia, gestion_id, estado, recurrente, user_id, created_at, updated_at) VALUES (826, '7275289', 'Antonio', 'Flores', '2005-01-15', 'M', NULL, '59198365749', 'antonioflores25@estudiante.edu.bo', 'Colegio Boliviano', 'Santa Cruz de la Sierra', NULL, 1, 2, 'Noche', 2, 'Preinscrito', false, 925, NOW(), NOW());
INSERT INTO requisitos_documentales (postulante_id, ci_digitalizado, certificado_nacimiento, titulo_bachiller_legalizado, formulario_preinscripcion, verificado_bd_externa, updated_at) VALUES (826, false, false, false, false, false, NOW());
INSERT INTO users (id, name, email, password, role, active, created_at, updated_at) VALUES (926, 'Javier Ramírez', 'javierramírez26@estudiante.edu.bo', '\$2y\$12\$TyO9cTQJ0O7NSPORyyP8Hup.wk8.BWNWu4itdEJYyjZ2Sem9DbFyi', 'Postulante', true, NOW(), NOW());
INSERT INTO postulantes (id, ci, nombres, apellidos, fecha_nacimiento, sexo, direccion, telefono, email, colegio_procedencia, ciudad, titulo_bachiller, primera_opcion_id, segunda_opcion_id, turno_preferencia, gestion_id, estado, recurrente, user_id, created_at, updated_at) VALUES (827, '4133489', 'Javier', 'Ramírez', '2005-01-15', 'M', NULL, '59191125418', 'javierramírez26@estudiante.edu.bo', 'Colegio Boliviano', 'Santa Cruz de la Sierra', NULL, 1, 2, 'Manana', 2, 'Preinscrito', false, 926, NOW(), NOW());
INSERT INTO requisitos_documentales (postulante_id, ci_digitalizado, certificado_nacimiento, titulo_bachiller_legalizado, formulario_preinscripcion, verificado_bd_externa, updated_at) VALUES (827, false, false, false, false, false, NOW());
INSERT INTO users (id, name, email, password, role, active, created_at, updated_at) VALUES (927, 'Laura Tapia', 'lauratapia27@estudiante.edu.bo', '\$2y\$12\$TyO9cTQJ0O7NSPORyyP8Hup.wk8.BWNWu4itdEJYyjZ2Sem9DbFyi', 'Postulante', true, NOW(), NOW());
INSERT INTO postulantes (id, ci, nombres, apellidos, fecha_nacimiento, sexo, direccion, telefono, email, colegio_procedencia, ciudad, titulo_bachiller, primera_opcion_id, segunda_opcion_id, turno_preferencia, gestion_id, estado, recurrente, user_id, created_at, updated_at) VALUES (828, '3612344', 'Laura', 'Tapia', '2005-01-15', 'M', NULL, '59163607725', 'lauratapia27@estudiante.edu.bo', 'Colegio Boliviano', 'Santa Cruz de la Sierra', NULL, 1, 2, 'Manana', 2, 'Preinscrito', false, 927, NOW(), NOW());
INSERT INTO requisitos_documentales (postulante_id, ci_digitalizado, certificado_nacimiento, titulo_bachiller_legalizado, formulario_preinscripcion, verificado_bd_externa, updated_at) VALUES (828, false, false, false, false, false, NOW());
INSERT INTO users (id, name, email, password, role, active, created_at, updated_at) VALUES (928, 'Marisol Rivera', 'marisolrivera28@estudiante.edu.bo', '\$2y\$12\$TyO9cTQJ0O7NSPORyyP8Hup.wk8.BWNWu4itdEJYyjZ2Sem9DbFyi', 'Postulante', true, NOW(), NOW());
INSERT INTO postulantes (id, ci, nombres, apellidos, fecha_nacimiento, sexo, direccion, telefono, email, colegio_procedencia, ciudad, titulo_bachiller, primera_opcion_id, segunda_opcion_id, turno_preferencia, gestion_id, estado, recurrente, user_id, created_at, updated_at) VALUES (829, '5074444', 'Marisol', 'Rivera', '2005-01-15', 'M', NULL, '59182606272', 'marisolrivera28@estudiante.edu.bo', 'Colegio Boliviano', 'Santa Cruz de la Sierra', NULL, 1, 2, 'Tarde', 2, 'Preinscrito', false, 928, NOW(), NOW());
INSERT INTO requisitos_documentales (postulante_id, ci_digitalizado, certificado_nacimiento, titulo_bachiller_legalizado, formulario_preinscripcion, verificado_bd_externa, updated_at) VALUES (829, false, false, false, false, false, NOW());
INSERT INTO users (id, name, email, password, role, active, created_at, updated_at) VALUES (929, 'Lorena Navarro', 'lorenanavarro29@estudiante.edu.bo', '\$2y\$12\$TyO9cTQJ0O7NSPORyyP8Hup.wk8.BWNWu4itdEJYyjZ2Sem9DbFyi', 'Postulante', true, NOW(), NOW());
INSERT INTO postulantes (id, ci, nombres, apellidos, fecha_nacimiento, sexo, direccion, telefono, email, colegio_procedencia, ciudad, titulo_bachiller, primera_opcion_id, segunda_opcion_id, turno_preferencia, gestion_id, estado, recurrente, user_id, created_at, updated_at) VALUES (830, '8692147', 'Lorena', 'Navarro', '2005-01-15', 'M', NULL, '59190617379', 'lorenanavarro29@estudiante.edu.bo', 'Colegio Boliviano', 'Santa Cruz de la Sierra', NULL, 1, 2, 'Manana', 2, 'Preinscrito', false, 929, NOW(), NOW());
INSERT INTO requisitos_documentales (postulante_id, ci_digitalizado, certificado_nacimiento, titulo_bachiller_legalizado, formulario_preinscripcion, verificado_bd_externa, updated_at) VALUES (830, false, false, false, false, false, NOW());
INSERT INTO users (id, name, email, password, role, active, created_at, updated_at) VALUES (930, 'Irene Morales', 'irenemorales30@estudiante.edu.bo', '\$2y\$12\$TyO9cTQJ0O7NSPORyyP8Hup.wk8.BWNWu4itdEJYyjZ2Sem9DbFyi', 'Postulante', true, NOW(), NOW());
INSERT INTO postulantes (id, ci, nombres, apellidos, fecha_nacimiento, sexo, direccion, telefono, email, colegio_procedencia, ciudad, titulo_bachiller, primera_opcion_id, segunda_opcion_id, turno_preferencia, gestion_id, estado, recurrente, user_id, created_at, updated_at) VALUES (831, '1676122', 'Irene', 'Morales', '2005-01-15', 'M', NULL, '59160275737', 'irenemorales30@estudiante.edu.bo', 'Colegio Boliviano', 'Santa Cruz de la Sierra', NULL, 1, 2, 'Tarde', 2, 'Preinscrito', false, 930, NOW(), NOW());
INSERT INTO requisitos_documentales (postulante_id, ci_digitalizado, certificado_nacimiento, titulo_bachiller_legalizado, formulario_preinscripcion, verificado_bd_externa, updated_at) VALUES (831, false, false, false, false, false, NOW());
INSERT INTO users (id, name, email, password, role, active, created_at, updated_at) VALUES (931, 'Guillermo Martínez', 'guillermomartínez31@estudiante.edu.bo', '\$2y\$12\$TyO9cTQJ0O7NSPORyyP8Hup.wk8.BWNWu4itdEJYyjZ2Sem9DbFyi', 'Postulante', true, NOW(), NOW());
INSERT INTO postulantes (id, ci, nombres, apellidos, fecha_nacimiento, sexo, direccion, telefono, email, colegio_procedencia, ciudad, titulo_bachiller, primera_opcion_id, segunda_opcion_id, turno_preferencia, gestion_id, estado, recurrente, user_id, created_at, updated_at) VALUES (832, '8673666', 'Guillermo', 'Martínez', '2005-01-15', 'M', NULL, '59165383256', 'guillermomartínez31@estudiante.edu.bo', 'Colegio Boliviano', 'Santa Cruz de la Sierra', NULL, 1, 2, 'Tarde', 2, 'Preinscrito', false, 931, NOW(), NOW());
INSERT INTO requisitos_documentales (postulante_id, ci_digitalizado, certificado_nacimiento, titulo_bachiller_legalizado, formulario_preinscripcion, verificado_bd_externa, updated_at) VALUES (832, false, false, false, false, false, NOW());
INSERT INTO users (id, name, email, password, role, active, created_at, updated_at) VALUES (932, 'Arturo Medina', 'arturomedina32@estudiante.edu.bo', '\$2y\$12\$TyO9cTQJ0O7NSPORyyP8Hup.wk8.BWNWu4itdEJYyjZ2Sem9DbFyi', 'Postulante', true, NOW(), NOW());
INSERT INTO postulantes (id, ci, nombres, apellidos, fecha_nacimiento, sexo, direccion, telefono, email, colegio_procedencia, ciudad, titulo_bachiller, primera_opcion_id, segunda_opcion_id, turno_preferencia, gestion_id, estado, recurrente, user_id, created_at, updated_at) VALUES (833, '7004465', 'Arturo', 'Medina', '2005-01-15', 'M', NULL, '59175682534', 'arturomedina32@estudiante.edu.bo', 'Colegio Boliviano', 'Santa Cruz de la Sierra', NULL, 1, 2, 'Tarde', 2, 'Preinscrito', false, 932, NOW(), NOW());
INSERT INTO requisitos_documentales (postulante_id, ci_digitalizado, certificado_nacimiento, titulo_bachiller_legalizado, formulario_preinscripcion, verificado_bd_externa, updated_at) VALUES (833, false, false, false, false, false, NOW());
INSERT INTO users (id, name, email, password, role, active, created_at, updated_at) VALUES (933, 'Guillermo Domínguez', 'guillermodomínguez33@estudiante.edu.bo', '\$2y\$12\$TyO9cTQJ0O7NSPORyyP8Hup.wk8.BWNWu4itdEJYyjZ2Sem9DbFyi', 'Postulante', true, NOW(), NOW());
INSERT INTO postulantes (id, ci, nombres, apellidos, fecha_nacimiento, sexo, direccion, telefono, email, colegio_procedencia, ciudad, titulo_bachiller, primera_opcion_id, segunda_opcion_id, turno_preferencia, gestion_id, estado, recurrente, user_id, created_at, updated_at) VALUES (834, '2668478', 'Guillermo', 'Domínguez', '2005-01-15', 'M', NULL, '59191962921', 'guillermodomínguez33@estudiante.edu.bo', 'Colegio Boliviano', 'Santa Cruz de la Sierra', NULL, 1, 2, 'Noche', 2, 'Preinscrito', false, 933, NOW(), NOW());
INSERT INTO requisitos_documentales (postulante_id, ci_digitalizado, certificado_nacimiento, titulo_bachiller_legalizado, formulario_preinscripcion, verificado_bd_externa, updated_at) VALUES (834, false, false, false, false, false, NOW());
INSERT INTO users (id, name, email, password, role, active, created_at, updated_at) VALUES (934, 'Pedro Hernández', 'pedrohernández34@estudiante.edu.bo', '\$2y\$12\$TyO9cTQJ0O7NSPORyyP8Hup.wk8.BWNWu4itdEJYyjZ2Sem9DbFyi', 'Postulante', true, NOW(), NOW());
INSERT INTO postulantes (id, ci, nombres, apellidos, fecha_nacimiento, sexo, direccion, telefono, email, colegio_procedencia, ciudad, titulo_bachiller, primera_opcion_id, segunda_opcion_id, turno_preferencia, gestion_id, estado, recurrente, user_id, created_at, updated_at) VALUES (835, '9151627', 'Pedro', 'Hernández', '2005-01-15', 'M', NULL, '59180359594', 'pedrohernández34@estudiante.edu.bo', 'Colegio Boliviano', 'Santa Cruz de la Sierra', NULL, 1, 2, 'Tarde', 2, 'Preinscrito', false, 934, NOW(), NOW());
INSERT INTO requisitos_documentales (postulante_id, ci_digitalizado, certificado_nacimiento, titulo_bachiller_legalizado, formulario_preinscripcion, verificado_bd_externa, updated_at) VALUES (835, false, false, false, false, false, NOW());
INSERT INTO users (id, name, email, password, role, active, created_at, updated_at) VALUES (935, 'Luis Navarro', 'luisnavarro35@estudiante.edu.bo', '\$2y\$12\$TyO9cTQJ0O7NSPORyyP8Hup.wk8.BWNWu4itdEJYyjZ2Sem9DbFyi', 'Postulante', true, NOW(), NOW());
INSERT INTO postulantes (id, ci, nombres, apellidos, fecha_nacimiento, sexo, direccion, telefono, email, colegio_procedencia, ciudad, titulo_bachiller, primera_opcion_id, segunda_opcion_id, turno_preferencia, gestion_id, estado, recurrente, user_id, created_at, updated_at) VALUES (836, '9128588', 'Luis', 'Navarro', '2005-01-15', 'M', NULL, '59173729412', 'luisnavarro35@estudiante.edu.bo', 'Colegio Boliviano', 'Santa Cruz de la Sierra', NULL, 1, 2, 'Tarde', 2, 'Preinscrito', false, 935, NOW(), NOW());
INSERT INTO requisitos_documentales (postulante_id, ci_digitalizado, certificado_nacimiento, titulo_bachiller_legalizado, formulario_preinscripcion, verificado_bd_externa, updated_at) VALUES (836, false, false, false, false, false, NOW());
INSERT INTO users (id, name, email, password, role, active, created_at, updated_at) VALUES (936, 'Ricardo Tapia', 'ricardotapia36@estudiante.edu.bo', '\$2y\$12\$TyO9cTQJ0O7NSPORyyP8Hup.wk8.BWNWu4itdEJYyjZ2Sem9DbFyi', 'Postulante', true, NOW(), NOW());
INSERT INTO postulantes (id, ci, nombres, apellidos, fecha_nacimiento, sexo, direccion, telefono, email, colegio_procedencia, ciudad, titulo_bachiller, primera_opcion_id, segunda_opcion_id, turno_preferencia, gestion_id, estado, recurrente, user_id, created_at, updated_at) VALUES (837, '7603907', 'Ricardo', 'Tapia', '2005-01-15', 'M', NULL, '59188858871', 'ricardotapia36@estudiante.edu.bo', 'Colegio Boliviano', 'Santa Cruz de la Sierra', NULL, 1, 2, 'Tarde', 2, 'Preinscrito', false, 936, NOW(), NOW());
INSERT INTO requisitos_documentales (postulante_id, ci_digitalizado, certificado_nacimiento, titulo_bachiller_legalizado, formulario_preinscripcion, verificado_bd_externa, updated_at) VALUES (837, false, false, false, false, false, NOW());
INSERT INTO users (id, name, email, password, role, active, created_at, updated_at) VALUES (937, 'Ana Vázquez', 'anavázquez37@estudiante.edu.bo', '\$2y\$12\$TyO9cTQJ0O7NSPORyyP8Hup.wk8.BWNWu4itdEJYyjZ2Sem9DbFyi', 'Postulante', true, NOW(), NOW());
INSERT INTO postulantes (id, ci, nombres, apellidos, fecha_nacimiento, sexo, direccion, telefono, email, colegio_procedencia, ciudad, titulo_bachiller, primera_opcion_id, segunda_opcion_id, turno_preferencia, gestion_id, estado, recurrente, user_id, created_at, updated_at) VALUES (838, '8325298', 'Ana', 'Vázquez', '2005-01-15', 'M', NULL, '59162361609', 'anavázquez37@estudiante.edu.bo', 'Colegio Boliviano', 'Santa Cruz de la Sierra', NULL, 1, 2, 'Tarde', 2, 'Preinscrito', false, 937, NOW(), NOW());
INSERT INTO requisitos_documentales (postulante_id, ci_digitalizado, certificado_nacimiento, titulo_bachiller_legalizado, formulario_preinscripcion, verificado_bd_externa, updated_at) VALUES (838, false, false, false, false, false, NOW());
INSERT INTO users (id, name, email, password, role, active, created_at, updated_at) VALUES (938, 'Manuel Rivera', 'manuelrivera38@estudiante.edu.bo', '\$2y\$12\$TyO9cTQJ0O7NSPORyyP8Hup.wk8.BWNWu4itdEJYyjZ2Sem9DbFyi', 'Postulante', true, NOW(), NOW());
INSERT INTO postulantes (id, ci, nombres, apellidos, fecha_nacimiento, sexo, direccion, telefono, email, colegio_procedencia, ciudad, titulo_bachiller, primera_opcion_id, segunda_opcion_id, turno_preferencia, gestion_id, estado, recurrente, user_id, created_at, updated_at) VALUES (839, '4535995', 'Manuel', 'Rivera', '2005-01-15', 'M', NULL, '59172892725', 'manuelrivera38@estudiante.edu.bo', 'Colegio Boliviano', 'Santa Cruz de la Sierra', NULL, 1, 2, 'Manana', 2, 'Preinscrito', false, 938, NOW(), NOW());
INSERT INTO requisitos_documentales (postulante_id, ci_digitalizado, certificado_nacimiento, titulo_bachiller_legalizado, formulario_preinscripcion, verificado_bd_externa, updated_at) VALUES (839, false, false, false, false, false, NOW());
INSERT INTO users (id, name, email, password, role, active, created_at, updated_at) VALUES (939, 'Ana Contreras', 'anacontreras39@estudiante.edu.bo', '\$2y\$12\$TyO9cTQJ0O7NSPORyyP8Hup.wk8.BWNWu4itdEJYyjZ2Sem9DbFyi', 'Postulante', true, NOW(), NOW());
INSERT INTO postulantes (id, ci, nombres, apellidos, fecha_nacimiento, sexo, direccion, telefono, email, colegio_procedencia, ciudad, titulo_bachiller, primera_opcion_id, segunda_opcion_id, turno_preferencia, gestion_id, estado, recurrente, user_id, created_at, updated_at) VALUES (840, '8523547', 'Ana', 'Contreras', '2005-01-15', 'M', NULL, '59193080552', 'anacontreras39@estudiante.edu.bo', 'Colegio Boliviano', 'Santa Cruz de la Sierra', NULL, 1, 2, 'Noche', 2, 'Preinscrito', false, 939, NOW(), NOW());
INSERT INTO requisitos_documentales (postulante_id, ci_digitalizado, certificado_nacimiento, titulo_bachiller_legalizado, formulario_preinscripcion, verificado_bd_externa, updated_at) VALUES (840, false, false, false, false, false, NOW());
INSERT INTO users (id, name, email, password, role, active, created_at, updated_at) VALUES (940, 'Antonio Vargas', 'antoniovargas40@estudiante.edu.bo', '\$2y\$12\$TyO9cTQJ0O7NSPORyyP8Hup.wk8.BWNWu4itdEJYyjZ2Sem9DbFyi', 'Postulante', true, NOW(), NOW());
INSERT INTO postulantes (id, ci, nombres, apellidos, fecha_nacimiento, sexo, direccion, telefono, email, colegio_procedencia, ciudad, titulo_bachiller, primera_opcion_id, segunda_opcion_id, turno_preferencia, gestion_id, estado, recurrente, user_id, created_at, updated_at) VALUES (841, '2706027', 'Antonio', 'Vargas', '2005-01-15', 'M', NULL, '59197238492', 'antoniovargas40@estudiante.edu.bo', 'Colegio Boliviano', 'Santa Cruz de la Sierra', NULL, 1, 2, 'Manana', 2, 'Preinscrito', false, 940, NOW(), NOW());
INSERT INTO requisitos_documentales (postulante_id, ci_digitalizado, certificado_nacimiento, titulo_bachiller_legalizado, formulario_preinscripcion, verificado_bd_externa, updated_at) VALUES (841, false, false, false, false, false, NOW());
INSERT INTO users (id, name, email, password, role, active, created_at, updated_at) VALUES (941, 'Constanza Hernández', 'constanzahernández41@estudiante.edu.bo', '\$2y\$12\$TyO9cTQJ0O7NSPORyyP8Hup.wk8.BWNWu4itdEJYyjZ2Sem9DbFyi', 'Postulante', true, NOW(), NOW());
INSERT INTO postulantes (id, ci, nombres, apellidos, fecha_nacimiento, sexo, direccion, telefono, email, colegio_procedencia, ciudad, titulo_bachiller, primera_opcion_id, segunda_opcion_id, turno_preferencia, gestion_id, estado, recurrente, user_id, created_at, updated_at) VALUES (842, '9359503', 'Constanza', 'Hernández', '2005-01-15', 'M', NULL, '59191516311', 'constanzahernández41@estudiante.edu.bo', 'Colegio Boliviano', 'Santa Cruz de la Sierra', NULL, 1, 2, 'Manana', 2, 'Preinscrito', false, 941, NOW(), NOW());
INSERT INTO requisitos_documentales (postulante_id, ci_digitalizado, certificado_nacimiento, titulo_bachiller_legalizado, formulario_preinscripcion, verificado_bd_externa, updated_at) VALUES (842, false, false, false, false, false, NOW());
INSERT INTO users (id, name, email, password, role, active, created_at, updated_at) VALUES (942, 'María Tapia', 'maríatapia42@estudiante.edu.bo', '\$2y\$12\$TyO9cTQJ0O7NSPORyyP8Hup.wk8.BWNWu4itdEJYyjZ2Sem9DbFyi', 'Postulante', true, NOW(), NOW());
INSERT INTO postulantes (id, ci, nombres, apellidos, fecha_nacimiento, sexo, direccion, telefono, email, colegio_procedencia, ciudad, titulo_bachiller, primera_opcion_id, segunda_opcion_id, turno_preferencia, gestion_id, estado, recurrente, user_id, created_at, updated_at) VALUES (843, '7835412', 'María', 'Tapia', '2005-01-15', 'M', NULL, '59195808085', 'maríatapia42@estudiante.edu.bo', 'Colegio Boliviano', 'Santa Cruz de la Sierra', NULL, 1, 2, 'Manana', 2, 'Preinscrito', false, 942, NOW(), NOW());
INSERT INTO requisitos_documentales (postulante_id, ci_digitalizado, certificado_nacimiento, titulo_bachiller_legalizado, formulario_preinscripcion, verificado_bd_externa, updated_at) VALUES (843, false, false, false, false, false, NOW());
INSERT INTO users (id, name, email, password, role, active, created_at, updated_at) VALUES (943, 'Constanza Tapia', 'constanzatapia43@estudiante.edu.bo', '\$2y\$12\$TyO9cTQJ0O7NSPORyyP8Hup.wk8.BWNWu4itdEJYyjZ2Sem9DbFyi', 'Postulante', true, NOW(), NOW());
INSERT INTO postulantes (id, ci, nombres, apellidos, fecha_nacimiento, sexo, direccion, telefono, email, colegio_procedencia, ciudad, titulo_bachiller, primera_opcion_id, segunda_opcion_id, turno_preferencia, gestion_id, estado, recurrente, user_id, created_at, updated_at) VALUES (844, '6552910', 'Constanza', 'Tapia', '2005-01-15', 'M', NULL, '59177372585', 'constanzatapia43@estudiante.edu.bo', 'Colegio Boliviano', 'Santa Cruz de la Sierra', NULL, 1, 2, 'Tarde', 2, 'Preinscrito', false, 943, NOW(), NOW());
INSERT INTO requisitos_documentales (postulante_id, ci_digitalizado, certificado_nacimiento, titulo_bachiller_legalizado, formulario_preinscripcion, verificado_bd_externa, updated_at) VALUES (844, false, false, false, false, false, NOW());
INSERT INTO users (id, name, email, password, role, active, created_at, updated_at) VALUES (944, 'Constanza Rivas', 'constanzarivas44@estudiante.edu.bo', '\$2y\$12\$TyO9cTQJ0O7NSPORyyP8Hup.wk8.BWNWu4itdEJYyjZ2Sem9DbFyi', 'Postulante', true, NOW(), NOW());
INSERT INTO postulantes (id, ci, nombres, apellidos, fecha_nacimiento, sexo, direccion, telefono, email, colegio_procedencia, ciudad, titulo_bachiller, primera_opcion_id, segunda_opcion_id, turno_preferencia, gestion_id, estado, recurrente, user_id, created_at, updated_at) VALUES (845, '4796538', 'Constanza', 'Rivas', '2005-01-15', 'M', NULL, '59191126084', 'constanzarivas44@estudiante.edu.bo', 'Colegio Boliviano', 'Santa Cruz de la Sierra', NULL, 1, 2, 'Manana', 2, 'Preinscrito', false, 944, NOW(), NOW());
INSERT INTO requisitos_documentales (postulante_id, ci_digitalizado, certificado_nacimiento, titulo_bachiller_legalizado, formulario_preinscripcion, verificado_bd_externa, updated_at) VALUES (845, false, false, false, false, false, NOW());
INSERT INTO users (id, name, email, password, role, active, created_at, updated_at) VALUES (945, 'Verónica Cortés', 'verónicacortés45@estudiante.edu.bo', '\$2y\$12\$TyO9cTQJ0O7NSPORyyP8Hup.wk8.BWNWu4itdEJYyjZ2Sem9DbFyi', 'Postulante', true, NOW(), NOW());
INSERT INTO postulantes (id, ci, nombres, apellidos, fecha_nacimiento, sexo, direccion, telefono, email, colegio_procedencia, ciudad, titulo_bachiller, primera_opcion_id, segunda_opcion_id, turno_preferencia, gestion_id, estado, recurrente, user_id, created_at, updated_at) VALUES (846, '3599390', 'Verónica', 'Cortés', '2005-01-15', 'M', NULL, '59184221420', 'verónicacortés45@estudiante.edu.bo', 'Colegio Boliviano', 'Santa Cruz de la Sierra', NULL, 1, 2, 'Noche', 2, 'Preinscrito', false, 945, NOW(), NOW());
INSERT INTO requisitos_documentales (postulante_id, ci_digitalizado, certificado_nacimiento, titulo_bachiller_legalizado, formulario_preinscripcion, verificado_bd_externa, updated_at) VALUES (846, false, false, false, false, false, NOW());
INSERT INTO users (id, name, email, password, role, active, created_at, updated_at) VALUES (946, 'Matías Medina', 'matíasmedina46@estudiante.edu.bo', '\$2y\$12\$TyO9cTQJ0O7NSPORyyP8Hup.wk8.BWNWu4itdEJYyjZ2Sem9DbFyi', 'Postulante', true, NOW(), NOW());
INSERT INTO postulantes (id, ci, nombres, apellidos, fecha_nacimiento, sexo, direccion, telefono, email, colegio_procedencia, ciudad, titulo_bachiller, primera_opcion_id, segunda_opcion_id, turno_preferencia, gestion_id, estado, recurrente, user_id, created_at, updated_at) VALUES (847, '8940649', 'Matías', 'Medina', '2005-01-15', 'M', NULL, '59184662340', 'matíasmedina46@estudiante.edu.bo', 'Colegio Boliviano', 'Santa Cruz de la Sierra', NULL, 1, 2, 'Tarde', 2, 'Preinscrito', false, 946, NOW(), NOW());
INSERT INTO requisitos_documentales (postulante_id, ci_digitalizado, certificado_nacimiento, titulo_bachiller_legalizado, formulario_preinscripcion, verificado_bd_externa, updated_at) VALUES (847, false, false, false, false, false, NOW());
INSERT INTO users (id, name, email, password, role, active, created_at, updated_at) VALUES (947, 'Francisca Vázquez', 'franciscavázquez47@estudiante.edu.bo', '\$2y\$12\$TyO9cTQJ0O7NSPORyyP8Hup.wk8.BWNWu4itdEJYyjZ2Sem9DbFyi', 'Postulante', true, NOW(), NOW());
INSERT INTO postulantes (id, ci, nombres, apellidos, fecha_nacimiento, sexo, direccion, telefono, email, colegio_procedencia, ciudad, titulo_bachiller, primera_opcion_id, segunda_opcion_id, turno_preferencia, gestion_id, estado, recurrente, user_id, created_at, updated_at) VALUES (848, '8803080', 'Francisca', 'Vázquez', '2005-01-15', 'M', NULL, '59180131793', 'franciscavázquez47@estudiante.edu.bo', 'Colegio Boliviano', 'Santa Cruz de la Sierra', NULL, 1, 2, 'Noche', 2, 'Preinscrito', false, 947, NOW(), NOW());
INSERT INTO requisitos_documentales (postulante_id, ci_digitalizado, certificado_nacimiento, titulo_bachiller_legalizado, formulario_preinscripcion, verificado_bd_externa, updated_at) VALUES (848, false, false, false, false, false, NOW());
INSERT INTO users (id, name, email, password, role, active, created_at, updated_at) VALUES (948, 'Irene Medina', 'irenemedina48@estudiante.edu.bo', '\$2y\$12\$TyO9cTQJ0O7NSPORyyP8Hup.wk8.BWNWu4itdEJYyjZ2Sem9DbFyi', 'Postulante', true, NOW(), NOW());
INSERT INTO postulantes (id, ci, nombres, apellidos, fecha_nacimiento, sexo, direccion, telefono, email, colegio_procedencia, ciudad, titulo_bachiller, primera_opcion_id, segunda_opcion_id, turno_preferencia, gestion_id, estado, recurrente, user_id, created_at, updated_at) VALUES (849, '1353936', 'Irene', 'Medina', '2005-01-15', 'M', NULL, '59180000107', 'irenemedina48@estudiante.edu.bo', 'Colegio Boliviano', 'Santa Cruz de la Sierra', NULL, 1, 2, 'Manana', 2, 'Preinscrito', false, 948, NOW(), NOW());
INSERT INTO requisitos_documentales (postulante_id, ci_digitalizado, certificado_nacimiento, titulo_bachiller_legalizado, formulario_preinscripcion, verificado_bd_externa, updated_at) VALUES (849, false, false, false, false, false, NOW());
INSERT INTO users (id, name, email, password, role, active, created_at, updated_at) VALUES (949, 'Natalia Medina', 'nataliamedina849@estudiante.edu.bo', '\$2y\$12\$TyO9cTQJ0O7NSPORyyP8Hup.wk8.BWNWu4itdEJYyjZ2Sem9DbFyi', 'Postulante', true, NOW(), NOW());
INSERT INTO postulantes (id, ci, nombres, apellidos, fecha_nacimiento, sexo, direccion, telefono, email, colegio_procedencia, ciudad, titulo_bachiller, primera_opcion_id, segunda_opcion_id, turno_preferencia, gestion_id, estado, recurrente, user_id, created_at, updated_at) VALUES (850, '3451319', 'Natalia', 'Medina', '2005-01-15', 'M', NULL, '59198388859', 'nataliamedina849@estudiante.edu.bo', 'Colegio Boliviano', 'Santa Cruz de la Sierra', NULL, 1, 2, 'Tarde', 2, 'Preinscrito', false, 949, NOW(), NOW());
INSERT INTO requisitos_documentales (postulante_id, ci_digitalizado, certificado_nacimiento, titulo_bachiller_legalizado, formulario_preinscripcion, verificado_bd_externa, updated_at) VALUES (850, false, false, false, false, false, NOW());
INSERT INTO users (id, name, email, password, role, active, created_at, updated_at) VALUES (950, 'Raúl Flores', 'raúlflores50@estudiante.edu.bo', '\$2y\$12\$TyO9cTQJ0O7NSPORyyP8Hup.wk8.BWNWu4itdEJYyjZ2Sem9DbFyi', 'Postulante', true, NOW(), NOW());
INSERT INTO postulantes (id, ci, nombres, apellidos, fecha_nacimiento, sexo, direccion, telefono, email, colegio_procedencia, ciudad, titulo_bachiller, primera_opcion_id, segunda_opcion_id, turno_preferencia, gestion_id, estado, recurrente, user_id, created_at, updated_at) VALUES (851, '5582412', 'Raúl', 'Flores', '2005-01-15', 'M', NULL, '59160592284', 'raúlflores50@estudiante.edu.bo', 'Colegio Boliviano', 'Santa Cruz de la Sierra', NULL, 1, 2, 'Manana', 2, 'Preinscrito', false, 950, NOW(), NOW());
INSERT INTO requisitos_documentales (postulante_id, ci_digitalizado, certificado_nacimiento, titulo_bachiller_legalizado, formulario_preinscripcion, verificado_bd_externa, updated_at) VALUES (851, false, false, false, false, false, NOW());
INSERT INTO users (id, name, email, password, role, active, created_at, updated_at) VALUES (951, 'Elena Jiménez', 'elenajiménez51@estudiante.edu.bo', '\$2y\$12\$TyO9cTQJ0O7NSPORyyP8Hup.wk8.BWNWu4itdEJYyjZ2Sem9DbFyi', 'Postulante', true, NOW(), NOW());
INSERT INTO postulantes (id, ci, nombres, apellidos, fecha_nacimiento, sexo, direccion, telefono, email, colegio_procedencia, ciudad, titulo_bachiller, primera_opcion_id, segunda_opcion_id, turno_preferencia, gestion_id, estado, recurrente, user_id, created_at, updated_at) VALUES (852, '1235406', 'Elena', 'Jiménez', '2005-01-15', 'M', NULL, '59193844433', 'elenajiménez51@estudiante.edu.bo', 'Colegio Boliviano', 'Santa Cruz de la Sierra', NULL, 1, 2, 'Manana', 2, 'Preinscrito', false, 951, NOW(), NOW());
INSERT INTO requisitos_documentales (postulante_id, ci_digitalizado, certificado_nacimiento, titulo_bachiller_legalizado, formulario_preinscripcion, verificado_bd_externa, updated_at) VALUES (852, false, false, false, false, false, NOW());
INSERT INTO users (id, name, email, password, role, active, created_at, updated_at) VALUES (952, 'Elena Delgado', 'elenadelgado52@estudiante.edu.bo', '\$2y\$12\$TyO9cTQJ0O7NSPORyyP8Hup.wk8.BWNWu4itdEJYyjZ2Sem9DbFyi', 'Postulante', true, NOW(), NOW());
INSERT INTO postulantes (id, ci, nombres, apellidos, fecha_nacimiento, sexo, direccion, telefono, email, colegio_procedencia, ciudad, titulo_bachiller, primera_opcion_id, segunda_opcion_id, turno_preferencia, gestion_id, estado, recurrente, user_id, created_at, updated_at) VALUES (853, '6894850', 'Elena', 'Delgado', '2005-01-15', 'M', NULL, '59164766201', 'elenadelgado52@estudiante.edu.bo', 'Colegio Boliviano', 'Santa Cruz de la Sierra', NULL, 1, 2, 'Manana', 2, 'Preinscrito', false, 952, NOW(), NOW());
INSERT INTO requisitos_documentales (postulante_id, ci_digitalizado, certificado_nacimiento, titulo_bachiller_legalizado, formulario_preinscripcion, verificado_bd_externa, updated_at) VALUES (853, false, false, false, false, false, NOW());
INSERT INTO users (id, name, email, password, role, active, created_at, updated_at) VALUES (953, 'Verónica Rivera', 'verónicarivera53@estudiante.edu.bo', '\$2y\$12\$TyO9cTQJ0O7NSPORyyP8Hup.wk8.BWNWu4itdEJYyjZ2Sem9DbFyi', 'Postulante', true, NOW(), NOW());
INSERT INTO postulantes (id, ci, nombres, apellidos, fecha_nacimiento, sexo, direccion, telefono, email, colegio_procedencia, ciudad, titulo_bachiller, primera_opcion_id, segunda_opcion_id, turno_preferencia, gestion_id, estado, recurrente, user_id, created_at, updated_at) VALUES (854, '6054754', 'Verónica', 'Rivera', '2005-01-15', 'M', NULL, '59189979928', 'verónicarivera53@estudiante.edu.bo', 'Colegio Boliviano', 'Santa Cruz de la Sierra', NULL, 1, 2, 'Noche', 2, 'Preinscrito', false, 953, NOW(), NOW());
INSERT INTO requisitos_documentales (postulante_id, ci_digitalizado, certificado_nacimiento, titulo_bachiller_legalizado, formulario_preinscripcion, verificado_bd_externa, updated_at) VALUES (854, false, false, false, false, false, NOW());
INSERT INTO users (id, name, email, password, role, active, created_at, updated_at) VALUES (954, 'Aurora Vázquez', 'auroravázquez54@estudiante.edu.bo', '\$2y\$12\$TyO9cTQJ0O7NSPORyyP8Hup.wk8.BWNWu4itdEJYyjZ2Sem9DbFyi', 'Postulante', true, NOW(), NOW());
INSERT INTO postulantes (id, ci, nombres, apellidos, fecha_nacimiento, sexo, direccion, telefono, email, colegio_procedencia, ciudad, titulo_bachiller, primera_opcion_id, segunda_opcion_id, turno_preferencia, gestion_id, estado, recurrente, user_id, created_at, updated_at) VALUES (855, '4727393', 'Aurora', 'Vázquez', '2005-01-15', 'M', NULL, '59186240500', 'auroravázquez54@estudiante.edu.bo', 'Colegio Boliviano', 'Santa Cruz de la Sierra', NULL, 1, 2, 'Noche', 2, 'Preinscrito', false, 954, NOW(), NOW());
INSERT INTO requisitos_documentales (postulante_id, ci_digitalizado, certificado_nacimiento, titulo_bachiller_legalizado, formulario_preinscripcion, verificado_bd_externa, updated_at) VALUES (855, false, false, false, false, false, NOW());
INSERT INTO users (id, name, email, password, role, active, created_at, updated_at) VALUES (955, 'Pedro López', 'pedrolópez55@estudiante.edu.bo', '\$2y\$12\$TyO9cTQJ0O7NSPORyyP8Hup.wk8.BWNWu4itdEJYyjZ2Sem9DbFyi', 'Postulante', true, NOW(), NOW());
INSERT INTO postulantes (id, ci, nombres, apellidos, fecha_nacimiento, sexo, direccion, telefono, email, colegio_procedencia, ciudad, titulo_bachiller, primera_opcion_id, segunda_opcion_id, turno_preferencia, gestion_id, estado, recurrente, user_id, created_at, updated_at) VALUES (856, '1874701', 'Pedro', 'López', '2005-01-15', 'M', NULL, '59193080001', 'pedrolópez55@estudiante.edu.bo', 'Colegio Boliviano', 'Santa Cruz de la Sierra', NULL, 1, 2, 'Noche', 2, 'Preinscrito', false, 955, NOW(), NOW());
INSERT INTO requisitos_documentales (postulante_id, ci_digitalizado, certificado_nacimiento, titulo_bachiller_legalizado, formulario_preinscripcion, verificado_bd_externa, updated_at) VALUES (856, false, false, false, false, false, NOW());
INSERT INTO users (id, name, email, password, role, active, created_at, updated_at) VALUES (956, 'Manuel Martínez', 'manuelmartínez56@estudiante.edu.bo', '\$2y\$12\$TyO9cTQJ0O7NSPORyyP8Hup.wk8.BWNWu4itdEJYyjZ2Sem9DbFyi', 'Postulante', true, NOW(), NOW());
INSERT INTO postulantes (id, ci, nombres, apellidos, fecha_nacimiento, sexo, direccion, telefono, email, colegio_procedencia, ciudad, titulo_bachiller, primera_opcion_id, segunda_opcion_id, turno_preferencia, gestion_id, estado, recurrente, user_id, created_at, updated_at) VALUES (857, '6970326', 'Manuel', 'Martínez', '2005-01-15', 'M', NULL, '59187656595', 'manuelmartínez56@estudiante.edu.bo', 'Colegio Boliviano', 'Santa Cruz de la Sierra', NULL, 1, 2, 'Noche', 2, 'Preinscrito', false, 956, NOW(), NOW());
INSERT INTO requisitos_documentales (postulante_id, ci_digitalizado, certificado_nacimiento, titulo_bachiller_legalizado, formulario_preinscripcion, verificado_bd_externa, updated_at) VALUES (857, false, false, false, false, false, NOW());
INSERT INTO users (id, name, email, password, role, active, created_at, updated_at) VALUES (957, 'Arturo Valdez', 'arturovaldez57@estudiante.edu.bo', '\$2y\$12\$TyO9cTQJ0O7NSPORyyP8Hup.wk8.BWNWu4itdEJYyjZ2Sem9DbFyi', 'Postulante', true, NOW(), NOW());
INSERT INTO postulantes (id, ci, nombres, apellidos, fecha_nacimiento, sexo, direccion, telefono, email, colegio_procedencia, ciudad, titulo_bachiller, primera_opcion_id, segunda_opcion_id, turno_preferencia, gestion_id, estado, recurrente, user_id, created_at, updated_at) VALUES (858, '6624395', 'Arturo', 'Valdez', '2005-01-15', 'M', NULL, '59169649159', 'arturovaldez57@estudiante.edu.bo', 'Colegio Boliviano', 'Santa Cruz de la Sierra', NULL, 1, 2, 'Manana', 2, 'Preinscrito', false, 957, NOW(), NOW());
INSERT INTO requisitos_documentales (postulante_id, ci_digitalizado, certificado_nacimiento, titulo_bachiller_legalizado, formulario_preinscripcion, verificado_bd_externa, updated_at) VALUES (858, false, false, false, false, false, NOW());
INSERT INTO users (id, name, email, password, role, active, created_at, updated_at) VALUES (958, 'Pedro Valencia', 'pedrovalencia58@estudiante.edu.bo', '\$2y\$12\$TyO9cTQJ0O7NSPORyyP8Hup.wk8.BWNWu4itdEJYyjZ2Sem9DbFyi', 'Postulante', true, NOW(), NOW());
INSERT INTO postulantes (id, ci, nombres, apellidos, fecha_nacimiento, sexo, direccion, telefono, email, colegio_procedencia, ciudad, titulo_bachiller, primera_opcion_id, segunda_opcion_id, turno_preferencia, gestion_id, estado, recurrente, user_id, created_at, updated_at) VALUES (859, '7198983', 'Pedro', 'Valencia', '2005-01-15', 'M', NULL, '59160023877', 'pedrovalencia58@estudiante.edu.bo', 'Colegio Boliviano', 'Santa Cruz de la Sierra', NULL, 1, 2, 'Noche', 2, 'Preinscrito', false, 958, NOW(), NOW());
INSERT INTO requisitos_documentales (postulante_id, ci_digitalizado, certificado_nacimiento, titulo_bachiller_legalizado, formulario_preinscripcion, verificado_bd_externa, updated_at) VALUES (859, false, false, false, false, false, NOW());
INSERT INTO users (id, name, email, password, role, active, created_at, updated_at) VALUES (959, 'Víctor Morales', 'víctormorales59@estudiante.edu.bo', '\$2y\$12\$TyO9cTQJ0O7NSPORyyP8Hup.wk8.BWNWu4itdEJYyjZ2Sem9DbFyi', 'Postulante', true, NOW(), NOW());
INSERT INTO postulantes (id, ci, nombres, apellidos, fecha_nacimiento, sexo, direccion, telefono, email, colegio_procedencia, ciudad, titulo_bachiller, primera_opcion_id, segunda_opcion_id, turno_preferencia, gestion_id, estado, recurrente, user_id, created_at, updated_at) VALUES (860, '7067937', 'Víctor', 'Morales', '2005-01-15', 'M', NULL, '59181895011', 'víctormorales59@estudiante.edu.bo', 'Colegio Boliviano', 'Santa Cruz de la Sierra', NULL, 1, 2, 'Manana', 2, 'Preinscrito', false, 959, NOW(), NOW());
INSERT INTO requisitos_documentales (postulante_id, ci_digitalizado, certificado_nacimiento, titulo_bachiller_legalizado, formulario_preinscripcion, verificado_bd_externa, updated_at) VALUES (860, false, false, false, false, false, NOW());
INSERT INTO users (id, name, email, password, role, active, created_at, updated_at) VALUES (960, 'Irene Guerrero', 'ireneguerrero60@estudiante.edu.bo', '\$2y\$12\$TyO9cTQJ0O7NSPORyyP8Hup.wk8.BWNWu4itdEJYyjZ2Sem9DbFyi', 'Postulante', true, NOW(), NOW());
INSERT INTO postulantes (id, ci, nombres, apellidos, fecha_nacimiento, sexo, direccion, telefono, email, colegio_procedencia, ciudad, titulo_bachiller, primera_opcion_id, segunda_opcion_id, turno_preferencia, gestion_id, estado, recurrente, user_id, created_at, updated_at) VALUES (861, '4378949', 'Irene', 'Guerrero', '2005-01-15', 'M', NULL, '59189152750', 'ireneguerrero60@estudiante.edu.bo', 'Colegio Boliviano', 'Santa Cruz de la Sierra', NULL, 1, 2, 'Noche', 2, 'Preinscrito', false, 960, NOW(), NOW());
INSERT INTO requisitos_documentales (postulante_id, ci_digitalizado, certificado_nacimiento, titulo_bachiller_legalizado, formulario_preinscripcion, verificado_bd_externa, updated_at) VALUES (861, false, false, false, false, false, NOW());
INSERT INTO users (id, name, email, password, role, active, created_at, updated_at) VALUES (961, 'Laura Medina', 'lauramedina61@estudiante.edu.bo', '\$2y\$12\$TyO9cTQJ0O7NSPORyyP8Hup.wk8.BWNWu4itdEJYyjZ2Sem9DbFyi', 'Postulante', true, NOW(), NOW());
INSERT INTO postulantes (id, ci, nombres, apellidos, fecha_nacimiento, sexo, direccion, telefono, email, colegio_procedencia, ciudad, titulo_bachiller, primera_opcion_id, segunda_opcion_id, turno_preferencia, gestion_id, estado, recurrente, user_id, created_at, updated_at) VALUES (862, '2600131', 'Laura', 'Medina', '2005-01-15', 'M', NULL, '59188384016', 'lauramedina61@estudiante.edu.bo', 'Colegio Boliviano', 'Santa Cruz de la Sierra', NULL, 1, 2, 'Noche', 2, 'Preinscrito', false, 961, NOW(), NOW());
INSERT INTO requisitos_documentales (postulante_id, ci_digitalizado, certificado_nacimiento, titulo_bachiller_legalizado, formulario_preinscripcion, verificado_bd_externa, updated_at) VALUES (862, false, false, false, false, false, NOW());
INSERT INTO users (id, name, email, password, role, active, created_at, updated_at) VALUES (962, 'Laura Fuentes', 'laurafuentes62@estudiante.edu.bo', '\$2y\$12\$TyO9cTQJ0O7NSPORyyP8Hup.wk8.BWNWu4itdEJYyjZ2Sem9DbFyi', 'Postulante', true, NOW(), NOW());
INSERT INTO postulantes (id, ci, nombres, apellidos, fecha_nacimiento, sexo, direccion, telefono, email, colegio_procedencia, ciudad, titulo_bachiller, primera_opcion_id, segunda_opcion_id, turno_preferencia, gestion_id, estado, recurrente, user_id, created_at, updated_at) VALUES (863, '4160851', 'Laura', 'Fuentes', '2005-01-15', 'M', NULL, '59181088042', 'laurafuentes62@estudiante.edu.bo', 'Colegio Boliviano', 'Santa Cruz de la Sierra', NULL, 1, 2, 'Tarde', 2, 'Preinscrito', false, 962, NOW(), NOW());
INSERT INTO requisitos_documentales (postulante_id, ci_digitalizado, certificado_nacimiento, titulo_bachiller_legalizado, formulario_preinscripcion, verificado_bd_externa, updated_at) VALUES (863, false, false, false, false, false, NOW());
INSERT INTO users (id, name, email, password, role, active, created_at, updated_at) VALUES (963, 'Irene Navarro', 'irenenavarro63@estudiante.edu.bo', '\$2y\$12\$TyO9cTQJ0O7NSPORyyP8Hup.wk8.BWNWu4itdEJYyjZ2Sem9DbFyi', 'Postulante', true, NOW(), NOW());
INSERT INTO postulantes (id, ci, nombres, apellidos, fecha_nacimiento, sexo, direccion, telefono, email, colegio_procedencia, ciudad, titulo_bachiller, primera_opcion_id, segunda_opcion_id, turno_preferencia, gestion_id, estado, recurrente, user_id, created_at, updated_at) VALUES (864, '7208431', 'Irene', 'Navarro', '2005-01-15', 'M', NULL, '59181211611', 'irenenavarro63@estudiante.edu.bo', 'Colegio Boliviano', 'Santa Cruz de la Sierra', NULL, 1, 2, 'Manana', 2, 'Preinscrito', false, 963, NOW(), NOW());
INSERT INTO requisitos_documentales (postulante_id, ci_digitalizado, certificado_nacimiento, titulo_bachiller_legalizado, formulario_preinscripcion, verificado_bd_externa, updated_at) VALUES (864, false, false, false, false, false, NOW());
INSERT INTO users (id, name, email, password, role, active, created_at, updated_at) VALUES (964, 'Juan Rivera', 'juanrivera64@estudiante.edu.bo', '\$2y\$12\$TyO9cTQJ0O7NSPORyyP8Hup.wk8.BWNWu4itdEJYyjZ2Sem9DbFyi', 'Postulante', true, NOW(), NOW());
INSERT INTO postulantes (id, ci, nombres, apellidos, fecha_nacimiento, sexo, direccion, telefono, email, colegio_procedencia, ciudad, titulo_bachiller, primera_opcion_id, segunda_opcion_id, turno_preferencia, gestion_id, estado, recurrente, user_id, created_at, updated_at) VALUES (865, '8616704', 'Juan', 'Rivera', '2005-01-15', 'M', NULL, '59181347486', 'juanrivera64@estudiante.edu.bo', 'Colegio Boliviano', 'Santa Cruz de la Sierra', NULL, 1, 2, 'Noche', 2, 'Preinscrito', false, 964, NOW(), NOW());
INSERT INTO requisitos_documentales (postulante_id, ci_digitalizado, certificado_nacimiento, titulo_bachiller_legalizado, formulario_preinscripcion, verificado_bd_externa, updated_at) VALUES (865, false, false, false, false, false, NOW());
INSERT INTO users (id, name, email, password, role, active, created_at, updated_at) VALUES (965, 'Víctor Pérez', 'víctorpérez65@estudiante.edu.bo', '\$2y\$12\$TyO9cTQJ0O7NSPORyyP8Hup.wk8.BWNWu4itdEJYyjZ2Sem9DbFyi', 'Postulante', true, NOW(), NOW());
INSERT INTO postulantes (id, ci, nombres, apellidos, fecha_nacimiento, sexo, direccion, telefono, email, colegio_procedencia, ciudad, titulo_bachiller, primera_opcion_id, segunda_opcion_id, turno_preferencia, gestion_id, estado, recurrente, user_id, created_at, updated_at) VALUES (866, '7230527', 'Víctor', 'Pérez', '2005-01-15', 'M', NULL, '59184811957', 'víctorpérez65@estudiante.edu.bo', 'Colegio Boliviano', 'Santa Cruz de la Sierra', NULL, 1, 2, 'Tarde', 2, 'Preinscrito', false, 965, NOW(), NOW());
INSERT INTO requisitos_documentales (postulante_id, ci_digitalizado, certificado_nacimiento, titulo_bachiller_legalizado, formulario_preinscripcion, verificado_bd_externa, updated_at) VALUES (866, false, false, false, false, false, NOW());
INSERT INTO users (id, name, email, password, role, active, created_at, updated_at) VALUES (966, 'Sergio Molina', 'sergiomolina66@estudiante.edu.bo', '\$2y\$12\$TyO9cTQJ0O7NSPORyyP8Hup.wk8.BWNWu4itdEJYyjZ2Sem9DbFyi', 'Postulante', true, NOW(), NOW());
INSERT INTO postulantes (id, ci, nombres, apellidos, fecha_nacimiento, sexo, direccion, telefono, email, colegio_procedencia, ciudad, titulo_bachiller, primera_opcion_id, segunda_opcion_id, turno_preferencia, gestion_id, estado, recurrente, user_id, created_at, updated_at) VALUES (867, '7881928', 'Sergio', 'Molina', '2005-01-15', 'M', NULL, '59198492823', 'sergiomolina66@estudiante.edu.bo', 'Colegio Boliviano', 'Santa Cruz de la Sierra', NULL, 1, 2, 'Tarde', 2, 'Preinscrito', false, 966, NOW(), NOW());
INSERT INTO requisitos_documentales (postulante_id, ci_digitalizado, certificado_nacimiento, titulo_bachiller_legalizado, formulario_preinscripcion, verificado_bd_externa, updated_at) VALUES (867, false, false, false, false, false, NOW());
INSERT INTO users (id, name, email, password, role, active, created_at, updated_at) VALUES (967, 'Javier Martínez', 'javiermartínez67@estudiante.edu.bo', '\$2y\$12\$TyO9cTQJ0O7NSPORyyP8Hup.wk8.BWNWu4itdEJYyjZ2Sem9DbFyi', 'Postulante', true, NOW(), NOW());
INSERT INTO postulantes (id, ci, nombres, apellidos, fecha_nacimiento, sexo, direccion, telefono, email, colegio_procedencia, ciudad, titulo_bachiller, primera_opcion_id, segunda_opcion_id, turno_preferencia, gestion_id, estado, recurrente, user_id, created_at, updated_at) VALUES (868, '7556261', 'Javier', 'Martínez', '2005-01-15', 'M', NULL, '59185771029', 'javiermartínez67@estudiante.edu.bo', 'Colegio Boliviano', 'Santa Cruz de la Sierra', NULL, 1, 2, 'Manana', 2, 'Preinscrito', false, 967, NOW(), NOW());
INSERT INTO requisitos_documentales (postulante_id, ci_digitalizado, certificado_nacimiento, titulo_bachiller_legalizado, formulario_preinscripcion, verificado_bd_externa, updated_at) VALUES (868, false, false, false, false, false, NOW());
INSERT INTO users (id, name, email, password, role, active, created_at, updated_at) VALUES (968, 'Oscar Hernández', 'oscarhernández68@estudiante.edu.bo', '\$2y\$12\$TyO9cTQJ0O7NSPORyyP8Hup.wk8.BWNWu4itdEJYyjZ2Sem9DbFyi', 'Postulante', true, NOW(), NOW());
INSERT INTO postulantes (id, ci, nombres, apellidos, fecha_nacimiento, sexo, direccion, telefono, email, colegio_procedencia, ciudad, titulo_bachiller, primera_opcion_id, segunda_opcion_id, turno_preferencia, gestion_id, estado, recurrente, user_id, created_at, updated_at) VALUES (869, '4643108', 'Oscar', 'Hernández', '2005-01-15', 'M', NULL, '59183136127', 'oscarhernández68@estudiante.edu.bo', 'Colegio Boliviano', 'Santa Cruz de la Sierra', NULL, 1, 2, 'Manana', 2, 'Preinscrito', false, 968, NOW(), NOW());
INSERT INTO requisitos_documentales (postulante_id, ci_digitalizado, certificado_nacimiento, titulo_bachiller_legalizado, formulario_preinscripcion, verificado_bd_externa, updated_at) VALUES (869, false, false, false, false, false, NOW());
INSERT INTO users (id, name, email, password, role, active, created_at, updated_at) VALUES (969, 'Ricardo Acosta', 'ricardoacosta69@estudiante.edu.bo', '\$2y\$12\$TyO9cTQJ0O7NSPORyyP8Hup.wk8.BWNWu4itdEJYyjZ2Sem9DbFyi', 'Postulante', true, NOW(), NOW());
INSERT INTO postulantes (id, ci, nombres, apellidos, fecha_nacimiento, sexo, direccion, telefono, email, colegio_procedencia, ciudad, titulo_bachiller, primera_opcion_id, segunda_opcion_id, turno_preferencia, gestion_id, estado, recurrente, user_id, created_at, updated_at) VALUES (870, '3281463', 'Ricardo', 'Acosta', '2005-01-15', 'M', NULL, '59182916921', 'ricardoacosta69@estudiante.edu.bo', 'Colegio Boliviano', 'Santa Cruz de la Sierra', NULL, 1, 2, 'Noche', 2, 'Preinscrito', false, 969, NOW(), NOW());
INSERT INTO requisitos_documentales (postulante_id, ci_digitalizado, certificado_nacimiento, titulo_bachiller_legalizado, formulario_preinscripcion, verificado_bd_externa, updated_at) VALUES (870, false, false, false, false, false, NOW());
INSERT INTO users (id, name, email, password, role, active, created_at, updated_at) VALUES (970, 'Javier Acosta', 'javieracosta70@estudiante.edu.bo', '\$2y\$12\$TyO9cTQJ0O7NSPORyyP8Hup.wk8.BWNWu4itdEJYyjZ2Sem9DbFyi', 'Postulante', true, NOW(), NOW());
INSERT INTO postulantes (id, ci, nombres, apellidos, fecha_nacimiento, sexo, direccion, telefono, email, colegio_procedencia, ciudad, titulo_bachiller, primera_opcion_id, segunda_opcion_id, turno_preferencia, gestion_id, estado, recurrente, user_id, created_at, updated_at) VALUES (871, '1051331', 'Javier', 'Acosta', '2005-01-15', 'M', NULL, '59170055365', 'javieracosta70@estudiante.edu.bo', 'Colegio Boliviano', 'Santa Cruz de la Sierra', NULL, 1, 2, 'Tarde', 2, 'Preinscrito', false, 970, NOW(), NOW());
INSERT INTO requisitos_documentales (postulante_id, ci_digitalizado, certificado_nacimiento, titulo_bachiller_legalizado, formulario_preinscripcion, verificado_bd_externa, updated_at) VALUES (871, false, false, false, false, false, NOW());
INSERT INTO users (id, name, email, password, role, active, created_at, updated_at) VALUES (971, 'Marisol Flores', 'marisolflores71@estudiante.edu.bo', '\$2y\$12\$TyO9cTQJ0O7NSPORyyP8Hup.wk8.BWNWu4itdEJYyjZ2Sem9DbFyi', 'Postulante', true, NOW(), NOW());
INSERT INTO postulantes (id, ci, nombres, apellidos, fecha_nacimiento, sexo, direccion, telefono, email, colegio_procedencia, ciudad, titulo_bachiller, primera_opcion_id, segunda_opcion_id, turno_preferencia, gestion_id, estado, recurrente, user_id, created_at, updated_at) VALUES (872, '7490413', 'Marisol', 'Flores', '2005-01-15', 'M', NULL, '59192052593', 'marisolflores71@estudiante.edu.bo', 'Colegio Boliviano', 'Santa Cruz de la Sierra', NULL, 1, 2, 'Manana', 2, 'Preinscrito', false, 971, NOW(), NOW());
INSERT INTO requisitos_documentales (postulante_id, ci_digitalizado, certificado_nacimiento, titulo_bachiller_legalizado, formulario_preinscripcion, verificado_bd_externa, updated_at) VALUES (872, false, false, false, false, false, NOW());
INSERT INTO users (id, name, email, password, role, active, created_at, updated_at) VALUES (972, 'Antonio Vega', 'antoniovega72@estudiante.edu.bo', '\$2y\$12\$TyO9cTQJ0O7NSPORyyP8Hup.wk8.BWNWu4itdEJYyjZ2Sem9DbFyi', 'Postulante', true, NOW(), NOW());
INSERT INTO postulantes (id, ci, nombres, apellidos, fecha_nacimiento, sexo, direccion, telefono, email, colegio_procedencia, ciudad, titulo_bachiller, primera_opcion_id, segunda_opcion_id, turno_preferencia, gestion_id, estado, recurrente, user_id, created_at, updated_at) VALUES (873, '8056696', 'Antonio', 'Vega', '2005-01-15', 'M', NULL, '59193594551', 'antoniovega72@estudiante.edu.bo', 'Colegio Boliviano', 'Santa Cruz de la Sierra', NULL, 1, 2, 'Tarde', 2, 'Preinscrito', false, 972, NOW(), NOW());
INSERT INTO requisitos_documentales (postulante_id, ci_digitalizado, certificado_nacimiento, titulo_bachiller_legalizado, formulario_preinscripcion, verificado_bd_externa, updated_at) VALUES (873, false, false, false, false, false, NOW());
INSERT INTO users (id, name, email, password, role, active, created_at, updated_at) VALUES (973, 'Diego Contreras', 'diegocontreras73@estudiante.edu.bo', '\$2y\$12\$TyO9cTQJ0O7NSPORyyP8Hup.wk8.BWNWu4itdEJYyjZ2Sem9DbFyi', 'Postulante', true, NOW(), NOW());
INSERT INTO postulantes (id, ci, nombres, apellidos, fecha_nacimiento, sexo, direccion, telefono, email, colegio_procedencia, ciudad, titulo_bachiller, primera_opcion_id, segunda_opcion_id, turno_preferencia, gestion_id, estado, recurrente, user_id, created_at, updated_at) VALUES (874, '7170853', 'Diego', 'Contreras', '2005-01-15', 'M', NULL, '59164328943', 'diegocontreras73@estudiante.edu.bo', 'Colegio Boliviano', 'Santa Cruz de la Sierra', NULL, 1, 2, 'Tarde', 2, 'Preinscrito', false, 973, NOW(), NOW());
INSERT INTO requisitos_documentales (postulante_id, ci_digitalizado, certificado_nacimiento, titulo_bachiller_legalizado, formulario_preinscripcion, verificado_bd_externa, updated_at) VALUES (874, false, false, false, false, false, NOW());
INSERT INTO users (id, name, email, password, role, active, created_at, updated_at) VALUES (974, 'Luis González', 'luisgonzález74@estudiante.edu.bo', '\$2y\$12\$TyO9cTQJ0O7NSPORyyP8Hup.wk8.BWNWu4itdEJYyjZ2Sem9DbFyi', 'Postulante', true, NOW(), NOW());
INSERT INTO postulantes (id, ci, nombres, apellidos, fecha_nacimiento, sexo, direccion, telefono, email, colegio_procedencia, ciudad, titulo_bachiller, primera_opcion_id, segunda_opcion_id, turno_preferencia, gestion_id, estado, recurrente, user_id, created_at, updated_at) VALUES (875, '5175457', 'Luis', 'González', '2005-01-15', 'M', NULL, '59182070230', 'luisgonzález74@estudiante.edu.bo', 'Colegio Boliviano', 'Santa Cruz de la Sierra', NULL, 1, 2, 'Noche', 2, 'Preinscrito', false, 974, NOW(), NOW());
INSERT INTO requisitos_documentales (postulante_id, ci_digitalizado, certificado_nacimiento, titulo_bachiller_legalizado, formulario_preinscripcion, verificado_bd_externa, updated_at) VALUES (875, false, false, false, false, false, NOW());
INSERT INTO users (id, name, email, password, role, active, created_at, updated_at) VALUES (975, 'Valentina Ortiz', 'valentinaortiz75@estudiante.edu.bo', '\$2y\$12\$TyO9cTQJ0O7NSPORyyP8Hup.wk8.BWNWu4itdEJYyjZ2Sem9DbFyi', 'Postulante', true, NOW(), NOW());
INSERT INTO postulantes (id, ci, nombres, apellidos, fecha_nacimiento, sexo, direccion, telefono, email, colegio_procedencia, ciudad, titulo_bachiller, primera_opcion_id, segunda_opcion_id, turno_preferencia, gestion_id, estado, recurrente, user_id, created_at, updated_at) VALUES (876, '4641064', 'Valentina', 'Ortiz', '2005-01-15', 'M', NULL, '59194609694', 'valentinaortiz75@estudiante.edu.bo', 'Colegio Boliviano', 'Santa Cruz de la Sierra', NULL, 1, 2, 'Tarde', 2, 'Preinscrito', false, 975, NOW(), NOW());
INSERT INTO requisitos_documentales (postulante_id, ci_digitalizado, certificado_nacimiento, titulo_bachiller_legalizado, formulario_preinscripcion, verificado_bd_externa, updated_at) VALUES (876, false, false, false, false, false, NOW());
INSERT INTO users (id, name, email, password, role, active, created_at, updated_at) VALUES (976, 'Gabriela Valencia', 'gabrielavalencia76@estudiante.edu.bo', '\$2y\$12\$TyO9cTQJ0O7NSPORyyP8Hup.wk8.BWNWu4itdEJYyjZ2Sem9DbFyi', 'Postulante', true, NOW(), NOW());
INSERT INTO postulantes (id, ci, nombres, apellidos, fecha_nacimiento, sexo, direccion, telefono, email, colegio_procedencia, ciudad, titulo_bachiller, primera_opcion_id, segunda_opcion_id, turno_preferencia, gestion_id, estado, recurrente, user_id, created_at, updated_at) VALUES (877, '6674537', 'Gabriela', 'Valencia', '2005-01-15', 'M', NULL, '59192520683', 'gabrielavalencia76@estudiante.edu.bo', 'Colegio Boliviano', 'Santa Cruz de la Sierra', NULL, 1, 2, 'Noche', 2, 'Preinscrito', false, 976, NOW(), NOW());
INSERT INTO requisitos_documentales (postulante_id, ci_digitalizado, certificado_nacimiento, titulo_bachiller_legalizado, formulario_preinscripcion, verificado_bd_externa, updated_at) VALUES (877, false, false, false, false, false, NOW());
INSERT INTO users (id, name, email, password, role, active, created_at, updated_at) VALUES (977, 'Sandra Ortiz', 'sandraortiz77@estudiante.edu.bo', '\$2y\$12\$TyO9cTQJ0O7NSPORyyP8Hup.wk8.BWNWu4itdEJYyjZ2Sem9DbFyi', 'Postulante', true, NOW(), NOW());
INSERT INTO postulantes (id, ci, nombres, apellidos, fecha_nacimiento, sexo, direccion, telefono, email, colegio_procedencia, ciudad, titulo_bachiller, primera_opcion_id, segunda_opcion_id, turno_preferencia, gestion_id, estado, recurrente, user_id, created_at, updated_at) VALUES (878, '2547226', 'Sandra', 'Ortiz', '2005-01-15', 'M', NULL, '59190694773', 'sandraortiz77@estudiante.edu.bo', 'Colegio Boliviano', 'Santa Cruz de la Sierra', NULL, 1, 2, 'Tarde', 2, 'Preinscrito', false, 977, NOW(), NOW());
INSERT INTO requisitos_documentales (postulante_id, ci_digitalizado, certificado_nacimiento, titulo_bachiller_legalizado, formulario_preinscripcion, verificado_bd_externa, updated_at) VALUES (878, false, false, false, false, false, NOW());
INSERT INTO users (id, name, email, password, role, active, created_at, updated_at) VALUES (978, 'Francisca Vidal', 'franciscavidal78@estudiante.edu.bo', '\$2y\$12\$TyO9cTQJ0O7NSPORyyP8Hup.wk8.BWNWu4itdEJYyjZ2Sem9DbFyi', 'Postulante', true, NOW(), NOW());
INSERT INTO postulantes (id, ci, nombres, apellidos, fecha_nacimiento, sexo, direccion, telefono, email, colegio_procedencia, ciudad, titulo_bachiller, primera_opcion_id, segunda_opcion_id, turno_preferencia, gestion_id, estado, recurrente, user_id, created_at, updated_at) VALUES (879, '6340361', 'Francisca', 'Vidal', '2005-01-15', 'M', NULL, '59174741104', 'franciscavidal78@estudiante.edu.bo', 'Colegio Boliviano', 'Santa Cruz de la Sierra', NULL, 1, 2, 'Tarde', 2, 'Preinscrito', false, 978, NOW(), NOW());
INSERT INTO requisitos_documentales (postulante_id, ci_digitalizado, certificado_nacimiento, titulo_bachiller_legalizado, formulario_preinscripcion, verificado_bd_externa, updated_at) VALUES (879, false, false, false, false, false, NOW());
INSERT INTO users (id, name, email, password, role, active, created_at, updated_at) VALUES (979, 'Irene Vázquez', 'irenevázquez79@estudiante.edu.bo', '\$2y\$12\$TyO9cTQJ0O7NSPORyyP8Hup.wk8.BWNWu4itdEJYyjZ2Sem9DbFyi', 'Postulante', true, NOW(), NOW());
INSERT INTO postulantes (id, ci, nombres, apellidos, fecha_nacimiento, sexo, direccion, telefono, email, colegio_procedencia, ciudad, titulo_bachiller, primera_opcion_id, segunda_opcion_id, turno_preferencia, gestion_id, estado, recurrente, user_id, created_at, updated_at) VALUES (880, '2747673', 'Irene', 'Vázquez', '2005-01-15', 'M', NULL, '59163973089', 'irenevázquez79@estudiante.edu.bo', 'Colegio Boliviano', 'Santa Cruz de la Sierra', NULL, 1, 2, 'Manana', 2, 'Preinscrito', false, 979, NOW(), NOW());
INSERT INTO requisitos_documentales (postulante_id, ci_digitalizado, certificado_nacimiento, titulo_bachiller_legalizado, formulario_preinscripcion, verificado_bd_externa, updated_at) VALUES (880, false, false, false, false, false, NOW());
INSERT INTO users (id, name, email, password, role, active, created_at, updated_at) VALUES (980, 'Raúl González', 'raúlgonzález80@estudiante.edu.bo', '\$2y\$12\$TyO9cTQJ0O7NSPORyyP8Hup.wk8.BWNWu4itdEJYyjZ2Sem9DbFyi', 'Postulante', true, NOW(), NOW());
INSERT INTO postulantes (id, ci, nombres, apellidos, fecha_nacimiento, sexo, direccion, telefono, email, colegio_procedencia, ciudad, titulo_bachiller, primera_opcion_id, segunda_opcion_id, turno_preferencia, gestion_id, estado, recurrente, user_id, created_at, updated_at) VALUES (881, '8095271', 'Raúl', 'González', '2005-01-15', 'M', NULL, '59185665492', 'raúlgonzález80@estudiante.edu.bo', 'Colegio Boliviano', 'Santa Cruz de la Sierra', NULL, 1, 2, 'Manana', 2, 'Preinscrito', false, 980, NOW(), NOW());
INSERT INTO requisitos_documentales (postulante_id, ci_digitalizado, certificado_nacimiento, titulo_bachiller_legalizado, formulario_preinscripcion, verificado_bd_externa, updated_at) VALUES (881, false, false, false, false, false, NOW());
INSERT INTO users (id, name, email, password, role, active, created_at, updated_at) VALUES (981, 'Gabriela Cortés', 'gabrielacortés81@estudiante.edu.bo', '\$2y\$12\$TyO9cTQJ0O7NSPORyyP8Hup.wk8.BWNWu4itdEJYyjZ2Sem9DbFyi', 'Postulante', true, NOW(), NOW());
INSERT INTO postulantes (id, ci, nombres, apellidos, fecha_nacimiento, sexo, direccion, telefono, email, colegio_procedencia, ciudad, titulo_bachiller, primera_opcion_id, segunda_opcion_id, turno_preferencia, gestion_id, estado, recurrente, user_id, created_at, updated_at) VALUES (882, '9049432', 'Gabriela', 'Cortés', '2005-01-15', 'M', NULL, '59176138153', 'gabrielacortés81@estudiante.edu.bo', 'Colegio Boliviano', 'Santa Cruz de la Sierra', NULL, 1, 2, 'Tarde', 2, 'Preinscrito', false, 981, NOW(), NOW());
INSERT INTO requisitos_documentales (postulante_id, ci_digitalizado, certificado_nacimiento, titulo_bachiller_legalizado, formulario_preinscripcion, verificado_bd_externa, updated_at) VALUES (882, false, false, false, false, false, NOW());
INSERT INTO users (id, name, email, password, role, active, created_at, updated_at) VALUES (982, 'Víctor Valdez', 'víctorvaldez82@estudiante.edu.bo', '\$2y\$12\$TyO9cTQJ0O7NSPORyyP8Hup.wk8.BWNWu4itdEJYyjZ2Sem9DbFyi', 'Postulante', true, NOW(), NOW());
INSERT INTO postulantes (id, ci, nombres, apellidos, fecha_nacimiento, sexo, direccion, telefono, email, colegio_procedencia, ciudad, titulo_bachiller, primera_opcion_id, segunda_opcion_id, turno_preferencia, gestion_id, estado, recurrente, user_id, created_at, updated_at) VALUES (883, '1931489', 'Víctor', 'Valdez', '2005-01-15', 'M', NULL, '59172530469', 'víctorvaldez82@estudiante.edu.bo', 'Colegio Boliviano', 'Santa Cruz de la Sierra', NULL, 1, 2, 'Manana', 2, 'Preinscrito', false, 982, NOW(), NOW());
INSERT INTO requisitos_documentales (postulante_id, ci_digitalizado, certificado_nacimiento, titulo_bachiller_legalizado, formulario_preinscripcion, verificado_bd_externa, updated_at) VALUES (883, false, false, false, false, false, NOW());
INSERT INTO users (id, name, email, password, role, active, created_at, updated_at) VALUES (983, 'Roberto Contreras', 'robertocontreras83@estudiante.edu.bo', '\$2y\$12\$TyO9cTQJ0O7NSPORyyP8Hup.wk8.BWNWu4itdEJYyjZ2Sem9DbFyi', 'Postulante', true, NOW(), NOW());
INSERT INTO postulantes (id, ci, nombres, apellidos, fecha_nacimiento, sexo, direccion, telefono, email, colegio_procedencia, ciudad, titulo_bachiller, primera_opcion_id, segunda_opcion_id, turno_preferencia, gestion_id, estado, recurrente, user_id, created_at, updated_at) VALUES (884, '6237050', 'Roberto', 'Contreras', '2005-01-15', 'M', NULL, '59170076739', 'robertocontreras83@estudiante.edu.bo', 'Colegio Boliviano', 'Santa Cruz de la Sierra', NULL, 1, 2, 'Manana', 2, 'Preinscrito', false, 983, NOW(), NOW());
INSERT INTO requisitos_documentales (postulante_id, ci_digitalizado, certificado_nacimiento, titulo_bachiller_legalizado, formulario_preinscripcion, verificado_bd_externa, updated_at) VALUES (884, false, false, false, false, false, NOW());
INSERT INTO users (id, name, email, password, role, active, created_at, updated_at) VALUES (984, 'Oscar Pérez', 'oscarpérez84@estudiante.edu.bo', '\$2y\$12\$TyO9cTQJ0O7NSPORyyP8Hup.wk8.BWNWu4itdEJYyjZ2Sem9DbFyi', 'Postulante', true, NOW(), NOW());
INSERT INTO postulantes (id, ci, nombres, apellidos, fecha_nacimiento, sexo, direccion, telefono, email, colegio_procedencia, ciudad, titulo_bachiller, primera_opcion_id, segunda_opcion_id, turno_preferencia, gestion_id, estado, recurrente, user_id, created_at, updated_at) VALUES (885, '5898334', 'Oscar', 'Pérez', '2005-01-15', 'M', NULL, '59163052051', 'oscarpérez84@estudiante.edu.bo', 'Colegio Boliviano', 'Santa Cruz de la Sierra', NULL, 1, 2, 'Noche', 2, 'Preinscrito', false, 984, NOW(), NOW());
INSERT INTO requisitos_documentales (postulante_id, ci_digitalizado, certificado_nacimiento, titulo_bachiller_legalizado, formulario_preinscripcion, verificado_bd_externa, updated_at) VALUES (885, false, false, false, false, false, NOW());
INSERT INTO users (id, name, email, password, role, active, created_at, updated_at) VALUES (985, 'Laura Rojas', 'laurarojas85@estudiante.edu.bo', '\$2y\$12\$TyO9cTQJ0O7NSPORyyP8Hup.wk8.BWNWu4itdEJYyjZ2Sem9DbFyi', 'Postulante', true, NOW(), NOW());
INSERT INTO postulantes (id, ci, nombres, apellidos, fecha_nacimiento, sexo, direccion, telefono, email, colegio_procedencia, ciudad, titulo_bachiller, primera_opcion_id, segunda_opcion_id, turno_preferencia, gestion_id, estado, recurrente, user_id, created_at, updated_at) VALUES (886, '4478014', 'Laura', 'Rojas', '2005-01-15', 'M', NULL, '59188220318', 'laurarojas85@estudiante.edu.bo', 'Colegio Boliviano', 'Santa Cruz de la Sierra', NULL, 1, 2, 'Manana', 2, 'Preinscrito', false, 985, NOW(), NOW());
INSERT INTO requisitos_documentales (postulante_id, ci_digitalizado, certificado_nacimiento, titulo_bachiller_legalizado, formulario_preinscripcion, verificado_bd_externa, updated_at) VALUES (886, false, false, false, false, false, NOW());
INSERT INTO users (id, name, email, password, role, active, created_at, updated_at) VALUES (986, 'Luis Rivas', 'luisrivas86@estudiante.edu.bo', '\$2y\$12\$TyO9cTQJ0O7NSPORyyP8Hup.wk8.BWNWu4itdEJYyjZ2Sem9DbFyi', 'Postulante', true, NOW(), NOW());
INSERT INTO postulantes (id, ci, nombres, apellidos, fecha_nacimiento, sexo, direccion, telefono, email, colegio_procedencia, ciudad, titulo_bachiller, primera_opcion_id, segunda_opcion_id, turno_preferencia, gestion_id, estado, recurrente, user_id, created_at, updated_at) VALUES (887, '3473334', 'Luis', 'Rivas', '2005-01-15', 'M', NULL, '59177858039', 'luisrivas86@estudiante.edu.bo', 'Colegio Boliviano', 'Santa Cruz de la Sierra', NULL, 1, 2, 'Noche', 2, 'Preinscrito', false, 986, NOW(), NOW());
INSERT INTO requisitos_documentales (postulante_id, ci_digitalizado, certificado_nacimiento, titulo_bachiller_legalizado, formulario_preinscripcion, verificado_bd_externa, updated_at) VALUES (887, false, false, false, false, false, NOW());
INSERT INTO users (id, name, email, password, role, active, created_at, updated_at) VALUES (987, 'Jorge Navarro', 'jorgenavarro87@estudiante.edu.bo', '\$2y\$12\$TyO9cTQJ0O7NSPORyyP8Hup.wk8.BWNWu4itdEJYyjZ2Sem9DbFyi', 'Postulante', true, NOW(), NOW());
INSERT INTO postulantes (id, ci, nombres, apellidos, fecha_nacimiento, sexo, direccion, telefono, email, colegio_procedencia, ciudad, titulo_bachiller, primera_opcion_id, segunda_opcion_id, turno_preferencia, gestion_id, estado, recurrente, user_id, created_at, updated_at) VALUES (888, '1844395', 'Jorge', 'Navarro', '2005-01-15', 'M', NULL, '59164263146', 'jorgenavarro87@estudiante.edu.bo', 'Colegio Boliviano', 'Santa Cruz de la Sierra', NULL, 1, 2, 'Manana', 2, 'Preinscrito', false, 987, NOW(), NOW());
INSERT INTO requisitos_documentales (postulante_id, ci_digitalizado, certificado_nacimiento, titulo_bachiller_legalizado, formulario_preinscripcion, verificado_bd_externa, updated_at) VALUES (888, false, false, false, false, false, NOW());
INSERT INTO users (id, name, email, password, role, active, created_at, updated_at) VALUES (988, 'Guillermo Hernández', 'guillermohernández88@estudiante.edu.bo', '\$2y\$12\$TyO9cTQJ0O7NSPORyyP8Hup.wk8.BWNWu4itdEJYyjZ2Sem9DbFyi', 'Postulante', true, NOW(), NOW());
INSERT INTO postulantes (id, ci, nombres, apellidos, fecha_nacimiento, sexo, direccion, telefono, email, colegio_procedencia, ciudad, titulo_bachiller, primera_opcion_id, segunda_opcion_id, turno_preferencia, gestion_id, estado, recurrente, user_id, created_at, updated_at) VALUES (889, '5583382', 'Guillermo', 'Hernández', '2005-01-15', 'M', NULL, '59162084597', 'guillermohernández88@estudiante.edu.bo', 'Colegio Boliviano', 'Santa Cruz de la Sierra', NULL, 1, 2, 'Manana', 2, 'Preinscrito', false, 988, NOW(), NOW());
INSERT INTO requisitos_documentales (postulante_id, ci_digitalizado, certificado_nacimiento, titulo_bachiller_legalizado, formulario_preinscripcion, verificado_bd_externa, updated_at) VALUES (889, false, false, false, false, false, NOW());
INSERT INTO users (id, name, email, password, role, active, created_at, updated_at) VALUES (989, 'Francisca Tapia', 'franciscatapia89@estudiante.edu.bo', '\$2y\$12\$TyO9cTQJ0O7NSPORyyP8Hup.wk8.BWNWu4itdEJYyjZ2Sem9DbFyi', 'Postulante', true, NOW(), NOW());
INSERT INTO postulantes (id, ci, nombres, apellidos, fecha_nacimiento, sexo, direccion, telefono, email, colegio_procedencia, ciudad, titulo_bachiller, primera_opcion_id, segunda_opcion_id, turno_preferencia, gestion_id, estado, recurrente, user_id, created_at, updated_at) VALUES (890, '3372158', 'Francisca', 'Tapia', '2005-01-15', 'M', NULL, '59192239579', 'franciscatapia89@estudiante.edu.bo', 'Colegio Boliviano', 'Santa Cruz de la Sierra', NULL, 1, 2, 'Noche', 2, 'Preinscrito', false, 989, NOW(), NOW());
INSERT INTO requisitos_documentales (postulante_id, ci_digitalizado, certificado_nacimiento, titulo_bachiller_legalizado, formulario_preinscripcion, verificado_bd_externa, updated_at) VALUES (890, false, false, false, false, false, NOW());
INSERT INTO users (id, name, email, password, role, active, created_at, updated_at) VALUES (990, 'Matías Medina', 'matíasmedina90@estudiante.edu.bo', '\$2y\$12\$TyO9cTQJ0O7NSPORyyP8Hup.wk8.BWNWu4itdEJYyjZ2Sem9DbFyi', 'Postulante', true, NOW(), NOW());
INSERT INTO postulantes (id, ci, nombres, apellidos, fecha_nacimiento, sexo, direccion, telefono, email, colegio_procedencia, ciudad, titulo_bachiller, primera_opcion_id, segunda_opcion_id, turno_preferencia, gestion_id, estado, recurrente, user_id, created_at, updated_at) VALUES (891, '6013318', 'Matías', 'Medina', '2005-01-15', 'M', NULL, '59179661279', 'matíasmedina90@estudiante.edu.bo', 'Colegio Boliviano', 'Santa Cruz de la Sierra', NULL, 1, 2, 'Tarde', 2, 'Preinscrito', false, 990, NOW(), NOW());
INSERT INTO requisitos_documentales (postulante_id, ci_digitalizado, certificado_nacimiento, titulo_bachiller_legalizado, formulario_preinscripcion, verificado_bd_externa, updated_at) VALUES (891, false, false, false, false, false, NOW());
INSERT INTO users (id, name, email, password, role, active, created_at, updated_at) VALUES (991, 'Isabel Hernández', 'isabelhernández91@estudiante.edu.bo', '\$2y\$12\$TyO9cTQJ0O7NSPORyyP8Hup.wk8.BWNWu4itdEJYyjZ2Sem9DbFyi', 'Postulante', true, NOW(), NOW());
INSERT INTO postulantes (id, ci, nombres, apellidos, fecha_nacimiento, sexo, direccion, telefono, email, colegio_procedencia, ciudad, titulo_bachiller, primera_opcion_id, segunda_opcion_id, turno_preferencia, gestion_id, estado, recurrente, user_id, created_at, updated_at) VALUES (892, '2533582', 'Isabel', 'Hernández', '2005-01-15', 'M', NULL, '59192244500', 'isabelhernández91@estudiante.edu.bo', 'Colegio Boliviano', 'Santa Cruz de la Sierra', NULL, 1, 2, 'Noche', 2, 'Preinscrito', false, 991, NOW(), NOW());
INSERT INTO requisitos_documentales (postulante_id, ci_digitalizado, certificado_nacimiento, titulo_bachiller_legalizado, formulario_preinscripcion, verificado_bd_externa, updated_at) VALUES (892, false, false, false, false, false, NOW());
INSERT INTO users (id, name, email, password, role, active, created_at, updated_at) VALUES (992, 'Arturo Reyes', 'arturoreyes92@estudiante.edu.bo', '\$2y\$12\$TyO9cTQJ0O7NSPORyyP8Hup.wk8.BWNWu4itdEJYyjZ2Sem9DbFyi', 'Postulante', true, NOW(), NOW());
INSERT INTO postulantes (id, ci, nombres, apellidos, fecha_nacimiento, sexo, direccion, telefono, email, colegio_procedencia, ciudad, titulo_bachiller, primera_opcion_id, segunda_opcion_id, turno_preferencia, gestion_id, estado, recurrente, user_id, created_at, updated_at) VALUES (893, '1995921', 'Arturo', 'Reyes', '2005-01-15', 'M', NULL, '59199219305', 'arturoreyes92@estudiante.edu.bo', 'Colegio Boliviano', 'Santa Cruz de la Sierra', NULL, 1, 2, 'Tarde', 2, 'Preinscrito', false, 992, NOW(), NOW());
INSERT INTO requisitos_documentales (postulante_id, ci_digitalizado, certificado_nacimiento, titulo_bachiller_legalizado, formulario_preinscripcion, verificado_bd_externa, updated_at) VALUES (893, false, false, false, false, false, NOW());
INSERT INTO users (id, name, email, password, role, active, created_at, updated_at) VALUES (993, 'Irene Rivera', 'irenerivera93@estudiante.edu.bo', '\$2y\$12\$TyO9cTQJ0O7NSPORyyP8Hup.wk8.BWNWu4itdEJYyjZ2Sem9DbFyi', 'Postulante', true, NOW(), NOW());
INSERT INTO postulantes (id, ci, nombres, apellidos, fecha_nacimiento, sexo, direccion, telefono, email, colegio_procedencia, ciudad, titulo_bachiller, primera_opcion_id, segunda_opcion_id, turno_preferencia, gestion_id, estado, recurrente, user_id, created_at, updated_at) VALUES (894, '3509333', 'Irene', 'Rivera', '2005-01-15', 'M', NULL, '59161905267', 'irenerivera93@estudiante.edu.bo', 'Colegio Boliviano', 'Santa Cruz de la Sierra', NULL, 1, 2, 'Tarde', 2, 'Preinscrito', false, 993, NOW(), NOW());
INSERT INTO requisitos_documentales (postulante_id, ci_digitalizado, certificado_nacimiento, titulo_bachiller_legalizado, formulario_preinscripcion, verificado_bd_externa, updated_at) VALUES (894, false, false, false, false, false, NOW());
INSERT INTO users (id, name, email, password, role, active, created_at, updated_at) VALUES (994, 'Lorena Fuentes', 'lorenafuentes94@estudiante.edu.bo', '\$2y\$12\$TyO9cTQJ0O7NSPORyyP8Hup.wk8.BWNWu4itdEJYyjZ2Sem9DbFyi', 'Postulante', true, NOW(), NOW());
INSERT INTO postulantes (id, ci, nombres, apellidos, fecha_nacimiento, sexo, direccion, telefono, email, colegio_procedencia, ciudad, titulo_bachiller, primera_opcion_id, segunda_opcion_id, turno_preferencia, gestion_id, estado, recurrente, user_id, created_at, updated_at) VALUES (895, '8046107', 'Lorena', 'Fuentes', '2005-01-15', 'M', NULL, '59176486214', 'lorenafuentes94@estudiante.edu.bo', 'Colegio Boliviano', 'Santa Cruz de la Sierra', NULL, 1, 2, 'Noche', 2, 'Preinscrito', false, 994, NOW(), NOW());
INSERT INTO requisitos_documentales (postulante_id, ci_digitalizado, certificado_nacimiento, titulo_bachiller_legalizado, formulario_preinscripcion, verificado_bd_externa, updated_at) VALUES (895, false, false, false, false, false, NOW());
INSERT INTO users (id, name, email, password, role, active, created_at, updated_at) VALUES (995, 'Francisca Valdez', 'franciscavaldez95@estudiante.edu.bo', '\$2y\$12\$TyO9cTQJ0O7NSPORyyP8Hup.wk8.BWNWu4itdEJYyjZ2Sem9DbFyi', 'Postulante', true, NOW(), NOW());
INSERT INTO postulantes (id, ci, nombres, apellidos, fecha_nacimiento, sexo, direccion, telefono, email, colegio_procedencia, ciudad, titulo_bachiller, primera_opcion_id, segunda_opcion_id, turno_preferencia, gestion_id, estado, recurrente, user_id, created_at, updated_at) VALUES (896, '1309700', 'Francisca', 'Valdez', '2005-01-15', 'M', NULL, '59191184119', 'franciscavaldez95@estudiante.edu.bo', 'Colegio Boliviano', 'Santa Cruz de la Sierra', NULL, 1, 2, 'Noche', 2, 'Preinscrito', false, 995, NOW(), NOW());
INSERT INTO requisitos_documentales (postulante_id, ci_digitalizado, certificado_nacimiento, titulo_bachiller_legalizado, formulario_preinscripcion, verificado_bd_externa, updated_at) VALUES (896, false, false, false, false, false, NOW());
INSERT INTO users (id, name, email, password, role, active, created_at, updated_at) VALUES (996, 'Rosario Valdez', 'rosariovaldez96@estudiante.edu.bo', '\$2y\$12\$TyO9cTQJ0O7NSPORyyP8Hup.wk8.BWNWu4itdEJYyjZ2Sem9DbFyi', 'Postulante', true, NOW(), NOW());
INSERT INTO postulantes (id, ci, nombres, apellidos, fecha_nacimiento, sexo, direccion, telefono, email, colegio_procedencia, ciudad, titulo_bachiller, primera_opcion_id, segunda_opcion_id, turno_preferencia, gestion_id, estado, recurrente, user_id, created_at, updated_at) VALUES (897, '3812903', 'Rosario', 'Valdez', '2005-01-15', 'M', NULL, '59198201586', 'rosariovaldez96@estudiante.edu.bo', 'Colegio Boliviano', 'Santa Cruz de la Sierra', NULL, 1, 2, 'Noche', 2, 'Preinscrito', false, 996, NOW(), NOW());
INSERT INTO requisitos_documentales (postulante_id, ci_digitalizado, certificado_nacimiento, titulo_bachiller_legalizado, formulario_preinscripcion, verificado_bd_externa, updated_at) VALUES (897, false, false, false, false, false, NOW());
INSERT INTO users (id, name, email, password, role, active, created_at, updated_at) VALUES (997, 'Javier Molina', 'javiermolina97@estudiante.edu.bo', '\$2y\$12\$TyO9cTQJ0O7NSPORyyP8Hup.wk8.BWNWu4itdEJYyjZ2Sem9DbFyi', 'Postulante', true, NOW(), NOW());
INSERT INTO postulantes (id, ci, nombres, apellidos, fecha_nacimiento, sexo, direccion, telefono, email, colegio_procedencia, ciudad, titulo_bachiller, primera_opcion_id, segunda_opcion_id, turno_preferencia, gestion_id, estado, recurrente, user_id, created_at, updated_at) VALUES (898, '2516483', 'Javier', 'Molina', '2005-01-15', 'M', NULL, '59174655839', 'javiermolina97@estudiante.edu.bo', 'Colegio Boliviano', 'Santa Cruz de la Sierra', NULL, 1, 2, 'Noche', 2, 'Preinscrito', false, 997, NOW(), NOW());
INSERT INTO requisitos_documentales (postulante_id, ci_digitalizado, certificado_nacimiento, titulo_bachiller_legalizado, formulario_preinscripcion, verificado_bd_externa, updated_at) VALUES (898, false, false, false, false, false, NOW());
INSERT INTO users (id, name, email, password, role, active, created_at, updated_at) VALUES (998, 'Arturo Fuentes', 'arturofuentes98@estudiante.edu.bo', '\$2y\$12\$TyO9cTQJ0O7NSPORyyP8Hup.wk8.BWNWu4itdEJYyjZ2Sem9DbFyi', 'Postulante', true, NOW(), NOW());
INSERT INTO postulantes (id, ci, nombres, apellidos, fecha_nacimiento, sexo, direccion, telefono, email, colegio_procedencia, ciudad, titulo_bachiller, primera_opcion_id, segunda_opcion_id, turno_preferencia, gestion_id, estado, recurrente, user_id, created_at, updated_at) VALUES (899, '1970633', 'Arturo', 'Fuentes', '2005-01-15', 'M', NULL, '59191799041', 'arturofuentes98@estudiante.edu.bo', 'Colegio Boliviano', 'Santa Cruz de la Sierra', NULL, 1, 2, 'Noche', 2, 'Preinscrito', false, 998, NOW(), NOW());
INSERT INTO requisitos_documentales (postulante_id, ci_digitalizado, certificado_nacimiento, titulo_bachiller_legalizado, formulario_preinscripcion, verificado_bd_externa, updated_at) VALUES (899, false, false, false, false, false, NOW());
INSERT INTO users (id, name, email, password, role, active, created_at, updated_at) VALUES (999, 'Francisca Ruiz', 'franciscaruiz99@estudiante.edu.bo', '\$2y\$12\$TyO9cTQJ0O7NSPORyyP8Hup.wk8.BWNWu4itdEJYyjZ2Sem9DbFyi', 'Postulante', true, NOW(), NOW());
INSERT INTO postulantes (id, ci, nombres, apellidos, fecha_nacimiento, sexo, direccion, telefono, email, colegio_procedencia, ciudad, titulo_bachiller, primera_opcion_id, segunda_opcion_id, turno_preferencia, gestion_id, estado, recurrente, user_id, created_at, updated_at) VALUES (900, '5350063', 'Francisca', 'Ruiz', '2005-01-15', 'M', NULL, '59163551738', 'franciscaruiz99@estudiante.edu.bo', 'Colegio Boliviano', 'Santa Cruz de la Sierra', NULL, 1, 2, 'Manana', 2, 'Preinscrito', false, 999, NOW(), NOW());
INSERT INTO requisitos_documentales (postulante_id, ci_digitalizado, certificado_nacimiento, titulo_bachiller_legalizado, formulario_preinscripcion, verificado_bd_externa, updated_at) VALUES (900, false, false, false, false, false, NOW());
INSERT INTO users (id, name, email, password, role, active, created_at, updated_at) VALUES (1000, 'Rosario Carrillo', 'rosariocarrillo100@estudiante.edu.bo', '\$2y\$12\$TyO9cTQJ0O7NSPORyyP8Hup.wk8.BWNWu4itdEJYyjZ2Sem9DbFyi', 'Postulante', true, NOW(), NOW());
INSERT INTO postulantes (id, ci, nombres, apellidos, fecha_nacimiento, sexo, direccion, telefono, email, colegio_procedencia, ciudad, titulo_bachiller, primera_opcion_id, segunda_opcion_id, turno_preferencia, gestion_id, estado, recurrente, user_id, created_at, updated_at) VALUES (901, '8232828', 'Rosario', 'Carrillo', '2005-01-15', 'M', NULL, '59187185683', 'rosariocarrillo100@estudiante.edu.bo', 'Colegio Boliviano', 'Santa Cruz de la Sierra', NULL, 1, 2, 'Noche', 2, 'Preinscrito', false, 1000, NOW(), NOW());
INSERT INTO requisitos_documentales (postulante_id, ci_digitalizado, certificado_nacimiento, titulo_bachiller_legalizado, formulario_preinscripcion, verificado_bd_externa, updated_at) VALUES (901, false, false, false, false, false, NOW());
INSERT INTO users (id, name, email, password, role, active, created_at, updated_at) VALUES (1001, 'Javier Fuentes', 'javierfuentes101@estudiante.edu.bo', '\$2y\$12\$TyO9cTQJ0O7NSPORyyP8Hup.wk8.BWNWu4itdEJYyjZ2Sem9DbFyi', 'Postulante', true, NOW(), NOW());
INSERT INTO postulantes (id, ci, nombres, apellidos, fecha_nacimiento, sexo, direccion, telefono, email, colegio_procedencia, ciudad, titulo_bachiller, primera_opcion_id, segunda_opcion_id, turno_preferencia, gestion_id, estado, recurrente, user_id, created_at, updated_at) VALUES (902, '3693232', 'Javier', 'Fuentes', '2005-01-15', 'M', NULL, '59185887568', 'javierfuentes101@estudiante.edu.bo', 'Colegio Boliviano', 'Santa Cruz de la Sierra', NULL, 1, 2, 'Tarde', 2, 'Preinscrito', false, 1001, NOW(), NOW());
INSERT INTO requisitos_documentales (postulante_id, ci_digitalizado, certificado_nacimiento, titulo_bachiller_legalizado, formulario_preinscripcion, verificado_bd_externa, updated_at) VALUES (902, false, false, false, false, false, NOW());
INSERT INTO users (id, name, email, password, role, active, created_at, updated_at) VALUES (1002, 'Francisca Carrillo', 'franciscacarrillo102@estudiante.edu.bo', '\$2y\$12\$TyO9cTQJ0O7NSPORyyP8Hup.wk8.BWNWu4itdEJYyjZ2Sem9DbFyi', 'Postulante', true, NOW(), NOW());
INSERT INTO postulantes (id, ci, nombres, apellidos, fecha_nacimiento, sexo, direccion, telefono, email, colegio_procedencia, ciudad, titulo_bachiller, primera_opcion_id, segunda_opcion_id, turno_preferencia, gestion_id, estado, recurrente, user_id, created_at, updated_at) VALUES (903, '2457529', 'Francisca', 'Carrillo', '2005-01-15', 'M', NULL, '59176797582', 'franciscacarrillo102@estudiante.edu.bo', 'Colegio Boliviano', 'Santa Cruz de la Sierra', NULL, 1, 2, 'Tarde', 2, 'Preinscrito', false, 1002, NOW(), NOW());
INSERT INTO requisitos_documentales (postulante_id, ci_digitalizado, certificado_nacimiento, titulo_bachiller_legalizado, formulario_preinscripcion, verificado_bd_externa, updated_at) VALUES (903, false, false, false, false, false, NOW());
INSERT INTO users (id, name, email, password, role, active, created_at, updated_at) VALUES (1003, 'Carlos Vega', 'carlosvega103@estudiante.edu.bo', '\$2y\$12\$TyO9cTQJ0O7NSPORyyP8Hup.wk8.BWNWu4itdEJYyjZ2Sem9DbFyi', 'Postulante', true, NOW(), NOW());
INSERT INTO postulantes (id, ci, nombres, apellidos, fecha_nacimiento, sexo, direccion, telefono, email, colegio_procedencia, ciudad, titulo_bachiller, primera_opcion_id, segunda_opcion_id, turno_preferencia, gestion_id, estado, recurrente, user_id, created_at, updated_at) VALUES (904, '9985638', 'Carlos', 'Vega', '2005-01-15', 'M', NULL, '59196155697', 'carlosvega103@estudiante.edu.bo', 'Colegio Boliviano', 'Santa Cruz de la Sierra', NULL, 1, 2, 'Manana', 2, 'Preinscrito', false, 1003, NOW(), NOW());
INSERT INTO requisitos_documentales (postulante_id, ci_digitalizado, certificado_nacimiento, titulo_bachiller_legalizado, formulario_preinscripcion, verificado_bd_externa, updated_at) VALUES (904, false, false, false, false, false, NOW());
INSERT INTO users (id, name, email, password, role, active, created_at, updated_at) VALUES (1004, 'Víctor Medina', 'víctormedina104@estudiante.edu.bo', '\$2y\$12\$TyO9cTQJ0O7NSPORyyP8Hup.wk8.BWNWu4itdEJYyjZ2Sem9DbFyi', 'Postulante', true, NOW(), NOW());
INSERT INTO postulantes (id, ci, nombres, apellidos, fecha_nacimiento, sexo, direccion, telefono, email, colegio_procedencia, ciudad, titulo_bachiller, primera_opcion_id, segunda_opcion_id, turno_preferencia, gestion_id, estado, recurrente, user_id, created_at, updated_at) VALUES (905, '7982519', 'Víctor', 'Medina', '2005-01-15', 'M', NULL, '59199785811', 'víctormedina104@estudiante.edu.bo', 'Colegio Boliviano', 'Santa Cruz de la Sierra', NULL, 1, 2, 'Manana', 2, 'Preinscrito', false, 1004, NOW(), NOW());
INSERT INTO requisitos_documentales (postulante_id, ci_digitalizado, certificado_nacimiento, titulo_bachiller_legalizado, formulario_preinscripcion, verificado_bd_externa, updated_at) VALUES (905, false, false, false, false, false, NOW());
INSERT INTO users (id, name, email, password, role, active, created_at, updated_at) VALUES (1005, 'Ricardo Ramírez', 'ricardoramírez105@estudiante.edu.bo', '\$2y\$12\$TyO9cTQJ0O7NSPORyyP8Hup.wk8.BWNWu4itdEJYyjZ2Sem9DbFyi', 'Postulante', true, NOW(), NOW());
INSERT INTO postulantes (id, ci, nombres, apellidos, fecha_nacimiento, sexo, direccion, telefono, email, colegio_procedencia, ciudad, titulo_bachiller, primera_opcion_id, segunda_opcion_id, turno_preferencia, gestion_id, estado, recurrente, user_id, created_at, updated_at) VALUES (906, '9455807', 'Ricardo', 'Ramírez', '2005-01-15', 'M', NULL, '59161951004', 'ricardoramírez105@estudiante.edu.bo', 'Colegio Boliviano', 'Santa Cruz de la Sierra', NULL, 1, 2, 'Noche', 2, 'Preinscrito', false, 1005, NOW(), NOW());
INSERT INTO requisitos_documentales (postulante_id, ci_digitalizado, certificado_nacimiento, titulo_bachiller_legalizado, formulario_preinscripcion, verificado_bd_externa, updated_at) VALUES (906, false, false, false, false, false, NOW());
INSERT INTO users (id, name, email, password, role, active, created_at, updated_at) VALUES (1006, 'Lorena López', 'lorenalópez106@estudiante.edu.bo', '\$2y\$12\$TyO9cTQJ0O7NSPORyyP8Hup.wk8.BWNWu4itdEJYyjZ2Sem9DbFyi', 'Postulante', true, NOW(), NOW());
INSERT INTO postulantes (id, ci, nombres, apellidos, fecha_nacimiento, sexo, direccion, telefono, email, colegio_procedencia, ciudad, titulo_bachiller, primera_opcion_id, segunda_opcion_id, turno_preferencia, gestion_id, estado, recurrente, user_id, created_at, updated_at) VALUES (907, '3309825', 'Lorena', 'López', '2005-01-15', 'M', NULL, '59195083125', 'lorenalópez106@estudiante.edu.bo', 'Colegio Boliviano', 'Santa Cruz de la Sierra', NULL, 1, 2, 'Noche', 2, 'Preinscrito', false, 1006, NOW(), NOW());
INSERT INTO requisitos_documentales (postulante_id, ci_digitalizado, certificado_nacimiento, titulo_bachiller_legalizado, formulario_preinscripcion, verificado_bd_externa, updated_at) VALUES (907, false, false, false, false, false, NOW());
INSERT INTO users (id, name, email, password, role, active, created_at, updated_at) VALUES (1007, 'Carlos Rivera', 'carlosrivera107@estudiante.edu.bo', '\$2y\$12\$TyO9cTQJ0O7NSPORyyP8Hup.wk8.BWNWu4itdEJYyjZ2Sem9DbFyi', 'Postulante', true, NOW(), NOW());
INSERT INTO postulantes (id, ci, nombres, apellidos, fecha_nacimiento, sexo, direccion, telefono, email, colegio_procedencia, ciudad, titulo_bachiller, primera_opcion_id, segunda_opcion_id, turno_preferencia, gestion_id, estado, recurrente, user_id, created_at, updated_at) VALUES (908, '9746290', 'Carlos', 'Rivera', '2005-01-15', 'M', NULL, '59190670637', 'carlosrivera107@estudiante.edu.bo', 'Colegio Boliviano', 'Santa Cruz de la Sierra', NULL, 1, 2, 'Tarde', 2, 'Preinscrito', false, 1007, NOW(), NOW());
INSERT INTO requisitos_documentales (postulante_id, ci_digitalizado, certificado_nacimiento, titulo_bachiller_legalizado, formulario_preinscripcion, verificado_bd_externa, updated_at) VALUES (908, false, false, false, false, false, NOW());
INSERT INTO users (id, name, email, password, role, active, created_at, updated_at) VALUES (1008, 'Natalia Flores', 'nataliaflores108@estudiante.edu.bo', '\$2y\$12\$TyO9cTQJ0O7NSPORyyP8Hup.wk8.BWNWu4itdEJYyjZ2Sem9DbFyi', 'Postulante', true, NOW(), NOW());
INSERT INTO postulantes (id, ci, nombres, apellidos, fecha_nacimiento, sexo, direccion, telefono, email, colegio_procedencia, ciudad, titulo_bachiller, primera_opcion_id, segunda_opcion_id, turno_preferencia, gestion_id, estado, recurrente, user_id, created_at, updated_at) VALUES (909, '1253178', 'Natalia', 'Flores', '2005-01-15', 'M', NULL, '59193496600', 'nataliaflores108@estudiante.edu.bo', 'Colegio Boliviano', 'Santa Cruz de la Sierra', NULL, 1, 2, 'Manana', 2, 'Preinscrito', false, 1008, NOW(), NOW());
INSERT INTO requisitos_documentales (postulante_id, ci_digitalizado, certificado_nacimiento, titulo_bachiller_legalizado, formulario_preinscripcion, verificado_bd_externa, updated_at) VALUES (909, false, false, false, false, false, NOW());
INSERT INTO users (id, name, email, password, role, active, created_at, updated_at) VALUES (1009, 'Valentina Vargas', 'valentinavargas109@estudiante.edu.bo', '\$2y\$12\$TyO9cTQJ0O7NSPORyyP8Hup.wk8.BWNWu4itdEJYyjZ2Sem9DbFyi', 'Postulante', true, NOW(), NOW());
INSERT INTO postulantes (id, ci, nombres, apellidos, fecha_nacimiento, sexo, direccion, telefono, email, colegio_procedencia, ciudad, titulo_bachiller, primera_opcion_id, segunda_opcion_id, turno_preferencia, gestion_id, estado, recurrente, user_id, created_at, updated_at) VALUES (910, '2707604', 'Valentina', 'Vargas', '2005-01-15', 'M', NULL, '59179498413', 'valentinavargas109@estudiante.edu.bo', 'Colegio Boliviano', 'Santa Cruz de la Sierra', NULL, 1, 2, 'Noche', 2, 'Preinscrito', false, 1009, NOW(), NOW());
INSERT INTO requisitos_documentales (postulante_id, ci_digitalizado, certificado_nacimiento, titulo_bachiller_legalizado, formulario_preinscripcion, verificado_bd_externa, updated_at) VALUES (910, false, false, false, false, false, NOW());
INSERT INTO users (id, name, email, password, role, active, created_at, updated_at) VALUES (1010, 'Eduardo Flores', 'eduardoflores110@estudiante.edu.bo', '\$2y\$12\$TyO9cTQJ0O7NSPORyyP8Hup.wk8.BWNWu4itdEJYyjZ2Sem9DbFyi', 'Postulante', true, NOW(), NOW());
INSERT INTO postulantes (id, ci, nombres, apellidos, fecha_nacimiento, sexo, direccion, telefono, email, colegio_procedencia, ciudad, titulo_bachiller, primera_opcion_id, segunda_opcion_id, turno_preferencia, gestion_id, estado, recurrente, user_id, created_at, updated_at) VALUES (911, '7139423', 'Eduardo', 'Flores', '2005-01-15', 'M', NULL, '59185686633', 'eduardoflores110@estudiante.edu.bo', 'Colegio Boliviano', 'Santa Cruz de la Sierra', NULL, 1, 2, 'Noche', 2, 'Preinscrito', false, 1010, NOW(), NOW());
INSERT INTO requisitos_documentales (postulante_id, ci_digitalizado, certificado_nacimiento, titulo_bachiller_legalizado, formulario_preinscripcion, verificado_bd_externa, updated_at) VALUES (911, false, false, false, false, false, NOW());
INSERT INTO users (id, name, email, password, role, active, created_at, updated_at) VALUES (1011, 'Natalia Flores', 'nataliaflores111@estudiante.edu.bo', '\$2y\$12\$TyO9cTQJ0O7NSPORyyP8Hup.wk8.BWNWu4itdEJYyjZ2Sem9DbFyi', 'Postulante', true, NOW(), NOW());
INSERT INTO postulantes (id, ci, nombres, apellidos, fecha_nacimiento, sexo, direccion, telefono, email, colegio_procedencia, ciudad, titulo_bachiller, primera_opcion_id, segunda_opcion_id, turno_preferencia, gestion_id, estado, recurrente, user_id, created_at, updated_at) VALUES (912, '7208331', 'Natalia', 'Flores', '2005-01-15', 'M', NULL, '59175161719', 'nataliaflores111@estudiante.edu.bo', 'Colegio Boliviano', 'Santa Cruz de la Sierra', NULL, 1, 2, 'Manana', 2, 'Preinscrito', false, 1011, NOW(), NOW());
INSERT INTO requisitos_documentales (postulante_id, ci_digitalizado, certificado_nacimiento, titulo_bachiller_legalizado, formulario_preinscripcion, verificado_bd_externa, updated_at) VALUES (912, false, false, false, false, false, NOW());
INSERT INTO users (id, name, email, password, role, active, created_at, updated_at) VALUES (1012, 'Carmen Fuentes', 'carmenfuentes112@estudiante.edu.bo', '\$2y\$12\$TyO9cTQJ0O7NSPORyyP8Hup.wk8.BWNWu4itdEJYyjZ2Sem9DbFyi', 'Postulante', true, NOW(), NOW());
INSERT INTO postulantes (id, ci, nombres, apellidos, fecha_nacimiento, sexo, direccion, telefono, email, colegio_procedencia, ciudad, titulo_bachiller, primera_opcion_id, segunda_opcion_id, turno_preferencia, gestion_id, estado, recurrente, user_id, created_at, updated_at) VALUES (913, '3336316', 'Carmen', 'Fuentes', '2005-01-15', 'M', NULL, '59175324535', 'carmenfuentes112@estudiante.edu.bo', 'Colegio Boliviano', 'Santa Cruz de la Sierra', NULL, 1, 2, 'Noche', 2, 'Preinscrito', false, 1012, NOW(), NOW());
INSERT INTO requisitos_documentales (postulante_id, ci_digitalizado, certificado_nacimiento, titulo_bachiller_legalizado, formulario_preinscripcion, verificado_bd_externa, updated_at) VALUES (913, false, false, false, false, false, NOW());
INSERT INTO users (id, name, email, password, role, active, created_at, updated_at) VALUES (1013, 'Bruno Tapia', 'brunotapia113@estudiante.edu.bo', '\$2y\$12\$TyO9cTQJ0O7NSPORyyP8Hup.wk8.BWNWu4itdEJYyjZ2Sem9DbFyi', 'Postulante', true, NOW(), NOW());
INSERT INTO postulantes (id, ci, nombres, apellidos, fecha_nacimiento, sexo, direccion, telefono, email, colegio_procedencia, ciudad, titulo_bachiller, primera_opcion_id, segunda_opcion_id, turno_preferencia, gestion_id, estado, recurrente, user_id, created_at, updated_at) VALUES (914, '7303226', 'Bruno', 'Tapia', '2005-01-15', 'M', NULL, '59174286507', 'brunotapia113@estudiante.edu.bo', 'Colegio Boliviano', 'Santa Cruz de la Sierra', NULL, 1, 2, 'Tarde', 2, 'Preinscrito', false, 1013, NOW(), NOW());
INSERT INTO requisitos_documentales (postulante_id, ci_digitalizado, certificado_nacimiento, titulo_bachiller_legalizado, formulario_preinscripcion, verificado_bd_externa, updated_at) VALUES (914, false, false, false, false, false, NOW());
INSERT INTO users (id, name, email, password, role, active, created_at, updated_at) VALUES (1014, 'Eduardo Castillo', 'eduardocastillo114@estudiante.edu.bo', '\$2y\$12\$TyO9cTQJ0O7NSPORyyP8Hup.wk8.BWNWu4itdEJYyjZ2Sem9DbFyi', 'Postulante', true, NOW(), NOW());
INSERT INTO postulantes (id, ci, nombres, apellidos, fecha_nacimiento, sexo, direccion, telefono, email, colegio_procedencia, ciudad, titulo_bachiller, primera_opcion_id, segunda_opcion_id, turno_preferencia, gestion_id, estado, recurrente, user_id, created_at, updated_at) VALUES (915, '3730058', 'Eduardo', 'Castillo', '2005-01-15', 'M', NULL, '59176792542', 'eduardocastillo114@estudiante.edu.bo', 'Colegio Boliviano', 'Santa Cruz de la Sierra', NULL, 1, 2, 'Tarde', 2, 'Preinscrito', false, 1014, NOW(), NOW());
INSERT INTO requisitos_documentales (postulante_id, ci_digitalizado, certificado_nacimiento, titulo_bachiller_legalizado, formulario_preinscripcion, verificado_bd_externa, updated_at) VALUES (915, false, false, false, false, false, NOW());
INSERT INTO users (id, name, email, password, role, active, created_at, updated_at) VALUES (1015, 'Natalia Carrillo', 'nataliacarrillo115@estudiante.edu.bo', '\$2y\$12\$TyO9cTQJ0O7NSPORyyP8Hup.wk8.BWNWu4itdEJYyjZ2Sem9DbFyi', 'Postulante', true, NOW(), NOW());
INSERT INTO postulantes (id, ci, nombres, apellidos, fecha_nacimiento, sexo, direccion, telefono, email, colegio_procedencia, ciudad, titulo_bachiller, primera_opcion_id, segunda_opcion_id, turno_preferencia, gestion_id, estado, recurrente, user_id, created_at, updated_at) VALUES (916, '6805632', 'Natalia', 'Carrillo', '2005-01-15', 'M', NULL, '59176459774', 'nataliacarrillo115@estudiante.edu.bo', 'Colegio Boliviano', 'Santa Cruz de la Sierra', NULL, 1, 2, 'Noche', 2, 'Preinscrito', false, 1015, NOW(), NOW());
INSERT INTO requisitos_documentales (postulante_id, ci_digitalizado, certificado_nacimiento, titulo_bachiller_legalizado, formulario_preinscripcion, verificado_bd_externa, updated_at) VALUES (916, false, false, false, false, false, NOW());
INSERT INTO users (id, name, email, password, role, active, created_at, updated_at) VALUES (1016, 'Raúl Acosta', 'raúlacosta116@estudiante.edu.bo', '\$2y\$12\$TyO9cTQJ0O7NSPORyyP8Hup.wk8.BWNWu4itdEJYyjZ2Sem9DbFyi', 'Postulante', true, NOW(), NOW());
INSERT INTO postulantes (id, ci, nombres, apellidos, fecha_nacimiento, sexo, direccion, telefono, email, colegio_procedencia, ciudad, titulo_bachiller, primera_opcion_id, segunda_opcion_id, turno_preferencia, gestion_id, estado, recurrente, user_id, created_at, updated_at) VALUES (917, '4025531', 'Raúl', 'Acosta', '2005-01-15', 'M', NULL, '59179553381', 'raúlacosta116@estudiante.edu.bo', 'Colegio Boliviano', 'Santa Cruz de la Sierra', NULL, 1, 2, 'Manana', 2, 'Preinscrito', false, 1016, NOW(), NOW());
INSERT INTO requisitos_documentales (postulante_id, ci_digitalizado, certificado_nacimiento, titulo_bachiller_legalizado, formulario_preinscripcion, verificado_bd_externa, updated_at) VALUES (917, false, false, false, false, false, NOW());
INSERT INTO users (id, name, email, password, role, active, created_at, updated_at) VALUES (1017, 'Patricia Cortés', 'patriciacortés117@estudiante.edu.bo', '\$2y\$12\$TyO9cTQJ0O7NSPORyyP8Hup.wk8.BWNWu4itdEJYyjZ2Sem9DbFyi', 'Postulante', true, NOW(), NOW());
INSERT INTO postulantes (id, ci, nombres, apellidos, fecha_nacimiento, sexo, direccion, telefono, email, colegio_procedencia, ciudad, titulo_bachiller, primera_opcion_id, segunda_opcion_id, turno_preferencia, gestion_id, estado, recurrente, user_id, created_at, updated_at) VALUES (918, '8005624', 'Patricia', 'Cortés', '2005-01-15', 'M', NULL, '59172431923', 'patriciacortés117@estudiante.edu.bo', 'Colegio Boliviano', 'Santa Cruz de la Sierra', NULL, 1, 2, 'Tarde', 2, 'Preinscrito', false, 1017, NOW(), NOW());
INSERT INTO requisitos_documentales (postulante_id, ci_digitalizado, certificado_nacimiento, titulo_bachiller_legalizado, formulario_preinscripcion, verificado_bd_externa, updated_at) VALUES (918, false, false, false, false, false, NOW());
INSERT INTO users (id, name, email, password, role, active, created_at, updated_at) VALUES (1018, 'Ricardo Rivera', 'ricardorivera118@estudiante.edu.bo', '\$2y\$12\$TyO9cTQJ0O7NSPORyyP8Hup.wk8.BWNWu4itdEJYyjZ2Sem9DbFyi', 'Postulante', true, NOW(), NOW());
INSERT INTO postulantes (id, ci, nombres, apellidos, fecha_nacimiento, sexo, direccion, telefono, email, colegio_procedencia, ciudad, titulo_bachiller, primera_opcion_id, segunda_opcion_id, turno_preferencia, gestion_id, estado, recurrente, user_id, created_at, updated_at) VALUES (919, '4717459', 'Ricardo', 'Rivera', '2005-01-15', 'M', NULL, '59168183257', 'ricardorivera118@estudiante.edu.bo', 'Colegio Boliviano', 'Santa Cruz de la Sierra', NULL, 1, 2, 'Noche', 2, 'Preinscrito', false, 1018, NOW(), NOW());
INSERT INTO requisitos_documentales (postulante_id, ci_digitalizado, certificado_nacimiento, titulo_bachiller_legalizado, formulario_preinscripcion, verificado_bd_externa, updated_at) VALUES (919, false, false, false, false, false, NOW());
INSERT INTO users (id, name, email, password, role, active, created_at, updated_at) VALUES (1019, 'Constanza Navarro', 'constanzanavarro119@estudiante.edu.bo', '\$2y\$12\$TyO9cTQJ0O7NSPORyyP8Hup.wk8.BWNWu4itdEJYyjZ2Sem9DbFyi', 'Postulante', true, NOW(), NOW());
INSERT INTO postulantes (id, ci, nombres, apellidos, fecha_nacimiento, sexo, direccion, telefono, email, colegio_procedencia, ciudad, titulo_bachiller, primera_opcion_id, segunda_opcion_id, turno_preferencia, gestion_id, estado, recurrente, user_id, created_at, updated_at) VALUES (920, '1902252', 'Constanza', 'Navarro', '2005-01-15', 'M', NULL, '59192787781', 'constanzanavarro119@estudiante.edu.bo', 'Colegio Boliviano', 'Santa Cruz de la Sierra', NULL, 1, 2, 'Manana', 2, 'Preinscrito', false, 1019, NOW(), NOW());
INSERT INTO requisitos_documentales (postulante_id, ci_digitalizado, certificado_nacimiento, titulo_bachiller_legalizado, formulario_preinscripcion, verificado_bd_externa, updated_at) VALUES (920, false, false, false, false, false, NOW());
INSERT INTO users (id, name, email, password, role, active, created_at, updated_at) VALUES (1020, 'Pedro Martínez', 'pedromartínez120@estudiante.edu.bo', '\$2y\$12\$TyO9cTQJ0O7NSPORyyP8Hup.wk8.BWNWu4itdEJYyjZ2Sem9DbFyi', 'Postulante', true, NOW(), NOW());
INSERT INTO postulantes (id, ci, nombres, apellidos, fecha_nacimiento, sexo, direccion, telefono, email, colegio_procedencia, ciudad, titulo_bachiller, primera_opcion_id, segunda_opcion_id, turno_preferencia, gestion_id, estado, recurrente, user_id, created_at, updated_at) VALUES (921, '7321653', 'Pedro', 'Martínez', '2005-01-15', 'M', NULL, '59184199729', 'pedromartínez120@estudiante.edu.bo', 'Colegio Boliviano', 'Santa Cruz de la Sierra', NULL, 1, 2, 'Tarde', 2, 'Preinscrito', false, 1020, NOW(), NOW());
INSERT INTO requisitos_documentales (postulante_id, ci_digitalizado, certificado_nacimiento, titulo_bachiller_legalizado, formulario_preinscripcion, verificado_bd_externa, updated_at) VALUES (921, false, false, false, false, false, NOW());
INSERT INTO users (id, name, email, password, role, active, created_at, updated_at) VALUES (1021, 'Manuel Vega', 'manuelvega121@estudiante.edu.bo', '\$2y\$12\$TyO9cTQJ0O7NSPORyyP8Hup.wk8.BWNWu4itdEJYyjZ2Sem9DbFyi', 'Postulante', true, NOW(), NOW());
INSERT INTO postulantes (id, ci, nombres, apellidos, fecha_nacimiento, sexo, direccion, telefono, email, colegio_procedencia, ciudad, titulo_bachiller, primera_opcion_id, segunda_opcion_id, turno_preferencia, gestion_id, estado, recurrente, user_id, created_at, updated_at) VALUES (922, '2142073', 'Manuel', 'Vega', '2005-01-15', 'M', NULL, '59162207008', 'manuelvega121@estudiante.edu.bo', 'Colegio Boliviano', 'Santa Cruz de la Sierra', NULL, 1, 2, 'Tarde', 2, 'Preinscrito', false, 1021, NOW(), NOW());
INSERT INTO requisitos_documentales (postulante_id, ci_digitalizado, certificado_nacimiento, titulo_bachiller_legalizado, formulario_preinscripcion, verificado_bd_externa, updated_at) VALUES (922, false, false, false, false, false, NOW());
INSERT INTO users (id, name, email, password, role, active, created_at, updated_at) VALUES (1022, 'Gabriela Domínguez', 'gabrieladomínguez122@estudiante.edu.bo', '\$2y\$12\$TyO9cTQJ0O7NSPORyyP8Hup.wk8.BWNWu4itdEJYyjZ2Sem9DbFyi', 'Postulante', true, NOW(), NOW());
INSERT INTO postulantes (id, ci, nombres, apellidos, fecha_nacimiento, sexo, direccion, telefono, email, colegio_procedencia, ciudad, titulo_bachiller, primera_opcion_id, segunda_opcion_id, turno_preferencia, gestion_id, estado, recurrente, user_id, created_at, updated_at) VALUES (923, '6083999', 'Gabriela', 'Domínguez', '2005-01-15', 'M', NULL, '59187189668', 'gabrieladomínguez122@estudiante.edu.bo', 'Colegio Boliviano', 'Santa Cruz de la Sierra', NULL, 1, 2, 'Noche', 2, 'Preinscrito', false, 1022, NOW(), NOW());
INSERT INTO requisitos_documentales (postulante_id, ci_digitalizado, certificado_nacimiento, titulo_bachiller_legalizado, formulario_preinscripcion, verificado_bd_externa, updated_at) VALUES (923, false, false, false, false, false, NOW());
INSERT INTO users (id, name, email, password, role, active, created_at, updated_at) VALUES (1023, 'Andrés Ramírez', 'andrésramírez123@estudiante.edu.bo', '\$2y\$12\$TyO9cTQJ0O7NSPORyyP8Hup.wk8.BWNWu4itdEJYyjZ2Sem9DbFyi', 'Postulante', true, NOW(), NOW());
INSERT INTO postulantes (id, ci, nombres, apellidos, fecha_nacimiento, sexo, direccion, telefono, email, colegio_procedencia, ciudad, titulo_bachiller, primera_opcion_id, segunda_opcion_id, turno_preferencia, gestion_id, estado, recurrente, user_id, created_at, updated_at) VALUES (924, '8175517', 'Andrés', 'Ramírez', '2005-01-15', 'M', NULL, '59195078869', 'andrésramírez123@estudiante.edu.bo', 'Colegio Boliviano', 'Santa Cruz de la Sierra', NULL, 1, 2, 'Noche', 2, 'Preinscrito', false, 1023, NOW(), NOW());
INSERT INTO requisitos_documentales (postulante_id, ci_digitalizado, certificado_nacimiento, titulo_bachiller_legalizado, formulario_preinscripcion, verificado_bd_externa, updated_at) VALUES (924, false, false, false, false, false, NOW());
INSERT INTO users (id, name, email, password, role, active, created_at, updated_at) VALUES (1024, 'Manuel Guerrero', 'manuelguerrero124@estudiante.edu.bo', '\$2y\$12\$TyO9cTQJ0O7NSPORyyP8Hup.wk8.BWNWu4itdEJYyjZ2Sem9DbFyi', 'Postulante', true, NOW(), NOW());
INSERT INTO postulantes (id, ci, nombres, apellidos, fecha_nacimiento, sexo, direccion, telefono, email, colegio_procedencia, ciudad, titulo_bachiller, primera_opcion_id, segunda_opcion_id, turno_preferencia, gestion_id, estado, recurrente, user_id, created_at, updated_at) VALUES (925, '3807425', 'Manuel', 'Guerrero', '2005-01-15', 'M', NULL, '59173377901', 'manuelguerrero124@estudiante.edu.bo', 'Colegio Boliviano', 'Santa Cruz de la Sierra', NULL, 1, 2, 'Manana', 2, 'Preinscrito', false, 1024, NOW(), NOW());
INSERT INTO requisitos_documentales (postulante_id, ci_digitalizado, certificado_nacimiento, titulo_bachiller_legalizado, formulario_preinscripcion, verificado_bd_externa, updated_at) VALUES (925, false, false, false, false, false, NOW());
INSERT INTO users (id, name, email, password, role, active, created_at, updated_at) VALUES (1025, 'Raúl Domínguez', 'raúldomínguez125@estudiante.edu.bo', '\$2y\$12\$TyO9cTQJ0O7NSPORyyP8Hup.wk8.BWNWu4itdEJYyjZ2Sem9DbFyi', 'Postulante', true, NOW(), NOW());
INSERT INTO postulantes (id, ci, nombres, apellidos, fecha_nacimiento, sexo, direccion, telefono, email, colegio_procedencia, ciudad, titulo_bachiller, primera_opcion_id, segunda_opcion_id, turno_preferencia, gestion_id, estado, recurrente, user_id, created_at, updated_at) VALUES (926, '4166636', 'Raúl', 'Domínguez', '2005-01-15', 'M', NULL, '59191316671', 'raúldomínguez125@estudiante.edu.bo', 'Colegio Boliviano', 'Santa Cruz de la Sierra', NULL, 1, 2, 'Tarde', 2, 'Preinscrito', false, 1025, NOW(), NOW());
INSERT INTO requisitos_documentales (postulante_id, ci_digitalizado, certificado_nacimiento, titulo_bachiller_legalizado, formulario_preinscripcion, verificado_bd_externa, updated_at) VALUES (926, false, false, false, false, false, NOW());
INSERT INTO users (id, name, email, password, role, active, created_at, updated_at) VALUES (1026, 'Miguel López', 'miguellópez126@estudiante.edu.bo', '\$2y\$12\$TyO9cTQJ0O7NSPORyyP8Hup.wk8.BWNWu4itdEJYyjZ2Sem9DbFyi', 'Postulante', true, NOW(), NOW());
INSERT INTO postulantes (id, ci, nombres, apellidos, fecha_nacimiento, sexo, direccion, telefono, email, colegio_procedencia, ciudad, titulo_bachiller, primera_opcion_id, segunda_opcion_id, turno_preferencia, gestion_id, estado, recurrente, user_id, created_at, updated_at) VALUES (927, '2988125', 'Miguel', 'López', '2005-01-15', 'M', NULL, '59199402525', 'miguellópez126@estudiante.edu.bo', 'Colegio Boliviano', 'Santa Cruz de la Sierra', NULL, 1, 2, 'Tarde', 2, 'Preinscrito', false, 1026, NOW(), NOW());
INSERT INTO requisitos_documentales (postulante_id, ci_digitalizado, certificado_nacimiento, titulo_bachiller_legalizado, formulario_preinscripcion, verificado_bd_externa, updated_at) VALUES (927, false, false, false, false, false, NOW());
INSERT INTO users (id, name, email, password, role, active, created_at, updated_at) VALUES (1027, 'Valentina Vargas', 'valentinavargas127@estudiante.edu.bo', '\$2y\$12\$TyO9cTQJ0O7NSPORyyP8Hup.wk8.BWNWu4itdEJYyjZ2Sem9DbFyi', 'Postulante', true, NOW(), NOW());
INSERT INTO postulantes (id, ci, nombres, apellidos, fecha_nacimiento, sexo, direccion, telefono, email, colegio_procedencia, ciudad, titulo_bachiller, primera_opcion_id, segunda_opcion_id, turno_preferencia, gestion_id, estado, recurrente, user_id, created_at, updated_at) VALUES (928, '4076087', 'Valentina', 'Vargas', '2005-01-15', 'M', NULL, '59177345687', 'valentinavargas127@estudiante.edu.bo', 'Colegio Boliviano', 'Santa Cruz de la Sierra', NULL, 1, 2, 'Tarde', 2, 'Preinscrito', false, 1027, NOW(), NOW());
INSERT INTO requisitos_documentales (postulante_id, ci_digitalizado, certificado_nacimiento, titulo_bachiller_legalizado, formulario_preinscripcion, verificado_bd_externa, updated_at) VALUES (928, false, false, false, false, false, NOW());
INSERT INTO users (id, name, email, password, role, active, created_at, updated_at) VALUES (1028, 'Lorena Tapia', 'lorenatapia128@estudiante.edu.bo', '\$2y\$12\$TyO9cTQJ0O7NSPORyyP8Hup.wk8.BWNWu4itdEJYyjZ2Sem9DbFyi', 'Postulante', true, NOW(), NOW());
INSERT INTO postulantes (id, ci, nombres, apellidos, fecha_nacimiento, sexo, direccion, telefono, email, colegio_procedencia, ciudad, titulo_bachiller, primera_opcion_id, segunda_opcion_id, turno_preferencia, gestion_id, estado, recurrente, user_id, created_at, updated_at) VALUES (929, '8440774', 'Lorena', 'Tapia', '2005-01-15', 'M', NULL, '59171678403', 'lorenatapia128@estudiante.edu.bo', 'Colegio Boliviano', 'Santa Cruz de la Sierra', NULL, 1, 2, 'Tarde', 2, 'Preinscrito', false, 1028, NOW(), NOW());
INSERT INTO requisitos_documentales (postulante_id, ci_digitalizado, certificado_nacimiento, titulo_bachiller_legalizado, formulario_preinscripcion, verificado_bd_externa, updated_at) VALUES (929, false, false, false, false, false, NOW());
INSERT INTO users (id, name, email, password, role, active, created_at, updated_at) VALUES (1029, 'Valentina Rivas', 'valentinarivas129@estudiante.edu.bo', '\$2y\$12\$TyO9cTQJ0O7NSPORyyP8Hup.wk8.BWNWu4itdEJYyjZ2Sem9DbFyi', 'Postulante', true, NOW(), NOW());
INSERT INTO postulantes (id, ci, nombres, apellidos, fecha_nacimiento, sexo, direccion, telefono, email, colegio_procedencia, ciudad, titulo_bachiller, primera_opcion_id, segunda_opcion_id, turno_preferencia, gestion_id, estado, recurrente, user_id, created_at, updated_at) VALUES (930, '9584705', 'Valentina', 'Rivas', '2005-01-15', 'M', NULL, '59173039191', 'valentinarivas129@estudiante.edu.bo', 'Colegio Boliviano', 'Santa Cruz de la Sierra', NULL, 1, 2, 'Noche', 2, 'Preinscrito', false, 1029, NOW(), NOW());
INSERT INTO requisitos_documentales (postulante_id, ci_digitalizado, certificado_nacimiento, titulo_bachiller_legalizado, formulario_preinscripcion, verificado_bd_externa, updated_at) VALUES (930, false, false, false, false, false, NOW());
INSERT INTO users (id, name, email, password, role, active, created_at, updated_at) VALUES (1030, 'Miguel Rivas', 'miguelrivas130@estudiante.edu.bo', '\$2y\$12\$TyO9cTQJ0O7NSPORyyP8Hup.wk8.BWNWu4itdEJYyjZ2Sem9DbFyi', 'Postulante', true, NOW(), NOW());
INSERT INTO postulantes (id, ci, nombres, apellidos, fecha_nacimiento, sexo, direccion, telefono, email, colegio_procedencia, ciudad, titulo_bachiller, primera_opcion_id, segunda_opcion_id, turno_preferencia, gestion_id, estado, recurrente, user_id, created_at, updated_at) VALUES (931, '7921204', 'Miguel', 'Rivas', '2005-01-15', 'M', NULL, '59183540565', 'miguelrivas130@estudiante.edu.bo', 'Colegio Boliviano', 'Santa Cruz de la Sierra', NULL, 1, 2, 'Noche', 2, 'Preinscrito', false, 1030, NOW(), NOW());
INSERT INTO requisitos_documentales (postulante_id, ci_digitalizado, certificado_nacimiento, titulo_bachiller_legalizado, formulario_preinscripcion, verificado_bd_externa, updated_at) VALUES (931, false, false, false, false, false, NOW());
INSERT INTO users (id, name, email, password, role, active, created_at, updated_at) VALUES (1031, 'Constanza Carrillo', 'constanzacarrillo131@estudiante.edu.bo', '\$2y\$12\$TyO9cTQJ0O7NSPORyyP8Hup.wk8.BWNWu4itdEJYyjZ2Sem9DbFyi', 'Postulante', true, NOW(), NOW());
INSERT INTO postulantes (id, ci, nombres, apellidos, fecha_nacimiento, sexo, direccion, telefono, email, colegio_procedencia, ciudad, titulo_bachiller, primera_opcion_id, segunda_opcion_id, turno_preferencia, gestion_id, estado, recurrente, user_id, created_at, updated_at) VALUES (932, '5693857', 'Constanza', 'Carrillo', '2005-01-15', 'M', NULL, '59183344852', 'constanzacarrillo131@estudiante.edu.bo', 'Colegio Boliviano', 'Santa Cruz de la Sierra', NULL, 1, 2, 'Noche', 2, 'Preinscrito', false, 1031, NOW(), NOW());
INSERT INTO requisitos_documentales (postulante_id, ci_digitalizado, certificado_nacimiento, titulo_bachiller_legalizado, formulario_preinscripcion, verificado_bd_externa, updated_at) VALUES (932, false, false, false, false, false, NOW());
INSERT INTO users (id, name, email, password, role, active, created_at, updated_at) VALUES (1032, 'Esperanza Rivera', 'esperanzarivera132@estudiante.edu.bo', '\$2y\$12\$TyO9cTQJ0O7NSPORyyP8Hup.wk8.BWNWu4itdEJYyjZ2Sem9DbFyi', 'Postulante', true, NOW(), NOW());
INSERT INTO postulantes (id, ci, nombres, apellidos, fecha_nacimiento, sexo, direccion, telefono, email, colegio_procedencia, ciudad, titulo_bachiller, primera_opcion_id, segunda_opcion_id, turno_preferencia, gestion_id, estado, recurrente, user_id, created_at, updated_at) VALUES (933, '4334869', 'Esperanza', 'Rivera', '2005-01-15', 'M', NULL, '59195112055', 'esperanzarivera132@estudiante.edu.bo', 'Colegio Boliviano', 'Santa Cruz de la Sierra', NULL, 1, 2, 'Noche', 2, 'Preinscrito', false, 1032, NOW(), NOW());
INSERT INTO requisitos_documentales (postulante_id, ci_digitalizado, certificado_nacimiento, titulo_bachiller_legalizado, formulario_preinscripcion, verificado_bd_externa, updated_at) VALUES (933, false, false, false, false, false, NOW());
INSERT INTO users (id, name, email, password, role, active, created_at, updated_at) VALUES (1033, 'Patricia González', 'patriciagonzález133@estudiante.edu.bo', '\$2y\$12\$TyO9cTQJ0O7NSPORyyP8Hup.wk8.BWNWu4itdEJYyjZ2Sem9DbFyi', 'Postulante', true, NOW(), NOW());
INSERT INTO postulantes (id, ci, nombres, apellidos, fecha_nacimiento, sexo, direccion, telefono, email, colegio_procedencia, ciudad, titulo_bachiller, primera_opcion_id, segunda_opcion_id, turno_preferencia, gestion_id, estado, recurrente, user_id, created_at, updated_at) VALUES (934, '7756665', 'Patricia', 'González', '2005-01-15', 'M', NULL, '59170700796', 'patriciagonzález133@estudiante.edu.bo', 'Colegio Boliviano', 'Santa Cruz de la Sierra', NULL, 1, 2, 'Noche', 2, 'Preinscrito', false, 1033, NOW(), NOW());
INSERT INTO requisitos_documentales (postulante_id, ci_digitalizado, certificado_nacimiento, titulo_bachiller_legalizado, formulario_preinscripcion, verificado_bd_externa, updated_at) VALUES (934, false, false, false, false, false, NOW());
INSERT INTO users (id, name, email, password, role, active, created_at, updated_at) VALUES (1034, 'Manuel Cortés', 'manuelcortés134@estudiante.edu.bo', '\$2y\$12\$TyO9cTQJ0O7NSPORyyP8Hup.wk8.BWNWu4itdEJYyjZ2Sem9DbFyi', 'Postulante', true, NOW(), NOW());
INSERT INTO postulantes (id, ci, nombres, apellidos, fecha_nacimiento, sexo, direccion, telefono, email, colegio_procedencia, ciudad, titulo_bachiller, primera_opcion_id, segunda_opcion_id, turno_preferencia, gestion_id, estado, recurrente, user_id, created_at, updated_at) VALUES (935, '7489066', 'Manuel', 'Cortés', '2005-01-15', 'M', NULL, '59166340591', 'manuelcortés134@estudiante.edu.bo', 'Colegio Boliviano', 'Santa Cruz de la Sierra', NULL, 1, 2, 'Noche', 2, 'Preinscrito', false, 1034, NOW(), NOW());
INSERT INTO requisitos_documentales (postulante_id, ci_digitalizado, certificado_nacimiento, titulo_bachiller_legalizado, formulario_preinscripcion, verificado_bd_externa, updated_at) VALUES (935, false, false, false, false, false, NOW());
INSERT INTO users (id, name, email, password, role, active, created_at, updated_at) VALUES (1035, 'Rafael Rojas', 'rafaelrojas135@estudiante.edu.bo', '\$2y\$12\$TyO9cTQJ0O7NSPORyyP8Hup.wk8.BWNWu4itdEJYyjZ2Sem9DbFyi', 'Postulante', true, NOW(), NOW());
INSERT INTO postulantes (id, ci, nombres, apellidos, fecha_nacimiento, sexo, direccion, telefono, email, colegio_procedencia, ciudad, titulo_bachiller, primera_opcion_id, segunda_opcion_id, turno_preferencia, gestion_id, estado, recurrente, user_id, created_at, updated_at) VALUES (936, '7911751', 'Rafael', 'Rojas', '2005-01-15', 'M', NULL, '59171715465', 'rafaelrojas135@estudiante.edu.bo', 'Colegio Boliviano', 'Santa Cruz de la Sierra', NULL, 1, 2, 'Tarde', 2, 'Preinscrito', false, 1035, NOW(), NOW());
INSERT INTO requisitos_documentales (postulante_id, ci_digitalizado, certificado_nacimiento, titulo_bachiller_legalizado, formulario_preinscripcion, verificado_bd_externa, updated_at) VALUES (936, false, false, false, false, false, NOW());
INSERT INTO users (id, name, email, password, role, active, created_at, updated_at) VALUES (1036, 'Luis Castillo', 'luiscastillo136@estudiante.edu.bo', '\$2y\$12\$TyO9cTQJ0O7NSPORyyP8Hup.wk8.BWNWu4itdEJYyjZ2Sem9DbFyi', 'Postulante', true, NOW(), NOW());
INSERT INTO postulantes (id, ci, nombres, apellidos, fecha_nacimiento, sexo, direccion, telefono, email, colegio_procedencia, ciudad, titulo_bachiller, primera_opcion_id, segunda_opcion_id, turno_preferencia, gestion_id, estado, recurrente, user_id, created_at, updated_at) VALUES (937, '3624544', 'Luis', 'Castillo', '2005-01-15', 'M', NULL, '59177126323', 'luiscastillo136@estudiante.edu.bo', 'Colegio Boliviano', 'Santa Cruz de la Sierra', NULL, 1, 2, 'Noche', 2, 'Preinscrito', false, 1036, NOW(), NOW());
INSERT INTO requisitos_documentales (postulante_id, ci_digitalizado, certificado_nacimiento, titulo_bachiller_legalizado, formulario_preinscripcion, verificado_bd_externa, updated_at) VALUES (937, false, false, false, false, false, NOW());
INSERT INTO users (id, name, email, password, role, active, created_at, updated_at) VALUES (1037, 'Isabel Vázquez', 'isabelvázquez137@estudiante.edu.bo', '\$2y\$12\$TyO9cTQJ0O7NSPORyyP8Hup.wk8.BWNWu4itdEJYyjZ2Sem9DbFyi', 'Postulante', true, NOW(), NOW());
INSERT INTO postulantes (id, ci, nombres, apellidos, fecha_nacimiento, sexo, direccion, telefono, email, colegio_procedencia, ciudad, titulo_bachiller, primera_opcion_id, segunda_opcion_id, turno_preferencia, gestion_id, estado, recurrente, user_id, created_at, updated_at) VALUES (938, '3937171', 'Isabel', 'Vázquez', '2005-01-15', 'M', NULL, '59183152048', 'isabelvázquez137@estudiante.edu.bo', 'Colegio Boliviano', 'Santa Cruz de la Sierra', NULL, 1, 2, 'Manana', 2, 'Preinscrito', false, 1037, NOW(), NOW());
INSERT INTO requisitos_documentales (postulante_id, ci_digitalizado, certificado_nacimiento, titulo_bachiller_legalizado, formulario_preinscripcion, verificado_bd_externa, updated_at) VALUES (938, false, false, false, false, false, NOW());
INSERT INTO users (id, name, email, password, role, active, created_at, updated_at) VALUES (1038, 'Marisol González', 'marisolgonzález138@estudiante.edu.bo', '\$2y\$12\$TyO9cTQJ0O7NSPORyyP8Hup.wk8.BWNWu4itdEJYyjZ2Sem9DbFyi', 'Postulante', true, NOW(), NOW());
INSERT INTO postulantes (id, ci, nombres, apellidos, fecha_nacimiento, sexo, direccion, telefono, email, colegio_procedencia, ciudad, titulo_bachiller, primera_opcion_id, segunda_opcion_id, turno_preferencia, gestion_id, estado, recurrente, user_id, created_at, updated_at) VALUES (939, '1306985', 'Marisol', 'González', '2005-01-15', 'M', NULL, '59170357159', 'marisolgonzález138@estudiante.edu.bo', 'Colegio Boliviano', 'Santa Cruz de la Sierra', NULL, 1, 2, 'Noche', 2, 'Preinscrito', false, 1038, NOW(), NOW());
INSERT INTO requisitos_documentales (postulante_id, ci_digitalizado, certificado_nacimiento, titulo_bachiller_legalizado, formulario_preinscripcion, verificado_bd_externa, updated_at) VALUES (939, false, false, false, false, false, NOW());
INSERT INTO users (id, name, email, password, role, active, created_at, updated_at) VALUES (1039, 'Antonio Domínguez', 'antoniodomínguez139@estudiante.edu.bo', '\$2y\$12\$TyO9cTQJ0O7NSPORyyP8Hup.wk8.BWNWu4itdEJYyjZ2Sem9DbFyi', 'Postulante', true, NOW(), NOW());
INSERT INTO postulantes (id, ci, nombres, apellidos, fecha_nacimiento, sexo, direccion, telefono, email, colegio_procedencia, ciudad, titulo_bachiller, primera_opcion_id, segunda_opcion_id, turno_preferencia, gestion_id, estado, recurrente, user_id, created_at, updated_at) VALUES (940, '6210386', 'Antonio', 'Domínguez', '2005-01-15', 'M', NULL, '59178856369', 'antoniodomínguez139@estudiante.edu.bo', 'Colegio Boliviano', 'Santa Cruz de la Sierra', NULL, 1, 2, 'Noche', 2, 'Preinscrito', false, 1039, NOW(), NOW());
INSERT INTO requisitos_documentales (postulante_id, ci_digitalizado, certificado_nacimiento, titulo_bachiller_legalizado, formulario_preinscripcion, verificado_bd_externa, updated_at) VALUES (940, false, false, false, false, false, NOW());
INSERT INTO users (id, name, email, password, role, active, created_at, updated_at) VALUES (1040, 'Roberto Castillo', 'robertocastillo140@estudiante.edu.bo', '\$2y\$12\$TyO9cTQJ0O7NSPORyyP8Hup.wk8.BWNWu4itdEJYyjZ2Sem9DbFyi', 'Postulante', true, NOW(), NOW());
INSERT INTO postulantes (id, ci, nombres, apellidos, fecha_nacimiento, sexo, direccion, telefono, email, colegio_procedencia, ciudad, titulo_bachiller, primera_opcion_id, segunda_opcion_id, turno_preferencia, gestion_id, estado, recurrente, user_id, created_at, updated_at) VALUES (941, '9066476', 'Roberto', 'Castillo', '2005-01-15', 'M', NULL, '59177674982', 'robertocastillo140@estudiante.edu.bo', 'Colegio Boliviano', 'Santa Cruz de la Sierra', NULL, 1, 2, 'Tarde', 2, 'Preinscrito', false, 1040, NOW(), NOW());
INSERT INTO requisitos_documentales (postulante_id, ci_digitalizado, certificado_nacimiento, titulo_bachiller_legalizado, formulario_preinscripcion, verificado_bd_externa, updated_at) VALUES (941, false, false, false, false, false, NOW());
INSERT INTO users (id, name, email, password, role, active, created_at, updated_at) VALUES (1041, 'Alejandro Rodríguez', 'alejandrorodríguez141@estudiante.edu.bo', '\$2y\$12\$TyO9cTQJ0O7NSPORyyP8Hup.wk8.BWNWu4itdEJYyjZ2Sem9DbFyi', 'Postulante', true, NOW(), NOW());
INSERT INTO postulantes (id, ci, nombres, apellidos, fecha_nacimiento, sexo, direccion, telefono, email, colegio_procedencia, ciudad, titulo_bachiller, primera_opcion_id, segunda_opcion_id, turno_preferencia, gestion_id, estado, recurrente, user_id, created_at, updated_at) VALUES (942, '5243314', 'Alejandro', 'Rodríguez', '2005-01-15', 'M', NULL, '59174638687', 'alejandrorodríguez141@estudiante.edu.bo', 'Colegio Boliviano', 'Santa Cruz de la Sierra', NULL, 1, 2, 'Tarde', 2, 'Preinscrito', false, 1041, NOW(), NOW());
INSERT INTO requisitos_documentales (postulante_id, ci_digitalizado, certificado_nacimiento, titulo_bachiller_legalizado, formulario_preinscripcion, verificado_bd_externa, updated_at) VALUES (942, false, false, false, false, false, NOW());
INSERT INTO users (id, name, email, password, role, active, created_at, updated_at) VALUES (1042, 'Esperanza Ruiz', 'esperanzaruiz142@estudiante.edu.bo', '\$2y\$12\$TyO9cTQJ0O7NSPORyyP8Hup.wk8.BWNWu4itdEJYyjZ2Sem9DbFyi', 'Postulante', true, NOW(), NOW());
INSERT INTO postulantes (id, ci, nombres, apellidos, fecha_nacimiento, sexo, direccion, telefono, email, colegio_procedencia, ciudad, titulo_bachiller, primera_opcion_id, segunda_opcion_id, turno_preferencia, gestion_id, estado, recurrente, user_id, created_at, updated_at) VALUES (943, '6870022', 'Esperanza', 'Ruiz', '2005-01-15', 'M', NULL, '59165200040', 'esperanzaruiz142@estudiante.edu.bo', 'Colegio Boliviano', 'Santa Cruz de la Sierra', NULL, 1, 2, 'Manana', 2, 'Preinscrito', false, 1042, NOW(), NOW());
INSERT INTO requisitos_documentales (postulante_id, ci_digitalizado, certificado_nacimiento, titulo_bachiller_legalizado, formulario_preinscripcion, verificado_bd_externa, updated_at) VALUES (943, false, false, false, false, false, NOW());
INSERT INTO users (id, name, email, password, role, active, created_at, updated_at) VALUES (1043, 'Rosario Carrillo', 'rosariocarrillo143@estudiante.edu.bo', '\$2y\$12\$TyO9cTQJ0O7NSPORyyP8Hup.wk8.BWNWu4itdEJYyjZ2Sem9DbFyi', 'Postulante', true, NOW(), NOW());
INSERT INTO postulantes (id, ci, nombres, apellidos, fecha_nacimiento, sexo, direccion, telefono, email, colegio_procedencia, ciudad, titulo_bachiller, primera_opcion_id, segunda_opcion_id, turno_preferencia, gestion_id, estado, recurrente, user_id, created_at, updated_at) VALUES (944, '3348654', 'Rosario', 'Carrillo', '2005-01-15', 'M', NULL, '59199723384', 'rosariocarrillo143@estudiante.edu.bo', 'Colegio Boliviano', 'Santa Cruz de la Sierra', NULL, 1, 2, 'Manana', 2, 'Preinscrito', false, 1043, NOW(), NOW());
INSERT INTO requisitos_documentales (postulante_id, ci_digitalizado, certificado_nacimiento, titulo_bachiller_legalizado, formulario_preinscripcion, verificado_bd_externa, updated_at) VALUES (944, false, false, false, false, false, NOW());
INSERT INTO users (id, name, email, password, role, active, created_at, updated_at) VALUES (1044, 'Lorena Hernández', 'lorenahernández144@estudiante.edu.bo', '\$2y\$12\$TyO9cTQJ0O7NSPORyyP8Hup.wk8.BWNWu4itdEJYyjZ2Sem9DbFyi', 'Postulante', true, NOW(), NOW());
INSERT INTO postulantes (id, ci, nombres, apellidos, fecha_nacimiento, sexo, direccion, telefono, email, colegio_procedencia, ciudad, titulo_bachiller, primera_opcion_id, segunda_opcion_id, turno_preferencia, gestion_id, estado, recurrente, user_id, created_at, updated_at) VALUES (945, '5678414', 'Lorena', 'Hernández', '2005-01-15', 'M', NULL, '59165032820', 'lorenahernández144@estudiante.edu.bo', 'Colegio Boliviano', 'Santa Cruz de la Sierra', NULL, 1, 2, 'Manana', 2, 'Preinscrito', false, 1044, NOW(), NOW());
INSERT INTO requisitos_documentales (postulante_id, ci_digitalizado, certificado_nacimiento, titulo_bachiller_legalizado, formulario_preinscripcion, verificado_bd_externa, updated_at) VALUES (945, false, false, false, false, false, NOW());
INSERT INTO users (id, name, email, password, role, active, created_at, updated_at) VALUES (1045, 'Manuel Vargas', 'manuelvargas145@estudiante.edu.bo', '\$2y\$12\$TyO9cTQJ0O7NSPORyyP8Hup.wk8.BWNWu4itdEJYyjZ2Sem9DbFyi', 'Postulante', true, NOW(), NOW());
INSERT INTO postulantes (id, ci, nombres, apellidos, fecha_nacimiento, sexo, direccion, telefono, email, colegio_procedencia, ciudad, titulo_bachiller, primera_opcion_id, segunda_opcion_id, turno_preferencia, gestion_id, estado, recurrente, user_id, created_at, updated_at) VALUES (946, '5395762', 'Manuel', 'Vargas', '2005-01-15', 'M', NULL, '59176284628', 'manuelvargas145@estudiante.edu.bo', 'Colegio Boliviano', 'Santa Cruz de la Sierra', NULL, 1, 2, 'Noche', 2, 'Preinscrito', false, 1045, NOW(), NOW());
INSERT INTO requisitos_documentales (postulante_id, ci_digitalizado, certificado_nacimiento, titulo_bachiller_legalizado, formulario_preinscripcion, verificado_bd_externa, updated_at) VALUES (946, false, false, false, false, false, NOW());
INSERT INTO users (id, name, email, password, role, active, created_at, updated_at) VALUES (1046, 'Miguel Rivera', 'miguelrivera146@estudiante.edu.bo', '\$2y\$12\$TyO9cTQJ0O7NSPORyyP8Hup.wk8.BWNWu4itdEJYyjZ2Sem9DbFyi', 'Postulante', true, NOW(), NOW());
INSERT INTO postulantes (id, ci, nombres, apellidos, fecha_nacimiento, sexo, direccion, telefono, email, colegio_procedencia, ciudad, titulo_bachiller, primera_opcion_id, segunda_opcion_id, turno_preferencia, gestion_id, estado, recurrente, user_id, created_at, updated_at) VALUES (947, '1040047', 'Miguel', 'Rivera', '2005-01-15', 'M', NULL, '59176774657', 'miguelrivera146@estudiante.edu.bo', 'Colegio Boliviano', 'Santa Cruz de la Sierra', NULL, 1, 2, 'Tarde', 2, 'Preinscrito', false, 1046, NOW(), NOW());
INSERT INTO requisitos_documentales (postulante_id, ci_digitalizado, certificado_nacimiento, titulo_bachiller_legalizado, formulario_preinscripcion, verificado_bd_externa, updated_at) VALUES (947, false, false, false, false, false, NOW());
INSERT INTO users (id, name, email, password, role, active, created_at, updated_at) VALUES (1047, 'Roberto Morales', 'robertomorales147@estudiante.edu.bo', '\$2y\$12\$TyO9cTQJ0O7NSPORyyP8Hup.wk8.BWNWu4itdEJYyjZ2Sem9DbFyi', 'Postulante', true, NOW(), NOW());
INSERT INTO postulantes (id, ci, nombres, apellidos, fecha_nacimiento, sexo, direccion, telefono, email, colegio_procedencia, ciudad, titulo_bachiller, primera_opcion_id, segunda_opcion_id, turno_preferencia, gestion_id, estado, recurrente, user_id, created_at, updated_at) VALUES (948, '8834064', 'Roberto', 'Morales', '2005-01-15', 'M', NULL, '59177022971', 'robertomorales147@estudiante.edu.bo', 'Colegio Boliviano', 'Santa Cruz de la Sierra', NULL, 1, 2, 'Tarde', 2, 'Preinscrito', false, 1047, NOW(), NOW());
INSERT INTO requisitos_documentales (postulante_id, ci_digitalizado, certificado_nacimiento, titulo_bachiller_legalizado, formulario_preinscripcion, verificado_bd_externa, updated_at) VALUES (948, false, false, false, false, false, NOW());
INSERT INTO users (id, name, email, password, role, active, created_at, updated_at) VALUES (1048, 'Héctor Carrillo', 'héctorcarrillo148@estudiante.edu.bo', '\$2y\$12\$TyO9cTQJ0O7NSPORyyP8Hup.wk8.BWNWu4itdEJYyjZ2Sem9DbFyi', 'Postulante', true, NOW(), NOW());
INSERT INTO postulantes (id, ci, nombres, apellidos, fecha_nacimiento, sexo, direccion, telefono, email, colegio_procedencia, ciudad, titulo_bachiller, primera_opcion_id, segunda_opcion_id, turno_preferencia, gestion_id, estado, recurrente, user_id, created_at, updated_at) VALUES (949, '6744275', 'Héctor', 'Carrillo', '2005-01-15', 'M', NULL, '59196203479', 'héctorcarrillo148@estudiante.edu.bo', 'Colegio Boliviano', 'Santa Cruz de la Sierra', NULL, 1, 2, 'Manana', 2, 'Preinscrito', false, 1048, NOW(), NOW());
INSERT INTO requisitos_documentales (postulante_id, ci_digitalizado, certificado_nacimiento, titulo_bachiller_legalizado, formulario_preinscripcion, verificado_bd_externa, updated_at) VALUES (949, false, false, false, false, false, NOW());
INSERT INTO users (id, name, email, password, role, active, created_at, updated_at) VALUES (1049, 'María López', 'maríalópez149@estudiante.edu.bo', '\$2y\$12\$TyO9cTQJ0O7NSPORyyP8Hup.wk8.BWNWu4itdEJYyjZ2Sem9DbFyi', 'Postulante', true, NOW(), NOW());
INSERT INTO postulantes (id, ci, nombres, apellidos, fecha_nacimiento, sexo, direccion, telefono, email, colegio_procedencia, ciudad, titulo_bachiller, primera_opcion_id, segunda_opcion_id, turno_preferencia, gestion_id, estado, recurrente, user_id, created_at, updated_at) VALUES (950, '3504021', 'María', 'López', '2005-01-15', 'M', NULL, '59185495707', 'maríalópez149@estudiante.edu.bo', 'Colegio Boliviano', 'Santa Cruz de la Sierra', NULL, 1, 2, 'Noche', 2, 'Preinscrito', false, 1049, NOW(), NOW());
INSERT INTO requisitos_documentales (postulante_id, ci_digitalizado, certificado_nacimiento, titulo_bachiller_legalizado, formulario_preinscripcion, verificado_bd_externa, updated_at) VALUES (950, false, false, false, false, false, NOW());
INSERT INTO users (id, name, email, password, role, active, created_at, updated_at) VALUES (1050, 'Pedro Rodríguez', 'pedrorodríguez150@estudiante.edu.bo', '\$2y\$12\$TyO9cTQJ0O7NSPORyyP8Hup.wk8.BWNWu4itdEJYyjZ2Sem9DbFyi', 'Postulante', true, NOW(), NOW());
INSERT INTO postulantes (id, ci, nombres, apellidos, fecha_nacimiento, sexo, direccion, telefono, email, colegio_procedencia, ciudad, titulo_bachiller, primera_opcion_id, segunda_opcion_id, turno_preferencia, gestion_id, estado, recurrente, user_id, created_at, updated_at) VALUES (951, '9278483', 'Pedro', 'Rodríguez', '2005-01-15', 'M', NULL, '59188634681', 'pedrorodríguez150@estudiante.edu.bo', 'Colegio Boliviano', 'Santa Cruz de la Sierra', NULL, 1, 2, 'Noche', 2, 'Preinscrito', false, 1050, NOW(), NOW());
INSERT INTO requisitos_documentales (postulante_id, ci_digitalizado, certificado_nacimiento, titulo_bachiller_legalizado, formulario_preinscripcion, verificado_bd_externa, updated_at) VALUES (951, false, false, false, false, false, NOW());
INSERT INTO users (id, name, email, password, role, active, created_at, updated_at) VALUES (1051, 'Jorge Rivas', 'jorgerivas151@estudiante.edu.bo', '\$2y\$12\$TyO9cTQJ0O7NSPORyyP8Hup.wk8.BWNWu4itdEJYyjZ2Sem9DbFyi', 'Postulante', true, NOW(), NOW());
INSERT INTO postulantes (id, ci, nombres, apellidos, fecha_nacimiento, sexo, direccion, telefono, email, colegio_procedencia, ciudad, titulo_bachiller, primera_opcion_id, segunda_opcion_id, turno_preferencia, gestion_id, estado, recurrente, user_id, created_at, updated_at) VALUES (952, '2305124', 'Jorge', 'Rivas', '2005-01-15', 'M', NULL, '59184878148', 'jorgerivas151@estudiante.edu.bo', 'Colegio Boliviano', 'Santa Cruz de la Sierra', NULL, 1, 2, 'Manana', 2, 'Preinscrito', false, 1051, NOW(), NOW());
INSERT INTO requisitos_documentales (postulante_id, ci_digitalizado, certificado_nacimiento, titulo_bachiller_legalizado, formulario_preinscripcion, verificado_bd_externa, updated_at) VALUES (952, false, false, false, false, false, NOW());
INSERT INTO users (id, name, email, password, role, active, created_at, updated_at) VALUES (1052, 'Pedro Guerrero', 'pedroguerrero152@estudiante.edu.bo', '\$2y\$12\$TyO9cTQJ0O7NSPORyyP8Hup.wk8.BWNWu4itdEJYyjZ2Sem9DbFyi', 'Postulante', true, NOW(), NOW());
INSERT INTO postulantes (id, ci, nombres, apellidos, fecha_nacimiento, sexo, direccion, telefono, email, colegio_procedencia, ciudad, titulo_bachiller, primera_opcion_id, segunda_opcion_id, turno_preferencia, gestion_id, estado, recurrente, user_id, created_at, updated_at) VALUES (953, '6428290', 'Pedro', 'Guerrero', '2005-01-15', 'M', NULL, '59183013835', 'pedroguerrero152@estudiante.edu.bo', 'Colegio Boliviano', 'Santa Cruz de la Sierra', NULL, 1, 2, 'Noche', 2, 'Preinscrito', false, 1052, NOW(), NOW());
INSERT INTO requisitos_documentales (postulante_id, ci_digitalizado, certificado_nacimiento, titulo_bachiller_legalizado, formulario_preinscripcion, verificado_bd_externa, updated_at) VALUES (953, false, false, false, false, false, NOW());
INSERT INTO users (id, name, email, password, role, active, created_at, updated_at) VALUES (1053, 'Manuel Contreras', 'manuelcontreras153@estudiante.edu.bo', '\$2y\$12\$TyO9cTQJ0O7NSPORyyP8Hup.wk8.BWNWu4itdEJYyjZ2Sem9DbFyi', 'Postulante', true, NOW(), NOW());
INSERT INTO postulantes (id, ci, nombres, apellidos, fecha_nacimiento, sexo, direccion, telefono, email, colegio_procedencia, ciudad, titulo_bachiller, primera_opcion_id, segunda_opcion_id, turno_preferencia, gestion_id, estado, recurrente, user_id, created_at, updated_at) VALUES (954, '7610550', 'Manuel', 'Contreras', '2005-01-15', 'M', NULL, '59170470373', 'manuelcontreras153@estudiante.edu.bo', 'Colegio Boliviano', 'Santa Cruz de la Sierra', NULL, 1, 2, 'Tarde', 2, 'Preinscrito', false, 1053, NOW(), NOW());
INSERT INTO requisitos_documentales (postulante_id, ci_digitalizado, certificado_nacimiento, titulo_bachiller_legalizado, formulario_preinscripcion, verificado_bd_externa, updated_at) VALUES (954, false, false, false, false, false, NOW());
INSERT INTO users (id, name, email, password, role, active, created_at, updated_at) VALUES (1054, 'Laura Vázquez', 'lauravázquez154@estudiante.edu.bo', '\$2y\$12\$TyO9cTQJ0O7NSPORyyP8Hup.wk8.BWNWu4itdEJYyjZ2Sem9DbFyi', 'Postulante', true, NOW(), NOW());
INSERT INTO postulantes (id, ci, nombres, apellidos, fecha_nacimiento, sexo, direccion, telefono, email, colegio_procedencia, ciudad, titulo_bachiller, primera_opcion_id, segunda_opcion_id, turno_preferencia, gestion_id, estado, recurrente, user_id, created_at, updated_at) VALUES (955, '3045262', 'Laura', 'Vázquez', '2005-01-15', 'M', NULL, '59186667285', 'lauravázquez154@estudiante.edu.bo', 'Colegio Boliviano', 'Santa Cruz de la Sierra', NULL, 1, 2, 'Noche', 2, 'Preinscrito', false, 1054, NOW(), NOW());
INSERT INTO requisitos_documentales (postulante_id, ci_digitalizado, certificado_nacimiento, titulo_bachiller_legalizado, formulario_preinscripcion, verificado_bd_externa, updated_at) VALUES (955, false, false, false, false, false, NOW());
INSERT INTO users (id, name, email, password, role, active, created_at, updated_at) VALUES (1055, 'Valentina Ramírez', 'valentinaramírez155@estudiante.edu.bo', '\$2y\$12\$TyO9cTQJ0O7NSPORyyP8Hup.wk8.BWNWu4itdEJYyjZ2Sem9DbFyi', 'Postulante', true, NOW(), NOW());
INSERT INTO postulantes (id, ci, nombres, apellidos, fecha_nacimiento, sexo, direccion, telefono, email, colegio_procedencia, ciudad, titulo_bachiller, primera_opcion_id, segunda_opcion_id, turno_preferencia, gestion_id, estado, recurrente, user_id, created_at, updated_at) VALUES (956, '2111315', 'Valentina', 'Ramírez', '2005-01-15', 'M', NULL, '59160508275', 'valentinaramírez155@estudiante.edu.bo', 'Colegio Boliviano', 'Santa Cruz de la Sierra', NULL, 1, 2, 'Manana', 2, 'Preinscrito', false, 1055, NOW(), NOW());
INSERT INTO requisitos_documentales (postulante_id, ci_digitalizado, certificado_nacimiento, titulo_bachiller_legalizado, formulario_preinscripcion, verificado_bd_externa, updated_at) VALUES (956, false, false, false, false, false, NOW());
INSERT INTO users (id, name, email, password, role, active, created_at, updated_at) VALUES (1056, 'Constanza García', 'constanzagarcía156@estudiante.edu.bo', '\$2y\$12\$TyO9cTQJ0O7NSPORyyP8Hup.wk8.BWNWu4itdEJYyjZ2Sem9DbFyi', 'Postulante', true, NOW(), NOW());
INSERT INTO postulantes (id, ci, nombres, apellidos, fecha_nacimiento, sexo, direccion, telefono, email, colegio_procedencia, ciudad, titulo_bachiller, primera_opcion_id, segunda_opcion_id, turno_preferencia, gestion_id, estado, recurrente, user_id, created_at, updated_at) VALUES (957, '6926632', 'Constanza', 'García', '2005-01-15', 'M', NULL, '59172630129', 'constanzagarcía156@estudiante.edu.bo', 'Colegio Boliviano', 'Santa Cruz de la Sierra', NULL, 1, 2, 'Tarde', 2, 'Preinscrito', false, 1056, NOW(), NOW());
INSERT INTO requisitos_documentales (postulante_id, ci_digitalizado, certificado_nacimiento, titulo_bachiller_legalizado, formulario_preinscripcion, verificado_bd_externa, updated_at) VALUES (957, false, false, false, false, false, NOW());
INSERT INTO users (id, name, email, password, role, active, created_at, updated_at) VALUES (1057, 'Gabriela Morales', 'gabrielamorales157@estudiante.edu.bo', '\$2y\$12\$TyO9cTQJ0O7NSPORyyP8Hup.wk8.BWNWu4itdEJYyjZ2Sem9DbFyi', 'Postulante', true, NOW(), NOW());
INSERT INTO postulantes (id, ci, nombres, apellidos, fecha_nacimiento, sexo, direccion, telefono, email, colegio_procedencia, ciudad, titulo_bachiller, primera_opcion_id, segunda_opcion_id, turno_preferencia, gestion_id, estado, recurrente, user_id, created_at, updated_at) VALUES (958, '3025889', 'Gabriela', 'Morales', '2005-01-15', 'M', NULL, '59185388735', 'gabrielamorales157@estudiante.edu.bo', 'Colegio Boliviano', 'Santa Cruz de la Sierra', NULL, 1, 2, 'Noche', 2, 'Preinscrito', false, 1057, NOW(), NOW());
INSERT INTO requisitos_documentales (postulante_id, ci_digitalizado, certificado_nacimiento, titulo_bachiller_legalizado, formulario_preinscripcion, verificado_bd_externa, updated_at) VALUES (958, false, false, false, false, false, NOW());
INSERT INTO users (id, name, email, password, role, active, created_at, updated_at) VALUES (1058, 'Matías Guerrero', 'matíasguerrero158@estudiante.edu.bo', '\$2y\$12\$TyO9cTQJ0O7NSPORyyP8Hup.wk8.BWNWu4itdEJYyjZ2Sem9DbFyi', 'Postulante', true, NOW(), NOW());
INSERT INTO postulantes (id, ci, nombres, apellidos, fecha_nacimiento, sexo, direccion, telefono, email, colegio_procedencia, ciudad, titulo_bachiller, primera_opcion_id, segunda_opcion_id, turno_preferencia, gestion_id, estado, recurrente, user_id, created_at, updated_at) VALUES (959, '4860687', 'Matías', 'Guerrero', '2005-01-15', 'M', NULL, '59163127290', 'matíasguerrero158@estudiante.edu.bo', 'Colegio Boliviano', 'Santa Cruz de la Sierra', NULL, 1, 2, 'Tarde', 2, 'Preinscrito', false, 1058, NOW(), NOW());
INSERT INTO requisitos_documentales (postulante_id, ci_digitalizado, certificado_nacimiento, titulo_bachiller_legalizado, formulario_preinscripcion, verificado_bd_externa, updated_at) VALUES (959, false, false, false, false, false, NOW());
INSERT INTO users (id, name, email, password, role, active, created_at, updated_at) VALUES (1059, 'Lorena López', 'lorenalópez159@estudiante.edu.bo', '\$2y\$12\$TyO9cTQJ0O7NSPORyyP8Hup.wk8.BWNWu4itdEJYyjZ2Sem9DbFyi', 'Postulante', true, NOW(), NOW());
INSERT INTO postulantes (id, ci, nombres, apellidos, fecha_nacimiento, sexo, direccion, telefono, email, colegio_procedencia, ciudad, titulo_bachiller, primera_opcion_id, segunda_opcion_id, turno_preferencia, gestion_id, estado, recurrente, user_id, created_at, updated_at) VALUES (960, '1533300', 'Lorena', 'López', '2005-01-15', 'M', NULL, '59172032161', 'lorenalópez159@estudiante.edu.bo', 'Colegio Boliviano', 'Santa Cruz de la Sierra', NULL, 1, 2, 'Tarde', 2, 'Preinscrito', false, 1059, NOW(), NOW());
INSERT INTO requisitos_documentales (postulante_id, ci_digitalizado, certificado_nacimiento, titulo_bachiller_legalizado, formulario_preinscripcion, verificado_bd_externa, updated_at) VALUES (960, false, false, false, false, false, NOW());
INSERT INTO users (id, name, email, password, role, active, created_at, updated_at) VALUES (1060, 'Eduardo Tapia', 'eduardotapia160@estudiante.edu.bo', '\$2y\$12\$TyO9cTQJ0O7NSPORyyP8Hup.wk8.BWNWu4itdEJYyjZ2Sem9DbFyi', 'Postulante', true, NOW(), NOW());
INSERT INTO postulantes (id, ci, nombres, apellidos, fecha_nacimiento, sexo, direccion, telefono, email, colegio_procedencia, ciudad, titulo_bachiller, primera_opcion_id, segunda_opcion_id, turno_preferencia, gestion_id, estado, recurrente, user_id, created_at, updated_at) VALUES (961, '8421204', 'Eduardo', 'Tapia', '2005-01-15', 'M', NULL, '59162159618', 'eduardotapia160@estudiante.edu.bo', 'Colegio Boliviano', 'Santa Cruz de la Sierra', NULL, 1, 2, 'Tarde', 2, 'Preinscrito', false, 1060, NOW(), NOW());
INSERT INTO requisitos_documentales (postulante_id, ci_digitalizado, certificado_nacimiento, titulo_bachiller_legalizado, formulario_preinscripcion, verificado_bd_externa, updated_at) VALUES (961, false, false, false, false, false, NOW());
INSERT INTO users (id, name, email, password, role, active, created_at, updated_at) VALUES (1061, 'Ana Contreras', 'anacontreras161@estudiante.edu.bo', '\$2y\$12\$TyO9cTQJ0O7NSPORyyP8Hup.wk8.BWNWu4itdEJYyjZ2Sem9DbFyi', 'Postulante', true, NOW(), NOW());
INSERT INTO postulantes (id, ci, nombres, apellidos, fecha_nacimiento, sexo, direccion, telefono, email, colegio_procedencia, ciudad, titulo_bachiller, primera_opcion_id, segunda_opcion_id, turno_preferencia, gestion_id, estado, recurrente, user_id, created_at, updated_at) VALUES (962, '2520119', 'Ana', 'Contreras', '2005-01-15', 'M', NULL, '59189453620', 'anacontreras161@estudiante.edu.bo', 'Colegio Boliviano', 'Santa Cruz de la Sierra', NULL, 1, 2, 'Tarde', 2, 'Preinscrito', false, 1061, NOW(), NOW());
INSERT INTO requisitos_documentales (postulante_id, ci_digitalizado, certificado_nacimiento, titulo_bachiller_legalizado, formulario_preinscripcion, verificado_bd_externa, updated_at) VALUES (962, false, false, false, false, false, NOW());
INSERT INTO users (id, name, email, password, role, active, created_at, updated_at) VALUES (1062, 'Marisol Pérez', 'marisolpérez162@estudiante.edu.bo', '\$2y\$12\$TyO9cTQJ0O7NSPORyyP8Hup.wk8.BWNWu4itdEJYyjZ2Sem9DbFyi', 'Postulante', true, NOW(), NOW());
INSERT INTO postulantes (id, ci, nombres, apellidos, fecha_nacimiento, sexo, direccion, telefono, email, colegio_procedencia, ciudad, titulo_bachiller, primera_opcion_id, segunda_opcion_id, turno_preferencia, gestion_id, estado, recurrente, user_id, created_at, updated_at) VALUES (963, '2563235', 'Marisol', 'Pérez', '2005-01-15', 'M', NULL, '59193096044', 'marisolpérez162@estudiante.edu.bo', 'Colegio Boliviano', 'Santa Cruz de la Sierra', NULL, 1, 2, 'Tarde', 2, 'Preinscrito', false, 1062, NOW(), NOW());
INSERT INTO requisitos_documentales (postulante_id, ci_digitalizado, certificado_nacimiento, titulo_bachiller_legalizado, formulario_preinscripcion, verificado_bd_externa, updated_at) VALUES (963, false, false, false, false, false, NOW());
INSERT INTO users (id, name, email, password, role, active, created_at, updated_at) VALUES (1063, 'Rafael Tapia', 'rafaeltapia163@estudiante.edu.bo', '\$2y\$12\$TyO9cTQJ0O7NSPORyyP8Hup.wk8.BWNWu4itdEJYyjZ2Sem9DbFyi', 'Postulante', true, NOW(), NOW());
INSERT INTO postulantes (id, ci, nombres, apellidos, fecha_nacimiento, sexo, direccion, telefono, email, colegio_procedencia, ciudad, titulo_bachiller, primera_opcion_id, segunda_opcion_id, turno_preferencia, gestion_id, estado, recurrente, user_id, created_at, updated_at) VALUES (964, '3750186', 'Rafael', 'Tapia', '2005-01-15', 'M', NULL, '59199962238', 'rafaeltapia163@estudiante.edu.bo', 'Colegio Boliviano', 'Santa Cruz de la Sierra', NULL, 1, 2, 'Tarde', 2, 'Preinscrito', false, 1063, NOW(), NOW());
INSERT INTO requisitos_documentales (postulante_id, ci_digitalizado, certificado_nacimiento, titulo_bachiller_legalizado, formulario_preinscripcion, verificado_bd_externa, updated_at) VALUES (964, false, false, false, false, false, NOW());
INSERT INTO users (id, name, email, password, role, active, created_at, updated_at) VALUES (1064, 'Elena Castillo', 'elenacastillo164@estudiante.edu.bo', '\$2y\$12\$TyO9cTQJ0O7NSPORyyP8Hup.wk8.BWNWu4itdEJYyjZ2Sem9DbFyi', 'Postulante', true, NOW(), NOW());
INSERT INTO postulantes (id, ci, nombres, apellidos, fecha_nacimiento, sexo, direccion, telefono, email, colegio_procedencia, ciudad, titulo_bachiller, primera_opcion_id, segunda_opcion_id, turno_preferencia, gestion_id, estado, recurrente, user_id, created_at, updated_at) VALUES (965, '2861946', 'Elena', 'Castillo', '2005-01-15', 'M', NULL, '59191399030', 'elenacastillo164@estudiante.edu.bo', 'Colegio Boliviano', 'Santa Cruz de la Sierra', NULL, 1, 2, 'Tarde', 2, 'Preinscrito', false, 1064, NOW(), NOW());
INSERT INTO requisitos_documentales (postulante_id, ci_digitalizado, certificado_nacimiento, titulo_bachiller_legalizado, formulario_preinscripcion, verificado_bd_externa, updated_at) VALUES (965, false, false, false, false, false, NOW());
INSERT INTO users (id, name, email, password, role, active, created_at, updated_at) VALUES (1065, 'Juan Ramírez', 'juanramírez165@estudiante.edu.bo', '\$2y\$12\$TyO9cTQJ0O7NSPORyyP8Hup.wk8.BWNWu4itdEJYyjZ2Sem9DbFyi', 'Postulante', true, NOW(), NOW());
INSERT INTO postulantes (id, ci, nombres, apellidos, fecha_nacimiento, sexo, direccion, telefono, email, colegio_procedencia, ciudad, titulo_bachiller, primera_opcion_id, segunda_opcion_id, turno_preferencia, gestion_id, estado, recurrente, user_id, created_at, updated_at) VALUES (966, '5312852', 'Juan', 'Ramírez', '2005-01-15', 'M', NULL, '59180948769', 'juanramírez165@estudiante.edu.bo', 'Colegio Boliviano', 'Santa Cruz de la Sierra', NULL, 1, 2, 'Manana', 2, 'Preinscrito', false, 1065, NOW(), NOW());
INSERT INTO requisitos_documentales (postulante_id, ci_digitalizado, certificado_nacimiento, titulo_bachiller_legalizado, formulario_preinscripcion, verificado_bd_externa, updated_at) VALUES (966, false, false, false, false, false, NOW());
INSERT INTO users (id, name, email, password, role, active, created_at, updated_at) VALUES (1066, 'María Valdez', 'maríavaldez166@estudiante.edu.bo', '\$2y\$12\$TyO9cTQJ0O7NSPORyyP8Hup.wk8.BWNWu4itdEJYyjZ2Sem9DbFyi', 'Postulante', true, NOW(), NOW());
INSERT INTO postulantes (id, ci, nombres, apellidos, fecha_nacimiento, sexo, direccion, telefono, email, colegio_procedencia, ciudad, titulo_bachiller, primera_opcion_id, segunda_opcion_id, turno_preferencia, gestion_id, estado, recurrente, user_id, created_at, updated_at) VALUES (967, '4072238', 'María', 'Valdez', '2005-01-15', 'M', NULL, '59198045738', 'maríavaldez166@estudiante.edu.bo', 'Colegio Boliviano', 'Santa Cruz de la Sierra', NULL, 1, 2, 'Noche', 2, 'Preinscrito', false, 1066, NOW(), NOW());
INSERT INTO requisitos_documentales (postulante_id, ci_digitalizado, certificado_nacimiento, titulo_bachiller_legalizado, formulario_preinscripcion, verificado_bd_externa, updated_at) VALUES (967, false, false, false, false, false, NOW());
INSERT INTO users (id, name, email, password, role, active, created_at, updated_at) VALUES (1067, 'Ricardo García', 'ricardogarcía167@estudiante.edu.bo', '\$2y\$12\$TyO9cTQJ0O7NSPORyyP8Hup.wk8.BWNWu4itdEJYyjZ2Sem9DbFyi', 'Postulante', true, NOW(), NOW());
INSERT INTO postulantes (id, ci, nombres, apellidos, fecha_nacimiento, sexo, direccion, telefono, email, colegio_procedencia, ciudad, titulo_bachiller, primera_opcion_id, segunda_opcion_id, turno_preferencia, gestion_id, estado, recurrente, user_id, created_at, updated_at) VALUES (968, '8364228', 'Ricardo', 'García', '2005-01-15', 'M', NULL, '59161647048', 'ricardogarcía167@estudiante.edu.bo', 'Colegio Boliviano', 'Santa Cruz de la Sierra', NULL, 1, 2, 'Noche', 2, 'Preinscrito', false, 1067, NOW(), NOW());
INSERT INTO requisitos_documentales (postulante_id, ci_digitalizado, certificado_nacimiento, titulo_bachiller_legalizado, formulario_preinscripcion, verificado_bd_externa, updated_at) VALUES (968, false, false, false, false, false, NOW());
INSERT INTO users (id, name, email, password, role, active, created_at, updated_at) VALUES (1068, 'Guillermo Cortés', 'guillermocortés168@estudiante.edu.bo', '\$2y\$12\$TyO9cTQJ0O7NSPORyyP8Hup.wk8.BWNWu4itdEJYyjZ2Sem9DbFyi', 'Postulante', true, NOW(), NOW());
INSERT INTO postulantes (id, ci, nombres, apellidos, fecha_nacimiento, sexo, direccion, telefono, email, colegio_procedencia, ciudad, titulo_bachiller, primera_opcion_id, segunda_opcion_id, turno_preferencia, gestion_id, estado, recurrente, user_id, created_at, updated_at) VALUES (969, '5290043', 'Guillermo', 'Cortés', '2005-01-15', 'M', NULL, '59182798315', 'guillermocortés168@estudiante.edu.bo', 'Colegio Boliviano', 'Santa Cruz de la Sierra', NULL, 1, 2, 'Tarde', 2, 'Preinscrito', false, 1068, NOW(), NOW());
INSERT INTO requisitos_documentales (postulante_id, ci_digitalizado, certificado_nacimiento, titulo_bachiller_legalizado, formulario_preinscripcion, verificado_bd_externa, updated_at) VALUES (969, false, false, false, false, false, NOW());
INSERT INTO users (id, name, email, password, role, active, created_at, updated_at) VALUES (1069, 'Leticia Ruiz', 'leticiaruiz169@estudiante.edu.bo', '\$2y\$12\$TyO9cTQJ0O7NSPORyyP8Hup.wk8.BWNWu4itdEJYyjZ2Sem9DbFyi', 'Postulante', true, NOW(), NOW());
INSERT INTO postulantes (id, ci, nombres, apellidos, fecha_nacimiento, sexo, direccion, telefono, email, colegio_procedencia, ciudad, titulo_bachiller, primera_opcion_id, segunda_opcion_id, turno_preferencia, gestion_id, estado, recurrente, user_id, created_at, updated_at) VALUES (970, '9987993', 'Leticia', 'Ruiz', '2005-01-15', 'M', NULL, '59195293605', 'leticiaruiz169@estudiante.edu.bo', 'Colegio Boliviano', 'Santa Cruz de la Sierra', NULL, 1, 2, 'Noche', 2, 'Preinscrito', false, 1069, NOW(), NOW());
INSERT INTO requisitos_documentales (postulante_id, ci_digitalizado, certificado_nacimiento, titulo_bachiller_legalizado, formulario_preinscripcion, verificado_bd_externa, updated_at) VALUES (970, false, false, false, false, false, NOW());
INSERT INTO users (id, name, email, password, role, active, created_at, updated_at) VALUES (1070, 'Marisol Sánchez', 'marisolsánchez170@estudiante.edu.bo', '\$2y\$12\$TyO9cTQJ0O7NSPORyyP8Hup.wk8.BWNWu4itdEJYyjZ2Sem9DbFyi', 'Postulante', true, NOW(), NOW());
INSERT INTO postulantes (id, ci, nombres, apellidos, fecha_nacimiento, sexo, direccion, telefono, email, colegio_procedencia, ciudad, titulo_bachiller, primera_opcion_id, segunda_opcion_id, turno_preferencia, gestion_id, estado, recurrente, user_id, created_at, updated_at) VALUES (971, '3196267', 'Marisol', 'Sánchez', '2005-01-15', 'M', NULL, '59171564480', 'marisolsánchez170@estudiante.edu.bo', 'Colegio Boliviano', 'Santa Cruz de la Sierra', NULL, 1, 2, 'Noche', 2, 'Preinscrito', false, 1070, NOW(), NOW());
INSERT INTO requisitos_documentales (postulante_id, ci_digitalizado, certificado_nacimiento, titulo_bachiller_legalizado, formulario_preinscripcion, verificado_bd_externa, updated_at) VALUES (971, false, false, false, false, false, NOW());
INSERT INTO users (id, name, email, password, role, active, created_at, updated_at) VALUES (1071, 'Pedro Tapia', 'pedrotapia171@estudiante.edu.bo', '\$2y\$12\$TyO9cTQJ0O7NSPORyyP8Hup.wk8.BWNWu4itdEJYyjZ2Sem9DbFyi', 'Postulante', true, NOW(), NOW());
INSERT INTO postulantes (id, ci, nombres, apellidos, fecha_nacimiento, sexo, direccion, telefono, email, colegio_procedencia, ciudad, titulo_bachiller, primera_opcion_id, segunda_opcion_id, turno_preferencia, gestion_id, estado, recurrente, user_id, created_at, updated_at) VALUES (972, '8064752', 'Pedro', 'Tapia', '2005-01-15', 'M', NULL, '59183383162', 'pedrotapia171@estudiante.edu.bo', 'Colegio Boliviano', 'Santa Cruz de la Sierra', NULL, 1, 2, 'Manana', 2, 'Preinscrito', false, 1071, NOW(), NOW());
INSERT INTO requisitos_documentales (postulante_id, ci_digitalizado, certificado_nacimiento, titulo_bachiller_legalizado, formulario_preinscripcion, verificado_bd_externa, updated_at) VALUES (972, false, false, false, false, false, NOW());
INSERT INTO users (id, name, email, password, role, active, created_at, updated_at) VALUES (1072, 'Irene Carrillo', 'irenecarrillo172@estudiante.edu.bo', '\$2y\$12\$TyO9cTQJ0O7NSPORyyP8Hup.wk8.BWNWu4itdEJYyjZ2Sem9DbFyi', 'Postulante', true, NOW(), NOW());
INSERT INTO postulantes (id, ci, nombres, apellidos, fecha_nacimiento, sexo, direccion, telefono, email, colegio_procedencia, ciudad, titulo_bachiller, primera_opcion_id, segunda_opcion_id, turno_preferencia, gestion_id, estado, recurrente, user_id, created_at, updated_at) VALUES (973, '6348166', 'Irene', 'Carrillo', '2005-01-15', 'M', NULL, '59188531053', 'irenecarrillo172@estudiante.edu.bo', 'Colegio Boliviano', 'Santa Cruz de la Sierra', NULL, 1, 2, 'Noche', 2, 'Preinscrito', false, 1072, NOW(), NOW());
INSERT INTO requisitos_documentales (postulante_id, ci_digitalizado, certificado_nacimiento, titulo_bachiller_legalizado, formulario_preinscripcion, verificado_bd_externa, updated_at) VALUES (973, false, false, false, false, false, NOW());
INSERT INTO users (id, name, email, password, role, active, created_at, updated_at) VALUES (1073, 'Carmen Vega', 'carmenvega173@estudiante.edu.bo', '\$2y\$12\$TyO9cTQJ0O7NSPORyyP8Hup.wk8.BWNWu4itdEJYyjZ2Sem9DbFyi', 'Postulante', true, NOW(), NOW());
INSERT INTO postulantes (id, ci, nombres, apellidos, fecha_nacimiento, sexo, direccion, telefono, email, colegio_procedencia, ciudad, titulo_bachiller, primera_opcion_id, segunda_opcion_id, turno_preferencia, gestion_id, estado, recurrente, user_id, created_at, updated_at) VALUES (974, '7093860', 'Carmen', 'Vega', '2005-01-15', 'M', NULL, '59193240009', 'carmenvega173@estudiante.edu.bo', 'Colegio Boliviano', 'Santa Cruz de la Sierra', NULL, 1, 2, 'Tarde', 2, 'Preinscrito', false, 1073, NOW(), NOW());
INSERT INTO requisitos_documentales (postulante_id, ci_digitalizado, certificado_nacimiento, titulo_bachiller_legalizado, formulario_preinscripcion, verificado_bd_externa, updated_at) VALUES (974, false, false, false, false, false, NOW());
INSERT INTO users (id, name, email, password, role, active, created_at, updated_at) VALUES (1074, 'Manuel Vargas', 'manuelvargas174@estudiante.edu.bo', '\$2y\$12\$TyO9cTQJ0O7NSPORyyP8Hup.wk8.BWNWu4itdEJYyjZ2Sem9DbFyi', 'Postulante', true, NOW(), NOW());
INSERT INTO postulantes (id, ci, nombres, apellidos, fecha_nacimiento, sexo, direccion, telefono, email, colegio_procedencia, ciudad, titulo_bachiller, primera_opcion_id, segunda_opcion_id, turno_preferencia, gestion_id, estado, recurrente, user_id, created_at, updated_at) VALUES (975, '1246790', 'Manuel', 'Vargas', '2005-01-15', 'M', NULL, '59188135945', 'manuelvargas174@estudiante.edu.bo', 'Colegio Boliviano', 'Santa Cruz de la Sierra', NULL, 1, 2, 'Noche', 2, 'Preinscrito', false, 1074, NOW(), NOW());
INSERT INTO requisitos_documentales (postulante_id, ci_digitalizado, certificado_nacimiento, titulo_bachiller_legalizado, formulario_preinscripcion, verificado_bd_externa, updated_at) VALUES (975, false, false, false, false, false, NOW());
INSERT INTO users (id, name, email, password, role, active, created_at, updated_at) VALUES (1075, 'Isabel Medina', 'isabelmedina175@estudiante.edu.bo', '\$2y\$12\$TyO9cTQJ0O7NSPORyyP8Hup.wk8.BWNWu4itdEJYyjZ2Sem9DbFyi', 'Postulante', true, NOW(), NOW());
INSERT INTO postulantes (id, ci, nombres, apellidos, fecha_nacimiento, sexo, direccion, telefono, email, colegio_procedencia, ciudad, titulo_bachiller, primera_opcion_id, segunda_opcion_id, turno_preferencia, gestion_id, estado, recurrente, user_id, created_at, updated_at) VALUES (976, '3296089', 'Isabel', 'Medina', '2005-01-15', 'M', NULL, '59160172347', 'isabelmedina175@estudiante.edu.bo', 'Colegio Boliviano', 'Santa Cruz de la Sierra', NULL, 1, 2, 'Noche', 2, 'Preinscrito', false, 1075, NOW(), NOW());
INSERT INTO requisitos_documentales (postulante_id, ci_digitalizado, certificado_nacimiento, titulo_bachiller_legalizado, formulario_preinscripcion, verificado_bd_externa, updated_at) VALUES (976, false, false, false, false, false, NOW());
INSERT INTO users (id, name, email, password, role, active, created_at, updated_at) VALUES (1076, 'Luis Flores', 'luisflores176@estudiante.edu.bo', '\$2y\$12\$TyO9cTQJ0O7NSPORyyP8Hup.wk8.BWNWu4itdEJYyjZ2Sem9DbFyi', 'Postulante', true, NOW(), NOW());
INSERT INTO postulantes (id, ci, nombres, apellidos, fecha_nacimiento, sexo, direccion, telefono, email, colegio_procedencia, ciudad, titulo_bachiller, primera_opcion_id, segunda_opcion_id, turno_preferencia, gestion_id, estado, recurrente, user_id, created_at, updated_at) VALUES (977, '2428733', 'Luis', 'Flores', '2005-01-15', 'M', NULL, '59179715987', 'luisflores176@estudiante.edu.bo', 'Colegio Boliviano', 'Santa Cruz de la Sierra', NULL, 1, 2, 'Tarde', 2, 'Preinscrito', false, 1076, NOW(), NOW());
INSERT INTO requisitos_documentales (postulante_id, ci_digitalizado, certificado_nacimiento, titulo_bachiller_legalizado, formulario_preinscripcion, verificado_bd_externa, updated_at) VALUES (977, false, false, false, false, false, NOW());
INSERT INTO users (id, name, email, password, role, active, created_at, updated_at) VALUES (1077, 'Ricardo Martínez', 'ricardomartínez177@estudiante.edu.bo', '\$2y\$12\$TyO9cTQJ0O7NSPORyyP8Hup.wk8.BWNWu4itdEJYyjZ2Sem9DbFyi', 'Postulante', true, NOW(), NOW());
INSERT INTO postulantes (id, ci, nombres, apellidos, fecha_nacimiento, sexo, direccion, telefono, email, colegio_procedencia, ciudad, titulo_bachiller, primera_opcion_id, segunda_opcion_id, turno_preferencia, gestion_id, estado, recurrente, user_id, created_at, updated_at) VALUES (978, '5037599', 'Ricardo', 'Martínez', '2005-01-15', 'M', NULL, '59174881896', 'ricardomartínez177@estudiante.edu.bo', 'Colegio Boliviano', 'Santa Cruz de la Sierra', NULL, 1, 2, 'Noche', 2, 'Preinscrito', false, 1077, NOW(), NOW());
INSERT INTO requisitos_documentales (postulante_id, ci_digitalizado, certificado_nacimiento, titulo_bachiller_legalizado, formulario_preinscripcion, verificado_bd_externa, updated_at) VALUES (978, false, false, false, false, false, NOW());
INSERT INTO users (id, name, email, password, role, active, created_at, updated_at) VALUES (1078, 'Natalia García', 'nataliagarcía178@estudiante.edu.bo', '\$2y\$12\$TyO9cTQJ0O7NSPORyyP8Hup.wk8.BWNWu4itdEJYyjZ2Sem9DbFyi', 'Postulante', true, NOW(), NOW());
INSERT INTO postulantes (id, ci, nombres, apellidos, fecha_nacimiento, sexo, direccion, telefono, email, colegio_procedencia, ciudad, titulo_bachiller, primera_opcion_id, segunda_opcion_id, turno_preferencia, gestion_id, estado, recurrente, user_id, created_at, updated_at) VALUES (979, '6917425', 'Natalia', 'García', '2005-01-15', 'M', NULL, '59186839997', 'nataliagarcía178@estudiante.edu.bo', 'Colegio Boliviano', 'Santa Cruz de la Sierra', NULL, 1, 2, 'Tarde', 2, 'Preinscrito', false, 1078, NOW(), NOW());
INSERT INTO requisitos_documentales (postulante_id, ci_digitalizado, certificado_nacimiento, titulo_bachiller_legalizado, formulario_preinscripcion, verificado_bd_externa, updated_at) VALUES (979, false, false, false, false, false, NOW());
INSERT INTO users (id, name, email, password, role, active, created_at, updated_at) VALUES (1079, 'Lorena Delgado', 'lorenadelgado179@estudiante.edu.bo', '\$2y\$12\$TyO9cTQJ0O7NSPORyyP8Hup.wk8.BWNWu4itdEJYyjZ2Sem9DbFyi', 'Postulante', true, NOW(), NOW());
INSERT INTO postulantes (id, ci, nombres, apellidos, fecha_nacimiento, sexo, direccion, telefono, email, colegio_procedencia, ciudad, titulo_bachiller, primera_opcion_id, segunda_opcion_id, turno_preferencia, gestion_id, estado, recurrente, user_id, created_at, updated_at) VALUES (980, '1368473', 'Lorena', 'Delgado', '2005-01-15', 'M', NULL, '59196370734', 'lorenadelgado179@estudiante.edu.bo', 'Colegio Boliviano', 'Santa Cruz de la Sierra', NULL, 1, 2, 'Tarde', 2, 'Preinscrito', false, 1079, NOW(), NOW());
INSERT INTO requisitos_documentales (postulante_id, ci_digitalizado, certificado_nacimiento, titulo_bachiller_legalizado, formulario_preinscripcion, verificado_bd_externa, updated_at) VALUES (980, false, false, false, false, false, NOW());
INSERT INTO users (id, name, email, password, role, active, created_at, updated_at) VALUES (1080, 'María Valdez', 'maríavaldez180@estudiante.edu.bo', '\$2y\$12\$TyO9cTQJ0O7NSPORyyP8Hup.wk8.BWNWu4itdEJYyjZ2Sem9DbFyi', 'Postulante', true, NOW(), NOW());
INSERT INTO postulantes (id, ci, nombres, apellidos, fecha_nacimiento, sexo, direccion, telefono, email, colegio_procedencia, ciudad, titulo_bachiller, primera_opcion_id, segunda_opcion_id, turno_preferencia, gestion_id, estado, recurrente, user_id, created_at, updated_at) VALUES (981, '7942473', 'María', 'Valdez', '2005-01-15', 'M', NULL, '59175174052', 'maríavaldez180@estudiante.edu.bo', 'Colegio Boliviano', 'Santa Cruz de la Sierra', NULL, 1, 2, 'Manana', 2, 'Preinscrito', false, 1080, NOW(), NOW());
INSERT INTO requisitos_documentales (postulante_id, ci_digitalizado, certificado_nacimiento, titulo_bachiller_legalizado, formulario_preinscripcion, verificado_bd_externa, updated_at) VALUES (981, false, false, false, false, false, NOW());
INSERT INTO users (id, name, email, password, role, active, created_at, updated_at) VALUES (1081, 'Pedro Ramírez', 'pedroramírez181@estudiante.edu.bo', '\$2y\$12\$TyO9cTQJ0O7NSPORyyP8Hup.wk8.BWNWu4itdEJYyjZ2Sem9DbFyi', 'Postulante', true, NOW(), NOW());
INSERT INTO postulantes (id, ci, nombres, apellidos, fecha_nacimiento, sexo, direccion, telefono, email, colegio_procedencia, ciudad, titulo_bachiller, primera_opcion_id, segunda_opcion_id, turno_preferencia, gestion_id, estado, recurrente, user_id, created_at, updated_at) VALUES (982, '5595349', 'Pedro', 'Ramírez', '2005-01-15', 'M', NULL, '59176436462', 'pedroramírez181@estudiante.edu.bo', 'Colegio Boliviano', 'Santa Cruz de la Sierra', NULL, 1, 2, 'Manana', 2, 'Preinscrito', false, 1081, NOW(), NOW());
INSERT INTO requisitos_documentales (postulante_id, ci_digitalizado, certificado_nacimiento, titulo_bachiller_legalizado, formulario_preinscripcion, verificado_bd_externa, updated_at) VALUES (982, false, false, false, false, false, NOW());
INSERT INTO users (id, name, email, password, role, active, created_at, updated_at) VALUES (1082, 'Diego Contreras', 'diegocontreras182@estudiante.edu.bo', '\$2y\$12\$TyO9cTQJ0O7NSPORyyP8Hup.wk8.BWNWu4itdEJYyjZ2Sem9DbFyi', 'Postulante', true, NOW(), NOW());
INSERT INTO postulantes (id, ci, nombres, apellidos, fecha_nacimiento, sexo, direccion, telefono, email, colegio_procedencia, ciudad, titulo_bachiller, primera_opcion_id, segunda_opcion_id, turno_preferencia, gestion_id, estado, recurrente, user_id, created_at, updated_at) VALUES (983, '4306077', 'Diego', 'Contreras', '2005-01-15', 'M', NULL, '59163102100', 'diegocontreras182@estudiante.edu.bo', 'Colegio Boliviano', 'Santa Cruz de la Sierra', NULL, 1, 2, 'Tarde', 2, 'Preinscrito', false, 1082, NOW(), NOW());
INSERT INTO requisitos_documentales (postulante_id, ci_digitalizado, certificado_nacimiento, titulo_bachiller_legalizado, formulario_preinscripcion, verificado_bd_externa, updated_at) VALUES (983, false, false, false, false, false, NOW());
INSERT INTO users (id, name, email, password, role, active, created_at, updated_at) VALUES (1083, 'Sergio Campos', 'sergiocampos183@estudiante.edu.bo', '\$2y\$12\$TyO9cTQJ0O7NSPORyyP8Hup.wk8.BWNWu4itdEJYyjZ2Sem9DbFyi', 'Postulante', true, NOW(), NOW());
INSERT INTO postulantes (id, ci, nombres, apellidos, fecha_nacimiento, sexo, direccion, telefono, email, colegio_procedencia, ciudad, titulo_bachiller, primera_opcion_id, segunda_opcion_id, turno_preferencia, gestion_id, estado, recurrente, user_id, created_at, updated_at) VALUES (984, '5805465', 'Sergio', 'Campos', '2005-01-15', 'M', NULL, '59194013107', 'sergiocampos183@estudiante.edu.bo', 'Colegio Boliviano', 'Santa Cruz de la Sierra', NULL, 1, 2, 'Noche', 2, 'Preinscrito', false, 1083, NOW(), NOW());
INSERT INTO requisitos_documentales (postulante_id, ci_digitalizado, certificado_nacimiento, titulo_bachiller_legalizado, formulario_preinscripcion, verificado_bd_externa, updated_at) VALUES (984, false, false, false, false, false, NOW());
INSERT INTO users (id, name, email, password, role, active, created_at, updated_at) VALUES (1084, 'Sergio Pérez', 'sergiopérez184@estudiante.edu.bo', '\$2y\$12\$TyO9cTQJ0O7NSPORyyP8Hup.wk8.BWNWu4itdEJYyjZ2Sem9DbFyi', 'Postulante', true, NOW(), NOW());
INSERT INTO postulantes (id, ci, nombres, apellidos, fecha_nacimiento, sexo, direccion, telefono, email, colegio_procedencia, ciudad, titulo_bachiller, primera_opcion_id, segunda_opcion_id, turno_preferencia, gestion_id, estado, recurrente, user_id, created_at, updated_at) VALUES (985, '1037079', 'Sergio', 'Pérez', '2005-01-15', 'M', NULL, '59178651890', 'sergiopérez184@estudiante.edu.bo', 'Colegio Boliviano', 'Santa Cruz de la Sierra', NULL, 1, 2, 'Tarde', 2, 'Preinscrito', false, 1084, NOW(), NOW());
INSERT INTO requisitos_documentales (postulante_id, ci_digitalizado, certificado_nacimiento, titulo_bachiller_legalizado, formulario_preinscripcion, verificado_bd_externa, updated_at) VALUES (985, false, false, false, false, false, NOW());
INSERT INTO users (id, name, email, password, role, active, created_at, updated_at) VALUES (1085, 'Rosario Rodríguez', 'rosariorodríguez185@estudiante.edu.bo', '\$2y\$12\$TyO9cTQJ0O7NSPORyyP8Hup.wk8.BWNWu4itdEJYyjZ2Sem9DbFyi', 'Postulante', true, NOW(), NOW());
INSERT INTO postulantes (id, ci, nombres, apellidos, fecha_nacimiento, sexo, direccion, telefono, email, colegio_procedencia, ciudad, titulo_bachiller, primera_opcion_id, segunda_opcion_id, turno_preferencia, gestion_id, estado, recurrente, user_id, created_at, updated_at) VALUES (986, '2731013', 'Rosario', 'Rodríguez', '2005-01-15', 'M', NULL, '59181065345', 'rosariorodríguez185@estudiante.edu.bo', 'Colegio Boliviano', 'Santa Cruz de la Sierra', NULL, 1, 2, 'Tarde', 2, 'Preinscrito', false, 1085, NOW(), NOW());
INSERT INTO requisitos_documentales (postulante_id, ci_digitalizado, certificado_nacimiento, titulo_bachiller_legalizado, formulario_preinscripcion, verificado_bd_externa, updated_at) VALUES (986, false, false, false, false, false, NOW());
INSERT INTO users (id, name, email, password, role, active, created_at, updated_at) VALUES (1086, 'Rosario Tapia', 'rosariotapia186@estudiante.edu.bo', '\$2y\$12\$TyO9cTQJ0O7NSPORyyP8Hup.wk8.BWNWu4itdEJYyjZ2Sem9DbFyi', 'Postulante', true, NOW(), NOW());
INSERT INTO postulantes (id, ci, nombres, apellidos, fecha_nacimiento, sexo, direccion, telefono, email, colegio_procedencia, ciudad, titulo_bachiller, primera_opcion_id, segunda_opcion_id, turno_preferencia, gestion_id, estado, recurrente, user_id, created_at, updated_at) VALUES (987, '1347105', 'Rosario', 'Tapia', '2005-01-15', 'M', NULL, '59192290909', 'rosariotapia186@estudiante.edu.bo', 'Colegio Boliviano', 'Santa Cruz de la Sierra', NULL, 1, 2, 'Tarde', 2, 'Preinscrito', false, 1086, NOW(), NOW());
INSERT INTO requisitos_documentales (postulante_id, ci_digitalizado, certificado_nacimiento, titulo_bachiller_legalizado, formulario_preinscripcion, verificado_bd_externa, updated_at) VALUES (987, false, false, false, false, false, NOW());
INSERT INTO users (id, name, email, password, role, active, created_at, updated_at) VALUES (1087, 'Jorge Vargas', 'jorgevargas187@estudiante.edu.bo', '\$2y\$12\$TyO9cTQJ0O7NSPORyyP8Hup.wk8.BWNWu4itdEJYyjZ2Sem9DbFyi', 'Postulante', true, NOW(), NOW());
INSERT INTO postulantes (id, ci, nombres, apellidos, fecha_nacimiento, sexo, direccion, telefono, email, colegio_procedencia, ciudad, titulo_bachiller, primera_opcion_id, segunda_opcion_id, turno_preferencia, gestion_id, estado, recurrente, user_id, created_at, updated_at) VALUES (988, '7180244', 'Jorge', 'Vargas', '2005-01-15', 'M', NULL, '59174783440', 'jorgevargas187@estudiante.edu.bo', 'Colegio Boliviano', 'Santa Cruz de la Sierra', NULL, 1, 2, 'Tarde', 2, 'Preinscrito', false, 1087, NOW(), NOW());
INSERT INTO requisitos_documentales (postulante_id, ci_digitalizado, certificado_nacimiento, titulo_bachiller_legalizado, formulario_preinscripcion, verificado_bd_externa, updated_at) VALUES (988, false, false, false, false, false, NOW());
INSERT INTO users (id, name, email, password, role, active, created_at, updated_at) VALUES (1088, 'Jorge Castillo', 'jorgecastillo188@estudiante.edu.bo', '\$2y\$12\$TyO9cTQJ0O7NSPORyyP8Hup.wk8.BWNWu4itdEJYyjZ2Sem9DbFyi', 'Postulante', true, NOW(), NOW());
INSERT INTO postulantes (id, ci, nombres, apellidos, fecha_nacimiento, sexo, direccion, telefono, email, colegio_procedencia, ciudad, titulo_bachiller, primera_opcion_id, segunda_opcion_id, turno_preferencia, gestion_id, estado, recurrente, user_id, created_at, updated_at) VALUES (989, '9661658', 'Jorge', 'Castillo', '2005-01-15', 'M', NULL, '59198026270', 'jorgecastillo188@estudiante.edu.bo', 'Colegio Boliviano', 'Santa Cruz de la Sierra', NULL, 1, 2, 'Noche', 2, 'Preinscrito', false, 1088, NOW(), NOW());
INSERT INTO requisitos_documentales (postulante_id, ci_digitalizado, certificado_nacimiento, titulo_bachiller_legalizado, formulario_preinscripcion, verificado_bd_externa, updated_at) VALUES (989, false, false, false, false, false, NOW());
INSERT INTO users (id, name, email, password, role, active, created_at, updated_at) VALUES (1089, 'Jorge Navarro', 'jorgenavarro189@estudiante.edu.bo', '\$2y\$12\$TyO9cTQJ0O7NSPORyyP8Hup.wk8.BWNWu4itdEJYyjZ2Sem9DbFyi', 'Postulante', true, NOW(), NOW());
INSERT INTO postulantes (id, ci, nombres, apellidos, fecha_nacimiento, sexo, direccion, telefono, email, colegio_procedencia, ciudad, titulo_bachiller, primera_opcion_id, segunda_opcion_id, turno_preferencia, gestion_id, estado, recurrente, user_id, created_at, updated_at) VALUES (990, '9701906', 'Jorge', 'Navarro', '2005-01-15', 'M', NULL, '59179678897', 'jorgenavarro189@estudiante.edu.bo', 'Colegio Boliviano', 'Santa Cruz de la Sierra', NULL, 1, 2, 'Tarde', 2, 'Preinscrito', false, 1089, NOW(), NOW());
INSERT INTO requisitos_documentales (postulante_id, ci_digitalizado, certificado_nacimiento, titulo_bachiller_legalizado, formulario_preinscripcion, verificado_bd_externa, updated_at) VALUES (990, false, false, false, false, false, NOW());
INSERT INTO users (id, name, email, password, role, active, created_at, updated_at) VALUES (1090, 'Francisca Vázquez', 'franciscavázquez190@estudiante.edu.bo', '\$2y\$12\$TyO9cTQJ0O7NSPORyyP8Hup.wk8.BWNWu4itdEJYyjZ2Sem9DbFyi', 'Postulante', true, NOW(), NOW());
INSERT INTO postulantes (id, ci, nombres, apellidos, fecha_nacimiento, sexo, direccion, telefono, email, colegio_procedencia, ciudad, titulo_bachiller, primera_opcion_id, segunda_opcion_id, turno_preferencia, gestion_id, estado, recurrente, user_id, created_at, updated_at) VALUES (991, '8809703', 'Francisca', 'Vázquez', '2005-01-15', 'M', NULL, '59180802435', 'franciscavázquez190@estudiante.edu.bo', 'Colegio Boliviano', 'Santa Cruz de la Sierra', NULL, 1, 2, 'Noche', 2, 'Preinscrito', false, 1090, NOW(), NOW());
INSERT INTO requisitos_documentales (postulante_id, ci_digitalizado, certificado_nacimiento, titulo_bachiller_legalizado, formulario_preinscripcion, verificado_bd_externa, updated_at) VALUES (991, false, false, false, false, false, NOW());
INSERT INTO users (id, name, email, password, role, active, created_at, updated_at) VALUES (1091, 'Luis Vidal', 'luisvidal191@estudiante.edu.bo', '\$2y\$12\$TyO9cTQJ0O7NSPORyyP8Hup.wk8.BWNWu4itdEJYyjZ2Sem9DbFyi', 'Postulante', true, NOW(), NOW());
INSERT INTO postulantes (id, ci, nombres, apellidos, fecha_nacimiento, sexo, direccion, telefono, email, colegio_procedencia, ciudad, titulo_bachiller, primera_opcion_id, segunda_opcion_id, turno_preferencia, gestion_id, estado, recurrente, user_id, created_at, updated_at) VALUES (992, '6498219', 'Luis', 'Vidal', '2005-01-15', 'M', NULL, '59199204119', 'luisvidal191@estudiante.edu.bo', 'Colegio Boliviano', 'Santa Cruz de la Sierra', NULL, 1, 2, 'Manana', 2, 'Preinscrito', false, 1091, NOW(), NOW());
INSERT INTO requisitos_documentales (postulante_id, ci_digitalizado, certificado_nacimiento, titulo_bachiller_legalizado, formulario_preinscripcion, verificado_bd_externa, updated_at) VALUES (992, false, false, false, false, false, NOW());
INSERT INTO users (id, name, email, password, role, active, created_at, updated_at) VALUES (1092, 'Guillermo Rivas', 'guillermorivas192@estudiante.edu.bo', '\$2y\$12\$TyO9cTQJ0O7NSPORyyP8Hup.wk8.BWNWu4itdEJYyjZ2Sem9DbFyi', 'Postulante', true, NOW(), NOW());
INSERT INTO postulantes (id, ci, nombres, apellidos, fecha_nacimiento, sexo, direccion, telefono, email, colegio_procedencia, ciudad, titulo_bachiller, primera_opcion_id, segunda_opcion_id, turno_preferencia, gestion_id, estado, recurrente, user_id, created_at, updated_at) VALUES (993, '4798751', 'Guillermo', 'Rivas', '2005-01-15', 'M', NULL, '59193542127', 'guillermorivas192@estudiante.edu.bo', 'Colegio Boliviano', 'Santa Cruz de la Sierra', NULL, 1, 2, 'Manana', 2, 'Preinscrito', false, 1092, NOW(), NOW());
INSERT INTO requisitos_documentales (postulante_id, ci_digitalizado, certificado_nacimiento, titulo_bachiller_legalizado, formulario_preinscripcion, verificado_bd_externa, updated_at) VALUES (993, false, false, false, false, false, NOW());
INSERT INTO users (id, name, email, password, role, active, created_at, updated_at) VALUES (1093, 'Lorena Rodríguez', 'lorenarodríguez193@estudiante.edu.bo', '\$2y\$12\$TyO9cTQJ0O7NSPORyyP8Hup.wk8.BWNWu4itdEJYyjZ2Sem9DbFyi', 'Postulante', true, NOW(), NOW());
INSERT INTO postulantes (id, ci, nombres, apellidos, fecha_nacimiento, sexo, direccion, telefono, email, colegio_procedencia, ciudad, titulo_bachiller, primera_opcion_id, segunda_opcion_id, turno_preferencia, gestion_id, estado, recurrente, user_id, created_at, updated_at) VALUES (994, '7729396', 'Lorena', 'Rodríguez', '2005-01-15', 'M', NULL, '59176080802', 'lorenarodríguez193@estudiante.edu.bo', 'Colegio Boliviano', 'Santa Cruz de la Sierra', NULL, 1, 2, 'Tarde', 2, 'Preinscrito', false, 1093, NOW(), NOW());
INSERT INTO requisitos_documentales (postulante_id, ci_digitalizado, certificado_nacimiento, titulo_bachiller_legalizado, formulario_preinscripcion, verificado_bd_externa, updated_at) VALUES (994, false, false, false, false, false, NOW());
INSERT INTO users (id, name, email, password, role, active, created_at, updated_at) VALUES (1094, 'Jorge González', 'jorgegonzález194@estudiante.edu.bo', '\$2y\$12\$TyO9cTQJ0O7NSPORyyP8Hup.wk8.BWNWu4itdEJYyjZ2Sem9DbFyi', 'Postulante', true, NOW(), NOW());
INSERT INTO postulantes (id, ci, nombres, apellidos, fecha_nacimiento, sexo, direccion, telefono, email, colegio_procedencia, ciudad, titulo_bachiller, primera_opcion_id, segunda_opcion_id, turno_preferencia, gestion_id, estado, recurrente, user_id, created_at, updated_at) VALUES (995, '6068537', 'Jorge', 'González', '2005-01-15', 'M', NULL, '59190545863', 'jorgegonzález194@estudiante.edu.bo', 'Colegio Boliviano', 'Santa Cruz de la Sierra', NULL, 1, 2, 'Manana', 2, 'Preinscrito', false, 1094, NOW(), NOW());
INSERT INTO requisitos_documentales (postulante_id, ci_digitalizado, certificado_nacimiento, titulo_bachiller_legalizado, formulario_preinscripcion, verificado_bd_externa, updated_at) VALUES (995, false, false, false, false, false, NOW());
INSERT INTO users (id, name, email, password, role, active, created_at, updated_at) VALUES (1095, 'Carlos Vázquez', 'carlosvázquez195@estudiante.edu.bo', '\$2y\$12\$TyO9cTQJ0O7NSPORyyP8Hup.wk8.BWNWu4itdEJYyjZ2Sem9DbFyi', 'Postulante', true, NOW(), NOW());
INSERT INTO postulantes (id, ci, nombres, apellidos, fecha_nacimiento, sexo, direccion, telefono, email, colegio_procedencia, ciudad, titulo_bachiller, primera_opcion_id, segunda_opcion_id, turno_preferencia, gestion_id, estado, recurrente, user_id, created_at, updated_at) VALUES (996, '2696043', 'Carlos', 'Vázquez', '2005-01-15', 'M', NULL, '59182096825', 'carlosvázquez195@estudiante.edu.bo', 'Colegio Boliviano', 'Santa Cruz de la Sierra', NULL, 1, 2, 'Tarde', 2, 'Preinscrito', false, 1095, NOW(), NOW());
INSERT INTO requisitos_documentales (postulante_id, ci_digitalizado, certificado_nacimiento, titulo_bachiller_legalizado, formulario_preinscripcion, verificado_bd_externa, updated_at) VALUES (996, false, false, false, false, false, NOW());
INSERT INTO users (id, name, email, password, role, active, created_at, updated_at) VALUES (1096, 'Carlos Delgado', 'carlosdelgado196@estudiante.edu.bo', '\$2y\$12\$TyO9cTQJ0O7NSPORyyP8Hup.wk8.BWNWu4itdEJYyjZ2Sem9DbFyi', 'Postulante', true, NOW(), NOW());
INSERT INTO postulantes (id, ci, nombres, apellidos, fecha_nacimiento, sexo, direccion, telefono, email, colegio_procedencia, ciudad, titulo_bachiller, primera_opcion_id, segunda_opcion_id, turno_preferencia, gestion_id, estado, recurrente, user_id, created_at, updated_at) VALUES (997, '1103875', 'Carlos', 'Delgado', '2005-01-15', 'M', NULL, '59198401663', 'carlosdelgado196@estudiante.edu.bo', 'Colegio Boliviano', 'Santa Cruz de la Sierra', NULL, 1, 2, 'Tarde', 2, 'Preinscrito', false, 1096, NOW(), NOW());
INSERT INTO requisitos_documentales (postulante_id, ci_digitalizado, certificado_nacimiento, titulo_bachiller_legalizado, formulario_preinscripcion, verificado_bd_externa, updated_at) VALUES (997, false, false, false, false, false, NOW());
INSERT INTO users (id, name, email, password, role, active, created_at, updated_at) VALUES (1097, 'Laura Carrillo', 'lauracarrillo197@estudiante.edu.bo', '\$2y\$12\$TyO9cTQJ0O7NSPORyyP8Hup.wk8.BWNWu4itdEJYyjZ2Sem9DbFyi', 'Postulante', true, NOW(), NOW());
INSERT INTO postulantes (id, ci, nombres, apellidos, fecha_nacimiento, sexo, direccion, telefono, email, colegio_procedencia, ciudad, titulo_bachiller, primera_opcion_id, segunda_opcion_id, turno_preferencia, gestion_id, estado, recurrente, user_id, created_at, updated_at) VALUES (998, '2247635', 'Laura', 'Carrillo', '2005-01-15', 'M', NULL, '59168134628', 'lauracarrillo197@estudiante.edu.bo', 'Colegio Boliviano', 'Santa Cruz de la Sierra', NULL, 1, 2, 'Tarde', 2, 'Preinscrito', false, 1097, NOW(), NOW());
INSERT INTO requisitos_documentales (postulante_id, ci_digitalizado, certificado_nacimiento, titulo_bachiller_legalizado, formulario_preinscripcion, verificado_bd_externa, updated_at) VALUES (998, false, false, false, false, false, NOW());
INSERT INTO users (id, name, email, password, role, active, created_at, updated_at) VALUES (1098, 'Patricia Rojas', 'patriciarojas198@estudiante.edu.bo', '\$2y\$12\$TyO9cTQJ0O7NSPORyyP8Hup.wk8.BWNWu4itdEJYyjZ2Sem9DbFyi', 'Postulante', true, NOW(), NOW());
INSERT INTO postulantes (id, ci, nombres, apellidos, fecha_nacimiento, sexo, direccion, telefono, email, colegio_procedencia, ciudad, titulo_bachiller, primera_opcion_id, segunda_opcion_id, turno_preferencia, gestion_id, estado, recurrente, user_id, created_at, updated_at) VALUES (999, '8027491', 'Patricia', 'Rojas', '2005-01-15', 'M', NULL, '59178134950', 'patriciarojas198@estudiante.edu.bo', 'Colegio Boliviano', 'Santa Cruz de la Sierra', NULL, 1, 2, 'Tarde', 2, 'Preinscrito', false, 1098, NOW(), NOW());
INSERT INTO requisitos_documentales (postulante_id, ci_digitalizado, certificado_nacimiento, titulo_bachiller_legalizado, formulario_preinscripcion, verificado_bd_externa, updated_at) VALUES (999, false, false, false, false, false, NOW());
INSERT INTO users (id, name, email, password, role, active, created_at, updated_at) VALUES (1099, 'Rosa Reyes', 'rosareyes199@estudiante.edu.bo', '\$2y\$12\$TyO9cTQJ0O7NSPORyyP8Hup.wk8.BWNWu4itdEJYyjZ2Sem9DbFyi', 'Postulante', true, NOW(), NOW());
INSERT INTO postulantes (id, ci, nombres, apellidos, fecha_nacimiento, sexo, direccion, telefono, email, colegio_procedencia, ciudad, titulo_bachiller, primera_opcion_id, segunda_opcion_id, turno_preferencia, gestion_id, estado, recurrente, user_id, created_at, updated_at) VALUES (1000, '7685481', 'Rosa', 'Reyes', '2005-01-15', 'M', NULL, '59195345994', 'rosareyes199@estudiante.edu.bo', 'Colegio Boliviano', 'Santa Cruz de la Sierra', NULL, 1, 2, 'Tarde', 2, 'Preinscrito', false, 1099, NOW(), NOW());
INSERT INTO requisitos_documentales (postulante_id, ci_digitalizado, certificado_nacimiento, titulo_bachiller_legalizado, formulario_preinscripcion, verificado_bd_externa, updated_at) VALUES (1000, false, false, false, false, false, NOW());
-- 1000 postulantes insertados...
INSERT INTO users (id, name, email, password, role, active, created_at, updated_at) VALUES (1100, 'Marisol Castillo', 'marisolcastillo0@estudiante.edu.bo', '\$2y\$12\$TyO9cTQJ0O7NSPORyyP8Hup.wk8.BWNWu4itdEJYyjZ2Sem9DbFyi', 'Postulante', true, NOW(), NOW());
INSERT INTO postulantes (id, ci, nombres, apellidos, fecha_nacimiento, sexo, direccion, telefono, email, colegio_procedencia, ciudad, titulo_bachiller, primera_opcion_id, segunda_opcion_id, turno_preferencia, gestion_id, estado, recurrente, user_id, created_at, updated_at) VALUES (1001, '9782439', 'Marisol', 'Castillo', '2005-01-15', 'M', NULL, '59195923264', 'marisolcastillo0@estudiante.edu.bo', 'Colegio Boliviano', 'Santa Cruz de la Sierra', NULL, 2, 1, 'Noche', 2, 'Preinscrito', false, 1100, NOW(), NOW());
INSERT INTO requisitos_documentales (postulante_id, ci_digitalizado, certificado_nacimiento, titulo_bachiller_legalizado, formulario_preinscripcion, verificado_bd_externa, updated_at) VALUES (1001, false, false, false, false, false, NOW());
INSERT INTO users (id, name, email, password, role, active, created_at, updated_at) VALUES (1101, 'Isabel Domínguez', 'isabeldomínguez1@estudiante.edu.bo', '\$2y\$12\$TyO9cTQJ0O7NSPORyyP8Hup.wk8.BWNWu4itdEJYyjZ2Sem9DbFyi', 'Postulante', true, NOW(), NOW());
INSERT INTO postulantes (id, ci, nombres, apellidos, fecha_nacimiento, sexo, direccion, telefono, email, colegio_procedencia, ciudad, titulo_bachiller, primera_opcion_id, segunda_opcion_id, turno_preferencia, gestion_id, estado, recurrente, user_id, created_at, updated_at) VALUES (1002, '4489172', 'Isabel', 'Domínguez', '2005-01-15', 'M', NULL, '59182257887', 'isabeldomínguez1@estudiante.edu.bo', 'Colegio Boliviano', 'Santa Cruz de la Sierra', NULL, 2, 1, 'Tarde', 2, 'Preinscrito', false, 1101, NOW(), NOW());
INSERT INTO requisitos_documentales (postulante_id, ci_digitalizado, certificado_nacimiento, titulo_bachiller_legalizado, formulario_preinscripcion, verificado_bd_externa, updated_at) VALUES (1002, false, false, false, false, false, NOW());
INSERT INTO users (id, name, email, password, role, active, created_at, updated_at) VALUES (1102, 'Diego López', 'diegolópez2@estudiante.edu.bo', '\$2y\$12\$TyO9cTQJ0O7NSPORyyP8Hup.wk8.BWNWu4itdEJYyjZ2Sem9DbFyi', 'Postulante', true, NOW(), NOW());
INSERT INTO postulantes (id, ci, nombres, apellidos, fecha_nacimiento, sexo, direccion, telefono, email, colegio_procedencia, ciudad, titulo_bachiller, primera_opcion_id, segunda_opcion_id, turno_preferencia, gestion_id, estado, recurrente, user_id, created_at, updated_at) VALUES (1003, '4735635', 'Diego', 'López', '2005-01-15', 'M', NULL, '59169768797', 'diegolópez2@estudiante.edu.bo', 'Colegio Boliviano', 'Santa Cruz de la Sierra', NULL, 2, 1, 'Tarde', 2, 'Preinscrito', false, 1102, NOW(), NOW());
INSERT INTO requisitos_documentales (postulante_id, ci_digitalizado, certificado_nacimiento, titulo_bachiller_legalizado, formulario_preinscripcion, verificado_bd_externa, updated_at) VALUES (1003, false, false, false, false, false, NOW());
INSERT INTO users (id, name, email, password, role, active, created_at, updated_at) VALUES (1103, 'Jorge Acosta', 'jorgeacosta3@estudiante.edu.bo', '\$2y\$12\$TyO9cTQJ0O7NSPORyyP8Hup.wk8.BWNWu4itdEJYyjZ2Sem9DbFyi', 'Postulante', true, NOW(), NOW());
INSERT INTO postulantes (id, ci, nombres, apellidos, fecha_nacimiento, sexo, direccion, telefono, email, colegio_procedencia, ciudad, titulo_bachiller, primera_opcion_id, segunda_opcion_id, turno_preferencia, gestion_id, estado, recurrente, user_id, created_at, updated_at) VALUES (1004, '4754007', 'Jorge', 'Acosta', '2005-01-15', 'M', NULL, '59162653862', 'jorgeacosta3@estudiante.edu.bo', 'Colegio Boliviano', 'Santa Cruz de la Sierra', NULL, 2, 1, 'Noche', 2, 'Preinscrito', false, 1103, NOW(), NOW());
INSERT INTO requisitos_documentales (postulante_id, ci_digitalizado, certificado_nacimiento, titulo_bachiller_legalizado, formulario_preinscripcion, verificado_bd_externa, updated_at) VALUES (1004, false, false, false, false, false, NOW());
INSERT INTO users (id, name, email, password, role, active, created_at, updated_at) VALUES (1104, 'Sergio González', 'sergiogonzález4@estudiante.edu.bo', '\$2y\$12\$TyO9cTQJ0O7NSPORyyP8Hup.wk8.BWNWu4itdEJYyjZ2Sem9DbFyi', 'Postulante', true, NOW(), NOW());
INSERT INTO postulantes (id, ci, nombres, apellidos, fecha_nacimiento, sexo, direccion, telefono, email, colegio_procedencia, ciudad, titulo_bachiller, primera_opcion_id, segunda_opcion_id, turno_preferencia, gestion_id, estado, recurrente, user_id, created_at, updated_at) VALUES (1005, '5907549', 'Sergio', 'González', '2005-01-15', 'M', NULL, '59168319096', 'sergiogonzález4@estudiante.edu.bo', 'Colegio Boliviano', 'Santa Cruz de la Sierra', NULL, 2, 1, 'Manana', 2, 'Preinscrito', false, 1104, NOW(), NOW());
INSERT INTO requisitos_documentales (postulante_id, ci_digitalizado, certificado_nacimiento, titulo_bachiller_legalizado, formulario_preinscripcion, verificado_bd_externa, updated_at) VALUES (1005, false, false, false, false, false, NOW());
INSERT INTO users (id, name, email, password, role, active, created_at, updated_at) VALUES (1105, 'Irene Sánchez', 'irenesánchez5@estudiante.edu.bo', '\$2y\$12\$TyO9cTQJ0O7NSPORyyP8Hup.wk8.BWNWu4itdEJYyjZ2Sem9DbFyi', 'Postulante', true, NOW(), NOW());
INSERT INTO postulantes (id, ci, nombres, apellidos, fecha_nacimiento, sexo, direccion, telefono, email, colegio_procedencia, ciudad, titulo_bachiller, primera_opcion_id, segunda_opcion_id, turno_preferencia, gestion_id, estado, recurrente, user_id, created_at, updated_at) VALUES (1006, '5818597', 'Irene', 'Sánchez', '2005-01-15', 'M', NULL, '59199046458', 'irenesánchez5@estudiante.edu.bo', 'Colegio Boliviano', 'Santa Cruz de la Sierra', NULL, 2, 1, 'Noche', 2, 'Preinscrito', false, 1105, NOW(), NOW());
INSERT INTO requisitos_documentales (postulante_id, ci_digitalizado, certificado_nacimiento, titulo_bachiller_legalizado, formulario_preinscripcion, verificado_bd_externa, updated_at) VALUES (1006, false, false, false, false, false, NOW());
INSERT INTO users (id, name, email, password, role, active, created_at, updated_at) VALUES (1106, 'Elena Reyes', 'elenareyes6@estudiante.edu.bo', '\$2y\$12\$TyO9cTQJ0O7NSPORyyP8Hup.wk8.BWNWu4itdEJYyjZ2Sem9DbFyi', 'Postulante', true, NOW(), NOW());
INSERT INTO postulantes (id, ci, nombres, apellidos, fecha_nacimiento, sexo, direccion, telefono, email, colegio_procedencia, ciudad, titulo_bachiller, primera_opcion_id, segunda_opcion_id, turno_preferencia, gestion_id, estado, recurrente, user_id, created_at, updated_at) VALUES (1007, '2576218', 'Elena', 'Reyes', '2005-01-15', 'M', NULL, '59179746831', 'elenareyes6@estudiante.edu.bo', 'Colegio Boliviano', 'Santa Cruz de la Sierra', NULL, 2, 1, 'Manana', 2, 'Preinscrito', false, 1106, NOW(), NOW());
INSERT INTO requisitos_documentales (postulante_id, ci_digitalizado, certificado_nacimiento, titulo_bachiller_legalizado, formulario_preinscripcion, verificado_bd_externa, updated_at) VALUES (1007, false, false, false, false, false, NOW());
INSERT INTO users (id, name, email, password, role, active, created_at, updated_at) VALUES (1107, 'Eduardo Castillo', 'eduardocastillo7@estudiante.edu.bo', '\$2y\$12\$TyO9cTQJ0O7NSPORyyP8Hup.wk8.BWNWu4itdEJYyjZ2Sem9DbFyi', 'Postulante', true, NOW(), NOW());
INSERT INTO postulantes (id, ci, nombres, apellidos, fecha_nacimiento, sexo, direccion, telefono, email, colegio_procedencia, ciudad, titulo_bachiller, primera_opcion_id, segunda_opcion_id, turno_preferencia, gestion_id, estado, recurrente, user_id, created_at, updated_at) VALUES (1008, '1235520', 'Eduardo', 'Castillo', '2005-01-15', 'M', NULL, '59170950788', 'eduardocastillo7@estudiante.edu.bo', 'Colegio Boliviano', 'Santa Cruz de la Sierra', NULL, 2, 1, 'Tarde', 2, 'Preinscrito', false, 1107, NOW(), NOW());
INSERT INTO requisitos_documentales (postulante_id, ci_digitalizado, certificado_nacimiento, titulo_bachiller_legalizado, formulario_preinscripcion, verificado_bd_externa, updated_at) VALUES (1008, false, false, false, false, false, NOW());
INSERT INTO users (id, name, email, password, role, active, created_at, updated_at) VALUES (1108, 'Héctor Martínez', 'héctormartínez8@estudiante.edu.bo', '\$2y\$12\$TyO9cTQJ0O7NSPORyyP8Hup.wk8.BWNWu4itdEJYyjZ2Sem9DbFyi', 'Postulante', true, NOW(), NOW());
INSERT INTO postulantes (id, ci, nombres, apellidos, fecha_nacimiento, sexo, direccion, telefono, email, colegio_procedencia, ciudad, titulo_bachiller, primera_opcion_id, segunda_opcion_id, turno_preferencia, gestion_id, estado, recurrente, user_id, created_at, updated_at) VALUES (1009, '3198957', 'Héctor', 'Martínez', '2005-01-15', 'M', NULL, '59189895156', 'héctormartínez8@estudiante.edu.bo', 'Colegio Boliviano', 'Santa Cruz de la Sierra', NULL, 2, 1, 'Manana', 2, 'Preinscrito', false, 1108, NOW(), NOW());
INSERT INTO requisitos_documentales (postulante_id, ci_digitalizado, certificado_nacimiento, titulo_bachiller_legalizado, formulario_preinscripcion, verificado_bd_externa, updated_at) VALUES (1009, false, false, false, false, false, NOW());
INSERT INTO users (id, name, email, password, role, active, created_at, updated_at) VALUES (1109, 'Gabriela Jiménez', 'gabrielajiménez9@estudiante.edu.bo', '\$2y\$12\$TyO9cTQJ0O7NSPORyyP8Hup.wk8.BWNWu4itdEJYyjZ2Sem9DbFyi', 'Postulante', true, NOW(), NOW());
INSERT INTO postulantes (id, ci, nombres, apellidos, fecha_nacimiento, sexo, direccion, telefono, email, colegio_procedencia, ciudad, titulo_bachiller, primera_opcion_id, segunda_opcion_id, turno_preferencia, gestion_id, estado, recurrente, user_id, created_at, updated_at) VALUES (1010, '8568886', 'Gabriela', 'Jiménez', '2005-01-15', 'M', NULL, '59195351266', 'gabrielajiménez9@estudiante.edu.bo', 'Colegio Boliviano', 'Santa Cruz de la Sierra', NULL, 2, 1, 'Noche', 2, 'Preinscrito', false, 1109, NOW(), NOW());
INSERT INTO requisitos_documentales (postulante_id, ci_digitalizado, certificado_nacimiento, titulo_bachiller_legalizado, formulario_preinscripcion, verificado_bd_externa, updated_at) VALUES (1010, false, false, false, false, false, NOW());
INSERT INTO users (id, name, email, password, role, active, created_at, updated_at) VALUES (1110, 'Ana Vega', 'anavega10@estudiante.edu.bo', '\$2y\$12\$TyO9cTQJ0O7NSPORyyP8Hup.wk8.BWNWu4itdEJYyjZ2Sem9DbFyi', 'Postulante', true, NOW(), NOW());
INSERT INTO postulantes (id, ci, nombres, apellidos, fecha_nacimiento, sexo, direccion, telefono, email, colegio_procedencia, ciudad, titulo_bachiller, primera_opcion_id, segunda_opcion_id, turno_preferencia, gestion_id, estado, recurrente, user_id, created_at, updated_at) VALUES (1011, '3675500', 'Ana', 'Vega', '2005-01-15', 'M', NULL, '59178643740', 'anavega10@estudiante.edu.bo', 'Colegio Boliviano', 'Santa Cruz de la Sierra', NULL, 2, 1, 'Noche', 2, 'Preinscrito', false, 1110, NOW(), NOW());
INSERT INTO requisitos_documentales (postulante_id, ci_digitalizado, certificado_nacimiento, titulo_bachiller_legalizado, formulario_preinscripcion, verificado_bd_externa, updated_at) VALUES (1011, false, false, false, false, false, NOW());
INSERT INTO users (id, name, email, password, role, active, created_at, updated_at) VALUES (1111, 'Francisca Guerrero', 'franciscaguerrero11@estudiante.edu.bo', '\$2y\$12\$TyO9cTQJ0O7NSPORyyP8Hup.wk8.BWNWu4itdEJYyjZ2Sem9DbFyi', 'Postulante', true, NOW(), NOW());
INSERT INTO postulantes (id, ci, nombres, apellidos, fecha_nacimiento, sexo, direccion, telefono, email, colegio_procedencia, ciudad, titulo_bachiller, primera_opcion_id, segunda_opcion_id, turno_preferencia, gestion_id, estado, recurrente, user_id, created_at, updated_at) VALUES (1012, '5330135', 'Francisca', 'Guerrero', '2005-01-15', 'M', NULL, '59183225072', 'franciscaguerrero11@estudiante.edu.bo', 'Colegio Boliviano', 'Santa Cruz de la Sierra', NULL, 2, 1, 'Tarde', 2, 'Preinscrito', false, 1111, NOW(), NOW());
INSERT INTO requisitos_documentales (postulante_id, ci_digitalizado, certificado_nacimiento, titulo_bachiller_legalizado, formulario_preinscripcion, verificado_bd_externa, updated_at) VALUES (1012, false, false, false, false, false, NOW());
INSERT INTO users (id, name, email, password, role, active, created_at, updated_at) VALUES (1112, 'Beatriz Morales', 'beatrizmorales12@estudiante.edu.bo', '\$2y\$12\$TyO9cTQJ0O7NSPORyyP8Hup.wk8.BWNWu4itdEJYyjZ2Sem9DbFyi', 'Postulante', true, NOW(), NOW());
INSERT INTO postulantes (id, ci, nombres, apellidos, fecha_nacimiento, sexo, direccion, telefono, email, colegio_procedencia, ciudad, titulo_bachiller, primera_opcion_id, segunda_opcion_id, turno_preferencia, gestion_id, estado, recurrente, user_id, created_at, updated_at) VALUES (1013, '6571736', 'Beatriz', 'Morales', '2005-01-15', 'M', NULL, '59169926520', 'beatrizmorales12@estudiante.edu.bo', 'Colegio Boliviano', 'Santa Cruz de la Sierra', NULL, 2, 1, 'Noche', 2, 'Preinscrito', false, 1112, NOW(), NOW());
INSERT INTO requisitos_documentales (postulante_id, ci_digitalizado, certificado_nacimiento, titulo_bachiller_legalizado, formulario_preinscripcion, verificado_bd_externa, updated_at) VALUES (1013, false, false, false, false, false, NOW());
INSERT INTO users (id, name, email, password, role, active, created_at, updated_at) VALUES (1113, 'Patricia Fuentes', 'patriciafuentes13@estudiante.edu.bo', '\$2y\$12\$TyO9cTQJ0O7NSPORyyP8Hup.wk8.BWNWu4itdEJYyjZ2Sem9DbFyi', 'Postulante', true, NOW(), NOW());
INSERT INTO postulantes (id, ci, nombres, apellidos, fecha_nacimiento, sexo, direccion, telefono, email, colegio_procedencia, ciudad, titulo_bachiller, primera_opcion_id, segunda_opcion_id, turno_preferencia, gestion_id, estado, recurrente, user_id, created_at, updated_at) VALUES (1014, '2778685', 'Patricia', 'Fuentes', '2005-01-15', 'M', NULL, '59184741967', 'patriciafuentes13@estudiante.edu.bo', 'Colegio Boliviano', 'Santa Cruz de la Sierra', NULL, 2, 1, 'Manana', 2, 'Preinscrito', false, 1113, NOW(), NOW());
INSERT INTO requisitos_documentales (postulante_id, ci_digitalizado, certificado_nacimiento, titulo_bachiller_legalizado, formulario_preinscripcion, verificado_bd_externa, updated_at) VALUES (1014, false, false, false, false, false, NOW());
INSERT INTO users (id, name, email, password, role, active, created_at, updated_at) VALUES (1114, 'Jorge Rivera', 'jorgerivera14@estudiante.edu.bo', '\$2y\$12\$TyO9cTQJ0O7NSPORyyP8Hup.wk8.BWNWu4itdEJYyjZ2Sem9DbFyi', 'Postulante', true, NOW(), NOW());
INSERT INTO postulantes (id, ci, nombres, apellidos, fecha_nacimiento, sexo, direccion, telefono, email, colegio_procedencia, ciudad, titulo_bachiller, primera_opcion_id, segunda_opcion_id, turno_preferencia, gestion_id, estado, recurrente, user_id, created_at, updated_at) VALUES (1015, '7437585', 'Jorge', 'Rivera', '2005-01-15', 'M', NULL, '59165857440', 'jorgerivera14@estudiante.edu.bo', 'Colegio Boliviano', 'Santa Cruz de la Sierra', NULL, 2, 1, 'Tarde', 2, 'Preinscrito', false, 1114, NOW(), NOW());
INSERT INTO requisitos_documentales (postulante_id, ci_digitalizado, certificado_nacimiento, titulo_bachiller_legalizado, formulario_preinscripcion, verificado_bd_externa, updated_at) VALUES (1015, false, false, false, false, false, NOW());
INSERT INTO users (id, name, email, password, role, active, created_at, updated_at) VALUES (1115, 'Patricia Valdez', 'patriciavaldez15@estudiante.edu.bo', '\$2y\$12\$TyO9cTQJ0O7NSPORyyP8Hup.wk8.BWNWu4itdEJYyjZ2Sem9DbFyi', 'Postulante', true, NOW(), NOW());
INSERT INTO postulantes (id, ci, nombres, apellidos, fecha_nacimiento, sexo, direccion, telefono, email, colegio_procedencia, ciudad, titulo_bachiller, primera_opcion_id, segunda_opcion_id, turno_preferencia, gestion_id, estado, recurrente, user_id, created_at, updated_at) VALUES (1016, '8149905', 'Patricia', 'Valdez', '2005-01-15', 'M', NULL, '59191366030', 'patriciavaldez15@estudiante.edu.bo', 'Colegio Boliviano', 'Santa Cruz de la Sierra', NULL, 2, 1, 'Manana', 2, 'Preinscrito', false, 1115, NOW(), NOW());
INSERT INTO requisitos_documentales (postulante_id, ci_digitalizado, certificado_nacimiento, titulo_bachiller_legalizado, formulario_preinscripcion, verificado_bd_externa, updated_at) VALUES (1016, false, false, false, false, false, NOW());
INSERT INTO users (id, name, email, password, role, active, created_at, updated_at) VALUES (1116, 'Matías Castillo', 'matíascastillo16@estudiante.edu.bo', '\$2y\$12\$TyO9cTQJ0O7NSPORyyP8Hup.wk8.BWNWu4itdEJYyjZ2Sem9DbFyi', 'Postulante', true, NOW(), NOW());
INSERT INTO postulantes (id, ci, nombres, apellidos, fecha_nacimiento, sexo, direccion, telefono, email, colegio_procedencia, ciudad, titulo_bachiller, primera_opcion_id, segunda_opcion_id, turno_preferencia, gestion_id, estado, recurrente, user_id, created_at, updated_at) VALUES (1017, '2193340', 'Matías', 'Castillo', '2005-01-15', 'M', NULL, '59173146293', 'matíascastillo16@estudiante.edu.bo', 'Colegio Boliviano', 'Santa Cruz de la Sierra', NULL, 2, 1, 'Manana', 2, 'Preinscrito', false, 1116, NOW(), NOW());
INSERT INTO requisitos_documentales (postulante_id, ci_digitalizado, certificado_nacimiento, titulo_bachiller_legalizado, formulario_preinscripcion, verificado_bd_externa, updated_at) VALUES (1017, false, false, false, false, false, NOW());
INSERT INTO users (id, name, email, password, role, active, created_at, updated_at) VALUES (1117, 'Patricia Rodríguez', 'patriciarodríguez17@estudiante.edu.bo', '\$2y\$12\$TyO9cTQJ0O7NSPORyyP8Hup.wk8.BWNWu4itdEJYyjZ2Sem9DbFyi', 'Postulante', true, NOW(), NOW());
INSERT INTO postulantes (id, ci, nombres, apellidos, fecha_nacimiento, sexo, direccion, telefono, email, colegio_procedencia, ciudad, titulo_bachiller, primera_opcion_id, segunda_opcion_id, turno_preferencia, gestion_id, estado, recurrente, user_id, created_at, updated_at) VALUES (1018, '3426958', 'Patricia', 'Rodríguez', '2005-01-15', 'M', NULL, '59160907540', 'patriciarodríguez17@estudiante.edu.bo', 'Colegio Boliviano', 'Santa Cruz de la Sierra', NULL, 2, 1, 'Tarde', 2, 'Preinscrito', false, 1117, NOW(), NOW());
INSERT INTO requisitos_documentales (postulante_id, ci_digitalizado, certificado_nacimiento, titulo_bachiller_legalizado, formulario_preinscripcion, verificado_bd_externa, updated_at) VALUES (1018, false, false, false, false, false, NOW());
INSERT INTO users (id, name, email, password, role, active, created_at, updated_at) VALUES (1118, 'Fernando Hernández', 'fernandohernández18@estudiante.edu.bo', '\$2y\$12\$TyO9cTQJ0O7NSPORyyP8Hup.wk8.BWNWu4itdEJYyjZ2Sem9DbFyi', 'Postulante', true, NOW(), NOW());
INSERT INTO postulantes (id, ci, nombres, apellidos, fecha_nacimiento, sexo, direccion, telefono, email, colegio_procedencia, ciudad, titulo_bachiller, primera_opcion_id, segunda_opcion_id, turno_preferencia, gestion_id, estado, recurrente, user_id, created_at, updated_at) VALUES (1019, '7460390', 'Fernando', 'Hernández', '2005-01-15', 'M', NULL, '59173230719', 'fernandohernández18@estudiante.edu.bo', 'Colegio Boliviano', 'Santa Cruz de la Sierra', NULL, 2, 1, 'Manana', 2, 'Preinscrito', false, 1118, NOW(), NOW());
INSERT INTO requisitos_documentales (postulante_id, ci_digitalizado, certificado_nacimiento, titulo_bachiller_legalizado, formulario_preinscripcion, verificado_bd_externa, updated_at) VALUES (1019, false, false, false, false, false, NOW());
INSERT INTO users (id, name, email, password, role, active, created_at, updated_at) VALUES (1119, 'Sandra Sánchez', 'sandrasánchez19@estudiante.edu.bo', '\$2y\$12\$TyO9cTQJ0O7NSPORyyP8Hup.wk8.BWNWu4itdEJYyjZ2Sem9DbFyi', 'Postulante', true, NOW(), NOW());
INSERT INTO postulantes (id, ci, nombres, apellidos, fecha_nacimiento, sexo, direccion, telefono, email, colegio_procedencia, ciudad, titulo_bachiller, primera_opcion_id, segunda_opcion_id, turno_preferencia, gestion_id, estado, recurrente, user_id, created_at, updated_at) VALUES (1020, '1636219', 'Sandra', 'Sánchez', '2005-01-15', 'M', NULL, '59188012495', 'sandrasánchez19@estudiante.edu.bo', 'Colegio Boliviano', 'Santa Cruz de la Sierra', NULL, 2, 1, 'Noche', 2, 'Preinscrito', false, 1119, NOW(), NOW());
INSERT INTO requisitos_documentales (postulante_id, ci_digitalizado, certificado_nacimiento, titulo_bachiller_legalizado, formulario_preinscripcion, verificado_bd_externa, updated_at) VALUES (1020, false, false, false, false, false, NOW());
INSERT INTO users (id, name, email, password, role, active, created_at, updated_at) VALUES (1120, 'Víctor Torres', 'víctortorres20@estudiante.edu.bo', '\$2y\$12\$TyO9cTQJ0O7NSPORyyP8Hup.wk8.BWNWu4itdEJYyjZ2Sem9DbFyi', 'Postulante', true, NOW(), NOW());
INSERT INTO postulantes (id, ci, nombres, apellidos, fecha_nacimiento, sexo, direccion, telefono, email, colegio_procedencia, ciudad, titulo_bachiller, primera_opcion_id, segunda_opcion_id, turno_preferencia, gestion_id, estado, recurrente, user_id, created_at, updated_at) VALUES (1021, '2394494', 'Víctor', 'Torres', '2005-01-15', 'M', NULL, '59197118846', 'víctortorres20@estudiante.edu.bo', 'Colegio Boliviano', 'Santa Cruz de la Sierra', NULL, 2, 1, 'Noche', 2, 'Preinscrito', false, 1120, NOW(), NOW());
INSERT INTO requisitos_documentales (postulante_id, ci_digitalizado, certificado_nacimiento, titulo_bachiller_legalizado, formulario_preinscripcion, verificado_bd_externa, updated_at) VALUES (1021, false, false, false, false, false, NOW());
INSERT INTO users (id, name, email, password, role, active, created_at, updated_at) VALUES (1121, 'Pedro Morales', 'pedromorales21@estudiante.edu.bo', '\$2y\$12\$TyO9cTQJ0O7NSPORyyP8Hup.wk8.BWNWu4itdEJYyjZ2Sem9DbFyi', 'Postulante', true, NOW(), NOW());
INSERT INTO postulantes (id, ci, nombres, apellidos, fecha_nacimiento, sexo, direccion, telefono, email, colegio_procedencia, ciudad, titulo_bachiller, primera_opcion_id, segunda_opcion_id, turno_preferencia, gestion_id, estado, recurrente, user_id, created_at, updated_at) VALUES (1022, '5780121', 'Pedro', 'Morales', '2005-01-15', 'M', NULL, '59176464973', 'pedromorales21@estudiante.edu.bo', 'Colegio Boliviano', 'Santa Cruz de la Sierra', NULL, 2, 1, 'Tarde', 2, 'Preinscrito', false, 1121, NOW(), NOW());
INSERT INTO requisitos_documentales (postulante_id, ci_digitalizado, certificado_nacimiento, titulo_bachiller_legalizado, formulario_preinscripcion, verificado_bd_externa, updated_at) VALUES (1022, false, false, false, false, false, NOW());
INSERT INTO users (id, name, email, password, role, active, created_at, updated_at) VALUES (1122, 'Natalia Rodríguez', 'nataliarodríguez22@estudiante.edu.bo', '\$2y\$12\$TyO9cTQJ0O7NSPORyyP8Hup.wk8.BWNWu4itdEJYyjZ2Sem9DbFyi', 'Postulante', true, NOW(), NOW());
INSERT INTO postulantes (id, ci, nombres, apellidos, fecha_nacimiento, sexo, direccion, telefono, email, colegio_procedencia, ciudad, titulo_bachiller, primera_opcion_id, segunda_opcion_id, turno_preferencia, gestion_id, estado, recurrente, user_id, created_at, updated_at) VALUES (1023, '3495593', 'Natalia', 'Rodríguez', '2005-01-15', 'M', NULL, '59183985810', 'nataliarodríguez22@estudiante.edu.bo', 'Colegio Boliviano', 'Santa Cruz de la Sierra', NULL, 2, 1, 'Tarde', 2, 'Preinscrito', false, 1122, NOW(), NOW());
INSERT INTO requisitos_documentales (postulante_id, ci_digitalizado, certificado_nacimiento, titulo_bachiller_legalizado, formulario_preinscripcion, verificado_bd_externa, updated_at) VALUES (1023, false, false, false, false, false, NOW());
INSERT INTO users (id, name, email, password, role, active, created_at, updated_at) VALUES (1123, 'Francisca Rivas', 'franciscarivas23@estudiante.edu.bo', '\$2y\$12\$TyO9cTQJ0O7NSPORyyP8Hup.wk8.BWNWu4itdEJYyjZ2Sem9DbFyi', 'Postulante', true, NOW(), NOW());
INSERT INTO postulantes (id, ci, nombres, apellidos, fecha_nacimiento, sexo, direccion, telefono, email, colegio_procedencia, ciudad, titulo_bachiller, primera_opcion_id, segunda_opcion_id, turno_preferencia, gestion_id, estado, recurrente, user_id, created_at, updated_at) VALUES (1024, '5031018', 'Francisca', 'Rivas', '2005-01-15', 'M', NULL, '59175654108', 'franciscarivas23@estudiante.edu.bo', 'Colegio Boliviano', 'Santa Cruz de la Sierra', NULL, 2, 1, 'Noche', 2, 'Preinscrito', false, 1123, NOW(), NOW());
INSERT INTO requisitos_documentales (postulante_id, ci_digitalizado, certificado_nacimiento, titulo_bachiller_legalizado, formulario_preinscripcion, verificado_bd_externa, updated_at) VALUES (1024, false, false, false, false, false, NOW());
INSERT INTO users (id, name, email, password, role, active, created_at, updated_at) VALUES (1124, 'Sergio Fuentes', 'sergiofuentes24@estudiante.edu.bo', '\$2y\$12\$TyO9cTQJ0O7NSPORyyP8Hup.wk8.BWNWu4itdEJYyjZ2Sem9DbFyi', 'Postulante', true, NOW(), NOW());
INSERT INTO postulantes (id, ci, nombres, apellidos, fecha_nacimiento, sexo, direccion, telefono, email, colegio_procedencia, ciudad, titulo_bachiller, primera_opcion_id, segunda_opcion_id, turno_preferencia, gestion_id, estado, recurrente, user_id, created_at, updated_at) VALUES (1025, '7533088', 'Sergio', 'Fuentes', '2005-01-15', 'M', NULL, '59174089089', 'sergiofuentes24@estudiante.edu.bo', 'Colegio Boliviano', 'Santa Cruz de la Sierra', NULL, 2, 1, 'Noche', 2, 'Preinscrito', false, 1124, NOW(), NOW());
INSERT INTO requisitos_documentales (postulante_id, ci_digitalizado, certificado_nacimiento, titulo_bachiller_legalizado, formulario_preinscripcion, verificado_bd_externa, updated_at) VALUES (1025, false, false, false, false, false, NOW());
INSERT INTO users (id, name, email, password, role, active, created_at, updated_at) VALUES (1125, 'Laura Silva', 'laurasilva25@estudiante.edu.bo', '\$2y\$12\$TyO9cTQJ0O7NSPORyyP8Hup.wk8.BWNWu4itdEJYyjZ2Sem9DbFyi', 'Postulante', true, NOW(), NOW());
INSERT INTO postulantes (id, ci, nombres, apellidos, fecha_nacimiento, sexo, direccion, telefono, email, colegio_procedencia, ciudad, titulo_bachiller, primera_opcion_id, segunda_opcion_id, turno_preferencia, gestion_id, estado, recurrente, user_id, created_at, updated_at) VALUES (1026, '7979524', 'Laura', 'Silva', '2005-01-15', 'M', NULL, '59162152943', 'laurasilva25@estudiante.edu.bo', 'Colegio Boliviano', 'Santa Cruz de la Sierra', NULL, 2, 1, 'Tarde', 2, 'Preinscrito', false, 1125, NOW(), NOW());
INSERT INTO requisitos_documentales (postulante_id, ci_digitalizado, certificado_nacimiento, titulo_bachiller_legalizado, formulario_preinscripcion, verificado_bd_externa, updated_at) VALUES (1026, false, false, false, false, false, NOW());
INSERT INTO users (id, name, email, password, role, active, created_at, updated_at) VALUES (1126, 'Sergio González', 'sergiogonzález26@estudiante.edu.bo', '\$2y\$12\$TyO9cTQJ0O7NSPORyyP8Hup.wk8.BWNWu4itdEJYyjZ2Sem9DbFyi', 'Postulante', true, NOW(), NOW());
INSERT INTO postulantes (id, ci, nombres, apellidos, fecha_nacimiento, sexo, direccion, telefono, email, colegio_procedencia, ciudad, titulo_bachiller, primera_opcion_id, segunda_opcion_id, turno_preferencia, gestion_id, estado, recurrente, user_id, created_at, updated_at) VALUES (1027, '6851837', 'Sergio', 'González', '2005-01-15', 'M', NULL, '59188670829', 'sergiogonzález26@estudiante.edu.bo', 'Colegio Boliviano', 'Santa Cruz de la Sierra', NULL, 2, 1, 'Manana', 2, 'Preinscrito', false, 1126, NOW(), NOW());
INSERT INTO requisitos_documentales (postulante_id, ci_digitalizado, certificado_nacimiento, titulo_bachiller_legalizado, formulario_preinscripcion, verificado_bd_externa, updated_at) VALUES (1027, false, false, false, false, false, NOW());
INSERT INTO users (id, name, email, password, role, active, created_at, updated_at) VALUES (1127, 'Juan López', 'juanlópez27@estudiante.edu.bo', '\$2y\$12\$TyO9cTQJ0O7NSPORyyP8Hup.wk8.BWNWu4itdEJYyjZ2Sem9DbFyi', 'Postulante', true, NOW(), NOW());
INSERT INTO postulantes (id, ci, nombres, apellidos, fecha_nacimiento, sexo, direccion, telefono, email, colegio_procedencia, ciudad, titulo_bachiller, primera_opcion_id, segunda_opcion_id, turno_preferencia, gestion_id, estado, recurrente, user_id, created_at, updated_at) VALUES (1028, '3432658', 'Juan', 'López', '2005-01-15', 'M', NULL, '59188597775', 'juanlópez27@estudiante.edu.bo', 'Colegio Boliviano', 'Santa Cruz de la Sierra', NULL, 2, 1, 'Manana', 2, 'Preinscrito', false, 1127, NOW(), NOW());
INSERT INTO requisitos_documentales (postulante_id, ci_digitalizado, certificado_nacimiento, titulo_bachiller_legalizado, formulario_preinscripcion, verificado_bd_externa, updated_at) VALUES (1028, false, false, false, false, false, NOW());
INSERT INTO users (id, name, email, password, role, active, created_at, updated_at) VALUES (1128, 'Luis Guerrero', 'luisguerrero28@estudiante.edu.bo', '\$2y\$12\$TyO9cTQJ0O7NSPORyyP8Hup.wk8.BWNWu4itdEJYyjZ2Sem9DbFyi', 'Postulante', true, NOW(), NOW());
INSERT INTO postulantes (id, ci, nombres, apellidos, fecha_nacimiento, sexo, direccion, telefono, email, colegio_procedencia, ciudad, titulo_bachiller, primera_opcion_id, segunda_opcion_id, turno_preferencia, gestion_id, estado, recurrente, user_id, created_at, updated_at) VALUES (1029, '3988090', 'Luis', 'Guerrero', '2005-01-15', 'M', NULL, '59193433210', 'luisguerrero28@estudiante.edu.bo', 'Colegio Boliviano', 'Santa Cruz de la Sierra', NULL, 2, 1, 'Noche', 2, 'Preinscrito', false, 1128, NOW(), NOW());
INSERT INTO requisitos_documentales (postulante_id, ci_digitalizado, certificado_nacimiento, titulo_bachiller_legalizado, formulario_preinscripcion, verificado_bd_externa, updated_at) VALUES (1029, false, false, false, false, false, NOW());
INSERT INTO users (id, name, email, password, role, active, created_at, updated_at) VALUES (1129, 'Constanza Vázquez', 'constanzavázquez29@estudiante.edu.bo', '\$2y\$12\$TyO9cTQJ0O7NSPORyyP8Hup.wk8.BWNWu4itdEJYyjZ2Sem9DbFyi', 'Postulante', true, NOW(), NOW());
INSERT INTO postulantes (id, ci, nombres, apellidos, fecha_nacimiento, sexo, direccion, telefono, email, colegio_procedencia, ciudad, titulo_bachiller, primera_opcion_id, segunda_opcion_id, turno_preferencia, gestion_id, estado, recurrente, user_id, created_at, updated_at) VALUES (1030, '3757804', 'Constanza', 'Vázquez', '2005-01-15', 'M', NULL, '59173842857', 'constanzavázquez29@estudiante.edu.bo', 'Colegio Boliviano', 'Santa Cruz de la Sierra', NULL, 2, 1, 'Noche', 2, 'Preinscrito', false, 1129, NOW(), NOW());
INSERT INTO requisitos_documentales (postulante_id, ci_digitalizado, certificado_nacimiento, titulo_bachiller_legalizado, formulario_preinscripcion, verificado_bd_externa, updated_at) VALUES (1030, false, false, false, false, false, NOW());
INSERT INTO users (id, name, email, password, role, active, created_at, updated_at) VALUES (1130, 'Francisca Domínguez', 'franciscadomínguez30@estudiante.edu.bo', '\$2y\$12\$TyO9cTQJ0O7NSPORyyP8Hup.wk8.BWNWu4itdEJYyjZ2Sem9DbFyi', 'Postulante', true, NOW(), NOW());
INSERT INTO postulantes (id, ci, nombres, apellidos, fecha_nacimiento, sexo, direccion, telefono, email, colegio_procedencia, ciudad, titulo_bachiller, primera_opcion_id, segunda_opcion_id, turno_preferencia, gestion_id, estado, recurrente, user_id, created_at, updated_at) VALUES (1031, '8398185', 'Francisca', 'Domínguez', '2005-01-15', 'M', NULL, '59191079678', 'franciscadomínguez30@estudiante.edu.bo', 'Colegio Boliviano', 'Santa Cruz de la Sierra', NULL, 2, 1, 'Tarde', 2, 'Preinscrito', false, 1130, NOW(), NOW());
INSERT INTO requisitos_documentales (postulante_id, ci_digitalizado, certificado_nacimiento, titulo_bachiller_legalizado, formulario_preinscripcion, verificado_bd_externa, updated_at) VALUES (1031, false, false, false, false, false, NOW());
INSERT INTO users (id, name, email, password, role, active, created_at, updated_at) VALUES (1131, 'Ana Sánchez', 'anasánchez31@estudiante.edu.bo', '\$2y\$12\$TyO9cTQJ0O7NSPORyyP8Hup.wk8.BWNWu4itdEJYyjZ2Sem9DbFyi', 'Postulante', true, NOW(), NOW());
INSERT INTO postulantes (id, ci, nombres, apellidos, fecha_nacimiento, sexo, direccion, telefono, email, colegio_procedencia, ciudad, titulo_bachiller, primera_opcion_id, segunda_opcion_id, turno_preferencia, gestion_id, estado, recurrente, user_id, created_at, updated_at) VALUES (1032, '7236781', 'Ana', 'Sánchez', '2005-01-15', 'M', NULL, '59179483281', 'anasánchez31@estudiante.edu.bo', 'Colegio Boliviano', 'Santa Cruz de la Sierra', NULL, 2, 1, 'Noche', 2, 'Preinscrito', false, 1131, NOW(), NOW());
INSERT INTO requisitos_documentales (postulante_id, ci_digitalizado, certificado_nacimiento, titulo_bachiller_legalizado, formulario_preinscripcion, verificado_bd_externa, updated_at) VALUES (1032, false, false, false, false, false, NOW());
INSERT INTO users (id, name, email, password, role, active, created_at, updated_at) VALUES (1132, 'Ana Domínguez', 'anadomínguez32@estudiante.edu.bo', '\$2y\$12\$TyO9cTQJ0O7NSPORyyP8Hup.wk8.BWNWu4itdEJYyjZ2Sem9DbFyi', 'Postulante', true, NOW(), NOW());
INSERT INTO postulantes (id, ci, nombres, apellidos, fecha_nacimiento, sexo, direccion, telefono, email, colegio_procedencia, ciudad, titulo_bachiller, primera_opcion_id, segunda_opcion_id, turno_preferencia, gestion_id, estado, recurrente, user_id, created_at, updated_at) VALUES (1033, '8069452', 'Ana', 'Domínguez', '2005-01-15', 'M', NULL, '59176442418', 'anadomínguez32@estudiante.edu.bo', 'Colegio Boliviano', 'Santa Cruz de la Sierra', NULL, 2, 1, 'Tarde', 2, 'Preinscrito', false, 1132, NOW(), NOW());
INSERT INTO requisitos_documentales (postulante_id, ci_digitalizado, certificado_nacimiento, titulo_bachiller_legalizado, formulario_preinscripcion, verificado_bd_externa, updated_at) VALUES (1033, false, false, false, false, false, NOW());
INSERT INTO users (id, name, email, password, role, active, created_at, updated_at) VALUES (1133, 'Laura López', 'lauralópez33@estudiante.edu.bo', '\$2y\$12\$TyO9cTQJ0O7NSPORyyP8Hup.wk8.BWNWu4itdEJYyjZ2Sem9DbFyi', 'Postulante', true, NOW(), NOW());
INSERT INTO postulantes (id, ci, nombres, apellidos, fecha_nacimiento, sexo, direccion, telefono, email, colegio_procedencia, ciudad, titulo_bachiller, primera_opcion_id, segunda_opcion_id, turno_preferencia, gestion_id, estado, recurrente, user_id, created_at, updated_at) VALUES (1034, '7054918', 'Laura', 'López', '2005-01-15', 'M', NULL, '59173825091', 'lauralópez33@estudiante.edu.bo', 'Colegio Boliviano', 'Santa Cruz de la Sierra', NULL, 2, 1, 'Noche', 2, 'Preinscrito', false, 1133, NOW(), NOW());
INSERT INTO requisitos_documentales (postulante_id, ci_digitalizado, certificado_nacimiento, titulo_bachiller_legalizado, formulario_preinscripcion, verificado_bd_externa, updated_at) VALUES (1034, false, false, false, false, false, NOW());
INSERT INTO users (id, name, email, password, role, active, created_at, updated_at) VALUES (1134, 'Juan Flores', 'juanflores34@estudiante.edu.bo', '\$2y\$12\$TyO9cTQJ0O7NSPORyyP8Hup.wk8.BWNWu4itdEJYyjZ2Sem9DbFyi', 'Postulante', true, NOW(), NOW());
INSERT INTO postulantes (id, ci, nombres, apellidos, fecha_nacimiento, sexo, direccion, telefono, email, colegio_procedencia, ciudad, titulo_bachiller, primera_opcion_id, segunda_opcion_id, turno_preferencia, gestion_id, estado, recurrente, user_id, created_at, updated_at) VALUES (1035, '1324737', 'Juan', 'Flores', '2005-01-15', 'M', NULL, '59184297151', 'juanflores34@estudiante.edu.bo', 'Colegio Boliviano', 'Santa Cruz de la Sierra', NULL, 2, 1, 'Tarde', 2, 'Preinscrito', false, 1134, NOW(), NOW());
INSERT INTO requisitos_documentales (postulante_id, ci_digitalizado, certificado_nacimiento, titulo_bachiller_legalizado, formulario_preinscripcion, verificado_bd_externa, updated_at) VALUES (1035, false, false, false, false, false, NOW());
INSERT INTO users (id, name, email, password, role, active, created_at, updated_at) VALUES (1135, 'Beatriz Navarro', 'beatriznavarro35@estudiante.edu.bo', '\$2y\$12\$TyO9cTQJ0O7NSPORyyP8Hup.wk8.BWNWu4itdEJYyjZ2Sem9DbFyi', 'Postulante', true, NOW(), NOW());
INSERT INTO postulantes (id, ci, nombres, apellidos, fecha_nacimiento, sexo, direccion, telefono, email, colegio_procedencia, ciudad, titulo_bachiller, primera_opcion_id, segunda_opcion_id, turno_preferencia, gestion_id, estado, recurrente, user_id, created_at, updated_at) VALUES (1036, '6946733', 'Beatriz', 'Navarro', '2005-01-15', 'M', NULL, '59193886123', 'beatriznavarro35@estudiante.edu.bo', 'Colegio Boliviano', 'Santa Cruz de la Sierra', NULL, 2, 1, 'Tarde', 2, 'Preinscrito', false, 1135, NOW(), NOW());
INSERT INTO requisitos_documentales (postulante_id, ci_digitalizado, certificado_nacimiento, titulo_bachiller_legalizado, formulario_preinscripcion, verificado_bd_externa, updated_at) VALUES (1036, false, false, false, false, false, NOW());
INSERT INTO users (id, name, email, password, role, active, created_at, updated_at) VALUES (1136, 'Ana Ramírez', 'anaramírez36@estudiante.edu.bo', '\$2y\$12\$TyO9cTQJ0O7NSPORyyP8Hup.wk8.BWNWu4itdEJYyjZ2Sem9DbFyi', 'Postulante', true, NOW(), NOW());
INSERT INTO postulantes (id, ci, nombres, apellidos, fecha_nacimiento, sexo, direccion, telefono, email, colegio_procedencia, ciudad, titulo_bachiller, primera_opcion_id, segunda_opcion_id, turno_preferencia, gestion_id, estado, recurrente, user_id, created_at, updated_at) VALUES (1037, '3704813', 'Ana', 'Ramírez', '2005-01-15', 'M', NULL, '59177740044', 'anaramírez36@estudiante.edu.bo', 'Colegio Boliviano', 'Santa Cruz de la Sierra', NULL, 2, 1, 'Noche', 2, 'Preinscrito', false, 1136, NOW(), NOW());
INSERT INTO requisitos_documentales (postulante_id, ci_digitalizado, certificado_nacimiento, titulo_bachiller_legalizado, formulario_preinscripcion, verificado_bd_externa, updated_at) VALUES (1037, false, false, false, false, false, NOW());
INSERT INTO users (id, name, email, password, role, active, created_at, updated_at) VALUES (1137, 'Javier Silva', 'javiersilva37@estudiante.edu.bo', '\$2y\$12\$TyO9cTQJ0O7NSPORyyP8Hup.wk8.BWNWu4itdEJYyjZ2Sem9DbFyi', 'Postulante', true, NOW(), NOW());
INSERT INTO postulantes (id, ci, nombres, apellidos, fecha_nacimiento, sexo, direccion, telefono, email, colegio_procedencia, ciudad, titulo_bachiller, primera_opcion_id, segunda_opcion_id, turno_preferencia, gestion_id, estado, recurrente, user_id, created_at, updated_at) VALUES (1038, '1369022', 'Javier', 'Silva', '2005-01-15', 'M', NULL, '59193707537', 'javiersilva37@estudiante.edu.bo', 'Colegio Boliviano', 'Santa Cruz de la Sierra', NULL, 2, 1, 'Manana', 2, 'Preinscrito', false, 1137, NOW(), NOW());
INSERT INTO requisitos_documentales (postulante_id, ci_digitalizado, certificado_nacimiento, titulo_bachiller_legalizado, formulario_preinscripcion, verificado_bd_externa, updated_at) VALUES (1038, false, false, false, false, false, NOW());
INSERT INTO users (id, name, email, password, role, active, created_at, updated_at) VALUES (1138, 'Irene Flores', 'ireneflores38@estudiante.edu.bo', '\$2y\$12\$TyO9cTQJ0O7NSPORyyP8Hup.wk8.BWNWu4itdEJYyjZ2Sem9DbFyi', 'Postulante', true, NOW(), NOW());
INSERT INTO postulantes (id, ci, nombres, apellidos, fecha_nacimiento, sexo, direccion, telefono, email, colegio_procedencia, ciudad, titulo_bachiller, primera_opcion_id, segunda_opcion_id, turno_preferencia, gestion_id, estado, recurrente, user_id, created_at, updated_at) VALUES (1039, '7292584', 'Irene', 'Flores', '2005-01-15', 'M', NULL, '59179291853', 'ireneflores38@estudiante.edu.bo', 'Colegio Boliviano', 'Santa Cruz de la Sierra', NULL, 2, 1, 'Noche', 2, 'Preinscrito', false, 1138, NOW(), NOW());
INSERT INTO requisitos_documentales (postulante_id, ci_digitalizado, certificado_nacimiento, titulo_bachiller_legalizado, formulario_preinscripcion, verificado_bd_externa, updated_at) VALUES (1039, false, false, false, false, false, NOW());
INSERT INTO users (id, name, email, password, role, active, created_at, updated_at) VALUES (1139, 'Irene Guerrero', 'ireneguerrero39@estudiante.edu.bo', '\$2y\$12\$TyO9cTQJ0O7NSPORyyP8Hup.wk8.BWNWu4itdEJYyjZ2Sem9DbFyi', 'Postulante', true, NOW(), NOW());
INSERT INTO postulantes (id, ci, nombres, apellidos, fecha_nacimiento, sexo, direccion, telefono, email, colegio_procedencia, ciudad, titulo_bachiller, primera_opcion_id, segunda_opcion_id, turno_preferencia, gestion_id, estado, recurrente, user_id, created_at, updated_at) VALUES (1040, '2574433', 'Irene', 'Guerrero', '2005-01-15', 'M', NULL, '59182169673', 'ireneguerrero39@estudiante.edu.bo', 'Colegio Boliviano', 'Santa Cruz de la Sierra', NULL, 2, 1, 'Manana', 2, 'Preinscrito', false, 1139, NOW(), NOW());
INSERT INTO requisitos_documentales (postulante_id, ci_digitalizado, certificado_nacimiento, titulo_bachiller_legalizado, formulario_preinscripcion, verificado_bd_externa, updated_at) VALUES (1040, false, false, false, false, false, NOW());
INSERT INTO users (id, name, email, password, role, active, created_at, updated_at) VALUES (1140, 'María Torres', 'maríatorres40@estudiante.edu.bo', '\$2y\$12\$TyO9cTQJ0O7NSPORyyP8Hup.wk8.BWNWu4itdEJYyjZ2Sem9DbFyi', 'Postulante', true, NOW(), NOW());
INSERT INTO postulantes (id, ci, nombres, apellidos, fecha_nacimiento, sexo, direccion, telefono, email, colegio_procedencia, ciudad, titulo_bachiller, primera_opcion_id, segunda_opcion_id, turno_preferencia, gestion_id, estado, recurrente, user_id, created_at, updated_at) VALUES (1041, '4316947', 'María', 'Torres', '2005-01-15', 'M', NULL, '59191603000', 'maríatorres40@estudiante.edu.bo', 'Colegio Boliviano', 'Santa Cruz de la Sierra', NULL, 2, 1, 'Manana', 2, 'Preinscrito', false, 1140, NOW(), NOW());
INSERT INTO requisitos_documentales (postulante_id, ci_digitalizado, certificado_nacimiento, titulo_bachiller_legalizado, formulario_preinscripcion, verificado_bd_externa, updated_at) VALUES (1041, false, false, false, false, false, NOW());
INSERT INTO users (id, name, email, password, role, active, created_at, updated_at) VALUES (1141, 'Antonio Rodríguez', 'antoniorodríguez41@estudiante.edu.bo', '\$2y\$12\$TyO9cTQJ0O7NSPORyyP8Hup.wk8.BWNWu4itdEJYyjZ2Sem9DbFyi', 'Postulante', true, NOW(), NOW());
INSERT INTO postulantes (id, ci, nombres, apellidos, fecha_nacimiento, sexo, direccion, telefono, email, colegio_procedencia, ciudad, titulo_bachiller, primera_opcion_id, segunda_opcion_id, turno_preferencia, gestion_id, estado, recurrente, user_id, created_at, updated_at) VALUES (1042, '8373220', 'Antonio', 'Rodríguez', '2005-01-15', 'M', NULL, '59199342336', 'antoniorodríguez41@estudiante.edu.bo', 'Colegio Boliviano', 'Santa Cruz de la Sierra', NULL, 2, 1, 'Noche', 2, 'Preinscrito', false, 1141, NOW(), NOW());
INSERT INTO requisitos_documentales (postulante_id, ci_digitalizado, certificado_nacimiento, titulo_bachiller_legalizado, formulario_preinscripcion, verificado_bd_externa, updated_at) VALUES (1042, false, false, false, false, false, NOW());
INSERT INTO users (id, name, email, password, role, active, created_at, updated_at) VALUES (1142, 'Gabriela Valencia', 'gabrielavalencia42@estudiante.edu.bo', '\$2y\$12\$TyO9cTQJ0O7NSPORyyP8Hup.wk8.BWNWu4itdEJYyjZ2Sem9DbFyi', 'Postulante', true, NOW(), NOW());
INSERT INTO postulantes (id, ci, nombres, apellidos, fecha_nacimiento, sexo, direccion, telefono, email, colegio_procedencia, ciudad, titulo_bachiller, primera_opcion_id, segunda_opcion_id, turno_preferencia, gestion_id, estado, recurrente, user_id, created_at, updated_at) VALUES (1043, '8341726', 'Gabriela', 'Valencia', '2005-01-15', 'M', NULL, '59172051946', 'gabrielavalencia42@estudiante.edu.bo', 'Colegio Boliviano', 'Santa Cruz de la Sierra', NULL, 2, 1, 'Noche', 2, 'Preinscrito', false, 1142, NOW(), NOW());
INSERT INTO requisitos_documentales (postulante_id, ci_digitalizado, certificado_nacimiento, titulo_bachiller_legalizado, formulario_preinscripcion, verificado_bd_externa, updated_at) VALUES (1043, false, false, false, false, false, NOW());
INSERT INTO users (id, name, email, password, role, active, created_at, updated_at) VALUES (1143, 'Roberto Vázquez', 'robertovázquez43@estudiante.edu.bo', '\$2y\$12\$TyO9cTQJ0O7NSPORyyP8Hup.wk8.BWNWu4itdEJYyjZ2Sem9DbFyi', 'Postulante', true, NOW(), NOW());
INSERT INTO postulantes (id, ci, nombres, apellidos, fecha_nacimiento, sexo, direccion, telefono, email, colegio_procedencia, ciudad, titulo_bachiller, primera_opcion_id, segunda_opcion_id, turno_preferencia, gestion_id, estado, recurrente, user_id, created_at, updated_at) VALUES (1044, '4736580', 'Roberto', 'Vázquez', '2005-01-15', 'M', NULL, '59160591289', 'robertovázquez43@estudiante.edu.bo', 'Colegio Boliviano', 'Santa Cruz de la Sierra', NULL, 2, 1, 'Noche', 2, 'Preinscrito', false, 1143, NOW(), NOW());
INSERT INTO requisitos_documentales (postulante_id, ci_digitalizado, certificado_nacimiento, titulo_bachiller_legalizado, formulario_preinscripcion, verificado_bd_externa, updated_at) VALUES (1044, false, false, false, false, false, NOW());
INSERT INTO users (id, name, email, password, role, active, created_at, updated_at) VALUES (1144, 'Raúl Jiménez', 'raúljiménez44@estudiante.edu.bo', '\$2y\$12\$TyO9cTQJ0O7NSPORyyP8Hup.wk8.BWNWu4itdEJYyjZ2Sem9DbFyi', 'Postulante', true, NOW(), NOW());
INSERT INTO postulantes (id, ci, nombres, apellidos, fecha_nacimiento, sexo, direccion, telefono, email, colegio_procedencia, ciudad, titulo_bachiller, primera_opcion_id, segunda_opcion_id, turno_preferencia, gestion_id, estado, recurrente, user_id, created_at, updated_at) VALUES (1045, '6537295', 'Raúl', 'Jiménez', '2005-01-15', 'M', NULL, '59197596404', 'raúljiménez44@estudiante.edu.bo', 'Colegio Boliviano', 'Santa Cruz de la Sierra', NULL, 2, 1, 'Manana', 2, 'Preinscrito', false, 1144, NOW(), NOW());
INSERT INTO requisitos_documentales (postulante_id, ci_digitalizado, certificado_nacimiento, titulo_bachiller_legalizado, formulario_preinscripcion, verificado_bd_externa, updated_at) VALUES (1045, false, false, false, false, false, NOW());
INSERT INTO users (id, name, email, password, role, active, created_at, updated_at) VALUES (1145, 'Raúl Jiménez', 'raúljiménez45@estudiante.edu.bo', '\$2y\$12\$TyO9cTQJ0O7NSPORyyP8Hup.wk8.BWNWu4itdEJYyjZ2Sem9DbFyi', 'Postulante', true, NOW(), NOW());
INSERT INTO postulantes (id, ci, nombres, apellidos, fecha_nacimiento, sexo, direccion, telefono, email, colegio_procedencia, ciudad, titulo_bachiller, primera_opcion_id, segunda_opcion_id, turno_preferencia, gestion_id, estado, recurrente, user_id, created_at, updated_at) VALUES (1046, '9770678', 'Raúl', 'Jiménez', '2005-01-15', 'M', NULL, '59187237908', 'raúljiménez45@estudiante.edu.bo', 'Colegio Boliviano', 'Santa Cruz de la Sierra', NULL, 2, 1, 'Noche', 2, 'Preinscrito', false, 1145, NOW(), NOW());
INSERT INTO requisitos_documentales (postulante_id, ci_digitalizado, certificado_nacimiento, titulo_bachiller_legalizado, formulario_preinscripcion, verificado_bd_externa, updated_at) VALUES (1046, false, false, false, false, false, NOW());
INSERT INTO users (id, name, email, password, role, active, created_at, updated_at) VALUES (1146, 'Fernando Ruiz', 'fernandoruiz46@estudiante.edu.bo', '\$2y\$12\$TyO9cTQJ0O7NSPORyyP8Hup.wk8.BWNWu4itdEJYyjZ2Sem9DbFyi', 'Postulante', true, NOW(), NOW());
INSERT INTO postulantes (id, ci, nombres, apellidos, fecha_nacimiento, sexo, direccion, telefono, email, colegio_procedencia, ciudad, titulo_bachiller, primera_opcion_id, segunda_opcion_id, turno_preferencia, gestion_id, estado, recurrente, user_id, created_at, updated_at) VALUES (1047, '9597401', 'Fernando', 'Ruiz', '2005-01-15', 'M', NULL, '59168432906', 'fernandoruiz46@estudiante.edu.bo', 'Colegio Boliviano', 'Santa Cruz de la Sierra', NULL, 2, 1, 'Noche', 2, 'Preinscrito', false, 1146, NOW(), NOW());
INSERT INTO requisitos_documentales (postulante_id, ci_digitalizado, certificado_nacimiento, titulo_bachiller_legalizado, formulario_preinscripcion, verificado_bd_externa, updated_at) VALUES (1047, false, false, false, false, false, NOW());
INSERT INTO users (id, name, email, password, role, active, created_at, updated_at) VALUES (1147, 'Andrés Rivera', 'andrésrivera47@estudiante.edu.bo', '\$2y\$12\$TyO9cTQJ0O7NSPORyyP8Hup.wk8.BWNWu4itdEJYyjZ2Sem9DbFyi', 'Postulante', true, NOW(), NOW());
INSERT INTO postulantes (id, ci, nombres, apellidos, fecha_nacimiento, sexo, direccion, telefono, email, colegio_procedencia, ciudad, titulo_bachiller, primera_opcion_id, segunda_opcion_id, turno_preferencia, gestion_id, estado, recurrente, user_id, created_at, updated_at) VALUES (1048, '5906363', 'Andrés', 'Rivera', '2005-01-15', 'M', NULL, '59173035194', 'andrésrivera47@estudiante.edu.bo', 'Colegio Boliviano', 'Santa Cruz de la Sierra', NULL, 2, 1, 'Tarde', 2, 'Preinscrito', false, 1147, NOW(), NOW());
INSERT INTO requisitos_documentales (postulante_id, ci_digitalizado, certificado_nacimiento, titulo_bachiller_legalizado, formulario_preinscripcion, verificado_bd_externa, updated_at) VALUES (1048, false, false, false, false, false, NOW());
INSERT INTO users (id, name, email, password, role, active, created_at, updated_at) VALUES (1148, 'Raúl Domínguez', 'raúldomínguez48@estudiante.edu.bo', '\$2y\$12\$TyO9cTQJ0O7NSPORyyP8Hup.wk8.BWNWu4itdEJYyjZ2Sem9DbFyi', 'Postulante', true, NOW(), NOW());
INSERT INTO postulantes (id, ci, nombres, apellidos, fecha_nacimiento, sexo, direccion, telefono, email, colegio_procedencia, ciudad, titulo_bachiller, primera_opcion_id, segunda_opcion_id, turno_preferencia, gestion_id, estado, recurrente, user_id, created_at, updated_at) VALUES (1049, '9208079', 'Raúl', 'Domínguez', '2005-01-15', 'M', NULL, '59161955986', 'raúldomínguez48@estudiante.edu.bo', 'Colegio Boliviano', 'Santa Cruz de la Sierra', NULL, 2, 1, 'Manana', 2, 'Preinscrito', false, 1148, NOW(), NOW());
INSERT INTO requisitos_documentales (postulante_id, ci_digitalizado, certificado_nacimiento, titulo_bachiller_legalizado, formulario_preinscripcion, verificado_bd_externa, updated_at) VALUES (1049, false, false, false, false, false, NOW());
INSERT INTO users (id, name, email, password, role, active, created_at, updated_at) VALUES (1149, 'Irene Ruiz', 'ireneruiz49@estudiante.edu.bo', '\$2y\$12\$TyO9cTQJ0O7NSPORyyP8Hup.wk8.BWNWu4itdEJYyjZ2Sem9DbFyi', 'Postulante', true, NOW(), NOW());
INSERT INTO postulantes (id, ci, nombres, apellidos, fecha_nacimiento, sexo, direccion, telefono, email, colegio_procedencia, ciudad, titulo_bachiller, primera_opcion_id, segunda_opcion_id, turno_preferencia, gestion_id, estado, recurrente, user_id, created_at, updated_at) VALUES (1050, '4838953', 'Irene', 'Ruiz', '2005-01-15', 'M', NULL, '59185740690', 'ireneruiz49@estudiante.edu.bo', 'Colegio Boliviano', 'Santa Cruz de la Sierra', NULL, 2, 1, 'Tarde', 2, 'Preinscrito', false, 1149, NOW(), NOW());
INSERT INTO requisitos_documentales (postulante_id, ci_digitalizado, certificado_nacimiento, titulo_bachiller_legalizado, formulario_preinscripcion, verificado_bd_externa, updated_at) VALUES (1050, false, false, false, false, false, NOW());
INSERT INTO users (id, name, email, password, role, active, created_at, updated_at) VALUES (1150, 'Fernando Ortiz', 'fernandoortiz50@estudiante.edu.bo', '\$2y\$12\$TyO9cTQJ0O7NSPORyyP8Hup.wk8.BWNWu4itdEJYyjZ2Sem9DbFyi', 'Postulante', true, NOW(), NOW());
INSERT INTO postulantes (id, ci, nombres, apellidos, fecha_nacimiento, sexo, direccion, telefono, email, colegio_procedencia, ciudad, titulo_bachiller, primera_opcion_id, segunda_opcion_id, turno_preferencia, gestion_id, estado, recurrente, user_id, created_at, updated_at) VALUES (1051, '7149866', 'Fernando', 'Ortiz', '2005-01-15', 'M', NULL, '59199186630', 'fernandoortiz50@estudiante.edu.bo', 'Colegio Boliviano', 'Santa Cruz de la Sierra', NULL, 2, 1, 'Manana', 2, 'Preinscrito', false, 1150, NOW(), NOW());
INSERT INTO requisitos_documentales (postulante_id, ci_digitalizado, certificado_nacimiento, titulo_bachiller_legalizado, formulario_preinscripcion, verificado_bd_externa, updated_at) VALUES (1051, false, false, false, false, false, NOW());
INSERT INTO users (id, name, email, password, role, active, created_at, updated_at) VALUES (1151, 'Héctor Jiménez', 'héctorjiménez51@estudiante.edu.bo', '\$2y\$12\$TyO9cTQJ0O7NSPORyyP8Hup.wk8.BWNWu4itdEJYyjZ2Sem9DbFyi', 'Postulante', true, NOW(), NOW());
INSERT INTO postulantes (id, ci, nombres, apellidos, fecha_nacimiento, sexo, direccion, telefono, email, colegio_procedencia, ciudad, titulo_bachiller, primera_opcion_id, segunda_opcion_id, turno_preferencia, gestion_id, estado, recurrente, user_id, created_at, updated_at) VALUES (1052, '3713544', 'Héctor', 'Jiménez', '2005-01-15', 'M', NULL, '59177201394', 'héctorjiménez51@estudiante.edu.bo', 'Colegio Boliviano', 'Santa Cruz de la Sierra', NULL, 2, 1, 'Tarde', 2, 'Preinscrito', false, 1151, NOW(), NOW());
INSERT INTO requisitos_documentales (postulante_id, ci_digitalizado, certificado_nacimiento, titulo_bachiller_legalizado, formulario_preinscripcion, verificado_bd_externa, updated_at) VALUES (1052, false, false, false, false, false, NOW());
INSERT INTO users (id, name, email, password, role, active, created_at, updated_at) VALUES (1152, 'Luis Delgado', 'luisdelgado52@estudiante.edu.bo', '\$2y\$12\$TyO9cTQJ0O7NSPORyyP8Hup.wk8.BWNWu4itdEJYyjZ2Sem9DbFyi', 'Postulante', true, NOW(), NOW());
INSERT INTO postulantes (id, ci, nombres, apellidos, fecha_nacimiento, sexo, direccion, telefono, email, colegio_procedencia, ciudad, titulo_bachiller, primera_opcion_id, segunda_opcion_id, turno_preferencia, gestion_id, estado, recurrente, user_id, created_at, updated_at) VALUES (1053, '7805081', 'Luis', 'Delgado', '2005-01-15', 'M', NULL, '59179580438', 'luisdelgado52@estudiante.edu.bo', 'Colegio Boliviano', 'Santa Cruz de la Sierra', NULL, 2, 1, 'Noche', 2, 'Preinscrito', false, 1152, NOW(), NOW());
INSERT INTO requisitos_documentales (postulante_id, ci_digitalizado, certificado_nacimiento, titulo_bachiller_legalizado, formulario_preinscripcion, verificado_bd_externa, updated_at) VALUES (1053, false, false, false, false, false, NOW());
INSERT INTO users (id, name, email, password, role, active, created_at, updated_at) VALUES (1153, 'Guillermo Hernández', 'guillermohernández53@estudiante.edu.bo', '\$2y\$12\$TyO9cTQJ0O7NSPORyyP8Hup.wk8.BWNWu4itdEJYyjZ2Sem9DbFyi', 'Postulante', true, NOW(), NOW());
INSERT INTO postulantes (id, ci, nombres, apellidos, fecha_nacimiento, sexo, direccion, telefono, email, colegio_procedencia, ciudad, titulo_bachiller, primera_opcion_id, segunda_opcion_id, turno_preferencia, gestion_id, estado, recurrente, user_id, created_at, updated_at) VALUES (1054, '9898375', 'Guillermo', 'Hernández', '2005-01-15', 'M', NULL, '59188907243', 'guillermohernández53@estudiante.edu.bo', 'Colegio Boliviano', 'Santa Cruz de la Sierra', NULL, 2, 1, 'Tarde', 2, 'Preinscrito', false, 1153, NOW(), NOW());
INSERT INTO requisitos_documentales (postulante_id, ci_digitalizado, certificado_nacimiento, titulo_bachiller_legalizado, formulario_preinscripcion, verificado_bd_externa, updated_at) VALUES (1054, false, false, false, false, false, NOW());
INSERT INTO users (id, name, email, password, role, active, created_at, updated_at) VALUES (1154, 'Elena Domínguez', 'elenadomínguez54@estudiante.edu.bo', '\$2y\$12\$TyO9cTQJ0O7NSPORyyP8Hup.wk8.BWNWu4itdEJYyjZ2Sem9DbFyi', 'Postulante', true, NOW(), NOW());
INSERT INTO postulantes (id, ci, nombres, apellidos, fecha_nacimiento, sexo, direccion, telefono, email, colegio_procedencia, ciudad, titulo_bachiller, primera_opcion_id, segunda_opcion_id, turno_preferencia, gestion_id, estado, recurrente, user_id, created_at, updated_at) VALUES (1055, '7393916', 'Elena', 'Domínguez', '2005-01-15', 'M', NULL, '59164051480', 'elenadomínguez54@estudiante.edu.bo', 'Colegio Boliviano', 'Santa Cruz de la Sierra', NULL, 2, 1, 'Tarde', 2, 'Preinscrito', false, 1154, NOW(), NOW());
INSERT INTO requisitos_documentales (postulante_id, ci_digitalizado, certificado_nacimiento, titulo_bachiller_legalizado, formulario_preinscripcion, verificado_bd_externa, updated_at) VALUES (1055, false, false, false, false, false, NOW());
INSERT INTO users (id, name, email, password, role, active, created_at, updated_at) VALUES (1155, 'Francisca Acosta', 'franciscaacosta55@estudiante.edu.bo', '\$2y\$12\$TyO9cTQJ0O7NSPORyyP8Hup.wk8.BWNWu4itdEJYyjZ2Sem9DbFyi', 'Postulante', true, NOW(), NOW());
INSERT INTO postulantes (id, ci, nombres, apellidos, fecha_nacimiento, sexo, direccion, telefono, email, colegio_procedencia, ciudad, titulo_bachiller, primera_opcion_id, segunda_opcion_id, turno_preferencia, gestion_id, estado, recurrente, user_id, created_at, updated_at) VALUES (1056, '9600382', 'Francisca', 'Acosta', '2005-01-15', 'M', NULL, '59179560787', 'franciscaacosta55@estudiante.edu.bo', 'Colegio Boliviano', 'Santa Cruz de la Sierra', NULL, 2, 1, 'Noche', 2, 'Preinscrito', false, 1155, NOW(), NOW());
INSERT INTO requisitos_documentales (postulante_id, ci_digitalizado, certificado_nacimiento, titulo_bachiller_legalizado, formulario_preinscripcion, verificado_bd_externa, updated_at) VALUES (1056, false, false, false, false, false, NOW());
INSERT INTO users (id, name, email, password, role, active, created_at, updated_at) VALUES (1156, 'Pedro Morales', 'pedromorales56@estudiante.edu.bo', '\$2y\$12\$TyO9cTQJ0O7NSPORyyP8Hup.wk8.BWNWu4itdEJYyjZ2Sem9DbFyi', 'Postulante', true, NOW(), NOW());
INSERT INTO postulantes (id, ci, nombres, apellidos, fecha_nacimiento, sexo, direccion, telefono, email, colegio_procedencia, ciudad, titulo_bachiller, primera_opcion_id, segunda_opcion_id, turno_preferencia, gestion_id, estado, recurrente, user_id, created_at, updated_at) VALUES (1057, '9728535', 'Pedro', 'Morales', '2005-01-15', 'M', NULL, '59178976100', 'pedromorales56@estudiante.edu.bo', 'Colegio Boliviano', 'Santa Cruz de la Sierra', NULL, 2, 1, 'Tarde', 2, 'Preinscrito', false, 1156, NOW(), NOW());
INSERT INTO requisitos_documentales (postulante_id, ci_digitalizado, certificado_nacimiento, titulo_bachiller_legalizado, formulario_preinscripcion, verificado_bd_externa, updated_at) VALUES (1057, false, false, false, false, false, NOW());
INSERT INTO users (id, name, email, password, role, active, created_at, updated_at) VALUES (1157, 'Manuel Tapia', 'manueltapia57@estudiante.edu.bo', '\$2y\$12\$TyO9cTQJ0O7NSPORyyP8Hup.wk8.BWNWu4itdEJYyjZ2Sem9DbFyi', 'Postulante', true, NOW(), NOW());
INSERT INTO postulantes (id, ci, nombres, apellidos, fecha_nacimiento, sexo, direccion, telefono, email, colegio_procedencia, ciudad, titulo_bachiller, primera_opcion_id, segunda_opcion_id, turno_preferencia, gestion_id, estado, recurrente, user_id, created_at, updated_at) VALUES (1058, '5774504', 'Manuel', 'Tapia', '2005-01-15', 'M', NULL, '59173696925', 'manueltapia57@estudiante.edu.bo', 'Colegio Boliviano', 'Santa Cruz de la Sierra', NULL, 2, 1, 'Manana', 2, 'Preinscrito', false, 1157, NOW(), NOW());
INSERT INTO requisitos_documentales (postulante_id, ci_digitalizado, certificado_nacimiento, titulo_bachiller_legalizado, formulario_preinscripcion, verificado_bd_externa, updated_at) VALUES (1058, false, false, false, false, false, NOW());
INSERT INTO users (id, name, email, password, role, active, created_at, updated_at) VALUES (1158, 'Patricia Rivas', 'patriciarivas58@estudiante.edu.bo', '\$2y\$12\$TyO9cTQJ0O7NSPORyyP8Hup.wk8.BWNWu4itdEJYyjZ2Sem9DbFyi', 'Postulante', true, NOW(), NOW());
INSERT INTO postulantes (id, ci, nombres, apellidos, fecha_nacimiento, sexo, direccion, telefono, email, colegio_procedencia, ciudad, titulo_bachiller, primera_opcion_id, segunda_opcion_id, turno_preferencia, gestion_id, estado, recurrente, user_id, created_at, updated_at) VALUES (1059, '5805957', 'Patricia', 'Rivas', '2005-01-15', 'M', NULL, '59190262788', 'patriciarivas58@estudiante.edu.bo', 'Colegio Boliviano', 'Santa Cruz de la Sierra', NULL, 2, 1, 'Noche', 2, 'Preinscrito', false, 1158, NOW(), NOW());
INSERT INTO requisitos_documentales (postulante_id, ci_digitalizado, certificado_nacimiento, titulo_bachiller_legalizado, formulario_preinscripcion, verificado_bd_externa, updated_at) VALUES (1059, false, false, false, false, false, NOW());
INSERT INTO users (id, name, email, password, role, active, created_at, updated_at) VALUES (1159, 'Beatriz Ruiz', 'beatrizruiz59@estudiante.edu.bo', '\$2y\$12\$TyO9cTQJ0O7NSPORyyP8Hup.wk8.BWNWu4itdEJYyjZ2Sem9DbFyi', 'Postulante', true, NOW(), NOW());
INSERT INTO postulantes (id, ci, nombres, apellidos, fecha_nacimiento, sexo, direccion, telefono, email, colegio_procedencia, ciudad, titulo_bachiller, primera_opcion_id, segunda_opcion_id, turno_preferencia, gestion_id, estado, recurrente, user_id, created_at, updated_at) VALUES (1060, '1418339', 'Beatriz', 'Ruiz', '2005-01-15', 'M', NULL, '59175850424', 'beatrizruiz59@estudiante.edu.bo', 'Colegio Boliviano', 'Santa Cruz de la Sierra', NULL, 2, 1, 'Tarde', 2, 'Preinscrito', false, 1159, NOW(), NOW());
INSERT INTO requisitos_documentales (postulante_id, ci_digitalizado, certificado_nacimiento, titulo_bachiller_legalizado, formulario_preinscripcion, verificado_bd_externa, updated_at) VALUES (1060, false, false, false, false, false, NOW());
INSERT INTO users (id, name, email, password, role, active, created_at, updated_at) VALUES (1160, 'Sergio Contreras', 'sergiocontreras60@estudiante.edu.bo', '\$2y\$12\$TyO9cTQJ0O7NSPORyyP8Hup.wk8.BWNWu4itdEJYyjZ2Sem9DbFyi', 'Postulante', true, NOW(), NOW());
INSERT INTO postulantes (id, ci, nombres, apellidos, fecha_nacimiento, sexo, direccion, telefono, email, colegio_procedencia, ciudad, titulo_bachiller, primera_opcion_id, segunda_opcion_id, turno_preferencia, gestion_id, estado, recurrente, user_id, created_at, updated_at) VALUES (1061, '6617005', 'Sergio', 'Contreras', '2005-01-15', 'M', NULL, '59179233972', 'sergiocontreras60@estudiante.edu.bo', 'Colegio Boliviano', 'Santa Cruz de la Sierra', NULL, 2, 1, 'Noche', 2, 'Preinscrito', false, 1160, NOW(), NOW());
INSERT INTO requisitos_documentales (postulante_id, ci_digitalizado, certificado_nacimiento, titulo_bachiller_legalizado, formulario_preinscripcion, verificado_bd_externa, updated_at) VALUES (1061, false, false, false, false, false, NOW());
INSERT INTO users (id, name, email, password, role, active, created_at, updated_at) VALUES (1161, 'Pedro Ramírez', 'pedroramírez61@estudiante.edu.bo', '\$2y\$12\$TyO9cTQJ0O7NSPORyyP8Hup.wk8.BWNWu4itdEJYyjZ2Sem9DbFyi', 'Postulante', true, NOW(), NOW());
INSERT INTO postulantes (id, ci, nombres, apellidos, fecha_nacimiento, sexo, direccion, telefono, email, colegio_procedencia, ciudad, titulo_bachiller, primera_opcion_id, segunda_opcion_id, turno_preferencia, gestion_id, estado, recurrente, user_id, created_at, updated_at) VALUES (1062, '6036459', 'Pedro', 'Ramírez', '2005-01-15', 'M', NULL, '59162383846', 'pedroramírez61@estudiante.edu.bo', 'Colegio Boliviano', 'Santa Cruz de la Sierra', NULL, 2, 1, 'Tarde', 2, 'Preinscrito', false, 1161, NOW(), NOW());
INSERT INTO requisitos_documentales (postulante_id, ci_digitalizado, certificado_nacimiento, titulo_bachiller_legalizado, formulario_preinscripcion, verificado_bd_externa, updated_at) VALUES (1062, false, false, false, false, false, NOW());
INSERT INTO users (id, name, email, password, role, active, created_at, updated_at) VALUES (1162, 'Francisca Ramírez', 'franciscaramírez62@estudiante.edu.bo', '\$2y\$12\$TyO9cTQJ0O7NSPORyyP8Hup.wk8.BWNWu4itdEJYyjZ2Sem9DbFyi', 'Postulante', true, NOW(), NOW());
INSERT INTO postulantes (id, ci, nombres, apellidos, fecha_nacimiento, sexo, direccion, telefono, email, colegio_procedencia, ciudad, titulo_bachiller, primera_opcion_id, segunda_opcion_id, turno_preferencia, gestion_id, estado, recurrente, user_id, created_at, updated_at) VALUES (1063, '4393677', 'Francisca', 'Ramírez', '2005-01-15', 'M', NULL, '59171375155', 'franciscaramírez62@estudiante.edu.bo', 'Colegio Boliviano', 'Santa Cruz de la Sierra', NULL, 2, 1, 'Noche', 2, 'Preinscrito', false, 1162, NOW(), NOW());
INSERT INTO requisitos_documentales (postulante_id, ci_digitalizado, certificado_nacimiento, titulo_bachiller_legalizado, formulario_preinscripcion, verificado_bd_externa, updated_at) VALUES (1063, false, false, false, false, false, NOW());
INSERT INTO users (id, name, email, password, role, active, created_at, updated_at) VALUES (1163, 'Natalia Contreras', 'nataliacontreras63@estudiante.edu.bo', '\$2y\$12\$TyO9cTQJ0O7NSPORyyP8Hup.wk8.BWNWu4itdEJYyjZ2Sem9DbFyi', 'Postulante', true, NOW(), NOW());
INSERT INTO postulantes (id, ci, nombres, apellidos, fecha_nacimiento, sexo, direccion, telefono, email, colegio_procedencia, ciudad, titulo_bachiller, primera_opcion_id, segunda_opcion_id, turno_preferencia, gestion_id, estado, recurrente, user_id, created_at, updated_at) VALUES (1064, '1414773', 'Natalia', 'Contreras', '2005-01-15', 'M', NULL, '59172577942', 'nataliacontreras63@estudiante.edu.bo', 'Colegio Boliviano', 'Santa Cruz de la Sierra', NULL, 2, 1, 'Noche', 2, 'Preinscrito', false, 1163, NOW(), NOW());
INSERT INTO requisitos_documentales (postulante_id, ci_digitalizado, certificado_nacimiento, titulo_bachiller_legalizado, formulario_preinscripcion, verificado_bd_externa, updated_at) VALUES (1064, false, false, false, false, false, NOW());
INSERT INTO users (id, name, email, password, role, active, created_at, updated_at) VALUES (1164, 'Roberto Domínguez', 'robertodomínguez64@estudiante.edu.bo', '\$2y\$12\$TyO9cTQJ0O7NSPORyyP8Hup.wk8.BWNWu4itdEJYyjZ2Sem9DbFyi', 'Postulante', true, NOW(), NOW());
INSERT INTO postulantes (id, ci, nombres, apellidos, fecha_nacimiento, sexo, direccion, telefono, email, colegio_procedencia, ciudad, titulo_bachiller, primera_opcion_id, segunda_opcion_id, turno_preferencia, gestion_id, estado, recurrente, user_id, created_at, updated_at) VALUES (1065, '6302155', 'Roberto', 'Domínguez', '2005-01-15', 'M', NULL, '59196207760', 'robertodomínguez64@estudiante.edu.bo', 'Colegio Boliviano', 'Santa Cruz de la Sierra', NULL, 2, 1, 'Tarde', 2, 'Preinscrito', false, 1164, NOW(), NOW());
INSERT INTO requisitos_documentales (postulante_id, ci_digitalizado, certificado_nacimiento, titulo_bachiller_legalizado, formulario_preinscripcion, verificado_bd_externa, updated_at) VALUES (1065, false, false, false, false, false, NOW());
INSERT INTO users (id, name, email, password, role, active, created_at, updated_at) VALUES (1165, 'Ana Cortés', 'anacortés65@estudiante.edu.bo', '\$2y\$12\$TyO9cTQJ0O7NSPORyyP8Hup.wk8.BWNWu4itdEJYyjZ2Sem9DbFyi', 'Postulante', true, NOW(), NOW());
INSERT INTO postulantes (id, ci, nombres, apellidos, fecha_nacimiento, sexo, direccion, telefono, email, colegio_procedencia, ciudad, titulo_bachiller, primera_opcion_id, segunda_opcion_id, turno_preferencia, gestion_id, estado, recurrente, user_id, created_at, updated_at) VALUES (1066, '8710014', 'Ana', 'Cortés', '2005-01-15', 'M', NULL, '59199080854', 'anacortés65@estudiante.edu.bo', 'Colegio Boliviano', 'Santa Cruz de la Sierra', NULL, 2, 1, 'Noche', 2, 'Preinscrito', false, 1165, NOW(), NOW());
INSERT INTO requisitos_documentales (postulante_id, ci_digitalizado, certificado_nacimiento, titulo_bachiller_legalizado, formulario_preinscripcion, verificado_bd_externa, updated_at) VALUES (1066, false, false, false, false, false, NOW());
INSERT INTO users (id, name, email, password, role, active, created_at, updated_at) VALUES (1166, 'Miguel Tapia', 'migueltapia66@estudiante.edu.bo', '\$2y\$12\$TyO9cTQJ0O7NSPORyyP8Hup.wk8.BWNWu4itdEJYyjZ2Sem9DbFyi', 'Postulante', true, NOW(), NOW());
INSERT INTO postulantes (id, ci, nombres, apellidos, fecha_nacimiento, sexo, direccion, telefono, email, colegio_procedencia, ciudad, titulo_bachiller, primera_opcion_id, segunda_opcion_id, turno_preferencia, gestion_id, estado, recurrente, user_id, created_at, updated_at) VALUES (1067, '7397469', 'Miguel', 'Tapia', '2005-01-15', 'M', NULL, '59174728644', 'migueltapia66@estudiante.edu.bo', 'Colegio Boliviano', 'Santa Cruz de la Sierra', NULL, 2, 1, 'Tarde', 2, 'Preinscrito', false, 1166, NOW(), NOW());
INSERT INTO requisitos_documentales (postulante_id, ci_digitalizado, certificado_nacimiento, titulo_bachiller_legalizado, formulario_preinscripcion, verificado_bd_externa, updated_at) VALUES (1067, false, false, false, false, false, NOW());
INSERT INTO users (id, name, email, password, role, active, created_at, updated_at) VALUES (1167, 'Gabriela Rivas', 'gabrielarivas67@estudiante.edu.bo', '\$2y\$12\$TyO9cTQJ0O7NSPORyyP8Hup.wk8.BWNWu4itdEJYyjZ2Sem9DbFyi', 'Postulante', true, NOW(), NOW());
INSERT INTO postulantes (id, ci, nombres, apellidos, fecha_nacimiento, sexo, direccion, telefono, email, colegio_procedencia, ciudad, titulo_bachiller, primera_opcion_id, segunda_opcion_id, turno_preferencia, gestion_id, estado, recurrente, user_id, created_at, updated_at) VALUES (1068, '5210572', 'Gabriela', 'Rivas', '2005-01-15', 'M', NULL, '59166595851', 'gabrielarivas67@estudiante.edu.bo', 'Colegio Boliviano', 'Santa Cruz de la Sierra', NULL, 2, 1, 'Tarde', 2, 'Preinscrito', false, 1167, NOW(), NOW());
INSERT INTO requisitos_documentales (postulante_id, ci_digitalizado, certificado_nacimiento, titulo_bachiller_legalizado, formulario_preinscripcion, verificado_bd_externa, updated_at) VALUES (1068, false, false, false, false, false, NOW());
INSERT INTO users (id, name, email, password, role, active, created_at, updated_at) VALUES (1168, 'Sandra González', 'sandragonzález68@estudiante.edu.bo', '\$2y\$12\$TyO9cTQJ0O7NSPORyyP8Hup.wk8.BWNWu4itdEJYyjZ2Sem9DbFyi', 'Postulante', true, NOW(), NOW());
INSERT INTO postulantes (id, ci, nombres, apellidos, fecha_nacimiento, sexo, direccion, telefono, email, colegio_procedencia, ciudad, titulo_bachiller, primera_opcion_id, segunda_opcion_id, turno_preferencia, gestion_id, estado, recurrente, user_id, created_at, updated_at) VALUES (1069, '1882755', 'Sandra', 'González', '2005-01-15', 'M', NULL, '59168237524', 'sandragonzález68@estudiante.edu.bo', 'Colegio Boliviano', 'Santa Cruz de la Sierra', NULL, 2, 1, 'Tarde', 2, 'Preinscrito', false, 1168, NOW(), NOW());
INSERT INTO requisitos_documentales (postulante_id, ci_digitalizado, certificado_nacimiento, titulo_bachiller_legalizado, formulario_preinscripcion, verificado_bd_externa, updated_at) VALUES (1069, false, false, false, false, false, NOW());
INSERT INTO users (id, name, email, password, role, active, created_at, updated_at) VALUES (1169, 'Gabriela Torres', 'gabrielatorres69@estudiante.edu.bo', '\$2y\$12\$TyO9cTQJ0O7NSPORyyP8Hup.wk8.BWNWu4itdEJYyjZ2Sem9DbFyi', 'Postulante', true, NOW(), NOW());
INSERT INTO postulantes (id, ci, nombres, apellidos, fecha_nacimiento, sexo, direccion, telefono, email, colegio_procedencia, ciudad, titulo_bachiller, primera_opcion_id, segunda_opcion_id, turno_preferencia, gestion_id, estado, recurrente, user_id, created_at, updated_at) VALUES (1070, '9188463', 'Gabriela', 'Torres', '2005-01-15', 'M', NULL, '59178709267', 'gabrielatorres69@estudiante.edu.bo', 'Colegio Boliviano', 'Santa Cruz de la Sierra', NULL, 2, 1, 'Tarde', 2, 'Preinscrito', false, 1169, NOW(), NOW());
INSERT INTO requisitos_documentales (postulante_id, ci_digitalizado, certificado_nacimiento, titulo_bachiller_legalizado, formulario_preinscripcion, verificado_bd_externa, updated_at) VALUES (1070, false, false, false, false, false, NOW());
INSERT INTO users (id, name, email, password, role, active, created_at, updated_at) VALUES (1170, 'Rosario Morales', 'rosariomorales70@estudiante.edu.bo', '\$2y\$12\$TyO9cTQJ0O7NSPORyyP8Hup.wk8.BWNWu4itdEJYyjZ2Sem9DbFyi', 'Postulante', true, NOW(), NOW());
INSERT INTO postulantes (id, ci, nombres, apellidos, fecha_nacimiento, sexo, direccion, telefono, email, colegio_procedencia, ciudad, titulo_bachiller, primera_opcion_id, segunda_opcion_id, turno_preferencia, gestion_id, estado, recurrente, user_id, created_at, updated_at) VALUES (1071, '4793447', 'Rosario', 'Morales', '2005-01-15', 'M', NULL, '59173772843', 'rosariomorales70@estudiante.edu.bo', 'Colegio Boliviano', 'Santa Cruz de la Sierra', NULL, 2, 1, 'Tarde', 2, 'Preinscrito', false, 1170, NOW(), NOW());
INSERT INTO requisitos_documentales (postulante_id, ci_digitalizado, certificado_nacimiento, titulo_bachiller_legalizado, formulario_preinscripcion, verificado_bd_externa, updated_at) VALUES (1071, false, false, false, false, false, NOW());
INSERT INTO users (id, name, email, password, role, active, created_at, updated_at) VALUES (1171, 'Sandra Rivera', 'sandrarivera71@estudiante.edu.bo', '\$2y\$12\$TyO9cTQJ0O7NSPORyyP8Hup.wk8.BWNWu4itdEJYyjZ2Sem9DbFyi', 'Postulante', true, NOW(), NOW());
INSERT INTO postulantes (id, ci, nombres, apellidos, fecha_nacimiento, sexo, direccion, telefono, email, colegio_procedencia, ciudad, titulo_bachiller, primera_opcion_id, segunda_opcion_id, turno_preferencia, gestion_id, estado, recurrente, user_id, created_at, updated_at) VALUES (1072, '6265675', 'Sandra', 'Rivera', '2005-01-15', 'M', NULL, '59193314238', 'sandrarivera71@estudiante.edu.bo', 'Colegio Boliviano', 'Santa Cruz de la Sierra', NULL, 2, 1, 'Tarde', 2, 'Preinscrito', false, 1171, NOW(), NOW());
INSERT INTO requisitos_documentales (postulante_id, ci_digitalizado, certificado_nacimiento, titulo_bachiller_legalizado, formulario_preinscripcion, verificado_bd_externa, updated_at) VALUES (1072, false, false, false, false, false, NOW());
INSERT INTO users (id, name, email, password, role, active, created_at, updated_at) VALUES (1172, 'Javier Rivera', 'javierrivera72@estudiante.edu.bo', '\$2y\$12\$TyO9cTQJ0O7NSPORyyP8Hup.wk8.BWNWu4itdEJYyjZ2Sem9DbFyi', 'Postulante', true, NOW(), NOW());
INSERT INTO postulantes (id, ci, nombres, apellidos, fecha_nacimiento, sexo, direccion, telefono, email, colegio_procedencia, ciudad, titulo_bachiller, primera_opcion_id, segunda_opcion_id, turno_preferencia, gestion_id, estado, recurrente, user_id, created_at, updated_at) VALUES (1073, '3696744', 'Javier', 'Rivera', '2005-01-15', 'M', NULL, '59168735952', 'javierrivera72@estudiante.edu.bo', 'Colegio Boliviano', 'Santa Cruz de la Sierra', NULL, 2, 1, 'Manana', 2, 'Preinscrito', false, 1172, NOW(), NOW());
INSERT INTO requisitos_documentales (postulante_id, ci_digitalizado, certificado_nacimiento, titulo_bachiller_legalizado, formulario_preinscripcion, verificado_bd_externa, updated_at) VALUES (1073, false, false, false, false, false, NOW());
INSERT INTO users (id, name, email, password, role, active, created_at, updated_at) VALUES (1173, 'Héctor Guerrero', 'héctorguerrero73@estudiante.edu.bo', '\$2y\$12\$TyO9cTQJ0O7NSPORyyP8Hup.wk8.BWNWu4itdEJYyjZ2Sem9DbFyi', 'Postulante', true, NOW(), NOW());
INSERT INTO postulantes (id, ci, nombres, apellidos, fecha_nacimiento, sexo, direccion, telefono, email, colegio_procedencia, ciudad, titulo_bachiller, primera_opcion_id, segunda_opcion_id, turno_preferencia, gestion_id, estado, recurrente, user_id, created_at, updated_at) VALUES (1074, '9690576', 'Héctor', 'Guerrero', '2005-01-15', 'M', NULL, '59191745752', 'héctorguerrero73@estudiante.edu.bo', 'Colegio Boliviano', 'Santa Cruz de la Sierra', NULL, 2, 1, 'Manana', 2, 'Preinscrito', false, 1173, NOW(), NOW());
INSERT INTO requisitos_documentales (postulante_id, ci_digitalizado, certificado_nacimiento, titulo_bachiller_legalizado, formulario_preinscripcion, verificado_bd_externa, updated_at) VALUES (1074, false, false, false, false, false, NOW());
INSERT INTO users (id, name, email, password, role, active, created_at, updated_at) VALUES (1174, 'Miguel Reyes', 'miguelreyes74@estudiante.edu.bo', '\$2y\$12\$TyO9cTQJ0O7NSPORyyP8Hup.wk8.BWNWu4itdEJYyjZ2Sem9DbFyi', 'Postulante', true, NOW(), NOW());
INSERT INTO postulantes (id, ci, nombres, apellidos, fecha_nacimiento, sexo, direccion, telefono, email, colegio_procedencia, ciudad, titulo_bachiller, primera_opcion_id, segunda_opcion_id, turno_preferencia, gestion_id, estado, recurrente, user_id, created_at, updated_at) VALUES (1075, '5751733', 'Miguel', 'Reyes', '2005-01-15', 'M', NULL, '59174774297', 'miguelreyes74@estudiante.edu.bo', 'Colegio Boliviano', 'Santa Cruz de la Sierra', NULL, 2, 1, 'Noche', 2, 'Preinscrito', false, 1174, NOW(), NOW());
INSERT INTO requisitos_documentales (postulante_id, ci_digitalizado, certificado_nacimiento, titulo_bachiller_legalizado, formulario_preinscripcion, verificado_bd_externa, updated_at) VALUES (1075, false, false, false, false, false, NOW());
INSERT INTO users (id, name, email, password, role, active, created_at, updated_at) VALUES (1175, 'Oscar Contreras', 'oscarcontreras75@estudiante.edu.bo', '\$2y\$12\$TyO9cTQJ0O7NSPORyyP8Hup.wk8.BWNWu4itdEJYyjZ2Sem9DbFyi', 'Postulante', true, NOW(), NOW());
INSERT INTO postulantes (id, ci, nombres, apellidos, fecha_nacimiento, sexo, direccion, telefono, email, colegio_procedencia, ciudad, titulo_bachiller, primera_opcion_id, segunda_opcion_id, turno_preferencia, gestion_id, estado, recurrente, user_id, created_at, updated_at) VALUES (1076, '1142310', 'Oscar', 'Contreras', '2005-01-15', 'M', NULL, '59190892804', 'oscarcontreras75@estudiante.edu.bo', 'Colegio Boliviano', 'Santa Cruz de la Sierra', NULL, 2, 1, 'Manana', 2, 'Preinscrito', false, 1175, NOW(), NOW());
INSERT INTO requisitos_documentales (postulante_id, ci_digitalizado, certificado_nacimiento, titulo_bachiller_legalizado, formulario_preinscripcion, verificado_bd_externa, updated_at) VALUES (1076, false, false, false, false, false, NOW());
INSERT INTO users (id, name, email, password, role, active, created_at, updated_at) VALUES (1176, 'Carmen Reyes', 'carmenreyes76@estudiante.edu.bo', '\$2y\$12\$TyO9cTQJ0O7NSPORyyP8Hup.wk8.BWNWu4itdEJYyjZ2Sem9DbFyi', 'Postulante', true, NOW(), NOW());
INSERT INTO postulantes (id, ci, nombres, apellidos, fecha_nacimiento, sexo, direccion, telefono, email, colegio_procedencia, ciudad, titulo_bachiller, primera_opcion_id, segunda_opcion_id, turno_preferencia, gestion_id, estado, recurrente, user_id, created_at, updated_at) VALUES (1077, '7010942', 'Carmen', 'Reyes', '2005-01-15', 'M', NULL, '59188392485', 'carmenreyes76@estudiante.edu.bo', 'Colegio Boliviano', 'Santa Cruz de la Sierra', NULL, 2, 1, 'Tarde', 2, 'Preinscrito', false, 1176, NOW(), NOW());
INSERT INTO requisitos_documentales (postulante_id, ci_digitalizado, certificado_nacimiento, titulo_bachiller_legalizado, formulario_preinscripcion, verificado_bd_externa, updated_at) VALUES (1077, false, false, false, false, false, NOW());
INSERT INTO users (id, name, email, password, role, active, created_at, updated_at) VALUES (1177, 'Isabel Hernández', 'isabelhernández77@estudiante.edu.bo', '\$2y\$12\$TyO9cTQJ0O7NSPORyyP8Hup.wk8.BWNWu4itdEJYyjZ2Sem9DbFyi', 'Postulante', true, NOW(), NOW());
INSERT INTO postulantes (id, ci, nombres, apellidos, fecha_nacimiento, sexo, direccion, telefono, email, colegio_procedencia, ciudad, titulo_bachiller, primera_opcion_id, segunda_opcion_id, turno_preferencia, gestion_id, estado, recurrente, user_id, created_at, updated_at) VALUES (1078, '3209770', 'Isabel', 'Hernández', '2005-01-15', 'M', NULL, '59186512276', 'isabelhernández77@estudiante.edu.bo', 'Colegio Boliviano', 'Santa Cruz de la Sierra', NULL, 2, 1, 'Noche', 2, 'Preinscrito', false, 1177, NOW(), NOW());
INSERT INTO requisitos_documentales (postulante_id, ci_digitalizado, certificado_nacimiento, titulo_bachiller_legalizado, formulario_preinscripcion, verificado_bd_externa, updated_at) VALUES (1078, false, false, false, false, false, NOW());
INSERT INTO users (id, name, email, password, role, active, created_at, updated_at) VALUES (1178, 'Patricia Sánchez', 'patriciasánchez78@estudiante.edu.bo', '\$2y\$12\$TyO9cTQJ0O7NSPORyyP8Hup.wk8.BWNWu4itdEJYyjZ2Sem9DbFyi', 'Postulante', true, NOW(), NOW());
INSERT INTO postulantes (id, ci, nombres, apellidos, fecha_nacimiento, sexo, direccion, telefono, email, colegio_procedencia, ciudad, titulo_bachiller, primera_opcion_id, segunda_opcion_id, turno_preferencia, gestion_id, estado, recurrente, user_id, created_at, updated_at) VALUES (1079, '4352658', 'Patricia', 'Sánchez', '2005-01-15', 'M', NULL, '59180013090', 'patriciasánchez78@estudiante.edu.bo', 'Colegio Boliviano', 'Santa Cruz de la Sierra', NULL, 2, 1, 'Tarde', 2, 'Preinscrito', false, 1178, NOW(), NOW());
INSERT INTO requisitos_documentales (postulante_id, ci_digitalizado, certificado_nacimiento, titulo_bachiller_legalizado, formulario_preinscripcion, verificado_bd_externa, updated_at) VALUES (1079, false, false, false, false, false, NOW());
INSERT INTO users (id, name, email, password, role, active, created_at, updated_at) VALUES (1179, 'Javier Navarro', 'javiernavarro79@estudiante.edu.bo', '\$2y\$12\$TyO9cTQJ0O7NSPORyyP8Hup.wk8.BWNWu4itdEJYyjZ2Sem9DbFyi', 'Postulante', true, NOW(), NOW());
INSERT INTO postulantes (id, ci, nombres, apellidos, fecha_nacimiento, sexo, direccion, telefono, email, colegio_procedencia, ciudad, titulo_bachiller, primera_opcion_id, segunda_opcion_id, turno_preferencia, gestion_id, estado, recurrente, user_id, created_at, updated_at) VALUES (1080, '2872571', 'Javier', 'Navarro', '2005-01-15', 'M', NULL, '59193751424', 'javiernavarro79@estudiante.edu.bo', 'Colegio Boliviano', 'Santa Cruz de la Sierra', NULL, 2, 1, 'Noche', 2, 'Preinscrito', false, 1179, NOW(), NOW());
INSERT INTO requisitos_documentales (postulante_id, ci_digitalizado, certificado_nacimiento, titulo_bachiller_legalizado, formulario_preinscripcion, verificado_bd_externa, updated_at) VALUES (1080, false, false, false, false, false, NOW());
INSERT INTO users (id, name, email, password, role, active, created_at, updated_at) VALUES (1180, 'Roberto Vargas', 'robertovargas80@estudiante.edu.bo', '\$2y\$12\$TyO9cTQJ0O7NSPORyyP8Hup.wk8.BWNWu4itdEJYyjZ2Sem9DbFyi', 'Postulante', true, NOW(), NOW());
INSERT INTO postulantes (id, ci, nombres, apellidos, fecha_nacimiento, sexo, direccion, telefono, email, colegio_procedencia, ciudad, titulo_bachiller, primera_opcion_id, segunda_opcion_id, turno_preferencia, gestion_id, estado, recurrente, user_id, created_at, updated_at) VALUES (1081, '6284056', 'Roberto', 'Vargas', '2005-01-15', 'M', NULL, '59184861584', 'robertovargas80@estudiante.edu.bo', 'Colegio Boliviano', 'Santa Cruz de la Sierra', NULL, 2, 1, 'Manana', 2, 'Preinscrito', false, 1180, NOW(), NOW());
INSERT INTO requisitos_documentales (postulante_id, ci_digitalizado, certificado_nacimiento, titulo_bachiller_legalizado, formulario_preinscripcion, verificado_bd_externa, updated_at) VALUES (1081, false, false, false, false, false, NOW());
INSERT INTO users (id, name, email, password, role, active, created_at, updated_at) VALUES (1181, 'Francisca Contreras', 'franciscacontreras81@estudiante.edu.bo', '\$2y\$12\$TyO9cTQJ0O7NSPORyyP8Hup.wk8.BWNWu4itdEJYyjZ2Sem9DbFyi', 'Postulante', true, NOW(), NOW());
INSERT INTO postulantes (id, ci, nombres, apellidos, fecha_nacimiento, sexo, direccion, telefono, email, colegio_procedencia, ciudad, titulo_bachiller, primera_opcion_id, segunda_opcion_id, turno_preferencia, gestion_id, estado, recurrente, user_id, created_at, updated_at) VALUES (1082, '6769697', 'Francisca', 'Contreras', '2005-01-15', 'M', NULL, '59175432526', 'franciscacontreras81@estudiante.edu.bo', 'Colegio Boliviano', 'Santa Cruz de la Sierra', NULL, 2, 1, 'Manana', 2, 'Preinscrito', false, 1181, NOW(), NOW());
INSERT INTO requisitos_documentales (postulante_id, ci_digitalizado, certificado_nacimiento, titulo_bachiller_legalizado, formulario_preinscripcion, verificado_bd_externa, updated_at) VALUES (1082, false, false, false, false, false, NOW());
INSERT INTO users (id, name, email, password, role, active, created_at, updated_at) VALUES (1182, 'Leticia López', 'leticialópez82@estudiante.edu.bo', '\$2y\$12\$TyO9cTQJ0O7NSPORyyP8Hup.wk8.BWNWu4itdEJYyjZ2Sem9DbFyi', 'Postulante', true, NOW(), NOW());
INSERT INTO postulantes (id, ci, nombres, apellidos, fecha_nacimiento, sexo, direccion, telefono, email, colegio_procedencia, ciudad, titulo_bachiller, primera_opcion_id, segunda_opcion_id, turno_preferencia, gestion_id, estado, recurrente, user_id, created_at, updated_at) VALUES (1083, '3282896', 'Leticia', 'López', '2005-01-15', 'M', NULL, '59171275973', 'leticialópez82@estudiante.edu.bo', 'Colegio Boliviano', 'Santa Cruz de la Sierra', NULL, 2, 1, 'Noche', 2, 'Preinscrito', false, 1182, NOW(), NOW());
INSERT INTO requisitos_documentales (postulante_id, ci_digitalizado, certificado_nacimiento, titulo_bachiller_legalizado, formulario_preinscripcion, verificado_bd_externa, updated_at) VALUES (1083, false, false, false, false, false, NOW());
INSERT INTO users (id, name, email, password, role, active, created_at, updated_at) VALUES (1183, 'Francisca Molina', 'franciscamolina83@estudiante.edu.bo', '\$2y\$12\$TyO9cTQJ0O7NSPORyyP8Hup.wk8.BWNWu4itdEJYyjZ2Sem9DbFyi', 'Postulante', true, NOW(), NOW());
INSERT INTO postulantes (id, ci, nombres, apellidos, fecha_nacimiento, sexo, direccion, telefono, email, colegio_procedencia, ciudad, titulo_bachiller, primera_opcion_id, segunda_opcion_id, turno_preferencia, gestion_id, estado, recurrente, user_id, created_at, updated_at) VALUES (1084, '2245319', 'Francisca', 'Molina', '2005-01-15', 'M', NULL, '59189763264', 'franciscamolina83@estudiante.edu.bo', 'Colegio Boliviano', 'Santa Cruz de la Sierra', NULL, 2, 1, 'Tarde', 2, 'Preinscrito', false, 1183, NOW(), NOW());
INSERT INTO requisitos_documentales (postulante_id, ci_digitalizado, certificado_nacimiento, titulo_bachiller_legalizado, formulario_preinscripcion, verificado_bd_externa, updated_at) VALUES (1084, false, false, false, false, false, NOW());
INSERT INTO users (id, name, email, password, role, active, created_at, updated_at) VALUES (1184, 'Beatriz Delgado', 'beatrizdelgado84@estudiante.edu.bo', '\$2y\$12\$TyO9cTQJ0O7NSPORyyP8Hup.wk8.BWNWu4itdEJYyjZ2Sem9DbFyi', 'Postulante', true, NOW(), NOW());
INSERT INTO postulantes (id, ci, nombres, apellidos, fecha_nacimiento, sexo, direccion, telefono, email, colegio_procedencia, ciudad, titulo_bachiller, primera_opcion_id, segunda_opcion_id, turno_preferencia, gestion_id, estado, recurrente, user_id, created_at, updated_at) VALUES (1085, '8577120', 'Beatriz', 'Delgado', '2005-01-15', 'M', NULL, '59183795990', 'beatrizdelgado84@estudiante.edu.bo', 'Colegio Boliviano', 'Santa Cruz de la Sierra', NULL, 2, 1, 'Manana', 2, 'Preinscrito', false, 1184, NOW(), NOW());
INSERT INTO requisitos_documentales (postulante_id, ci_digitalizado, certificado_nacimiento, titulo_bachiller_legalizado, formulario_preinscripcion, verificado_bd_externa, updated_at) VALUES (1085, false, false, false, false, false, NOW());
INSERT INTO users (id, name, email, password, role, active, created_at, updated_at) VALUES (1185, 'Leticia González', 'leticiagonzález85@estudiante.edu.bo', '\$2y\$12\$TyO9cTQJ0O7NSPORyyP8Hup.wk8.BWNWu4itdEJYyjZ2Sem9DbFyi', 'Postulante', true, NOW(), NOW());
INSERT INTO postulantes (id, ci, nombres, apellidos, fecha_nacimiento, sexo, direccion, telefono, email, colegio_procedencia, ciudad, titulo_bachiller, primera_opcion_id, segunda_opcion_id, turno_preferencia, gestion_id, estado, recurrente, user_id, created_at, updated_at) VALUES (1086, '1763879', 'Leticia', 'González', '2005-01-15', 'M', NULL, '59193132999', 'leticiagonzález85@estudiante.edu.bo', 'Colegio Boliviano', 'Santa Cruz de la Sierra', NULL, 2, 1, 'Noche', 2, 'Preinscrito', false, 1185, NOW(), NOW());
INSERT INTO requisitos_documentales (postulante_id, ci_digitalizado, certificado_nacimiento, titulo_bachiller_legalizado, formulario_preinscripcion, verificado_bd_externa, updated_at) VALUES (1086, false, false, false, false, false, NOW());
INSERT INTO users (id, name, email, password, role, active, created_at, updated_at) VALUES (1186, 'Pedro Rodríguez', 'pedrorodríguez86@estudiante.edu.bo', '\$2y\$12\$TyO9cTQJ0O7NSPORyyP8Hup.wk8.BWNWu4itdEJYyjZ2Sem9DbFyi', 'Postulante', true, NOW(), NOW());
INSERT INTO postulantes (id, ci, nombres, apellidos, fecha_nacimiento, sexo, direccion, telefono, email, colegio_procedencia, ciudad, titulo_bachiller, primera_opcion_id, segunda_opcion_id, turno_preferencia, gestion_id, estado, recurrente, user_id, created_at, updated_at) VALUES (1087, '5125168', 'Pedro', 'Rodríguez', '2005-01-15', 'M', NULL, '59194129598', 'pedrorodríguez86@estudiante.edu.bo', 'Colegio Boliviano', 'Santa Cruz de la Sierra', NULL, 2, 1, 'Noche', 2, 'Preinscrito', false, 1186, NOW(), NOW());
INSERT INTO requisitos_documentales (postulante_id, ci_digitalizado, certificado_nacimiento, titulo_bachiller_legalizado, formulario_preinscripcion, verificado_bd_externa, updated_at) VALUES (1087, false, false, false, false, false, NOW());
INSERT INTO users (id, name, email, password, role, active, created_at, updated_at) VALUES (1187, 'Carlos Rodríguez', 'carlosrodríguez87@estudiante.edu.bo', '\$2y\$12\$TyO9cTQJ0O7NSPORyyP8Hup.wk8.BWNWu4itdEJYyjZ2Sem9DbFyi', 'Postulante', true, NOW(), NOW());
INSERT INTO postulantes (id, ci, nombres, apellidos, fecha_nacimiento, sexo, direccion, telefono, email, colegio_procedencia, ciudad, titulo_bachiller, primera_opcion_id, segunda_opcion_id, turno_preferencia, gestion_id, estado, recurrente, user_id, created_at, updated_at) VALUES (1088, '8010530', 'Carlos', 'Rodríguez', '2005-01-15', 'M', NULL, '59179412633', 'carlosrodríguez87@estudiante.edu.bo', 'Colegio Boliviano', 'Santa Cruz de la Sierra', NULL, 2, 1, 'Noche', 2, 'Preinscrito', false, 1187, NOW(), NOW());
INSERT INTO requisitos_documentales (postulante_id, ci_digitalizado, certificado_nacimiento, titulo_bachiller_legalizado, formulario_preinscripcion, verificado_bd_externa, updated_at) VALUES (1088, false, false, false, false, false, NOW());
INSERT INTO users (id, name, email, password, role, active, created_at, updated_at) VALUES (1188, 'Matías Carrillo', 'matíascarrillo88@estudiante.edu.bo', '\$2y\$12\$TyO9cTQJ0O7NSPORyyP8Hup.wk8.BWNWu4itdEJYyjZ2Sem9DbFyi', 'Postulante', true, NOW(), NOW());
INSERT INTO postulantes (id, ci, nombres, apellidos, fecha_nacimiento, sexo, direccion, telefono, email, colegio_procedencia, ciudad, titulo_bachiller, primera_opcion_id, segunda_opcion_id, turno_preferencia, gestion_id, estado, recurrente, user_id, created_at, updated_at) VALUES (1089, '5377575', 'Matías', 'Carrillo', '2005-01-15', 'M', NULL, '59189923992', 'matíascarrillo88@estudiante.edu.bo', 'Colegio Boliviano', 'Santa Cruz de la Sierra', NULL, 2, 1, 'Noche', 2, 'Preinscrito', false, 1188, NOW(), NOW());
INSERT INTO requisitos_documentales (postulante_id, ci_digitalizado, certificado_nacimiento, titulo_bachiller_legalizado, formulario_preinscripcion, verificado_bd_externa, updated_at) VALUES (1089, false, false, false, false, false, NOW());
INSERT INTO users (id, name, email, password, role, active, created_at, updated_at) VALUES (1189, 'Rosa Hernández', 'rosahernández89@estudiante.edu.bo', '\$2y\$12\$TyO9cTQJ0O7NSPORyyP8Hup.wk8.BWNWu4itdEJYyjZ2Sem9DbFyi', 'Postulante', true, NOW(), NOW());
INSERT INTO postulantes (id, ci, nombres, apellidos, fecha_nacimiento, sexo, direccion, telefono, email, colegio_procedencia, ciudad, titulo_bachiller, primera_opcion_id, segunda_opcion_id, turno_preferencia, gestion_id, estado, recurrente, user_id, created_at, updated_at) VALUES (1090, '1957287', 'Rosa', 'Hernández', '2005-01-15', 'M', NULL, '59175031147', 'rosahernández89@estudiante.edu.bo', 'Colegio Boliviano', 'Santa Cruz de la Sierra', NULL, 2, 1, 'Manana', 2, 'Preinscrito', false, 1189, NOW(), NOW());
INSERT INTO requisitos_documentales (postulante_id, ci_digitalizado, certificado_nacimiento, titulo_bachiller_legalizado, formulario_preinscripcion, verificado_bd_externa, updated_at) VALUES (1090, false, false, false, false, false, NOW());
INSERT INTO users (id, name, email, password, role, active, created_at, updated_at) VALUES (1190, 'María Ruiz', 'maríaruiz90@estudiante.edu.bo', '\$2y\$12\$TyO9cTQJ0O7NSPORyyP8Hup.wk8.BWNWu4itdEJYyjZ2Sem9DbFyi', 'Postulante', true, NOW(), NOW());
INSERT INTO postulantes (id, ci, nombres, apellidos, fecha_nacimiento, sexo, direccion, telefono, email, colegio_procedencia, ciudad, titulo_bachiller, primera_opcion_id, segunda_opcion_id, turno_preferencia, gestion_id, estado, recurrente, user_id, created_at, updated_at) VALUES (1091, '9832294', 'María', 'Ruiz', '2005-01-15', 'M', NULL, '59165416581', 'maríaruiz90@estudiante.edu.bo', 'Colegio Boliviano', 'Santa Cruz de la Sierra', NULL, 2, 1, 'Noche', 2, 'Preinscrito', false, 1190, NOW(), NOW());
INSERT INTO requisitos_documentales (postulante_id, ci_digitalizado, certificado_nacimiento, titulo_bachiller_legalizado, formulario_preinscripcion, verificado_bd_externa, updated_at) VALUES (1091, false, false, false, false, false, NOW());
INSERT INTO users (id, name, email, password, role, active, created_at, updated_at) VALUES (1191, 'Oscar Reyes', 'oscarreyes91@estudiante.edu.bo', '\$2y\$12\$TyO9cTQJ0O7NSPORyyP8Hup.wk8.BWNWu4itdEJYyjZ2Sem9DbFyi', 'Postulante', true, NOW(), NOW());
INSERT INTO postulantes (id, ci, nombres, apellidos, fecha_nacimiento, sexo, direccion, telefono, email, colegio_procedencia, ciudad, titulo_bachiller, primera_opcion_id, segunda_opcion_id, turno_preferencia, gestion_id, estado, recurrente, user_id, created_at, updated_at) VALUES (1092, '9697641', 'Oscar', 'Reyes', '2005-01-15', 'M', NULL, '59190053132', 'oscarreyes91@estudiante.edu.bo', 'Colegio Boliviano', 'Santa Cruz de la Sierra', NULL, 2, 1, 'Noche', 2, 'Preinscrito', false, 1191, NOW(), NOW());
INSERT INTO requisitos_documentales (postulante_id, ci_digitalizado, certificado_nacimiento, titulo_bachiller_legalizado, formulario_preinscripcion, verificado_bd_externa, updated_at) VALUES (1092, false, false, false, false, false, NOW());
INSERT INTO users (id, name, email, password, role, active, created_at, updated_at) VALUES (1192, 'Oscar Valencia', 'oscarvalencia92@estudiante.edu.bo', '\$2y\$12\$TyO9cTQJ0O7NSPORyyP8Hup.wk8.BWNWu4itdEJYyjZ2Sem9DbFyi', 'Postulante', true, NOW(), NOW());
INSERT INTO postulantes (id, ci, nombres, apellidos, fecha_nacimiento, sexo, direccion, telefono, email, colegio_procedencia, ciudad, titulo_bachiller, primera_opcion_id, segunda_opcion_id, turno_preferencia, gestion_id, estado, recurrente, user_id, created_at, updated_at) VALUES (1093, '2896879', 'Oscar', 'Valencia', '2005-01-15', 'M', NULL, '59196324699', 'oscarvalencia92@estudiante.edu.bo', 'Colegio Boliviano', 'Santa Cruz de la Sierra', NULL, 2, 1, 'Manana', 2, 'Preinscrito', false, 1192, NOW(), NOW());
INSERT INTO requisitos_documentales (postulante_id, ci_digitalizado, certificado_nacimiento, titulo_bachiller_legalizado, formulario_preinscripcion, verificado_bd_externa, updated_at) VALUES (1093, false, false, false, false, false, NOW());
INSERT INTO users (id, name, email, password, role, active, created_at, updated_at) VALUES (1193, 'Gabriela Guerrero', 'gabrielaguerrero93@estudiante.edu.bo', '\$2y\$12\$TyO9cTQJ0O7NSPORyyP8Hup.wk8.BWNWu4itdEJYyjZ2Sem9DbFyi', 'Postulante', true, NOW(), NOW());
INSERT INTO postulantes (id, ci, nombres, apellidos, fecha_nacimiento, sexo, direccion, telefono, email, colegio_procedencia, ciudad, titulo_bachiller, primera_opcion_id, segunda_opcion_id, turno_preferencia, gestion_id, estado, recurrente, user_id, created_at, updated_at) VALUES (1094, '1700125', 'Gabriela', 'Guerrero', '2005-01-15', 'M', NULL, '59168172201', 'gabrielaguerrero93@estudiante.edu.bo', 'Colegio Boliviano', 'Santa Cruz de la Sierra', NULL, 2, 1, 'Noche', 2, 'Preinscrito', false, 1193, NOW(), NOW());
INSERT INTO requisitos_documentales (postulante_id, ci_digitalizado, certificado_nacimiento, titulo_bachiller_legalizado, formulario_preinscripcion, verificado_bd_externa, updated_at) VALUES (1094, false, false, false, false, false, NOW());
INSERT INTO users (id, name, email, password, role, active, created_at, updated_at) VALUES (1194, 'Carlos Molina', 'carlosmolina94@estudiante.edu.bo', '\$2y\$12\$TyO9cTQJ0O7NSPORyyP8Hup.wk8.BWNWu4itdEJYyjZ2Sem9DbFyi', 'Postulante', true, NOW(), NOW());
INSERT INTO postulantes (id, ci, nombres, apellidos, fecha_nacimiento, sexo, direccion, telefono, email, colegio_procedencia, ciudad, titulo_bachiller, primera_opcion_id, segunda_opcion_id, turno_preferencia, gestion_id, estado, recurrente, user_id, created_at, updated_at) VALUES (1095, '5451392', 'Carlos', 'Molina', '2005-01-15', 'M', NULL, '59184960562', 'carlosmolina94@estudiante.edu.bo', 'Colegio Boliviano', 'Santa Cruz de la Sierra', NULL, 2, 1, 'Manana', 2, 'Preinscrito', false, 1194, NOW(), NOW());
INSERT INTO requisitos_documentales (postulante_id, ci_digitalizado, certificado_nacimiento, titulo_bachiller_legalizado, formulario_preinscripcion, verificado_bd_externa, updated_at) VALUES (1095, false, false, false, false, false, NOW());
INSERT INTO users (id, name, email, password, role, active, created_at, updated_at) VALUES (1195, 'Juan Torres', 'juantorres95@estudiante.edu.bo', '\$2y\$12\$TyO9cTQJ0O7NSPORyyP8Hup.wk8.BWNWu4itdEJYyjZ2Sem9DbFyi', 'Postulante', true, NOW(), NOW());
INSERT INTO postulantes (id, ci, nombres, apellidos, fecha_nacimiento, sexo, direccion, telefono, email, colegio_procedencia, ciudad, titulo_bachiller, primera_opcion_id, segunda_opcion_id, turno_preferencia, gestion_id, estado, recurrente, user_id, created_at, updated_at) VALUES (1096, '7391909', 'Juan', 'Torres', '2005-01-15', 'M', NULL, '59176087055', 'juantorres95@estudiante.edu.bo', 'Colegio Boliviano', 'Santa Cruz de la Sierra', NULL, 2, 1, 'Tarde', 2, 'Preinscrito', false, 1195, NOW(), NOW());
INSERT INTO requisitos_documentales (postulante_id, ci_digitalizado, certificado_nacimiento, titulo_bachiller_legalizado, formulario_preinscripcion, verificado_bd_externa, updated_at) VALUES (1096, false, false, false, false, false, NOW());
INSERT INTO users (id, name, email, password, role, active, created_at, updated_at) VALUES (1196, 'Matías Contreras', 'matíascontreras96@estudiante.edu.bo', '\$2y\$12\$TyO9cTQJ0O7NSPORyyP8Hup.wk8.BWNWu4itdEJYyjZ2Sem9DbFyi', 'Postulante', true, NOW(), NOW());
INSERT INTO postulantes (id, ci, nombres, apellidos, fecha_nacimiento, sexo, direccion, telefono, email, colegio_procedencia, ciudad, titulo_bachiller, primera_opcion_id, segunda_opcion_id, turno_preferencia, gestion_id, estado, recurrente, user_id, created_at, updated_at) VALUES (1097, '9416546', 'Matías', 'Contreras', '2005-01-15', 'M', NULL, '59197195272', 'matíascontreras96@estudiante.edu.bo', 'Colegio Boliviano', 'Santa Cruz de la Sierra', NULL, 2, 1, 'Manana', 2, 'Preinscrito', false, 1196, NOW(), NOW());
INSERT INTO requisitos_documentales (postulante_id, ci_digitalizado, certificado_nacimiento, titulo_bachiller_legalizado, formulario_preinscripcion, verificado_bd_externa, updated_at) VALUES (1097, false, false, false, false, false, NOW());
INSERT INTO users (id, name, email, password, role, active, created_at, updated_at) VALUES (1197, 'Natalia Tapia', 'nataliatapia97@estudiante.edu.bo', '\$2y\$12\$TyO9cTQJ0O7NSPORyyP8Hup.wk8.BWNWu4itdEJYyjZ2Sem9DbFyi', 'Postulante', true, NOW(), NOW());
INSERT INTO postulantes (id, ci, nombres, apellidos, fecha_nacimiento, sexo, direccion, telefono, email, colegio_procedencia, ciudad, titulo_bachiller, primera_opcion_id, segunda_opcion_id, turno_preferencia, gestion_id, estado, recurrente, user_id, created_at, updated_at) VALUES (1098, '3860598', 'Natalia', 'Tapia', '2005-01-15', 'M', NULL, '59198830234', 'nataliatapia97@estudiante.edu.bo', 'Colegio Boliviano', 'Santa Cruz de la Sierra', NULL, 2, 1, 'Manana', 2, 'Preinscrito', false, 1197, NOW(), NOW());
INSERT INTO requisitos_documentales (postulante_id, ci_digitalizado, certificado_nacimiento, titulo_bachiller_legalizado, formulario_preinscripcion, verificado_bd_externa, updated_at) VALUES (1098, false, false, false, false, false, NOW());
INSERT INTO users (id, name, email, password, role, active, created_at, updated_at) VALUES (1198, 'Valentina García', 'valentinagarcía98@estudiante.edu.bo', '\$2y\$12\$TyO9cTQJ0O7NSPORyyP8Hup.wk8.BWNWu4itdEJYyjZ2Sem9DbFyi', 'Postulante', true, NOW(), NOW());
INSERT INTO postulantes (id, ci, nombres, apellidos, fecha_nacimiento, sexo, direccion, telefono, email, colegio_procedencia, ciudad, titulo_bachiller, primera_opcion_id, segunda_opcion_id, turno_preferencia, gestion_id, estado, recurrente, user_id, created_at, updated_at) VALUES (1099, '8686052', 'Valentina', 'García', '2005-01-15', 'M', NULL, '59168337951', 'valentinagarcía98@estudiante.edu.bo', 'Colegio Boliviano', 'Santa Cruz de la Sierra', NULL, 2, 1, 'Tarde', 2, 'Preinscrito', false, 1198, NOW(), NOW());
INSERT INTO requisitos_documentales (postulante_id, ci_digitalizado, certificado_nacimiento, titulo_bachiller_legalizado, formulario_preinscripcion, verificado_bd_externa, updated_at) VALUES (1099, false, false, false, false, false, NOW());
INSERT INTO users (id, name, email, password, role, active, created_at, updated_at) VALUES (1199, 'Sergio Tapia', 'sergiotapia99@estudiante.edu.bo', '\$2y\$12\$TyO9cTQJ0O7NSPORyyP8Hup.wk8.BWNWu4itdEJYyjZ2Sem9DbFyi', 'Postulante', true, NOW(), NOW());
INSERT INTO postulantes (id, ci, nombres, apellidos, fecha_nacimiento, sexo, direccion, telefono, email, colegio_procedencia, ciudad, titulo_bachiller, primera_opcion_id, segunda_opcion_id, turno_preferencia, gestion_id, estado, recurrente, user_id, created_at, updated_at) VALUES (1100, '1512460', 'Sergio', 'Tapia', '2005-01-15', 'M', NULL, '59171215907', 'sergiotapia99@estudiante.edu.bo', 'Colegio Boliviano', 'Santa Cruz de la Sierra', NULL, 2, 1, 'Tarde', 2, 'Preinscrito', false, 1199, NOW(), NOW());
INSERT INTO requisitos_documentales (postulante_id, ci_digitalizado, certificado_nacimiento, titulo_bachiller_legalizado, formulario_preinscripcion, verificado_bd_externa, updated_at) VALUES (1100, false, false, false, false, false, NOW());
INSERT INTO users (id, name, email, password, role, active, created_at, updated_at) VALUES (1200, 'Matías Jiménez', 'matíasjiménez100@estudiante.edu.bo', '\$2y\$12\$TyO9cTQJ0O7NSPORyyP8Hup.wk8.BWNWu4itdEJYyjZ2Sem9DbFyi', 'Postulante', true, NOW(), NOW());
INSERT INTO postulantes (id, ci, nombres, apellidos, fecha_nacimiento, sexo, direccion, telefono, email, colegio_procedencia, ciudad, titulo_bachiller, primera_opcion_id, segunda_opcion_id, turno_preferencia, gestion_id, estado, recurrente, user_id, created_at, updated_at) VALUES (1101, '3108869', 'Matías', 'Jiménez', '2005-01-15', 'M', NULL, '59161761881', 'matíasjiménez100@estudiante.edu.bo', 'Colegio Boliviano', 'Santa Cruz de la Sierra', NULL, 2, 1, 'Manana', 2, 'Preinscrito', false, 1200, NOW(), NOW());
INSERT INTO requisitos_documentales (postulante_id, ci_digitalizado, certificado_nacimiento, titulo_bachiller_legalizado, formulario_preinscripcion, verificado_bd_externa, updated_at) VALUES (1101, false, false, false, false, false, NOW());
INSERT INTO users (id, name, email, password, role, active, created_at, updated_at) VALUES (1201, 'Valentina Castillo', 'valentinacastillo101@estudiante.edu.bo', '\$2y\$12\$TyO9cTQJ0O7NSPORyyP8Hup.wk8.BWNWu4itdEJYyjZ2Sem9DbFyi', 'Postulante', true, NOW(), NOW());
INSERT INTO postulantes (id, ci, nombres, apellidos, fecha_nacimiento, sexo, direccion, telefono, email, colegio_procedencia, ciudad, titulo_bachiller, primera_opcion_id, segunda_opcion_id, turno_preferencia, gestion_id, estado, recurrente, user_id, created_at, updated_at) VALUES (1102, '1492954', 'Valentina', 'Castillo', '2005-01-15', 'M', NULL, '59162283573', 'valentinacastillo101@estudiante.edu.bo', 'Colegio Boliviano', 'Santa Cruz de la Sierra', NULL, 2, 1, 'Tarde', 2, 'Preinscrito', false, 1201, NOW(), NOW());
INSERT INTO requisitos_documentales (postulante_id, ci_digitalizado, certificado_nacimiento, titulo_bachiller_legalizado, formulario_preinscripcion, verificado_bd_externa, updated_at) VALUES (1102, false, false, false, false, false, NOW());
INSERT INTO users (id, name, email, password, role, active, created_at, updated_at) VALUES (1202, 'María Jiménez', 'maríajiménez102@estudiante.edu.bo', '\$2y\$12\$TyO9cTQJ0O7NSPORyyP8Hup.wk8.BWNWu4itdEJYyjZ2Sem9DbFyi', 'Postulante', true, NOW(), NOW());
INSERT INTO postulantes (id, ci, nombres, apellidos, fecha_nacimiento, sexo, direccion, telefono, email, colegio_procedencia, ciudad, titulo_bachiller, primera_opcion_id, segunda_opcion_id, turno_preferencia, gestion_id, estado, recurrente, user_id, created_at, updated_at) VALUES (1103, '3241867', 'María', 'Jiménez', '2005-01-15', 'M', NULL, '59194182275', 'maríajiménez102@estudiante.edu.bo', 'Colegio Boliviano', 'Santa Cruz de la Sierra', NULL, 2, 1, 'Noche', 2, 'Preinscrito', false, 1202, NOW(), NOW());
INSERT INTO requisitos_documentales (postulante_id, ci_digitalizado, certificado_nacimiento, titulo_bachiller_legalizado, formulario_preinscripcion, verificado_bd_externa, updated_at) VALUES (1103, false, false, false, false, false, NOW());
INSERT INTO users (id, name, email, password, role, active, created_at, updated_at) VALUES (1203, 'Miguel Guerrero', 'miguelguerrero103@estudiante.edu.bo', '\$2y\$12\$TyO9cTQJ0O7NSPORyyP8Hup.wk8.BWNWu4itdEJYyjZ2Sem9DbFyi', 'Postulante', true, NOW(), NOW());
INSERT INTO postulantes (id, ci, nombres, apellidos, fecha_nacimiento, sexo, direccion, telefono, email, colegio_procedencia, ciudad, titulo_bachiller, primera_opcion_id, segunda_opcion_id, turno_preferencia, gestion_id, estado, recurrente, user_id, created_at, updated_at) VALUES (1104, '8487052', 'Miguel', 'Guerrero', '2005-01-15', 'M', NULL, '59166043204', 'miguelguerrero103@estudiante.edu.bo', 'Colegio Boliviano', 'Santa Cruz de la Sierra', NULL, 2, 1, 'Tarde', 2, 'Preinscrito', false, 1203, NOW(), NOW());
INSERT INTO requisitos_documentales (postulante_id, ci_digitalizado, certificado_nacimiento, titulo_bachiller_legalizado, formulario_preinscripcion, verificado_bd_externa, updated_at) VALUES (1104, false, false, false, false, false, NOW());
INSERT INTO users (id, name, email, password, role, active, created_at, updated_at) VALUES (1204, 'Natalia Molina', 'nataliamolina104@estudiante.edu.bo', '\$2y\$12\$TyO9cTQJ0O7NSPORyyP8Hup.wk8.BWNWu4itdEJYyjZ2Sem9DbFyi', 'Postulante', true, NOW(), NOW());
INSERT INTO postulantes (id, ci, nombres, apellidos, fecha_nacimiento, sexo, direccion, telefono, email, colegio_procedencia, ciudad, titulo_bachiller, primera_opcion_id, segunda_opcion_id, turno_preferencia, gestion_id, estado, recurrente, user_id, created_at, updated_at) VALUES (1105, '1822225', 'Natalia', 'Molina', '2005-01-15', 'M', NULL, '59198762849', 'nataliamolina104@estudiante.edu.bo', 'Colegio Boliviano', 'Santa Cruz de la Sierra', NULL, 2, 1, 'Noche', 2, 'Preinscrito', false, 1204, NOW(), NOW());
INSERT INTO requisitos_documentales (postulante_id, ci_digitalizado, certificado_nacimiento, titulo_bachiller_legalizado, formulario_preinscripcion, verificado_bd_externa, updated_at) VALUES (1105, false, false, false, false, false, NOW());
INSERT INTO users (id, name, email, password, role, active, created_at, updated_at) VALUES (1205, 'Arturo González', 'arturogonzález105@estudiante.edu.bo', '\$2y\$12\$TyO9cTQJ0O7NSPORyyP8Hup.wk8.BWNWu4itdEJYyjZ2Sem9DbFyi', 'Postulante', true, NOW(), NOW());
INSERT INTO postulantes (id, ci, nombres, apellidos, fecha_nacimiento, sexo, direccion, telefono, email, colegio_procedencia, ciudad, titulo_bachiller, primera_opcion_id, segunda_opcion_id, turno_preferencia, gestion_id, estado, recurrente, user_id, created_at, updated_at) VALUES (1106, '3726382', 'Arturo', 'González', '2005-01-15', 'M', NULL, '59188079090', 'arturogonzález105@estudiante.edu.bo', 'Colegio Boliviano', 'Santa Cruz de la Sierra', NULL, 2, 1, 'Manana', 2, 'Preinscrito', false, 1205, NOW(), NOW());
INSERT INTO requisitos_documentales (postulante_id, ci_digitalizado, certificado_nacimiento, titulo_bachiller_legalizado, formulario_preinscripcion, verificado_bd_externa, updated_at) VALUES (1106, false, false, false, false, false, NOW());
INSERT INTO users (id, name, email, password, role, active, created_at, updated_at) VALUES (1206, 'Pedro Fuentes', 'pedrofuentes106@estudiante.edu.bo', '\$2y\$12\$TyO9cTQJ0O7NSPORyyP8Hup.wk8.BWNWu4itdEJYyjZ2Sem9DbFyi', 'Postulante', true, NOW(), NOW());
INSERT INTO postulantes (id, ci, nombres, apellidos, fecha_nacimiento, sexo, direccion, telefono, email, colegio_procedencia, ciudad, titulo_bachiller, primera_opcion_id, segunda_opcion_id, turno_preferencia, gestion_id, estado, recurrente, user_id, created_at, updated_at) VALUES (1107, '5062516', 'Pedro', 'Fuentes', '2005-01-15', 'M', NULL, '59196678494', 'pedrofuentes106@estudiante.edu.bo', 'Colegio Boliviano', 'Santa Cruz de la Sierra', NULL, 2, 1, 'Noche', 2, 'Preinscrito', false, 1206, NOW(), NOW());
INSERT INTO requisitos_documentales (postulante_id, ci_digitalizado, certificado_nacimiento, titulo_bachiller_legalizado, formulario_preinscripcion, verificado_bd_externa, updated_at) VALUES (1107, false, false, false, false, false, NOW());
INSERT INTO users (id, name, email, password, role, active, created_at, updated_at) VALUES (1207, 'Francisca Medina', 'franciscamedina107@estudiante.edu.bo', '\$2y\$12\$TyO9cTQJ0O7NSPORyyP8Hup.wk8.BWNWu4itdEJYyjZ2Sem9DbFyi', 'Postulante', true, NOW(), NOW());
INSERT INTO postulantes (id, ci, nombres, apellidos, fecha_nacimiento, sexo, direccion, telefono, email, colegio_procedencia, ciudad, titulo_bachiller, primera_opcion_id, segunda_opcion_id, turno_preferencia, gestion_id, estado, recurrente, user_id, created_at, updated_at) VALUES (1108, '2754399', 'Francisca', 'Medina', '2005-01-15', 'M', NULL, '59178587543', 'franciscamedina107@estudiante.edu.bo', 'Colegio Boliviano', 'Santa Cruz de la Sierra', NULL, 2, 1, 'Tarde', 2, 'Preinscrito', false, 1207, NOW(), NOW());
INSERT INTO requisitos_documentales (postulante_id, ci_digitalizado, certificado_nacimiento, titulo_bachiller_legalizado, formulario_preinscripcion, verificado_bd_externa, updated_at) VALUES (1108, false, false, false, false, false, NOW());
INSERT INTO users (id, name, email, password, role, active, created_at, updated_at) VALUES (1208, 'Rosario Flores', 'rosarioflores108@estudiante.edu.bo', '\$2y\$12\$TyO9cTQJ0O7NSPORyyP8Hup.wk8.BWNWu4itdEJYyjZ2Sem9DbFyi', 'Postulante', true, NOW(), NOW());
INSERT INTO postulantes (id, ci, nombres, apellidos, fecha_nacimiento, sexo, direccion, telefono, email, colegio_procedencia, ciudad, titulo_bachiller, primera_opcion_id, segunda_opcion_id, turno_preferencia, gestion_id, estado, recurrente, user_id, created_at, updated_at) VALUES (1109, '1447869', 'Rosario', 'Flores', '2005-01-15', 'M', NULL, '59186610349', 'rosarioflores108@estudiante.edu.bo', 'Colegio Boliviano', 'Santa Cruz de la Sierra', NULL, 2, 1, 'Manana', 2, 'Preinscrito', false, 1208, NOW(), NOW());
INSERT INTO requisitos_documentales (postulante_id, ci_digitalizado, certificado_nacimiento, titulo_bachiller_legalizado, formulario_preinscripcion, verificado_bd_externa, updated_at) VALUES (1109, false, false, false, false, false, NOW());
INSERT INTO users (id, name, email, password, role, active, created_at, updated_at) VALUES (1209, 'Marisol Ortiz', 'marisolortiz109@estudiante.edu.bo', '\$2y\$12\$TyO9cTQJ0O7NSPORyyP8Hup.wk8.BWNWu4itdEJYyjZ2Sem9DbFyi', 'Postulante', true, NOW(), NOW());
INSERT INTO postulantes (id, ci, nombres, apellidos, fecha_nacimiento, sexo, direccion, telefono, email, colegio_procedencia, ciudad, titulo_bachiller, primera_opcion_id, segunda_opcion_id, turno_preferencia, gestion_id, estado, recurrente, user_id, created_at, updated_at) VALUES (1110, '1752925', 'Marisol', 'Ortiz', '2005-01-15', 'M', NULL, '59193120340', 'marisolortiz109@estudiante.edu.bo', 'Colegio Boliviano', 'Santa Cruz de la Sierra', NULL, 2, 1, 'Noche', 2, 'Preinscrito', false, 1209, NOW(), NOW());
INSERT INTO requisitos_documentales (postulante_id, ci_digitalizado, certificado_nacimiento, titulo_bachiller_legalizado, formulario_preinscripcion, verificado_bd_externa, updated_at) VALUES (1110, false, false, false, false, false, NOW());
INSERT INTO users (id, name, email, password, role, active, created_at, updated_at) VALUES (1210, 'Francisca Delgado', 'franciscadelgado110@estudiante.edu.bo', '\$2y\$12\$TyO9cTQJ0O7NSPORyyP8Hup.wk8.BWNWu4itdEJYyjZ2Sem9DbFyi', 'Postulante', true, NOW(), NOW());
INSERT INTO postulantes (id, ci, nombres, apellidos, fecha_nacimiento, sexo, direccion, telefono, email, colegio_procedencia, ciudad, titulo_bachiller, primera_opcion_id, segunda_opcion_id, turno_preferencia, gestion_id, estado, recurrente, user_id, created_at, updated_at) VALUES (1111, '5998405', 'Francisca', 'Delgado', '2005-01-15', 'M', NULL, '59181017802', 'franciscadelgado110@estudiante.edu.bo', 'Colegio Boliviano', 'Santa Cruz de la Sierra', NULL, 2, 1, 'Noche', 2, 'Preinscrito', false, 1210, NOW(), NOW());
INSERT INTO requisitos_documentales (postulante_id, ci_digitalizado, certificado_nacimiento, titulo_bachiller_legalizado, formulario_preinscripcion, verificado_bd_externa, updated_at) VALUES (1111, false, false, false, false, false, NOW());
INSERT INTO users (id, name, email, password, role, active, created_at, updated_at) VALUES (1211, 'Héctor Ruiz', 'héctorruiz111@estudiante.edu.bo', '\$2y\$12\$TyO9cTQJ0O7NSPORyyP8Hup.wk8.BWNWu4itdEJYyjZ2Sem9DbFyi', 'Postulante', true, NOW(), NOW());
INSERT INTO postulantes (id, ci, nombres, apellidos, fecha_nacimiento, sexo, direccion, telefono, email, colegio_procedencia, ciudad, titulo_bachiller, primera_opcion_id, segunda_opcion_id, turno_preferencia, gestion_id, estado, recurrente, user_id, created_at, updated_at) VALUES (1112, '3682650', 'Héctor', 'Ruiz', '2005-01-15', 'M', NULL, '59160424540', 'héctorruiz111@estudiante.edu.bo', 'Colegio Boliviano', 'Santa Cruz de la Sierra', NULL, 2, 1, 'Manana', 2, 'Preinscrito', false, 1211, NOW(), NOW());
INSERT INTO requisitos_documentales (postulante_id, ci_digitalizado, certificado_nacimiento, titulo_bachiller_legalizado, formulario_preinscripcion, verificado_bd_externa, updated_at) VALUES (1112, false, false, false, false, false, NOW());
INSERT INTO users (id, name, email, password, role, active, created_at, updated_at) VALUES (1212, 'Francisca Morales', 'franciscamorales112@estudiante.edu.bo', '\$2y\$12\$TyO9cTQJ0O7NSPORyyP8Hup.wk8.BWNWu4itdEJYyjZ2Sem9DbFyi', 'Postulante', true, NOW(), NOW());
INSERT INTO postulantes (id, ci, nombres, apellidos, fecha_nacimiento, sexo, direccion, telefono, email, colegio_procedencia, ciudad, titulo_bachiller, primera_opcion_id, segunda_opcion_id, turno_preferencia, gestion_id, estado, recurrente, user_id, created_at, updated_at) VALUES (1113, '4612761', 'Francisca', 'Morales', '2005-01-15', 'M', NULL, '59194966057', 'franciscamorales112@estudiante.edu.bo', 'Colegio Boliviano', 'Santa Cruz de la Sierra', NULL, 2, 1, 'Tarde', 2, 'Preinscrito', false, 1212, NOW(), NOW());
INSERT INTO requisitos_documentales (postulante_id, ci_digitalizado, certificado_nacimiento, titulo_bachiller_legalizado, formulario_preinscripcion, verificado_bd_externa, updated_at) VALUES (1113, false, false, false, false, false, NOW());
INSERT INTO users (id, name, email, password, role, active, created_at, updated_at) VALUES (1213, 'Irene Vidal', 'irenevidal113@estudiante.edu.bo', '\$2y\$12\$TyO9cTQJ0O7NSPORyyP8Hup.wk8.BWNWu4itdEJYyjZ2Sem9DbFyi', 'Postulante', true, NOW(), NOW());
INSERT INTO postulantes (id, ci, nombres, apellidos, fecha_nacimiento, sexo, direccion, telefono, email, colegio_procedencia, ciudad, titulo_bachiller, primera_opcion_id, segunda_opcion_id, turno_preferencia, gestion_id, estado, recurrente, user_id, created_at, updated_at) VALUES (1114, '5361011', 'Irene', 'Vidal', '2005-01-15', 'M', NULL, '59172856555', 'irenevidal113@estudiante.edu.bo', 'Colegio Boliviano', 'Santa Cruz de la Sierra', NULL, 2, 1, 'Manana', 2, 'Preinscrito', false, 1213, NOW(), NOW());
INSERT INTO requisitos_documentales (postulante_id, ci_digitalizado, certificado_nacimiento, titulo_bachiller_legalizado, formulario_preinscripcion, verificado_bd_externa, updated_at) VALUES (1114, false, false, false, false, false, NOW());
INSERT INTO users (id, name, email, password, role, active, created_at, updated_at) VALUES (1214, 'Víctor Vega', 'víctorvega114@estudiante.edu.bo', '\$2y\$12\$TyO9cTQJ0O7NSPORyyP8Hup.wk8.BWNWu4itdEJYyjZ2Sem9DbFyi', 'Postulante', true, NOW(), NOW());
INSERT INTO postulantes (id, ci, nombres, apellidos, fecha_nacimiento, sexo, direccion, telefono, email, colegio_procedencia, ciudad, titulo_bachiller, primera_opcion_id, segunda_opcion_id, turno_preferencia, gestion_id, estado, recurrente, user_id, created_at, updated_at) VALUES (1115, '4235387', 'Víctor', 'Vega', '2005-01-15', 'M', NULL, '59178926281', 'víctorvega114@estudiante.edu.bo', 'Colegio Boliviano', 'Santa Cruz de la Sierra', NULL, 2, 1, 'Tarde', 2, 'Preinscrito', false, 1214, NOW(), NOW());
INSERT INTO requisitos_documentales (postulante_id, ci_digitalizado, certificado_nacimiento, titulo_bachiller_legalizado, formulario_preinscripcion, verificado_bd_externa, updated_at) VALUES (1115, false, false, false, false, false, NOW());
INSERT INTO users (id, name, email, password, role, active, created_at, updated_at) VALUES (1215, 'Andrés Contreras', 'andréscontreras115@estudiante.edu.bo', '\$2y\$12\$TyO9cTQJ0O7NSPORyyP8Hup.wk8.BWNWu4itdEJYyjZ2Sem9DbFyi', 'Postulante', true, NOW(), NOW());
INSERT INTO postulantes (id, ci, nombres, apellidos, fecha_nacimiento, sexo, direccion, telefono, email, colegio_procedencia, ciudad, titulo_bachiller, primera_opcion_id, segunda_opcion_id, turno_preferencia, gestion_id, estado, recurrente, user_id, created_at, updated_at) VALUES (1116, '3643160', 'Andrés', 'Contreras', '2005-01-15', 'M', NULL, '59196580535', 'andréscontreras115@estudiante.edu.bo', 'Colegio Boliviano', 'Santa Cruz de la Sierra', NULL, 2, 1, 'Tarde', 2, 'Preinscrito', false, 1215, NOW(), NOW());
INSERT INTO requisitos_documentales (postulante_id, ci_digitalizado, certificado_nacimiento, titulo_bachiller_legalizado, formulario_preinscripcion, verificado_bd_externa, updated_at) VALUES (1116, false, false, false, false, false, NOW());
INSERT INTO users (id, name, email, password, role, active, created_at, updated_at) VALUES (1216, 'Gabriela Vega', 'gabrielavega116@estudiante.edu.bo', '\$2y\$12\$TyO9cTQJ0O7NSPORyyP8Hup.wk8.BWNWu4itdEJYyjZ2Sem9DbFyi', 'Postulante', true, NOW(), NOW());
INSERT INTO postulantes (id, ci, nombres, apellidos, fecha_nacimiento, sexo, direccion, telefono, email, colegio_procedencia, ciudad, titulo_bachiller, primera_opcion_id, segunda_opcion_id, turno_preferencia, gestion_id, estado, recurrente, user_id, created_at, updated_at) VALUES (1117, '3420276', 'Gabriela', 'Vega', '2005-01-15', 'M', NULL, '59171738950', 'gabrielavega116@estudiante.edu.bo', 'Colegio Boliviano', 'Santa Cruz de la Sierra', NULL, 2, 1, 'Manana', 2, 'Preinscrito', false, 1216, NOW(), NOW());
INSERT INTO requisitos_documentales (postulante_id, ci_digitalizado, certificado_nacimiento, titulo_bachiller_legalizado, formulario_preinscripcion, verificado_bd_externa, updated_at) VALUES (1117, false, false, false, false, false, NOW());
INSERT INTO users (id, name, email, password, role, active, created_at, updated_at) VALUES (1217, 'Oscar Guerrero', 'oscarguerrero117@estudiante.edu.bo', '\$2y\$12\$TyO9cTQJ0O7NSPORyyP8Hup.wk8.BWNWu4itdEJYyjZ2Sem9DbFyi', 'Postulante', true, NOW(), NOW());
INSERT INTO postulantes (id, ci, nombres, apellidos, fecha_nacimiento, sexo, direccion, telefono, email, colegio_procedencia, ciudad, titulo_bachiller, primera_opcion_id, segunda_opcion_id, turno_preferencia, gestion_id, estado, recurrente, user_id, created_at, updated_at) VALUES (1118, '6127194', 'Oscar', 'Guerrero', '2005-01-15', 'M', NULL, '59194777319', 'oscarguerrero117@estudiante.edu.bo', 'Colegio Boliviano', 'Santa Cruz de la Sierra', NULL, 2, 1, 'Tarde', 2, 'Preinscrito', false, 1217, NOW(), NOW());
INSERT INTO requisitos_documentales (postulante_id, ci_digitalizado, certificado_nacimiento, titulo_bachiller_legalizado, formulario_preinscripcion, verificado_bd_externa, updated_at) VALUES (1118, false, false, false, false, false, NOW());
INSERT INTO users (id, name, email, password, role, active, created_at, updated_at) VALUES (1218, 'Guillermo Delgado', 'guillermodelgado118@estudiante.edu.bo', '\$2y\$12\$TyO9cTQJ0O7NSPORyyP8Hup.wk8.BWNWu4itdEJYyjZ2Sem9DbFyi', 'Postulante', true, NOW(), NOW());
INSERT INTO postulantes (id, ci, nombres, apellidos, fecha_nacimiento, sexo, direccion, telefono, email, colegio_procedencia, ciudad, titulo_bachiller, primera_opcion_id, segunda_opcion_id, turno_preferencia, gestion_id, estado, recurrente, user_id, created_at, updated_at) VALUES (1119, '1693959', 'Guillermo', 'Delgado', '2005-01-15', 'M', NULL, '59182087517', 'guillermodelgado118@estudiante.edu.bo', 'Colegio Boliviano', 'Santa Cruz de la Sierra', NULL, 2, 1, 'Manana', 2, 'Preinscrito', false, 1218, NOW(), NOW());
INSERT INTO requisitos_documentales (postulante_id, ci_digitalizado, certificado_nacimiento, titulo_bachiller_legalizado, formulario_preinscripcion, verificado_bd_externa, updated_at) VALUES (1119, false, false, false, false, false, NOW());
INSERT INTO users (id, name, email, password, role, active, created_at, updated_at) VALUES (1219, 'Laura Vega', 'lauravega119@estudiante.edu.bo', '\$2y\$12\$TyO9cTQJ0O7NSPORyyP8Hup.wk8.BWNWu4itdEJYyjZ2Sem9DbFyi', 'Postulante', true, NOW(), NOW());
INSERT INTO postulantes (id, ci, nombres, apellidos, fecha_nacimiento, sexo, direccion, telefono, email, colegio_procedencia, ciudad, titulo_bachiller, primera_opcion_id, segunda_opcion_id, turno_preferencia, gestion_id, estado, recurrente, user_id, created_at, updated_at) VALUES (1120, '7114235', 'Laura', 'Vega', '2005-01-15', 'M', NULL, '59161866458', 'lauravega119@estudiante.edu.bo', 'Colegio Boliviano', 'Santa Cruz de la Sierra', NULL, 2, 1, 'Tarde', 2, 'Preinscrito', false, 1219, NOW(), NOW());
INSERT INTO requisitos_documentales (postulante_id, ci_digitalizado, certificado_nacimiento, titulo_bachiller_legalizado, formulario_preinscripcion, verificado_bd_externa, updated_at) VALUES (1120, false, false, false, false, false, NOW());
INSERT INTO users (id, name, email, password, role, active, created_at, updated_at) VALUES (1220, 'Fernando Reyes', 'fernandoreyes120@estudiante.edu.bo', '\$2y\$12\$TyO9cTQJ0O7NSPORyyP8Hup.wk8.BWNWu4itdEJYyjZ2Sem9DbFyi', 'Postulante', true, NOW(), NOW());
INSERT INTO postulantes (id, ci, nombres, apellidos, fecha_nacimiento, sexo, direccion, telefono, email, colegio_procedencia, ciudad, titulo_bachiller, primera_opcion_id, segunda_opcion_id, turno_preferencia, gestion_id, estado, recurrente, user_id, created_at, updated_at) VALUES (1121, '4359258', 'Fernando', 'Reyes', '2005-01-15', 'M', NULL, '59194943446', 'fernandoreyes120@estudiante.edu.bo', 'Colegio Boliviano', 'Santa Cruz de la Sierra', NULL, 2, 1, 'Noche', 2, 'Preinscrito', false, 1220, NOW(), NOW());
INSERT INTO requisitos_documentales (postulante_id, ci_digitalizado, certificado_nacimiento, titulo_bachiller_legalizado, formulario_preinscripcion, verificado_bd_externa, updated_at) VALUES (1121, false, false, false, false, false, NOW());
INSERT INTO users (id, name, email, password, role, active, created_at, updated_at) VALUES (1221, 'Héctor Fuentes', 'héctorfuentes121@estudiante.edu.bo', '\$2y\$12\$TyO9cTQJ0O7NSPORyyP8Hup.wk8.BWNWu4itdEJYyjZ2Sem9DbFyi', 'Postulante', true, NOW(), NOW());
INSERT INTO postulantes (id, ci, nombres, apellidos, fecha_nacimiento, sexo, direccion, telefono, email, colegio_procedencia, ciudad, titulo_bachiller, primera_opcion_id, segunda_opcion_id, turno_preferencia, gestion_id, estado, recurrente, user_id, created_at, updated_at) VALUES (1122, '7552011', 'Héctor', 'Fuentes', '2005-01-15', 'M', NULL, '59189997523', 'héctorfuentes121@estudiante.edu.bo', 'Colegio Boliviano', 'Santa Cruz de la Sierra', NULL, 2, 1, 'Manana', 2, 'Preinscrito', false, 1221, NOW(), NOW());
INSERT INTO requisitos_documentales (postulante_id, ci_digitalizado, certificado_nacimiento, titulo_bachiller_legalizado, formulario_preinscripcion, verificado_bd_externa, updated_at) VALUES (1122, false, false, false, false, false, NOW());
INSERT INTO users (id, name, email, password, role, active, created_at, updated_at) VALUES (1222, 'Ana Rivas', 'anarivas122@estudiante.edu.bo', '\$2y\$12\$TyO9cTQJ0O7NSPORyyP8Hup.wk8.BWNWu4itdEJYyjZ2Sem9DbFyi', 'Postulante', true, NOW(), NOW());
INSERT INTO postulantes (id, ci, nombres, apellidos, fecha_nacimiento, sexo, direccion, telefono, email, colegio_procedencia, ciudad, titulo_bachiller, primera_opcion_id, segunda_opcion_id, turno_preferencia, gestion_id, estado, recurrente, user_id, created_at, updated_at) VALUES (1123, '6087999', 'Ana', 'Rivas', '2005-01-15', 'M', NULL, '59193473765', 'anarivas122@estudiante.edu.bo', 'Colegio Boliviano', 'Santa Cruz de la Sierra', NULL, 2, 1, 'Manana', 2, 'Preinscrito', false, 1222, NOW(), NOW());
INSERT INTO requisitos_documentales (postulante_id, ci_digitalizado, certificado_nacimiento, titulo_bachiller_legalizado, formulario_preinscripcion, verificado_bd_externa, updated_at) VALUES (1123, false, false, false, false, false, NOW());
INSERT INTO users (id, name, email, password, role, active, created_at, updated_at) VALUES (1223, 'Francisca Fuentes', 'franciscafuentes123@estudiante.edu.bo', '\$2y\$12\$TyO9cTQJ0O7NSPORyyP8Hup.wk8.BWNWu4itdEJYyjZ2Sem9DbFyi', 'Postulante', true, NOW(), NOW());
INSERT INTO postulantes (id, ci, nombres, apellidos, fecha_nacimiento, sexo, direccion, telefono, email, colegio_procedencia, ciudad, titulo_bachiller, primera_opcion_id, segunda_opcion_id, turno_preferencia, gestion_id, estado, recurrente, user_id, created_at, updated_at) VALUES (1124, '6516526', 'Francisca', 'Fuentes', '2005-01-15', 'M', NULL, '59165893976', 'franciscafuentes123@estudiante.edu.bo', 'Colegio Boliviano', 'Santa Cruz de la Sierra', NULL, 2, 1, 'Noche', 2, 'Preinscrito', false, 1223, NOW(), NOW());
INSERT INTO requisitos_documentales (postulante_id, ci_digitalizado, certificado_nacimiento, titulo_bachiller_legalizado, formulario_preinscripcion, verificado_bd_externa, updated_at) VALUES (1124, false, false, false, false, false, NOW());
INSERT INTO users (id, name, email, password, role, active, created_at, updated_at) VALUES (1224, 'Jorge Pérez', 'jorgepérez124@estudiante.edu.bo', '\$2y\$12\$TyO9cTQJ0O7NSPORyyP8Hup.wk8.BWNWu4itdEJYyjZ2Sem9DbFyi', 'Postulante', true, NOW(), NOW());
INSERT INTO postulantes (id, ci, nombres, apellidos, fecha_nacimiento, sexo, direccion, telefono, email, colegio_procedencia, ciudad, titulo_bachiller, primera_opcion_id, segunda_opcion_id, turno_preferencia, gestion_id, estado, recurrente, user_id, created_at, updated_at) VALUES (1125, '3266312', 'Jorge', 'Pérez', '2005-01-15', 'M', NULL, '59163096557', 'jorgepérez124@estudiante.edu.bo', 'Colegio Boliviano', 'Santa Cruz de la Sierra', NULL, 2, 1, 'Manana', 2, 'Preinscrito', false, 1224, NOW(), NOW());
INSERT INTO requisitos_documentales (postulante_id, ci_digitalizado, certificado_nacimiento, titulo_bachiller_legalizado, formulario_preinscripcion, verificado_bd_externa, updated_at) VALUES (1125, false, false, false, false, false, NOW());
INSERT INTO users (id, name, email, password, role, active, created_at, updated_at) VALUES (1225, 'Patricia Delgado', 'patriciadelgado125@estudiante.edu.bo', '\$2y\$12\$TyO9cTQJ0O7NSPORyyP8Hup.wk8.BWNWu4itdEJYyjZ2Sem9DbFyi', 'Postulante', true, NOW(), NOW());
INSERT INTO postulantes (id, ci, nombres, apellidos, fecha_nacimiento, sexo, direccion, telefono, email, colegio_procedencia, ciudad, titulo_bachiller, primera_opcion_id, segunda_opcion_id, turno_preferencia, gestion_id, estado, recurrente, user_id, created_at, updated_at) VALUES (1126, '9625837', 'Patricia', 'Delgado', '2005-01-15', 'M', NULL, '59174525365', 'patriciadelgado125@estudiante.edu.bo', 'Colegio Boliviano', 'Santa Cruz de la Sierra', NULL, 2, 1, 'Noche', 2, 'Preinscrito', false, 1225, NOW(), NOW());
INSERT INTO requisitos_documentales (postulante_id, ci_digitalizado, certificado_nacimiento, titulo_bachiller_legalizado, formulario_preinscripcion, verificado_bd_externa, updated_at) VALUES (1126, false, false, false, false, false, NOW());
INSERT INTO users (id, name, email, password, role, active, created_at, updated_at) VALUES (1226, 'Lorena Pérez', 'lorenapérez126@estudiante.edu.bo', '\$2y\$12\$TyO9cTQJ0O7NSPORyyP8Hup.wk8.BWNWu4itdEJYyjZ2Sem9DbFyi', 'Postulante', true, NOW(), NOW());
INSERT INTO postulantes (id, ci, nombres, apellidos, fecha_nacimiento, sexo, direccion, telefono, email, colegio_procedencia, ciudad, titulo_bachiller, primera_opcion_id, segunda_opcion_id, turno_preferencia, gestion_id, estado, recurrente, user_id, created_at, updated_at) VALUES (1127, '7717524', 'Lorena', 'Pérez', '2005-01-15', 'M', NULL, '59191748356', 'lorenapérez126@estudiante.edu.bo', 'Colegio Boliviano', 'Santa Cruz de la Sierra', NULL, 2, 1, 'Tarde', 2, 'Preinscrito', false, 1226, NOW(), NOW());
INSERT INTO requisitos_documentales (postulante_id, ci_digitalizado, certificado_nacimiento, titulo_bachiller_legalizado, formulario_preinscripcion, verificado_bd_externa, updated_at) VALUES (1127, false, false, false, false, false, NOW());
INSERT INTO users (id, name, email, password, role, active, created_at, updated_at) VALUES (1227, 'Raúl Medina', 'raúlmedina127@estudiante.edu.bo', '\$2y\$12\$TyO9cTQJ0O7NSPORyyP8Hup.wk8.BWNWu4itdEJYyjZ2Sem9DbFyi', 'Postulante', true, NOW(), NOW());
INSERT INTO postulantes (id, ci, nombres, apellidos, fecha_nacimiento, sexo, direccion, telefono, email, colegio_procedencia, ciudad, titulo_bachiller, primera_opcion_id, segunda_opcion_id, turno_preferencia, gestion_id, estado, recurrente, user_id, created_at, updated_at) VALUES (1128, '5787482', 'Raúl', 'Medina', '2005-01-15', 'M', NULL, '59178064510', 'raúlmedina127@estudiante.edu.bo', 'Colegio Boliviano', 'Santa Cruz de la Sierra', NULL, 2, 1, 'Noche', 2, 'Preinscrito', false, 1227, NOW(), NOW());
INSERT INTO requisitos_documentales (postulante_id, ci_digitalizado, certificado_nacimiento, titulo_bachiller_legalizado, formulario_preinscripcion, verificado_bd_externa, updated_at) VALUES (1128, false, false, false, false, false, NOW());
INSERT INTO users (id, name, email, password, role, active, created_at, updated_at) VALUES (1228, 'Matías Valencia', 'matíasvalencia128@estudiante.edu.bo', '\$2y\$12\$TyO9cTQJ0O7NSPORyyP8Hup.wk8.BWNWu4itdEJYyjZ2Sem9DbFyi', 'Postulante', true, NOW(), NOW());
INSERT INTO postulantes (id, ci, nombres, apellidos, fecha_nacimiento, sexo, direccion, telefono, email, colegio_procedencia, ciudad, titulo_bachiller, primera_opcion_id, segunda_opcion_id, turno_preferencia, gestion_id, estado, recurrente, user_id, created_at, updated_at) VALUES (1129, '4005622', 'Matías', 'Valencia', '2005-01-15', 'M', NULL, '59179394461', 'matíasvalencia128@estudiante.edu.bo', 'Colegio Boliviano', 'Santa Cruz de la Sierra', NULL, 2, 1, 'Noche', 2, 'Preinscrito', false, 1228, NOW(), NOW());
INSERT INTO requisitos_documentales (postulante_id, ci_digitalizado, certificado_nacimiento, titulo_bachiller_legalizado, formulario_preinscripcion, verificado_bd_externa, updated_at) VALUES (1129, false, false, false, false, false, NOW());
INSERT INTO users (id, name, email, password, role, active, created_at, updated_at) VALUES (1229, 'Rosa Martínez', 'rosamartínez129@estudiante.edu.bo', '\$2y\$12\$TyO9cTQJ0O7NSPORyyP8Hup.wk8.BWNWu4itdEJYyjZ2Sem9DbFyi', 'Postulante', true, NOW(), NOW());
INSERT INTO postulantes (id, ci, nombres, apellidos, fecha_nacimiento, sexo, direccion, telefono, email, colegio_procedencia, ciudad, titulo_bachiller, primera_opcion_id, segunda_opcion_id, turno_preferencia, gestion_id, estado, recurrente, user_id, created_at, updated_at) VALUES (1130, '8290780', 'Rosa', 'Martínez', '2005-01-15', 'M', NULL, '59167734335', 'rosamartínez129@estudiante.edu.bo', 'Colegio Boliviano', 'Santa Cruz de la Sierra', NULL, 2, 1, 'Manana', 2, 'Preinscrito', false, 1229, NOW(), NOW());
INSERT INTO requisitos_documentales (postulante_id, ci_digitalizado, certificado_nacimiento, titulo_bachiller_legalizado, formulario_preinscripcion, verificado_bd_externa, updated_at) VALUES (1130, false, false, false, false, false, NOW());
INSERT INTO users (id, name, email, password, role, active, created_at, updated_at) VALUES (1230, 'Arturo Navarro', 'arturonavarro130@estudiante.edu.bo', '\$2y\$12\$TyO9cTQJ0O7NSPORyyP8Hup.wk8.BWNWu4itdEJYyjZ2Sem9DbFyi', 'Postulante', true, NOW(), NOW());
INSERT INTO postulantes (id, ci, nombres, apellidos, fecha_nacimiento, sexo, direccion, telefono, email, colegio_procedencia, ciudad, titulo_bachiller, primera_opcion_id, segunda_opcion_id, turno_preferencia, gestion_id, estado, recurrente, user_id, created_at, updated_at) VALUES (1131, '6144170', 'Arturo', 'Navarro', '2005-01-15', 'M', NULL, '59188811345', 'arturonavarro130@estudiante.edu.bo', 'Colegio Boliviano', 'Santa Cruz de la Sierra', NULL, 2, 1, 'Manana', 2, 'Preinscrito', false, 1230, NOW(), NOW());
INSERT INTO requisitos_documentales (postulante_id, ci_digitalizado, certificado_nacimiento, titulo_bachiller_legalizado, formulario_preinscripcion, verificado_bd_externa, updated_at) VALUES (1131, false, false, false, false, false, NOW());
INSERT INTO users (id, name, email, password, role, active, created_at, updated_at) VALUES (1231, 'Irene Rivera', 'irenerivera131@estudiante.edu.bo', '\$2y\$12\$TyO9cTQJ0O7NSPORyyP8Hup.wk8.BWNWu4itdEJYyjZ2Sem9DbFyi', 'Postulante', true, NOW(), NOW());
INSERT INTO postulantes (id, ci, nombres, apellidos, fecha_nacimiento, sexo, direccion, telefono, email, colegio_procedencia, ciudad, titulo_bachiller, primera_opcion_id, segunda_opcion_id, turno_preferencia, gestion_id, estado, recurrente, user_id, created_at, updated_at) VALUES (1132, '4254427', 'Irene', 'Rivera', '2005-01-15', 'M', NULL, '59188403256', 'irenerivera131@estudiante.edu.bo', 'Colegio Boliviano', 'Santa Cruz de la Sierra', NULL, 2, 1, 'Manana', 2, 'Preinscrito', false, 1231, NOW(), NOW());
INSERT INTO requisitos_documentales (postulante_id, ci_digitalizado, certificado_nacimiento, titulo_bachiller_legalizado, formulario_preinscripcion, verificado_bd_externa, updated_at) VALUES (1132, false, false, false, false, false, NOW());
INSERT INTO users (id, name, email, password, role, active, created_at, updated_at) VALUES (1232, 'Sandra Torres', 'sandratorres132@estudiante.edu.bo', '\$2y\$12\$TyO9cTQJ0O7NSPORyyP8Hup.wk8.BWNWu4itdEJYyjZ2Sem9DbFyi', 'Postulante', true, NOW(), NOW());
INSERT INTO postulantes (id, ci, nombres, apellidos, fecha_nacimiento, sexo, direccion, telefono, email, colegio_procedencia, ciudad, titulo_bachiller, primera_opcion_id, segunda_opcion_id, turno_preferencia, gestion_id, estado, recurrente, user_id, created_at, updated_at) VALUES (1133, '8134872', 'Sandra', 'Torres', '2005-01-15', 'M', NULL, '59164471626', 'sandratorres132@estudiante.edu.bo', 'Colegio Boliviano', 'Santa Cruz de la Sierra', NULL, 2, 1, 'Tarde', 2, 'Preinscrito', false, 1232, NOW(), NOW());
INSERT INTO requisitos_documentales (postulante_id, ci_digitalizado, certificado_nacimiento, titulo_bachiller_legalizado, formulario_preinscripcion, verificado_bd_externa, updated_at) VALUES (1133, false, false, false, false, false, NOW());
INSERT INTO users (id, name, email, password, role, active, created_at, updated_at) VALUES (1233, 'Matías Vargas', 'matíasvargas133@estudiante.edu.bo', '\$2y\$12\$TyO9cTQJ0O7NSPORyyP8Hup.wk8.BWNWu4itdEJYyjZ2Sem9DbFyi', 'Postulante', true, NOW(), NOW());
INSERT INTO postulantes (id, ci, nombres, apellidos, fecha_nacimiento, sexo, direccion, telefono, email, colegio_procedencia, ciudad, titulo_bachiller, primera_opcion_id, segunda_opcion_id, turno_preferencia, gestion_id, estado, recurrente, user_id, created_at, updated_at) VALUES (1134, '5321339', 'Matías', 'Vargas', '2005-01-15', 'M', NULL, '59166412452', 'matíasvargas133@estudiante.edu.bo', 'Colegio Boliviano', 'Santa Cruz de la Sierra', NULL, 2, 1, 'Tarde', 2, 'Preinscrito', false, 1233, NOW(), NOW());
INSERT INTO requisitos_documentales (postulante_id, ci_digitalizado, certificado_nacimiento, titulo_bachiller_legalizado, formulario_preinscripcion, verificado_bd_externa, updated_at) VALUES (1134, false, false, false, false, false, NOW());
INSERT INTO users (id, name, email, password, role, active, created_at, updated_at) VALUES (1234, 'Andrés Ruiz', 'andrésruiz134@estudiante.edu.bo', '\$2y\$12\$TyO9cTQJ0O7NSPORyyP8Hup.wk8.BWNWu4itdEJYyjZ2Sem9DbFyi', 'Postulante', true, NOW(), NOW());
INSERT INTO postulantes (id, ci, nombres, apellidos, fecha_nacimiento, sexo, direccion, telefono, email, colegio_procedencia, ciudad, titulo_bachiller, primera_opcion_id, segunda_opcion_id, turno_preferencia, gestion_id, estado, recurrente, user_id, created_at, updated_at) VALUES (1135, '3340464', 'Andrés', 'Ruiz', '2005-01-15', 'M', NULL, '59163731147', 'andrésruiz134@estudiante.edu.bo', 'Colegio Boliviano', 'Santa Cruz de la Sierra', NULL, 2, 1, 'Manana', 2, 'Preinscrito', false, 1234, NOW(), NOW());
INSERT INTO requisitos_documentales (postulante_id, ci_digitalizado, certificado_nacimiento, titulo_bachiller_legalizado, formulario_preinscripcion, verificado_bd_externa, updated_at) VALUES (1135, false, false, false, false, false, NOW());
INSERT INTO users (id, name, email, password, role, active, created_at, updated_at) VALUES (1235, 'Esperanza Vega', 'esperanzavega135@estudiante.edu.bo', '\$2y\$12\$TyO9cTQJ0O7NSPORyyP8Hup.wk8.BWNWu4itdEJYyjZ2Sem9DbFyi', 'Postulante', true, NOW(), NOW());
INSERT INTO postulantes (id, ci, nombres, apellidos, fecha_nacimiento, sexo, direccion, telefono, email, colegio_procedencia, ciudad, titulo_bachiller, primera_opcion_id, segunda_opcion_id, turno_preferencia, gestion_id, estado, recurrente, user_id, created_at, updated_at) VALUES (1136, '3644325', 'Esperanza', 'Vega', '2005-01-15', 'M', NULL, '59192523487', 'esperanzavega135@estudiante.edu.bo', 'Colegio Boliviano', 'Santa Cruz de la Sierra', NULL, 2, 1, 'Manana', 2, 'Preinscrito', false, 1235, NOW(), NOW());
INSERT INTO requisitos_documentales (postulante_id, ci_digitalizado, certificado_nacimiento, titulo_bachiller_legalizado, formulario_preinscripcion, verificado_bd_externa, updated_at) VALUES (1136, false, false, false, false, false, NOW());
INSERT INTO users (id, name, email, password, role, active, created_at, updated_at) VALUES (1236, 'Natalia Castillo', 'nataliacastillo136@estudiante.edu.bo', '\$2y\$12\$TyO9cTQJ0O7NSPORyyP8Hup.wk8.BWNWu4itdEJYyjZ2Sem9DbFyi', 'Postulante', true, NOW(), NOW());
INSERT INTO postulantes (id, ci, nombres, apellidos, fecha_nacimiento, sexo, direccion, telefono, email, colegio_procedencia, ciudad, titulo_bachiller, primera_opcion_id, segunda_opcion_id, turno_preferencia, gestion_id, estado, recurrente, user_id, created_at, updated_at) VALUES (1137, '2452015', 'Natalia', 'Castillo', '2005-01-15', 'M', NULL, '59186700722', 'nataliacastillo136@estudiante.edu.bo', 'Colegio Boliviano', 'Santa Cruz de la Sierra', NULL, 2, 1, 'Manana', 2, 'Preinscrito', false, 1236, NOW(), NOW());
INSERT INTO requisitos_documentales (postulante_id, ci_digitalizado, certificado_nacimiento, titulo_bachiller_legalizado, formulario_preinscripcion, verificado_bd_externa, updated_at) VALUES (1137, false, false, false, false, false, NOW());
INSERT INTO users (id, name, email, password, role, active, created_at, updated_at) VALUES (1237, 'Manuel Molina', 'manuelmolina137@estudiante.edu.bo', '\$2y\$12\$TyO9cTQJ0O7NSPORyyP8Hup.wk8.BWNWu4itdEJYyjZ2Sem9DbFyi', 'Postulante', true, NOW(), NOW());
INSERT INTO postulantes (id, ci, nombres, apellidos, fecha_nacimiento, sexo, direccion, telefono, email, colegio_procedencia, ciudad, titulo_bachiller, primera_opcion_id, segunda_opcion_id, turno_preferencia, gestion_id, estado, recurrente, user_id, created_at, updated_at) VALUES (1138, '5930477', 'Manuel', 'Molina', '2005-01-15', 'M', NULL, '59188121304', 'manuelmolina137@estudiante.edu.bo', 'Colegio Boliviano', 'Santa Cruz de la Sierra', NULL, 2, 1, 'Tarde', 2, 'Preinscrito', false, 1237, NOW(), NOW());
INSERT INTO requisitos_documentales (postulante_id, ci_digitalizado, certificado_nacimiento, titulo_bachiller_legalizado, formulario_preinscripcion, verificado_bd_externa, updated_at) VALUES (1138, false, false, false, false, false, NOW());
INSERT INTO users (id, name, email, password, role, active, created_at, updated_at) VALUES (1238, 'Francisca Acosta', 'franciscaacosta138@estudiante.edu.bo', '\$2y\$12\$TyO9cTQJ0O7NSPORyyP8Hup.wk8.BWNWu4itdEJYyjZ2Sem9DbFyi', 'Postulante', true, NOW(), NOW());
INSERT INTO postulantes (id, ci, nombres, apellidos, fecha_nacimiento, sexo, direccion, telefono, email, colegio_procedencia, ciudad, titulo_bachiller, primera_opcion_id, segunda_opcion_id, turno_preferencia, gestion_id, estado, recurrente, user_id, created_at, updated_at) VALUES (1139, '4980207', 'Francisca', 'Acosta', '2005-01-15', 'M', NULL, '59187708748', 'franciscaacosta138@estudiante.edu.bo', 'Colegio Boliviano', 'Santa Cruz de la Sierra', NULL, 2, 1, 'Tarde', 2, 'Preinscrito', false, 1238, NOW(), NOW());
INSERT INTO requisitos_documentales (postulante_id, ci_digitalizado, certificado_nacimiento, titulo_bachiller_legalizado, formulario_preinscripcion, verificado_bd_externa, updated_at) VALUES (1139, false, false, false, false, false, NOW());
INSERT INTO users (id, name, email, password, role, active, created_at, updated_at) VALUES (1239, 'Laura Rojas', 'laurarojas139@estudiante.edu.bo', '\$2y\$12\$TyO9cTQJ0O7NSPORyyP8Hup.wk8.BWNWu4itdEJYyjZ2Sem9DbFyi', 'Postulante', true, NOW(), NOW());
INSERT INTO postulantes (id, ci, nombres, apellidos, fecha_nacimiento, sexo, direccion, telefono, email, colegio_procedencia, ciudad, titulo_bachiller, primera_opcion_id, segunda_opcion_id, turno_preferencia, gestion_id, estado, recurrente, user_id, created_at, updated_at) VALUES (1140, '3793925', 'Laura', 'Rojas', '2005-01-15', 'M', NULL, '59177305275', 'laurarojas139@estudiante.edu.bo', 'Colegio Boliviano', 'Santa Cruz de la Sierra', NULL, 2, 1, 'Noche', 2, 'Preinscrito', false, 1239, NOW(), NOW());
INSERT INTO requisitos_documentales (postulante_id, ci_digitalizado, certificado_nacimiento, titulo_bachiller_legalizado, formulario_preinscripcion, verificado_bd_externa, updated_at) VALUES (1140, false, false, false, false, false, NOW());
INSERT INTO users (id, name, email, password, role, active, created_at, updated_at) VALUES (1240, 'Alejandro Vega', 'alejandrovega140@estudiante.edu.bo', '\$2y\$12\$TyO9cTQJ0O7NSPORyyP8Hup.wk8.BWNWu4itdEJYyjZ2Sem9DbFyi', 'Postulante', true, NOW(), NOW());
INSERT INTO postulantes (id, ci, nombres, apellidos, fecha_nacimiento, sexo, direccion, telefono, email, colegio_procedencia, ciudad, titulo_bachiller, primera_opcion_id, segunda_opcion_id, turno_preferencia, gestion_id, estado, recurrente, user_id, created_at, updated_at) VALUES (1141, '7282754', 'Alejandro', 'Vega', '2005-01-15', 'M', NULL, '59168248949', 'alejandrovega140@estudiante.edu.bo', 'Colegio Boliviano', 'Santa Cruz de la Sierra', NULL, 2, 1, 'Manana', 2, 'Preinscrito', false, 1240, NOW(), NOW());
INSERT INTO requisitos_documentales (postulante_id, ci_digitalizado, certificado_nacimiento, titulo_bachiller_legalizado, formulario_preinscripcion, verificado_bd_externa, updated_at) VALUES (1141, false, false, false, false, false, NOW());
INSERT INTO users (id, name, email, password, role, active, created_at, updated_at) VALUES (1241, 'Bruno Valencia', 'brunovalencia141@estudiante.edu.bo', '\$2y\$12\$TyO9cTQJ0O7NSPORyyP8Hup.wk8.BWNWu4itdEJYyjZ2Sem9DbFyi', 'Postulante', true, NOW(), NOW());
INSERT INTO postulantes (id, ci, nombres, apellidos, fecha_nacimiento, sexo, direccion, telefono, email, colegio_procedencia, ciudad, titulo_bachiller, primera_opcion_id, segunda_opcion_id, turno_preferencia, gestion_id, estado, recurrente, user_id, created_at, updated_at) VALUES (1142, '3384478', 'Bruno', 'Valencia', '2005-01-15', 'M', NULL, '59163751623', 'brunovalencia141@estudiante.edu.bo', 'Colegio Boliviano', 'Santa Cruz de la Sierra', NULL, 2, 1, 'Noche', 2, 'Preinscrito', false, 1241, NOW(), NOW());
INSERT INTO requisitos_documentales (postulante_id, ci_digitalizado, certificado_nacimiento, titulo_bachiller_legalizado, formulario_preinscripcion, verificado_bd_externa, updated_at) VALUES (1142, false, false, false, false, false, NOW());
INSERT INTO users (id, name, email, password, role, active, created_at, updated_at) VALUES (1242, 'Marisol Guerrero', 'marisolguerrero142@estudiante.edu.bo', '\$2y\$12\$TyO9cTQJ0O7NSPORyyP8Hup.wk8.BWNWu4itdEJYyjZ2Sem9DbFyi', 'Postulante', true, NOW(), NOW());
INSERT INTO postulantes (id, ci, nombres, apellidos, fecha_nacimiento, sexo, direccion, telefono, email, colegio_procedencia, ciudad, titulo_bachiller, primera_opcion_id, segunda_opcion_id, turno_preferencia, gestion_id, estado, recurrente, user_id, created_at, updated_at) VALUES (1143, '8923769', 'Marisol', 'Guerrero', '2005-01-15', 'M', NULL, '59175028662', 'marisolguerrero142@estudiante.edu.bo', 'Colegio Boliviano', 'Santa Cruz de la Sierra', NULL, 2, 1, 'Noche', 2, 'Preinscrito', false, 1242, NOW(), NOW());
INSERT INTO requisitos_documentales (postulante_id, ci_digitalizado, certificado_nacimiento, titulo_bachiller_legalizado, formulario_preinscripcion, verificado_bd_externa, updated_at) VALUES (1143, false, false, false, false, false, NOW());
INSERT INTO users (id, name, email, password, role, active, created_at, updated_at) VALUES (1243, 'Rafael Navarro', 'rafaelnavarro143@estudiante.edu.bo', '\$2y\$12\$TyO9cTQJ0O7NSPORyyP8Hup.wk8.BWNWu4itdEJYyjZ2Sem9DbFyi', 'Postulante', true, NOW(), NOW());
INSERT INTO postulantes (id, ci, nombres, apellidos, fecha_nacimiento, sexo, direccion, telefono, email, colegio_procedencia, ciudad, titulo_bachiller, primera_opcion_id, segunda_opcion_id, turno_preferencia, gestion_id, estado, recurrente, user_id, created_at, updated_at) VALUES (1144, '7756825', 'Rafael', 'Navarro', '2005-01-15', 'M', NULL, '59182526704', 'rafaelnavarro143@estudiante.edu.bo', 'Colegio Boliviano', 'Santa Cruz de la Sierra', NULL, 2, 1, 'Noche', 2, 'Preinscrito', false, 1243, NOW(), NOW());
INSERT INTO requisitos_documentales (postulante_id, ci_digitalizado, certificado_nacimiento, titulo_bachiller_legalizado, formulario_preinscripcion, verificado_bd_externa, updated_at) VALUES (1144, false, false, false, false, false, NOW());
INSERT INTO users (id, name, email, password, role, active, created_at, updated_at) VALUES (1244, 'Jorge García', 'jorgegarcía144@estudiante.edu.bo', '\$2y\$12\$TyO9cTQJ0O7NSPORyyP8Hup.wk8.BWNWu4itdEJYyjZ2Sem9DbFyi', 'Postulante', true, NOW(), NOW());
INSERT INTO postulantes (id, ci, nombres, apellidos, fecha_nacimiento, sexo, direccion, telefono, email, colegio_procedencia, ciudad, titulo_bachiller, primera_opcion_id, segunda_opcion_id, turno_preferencia, gestion_id, estado, recurrente, user_id, created_at, updated_at) VALUES (1145, '4452954', 'Jorge', 'García', '2005-01-15', 'M', NULL, '59191906191', 'jorgegarcía144@estudiante.edu.bo', 'Colegio Boliviano', 'Santa Cruz de la Sierra', NULL, 2, 1, 'Manana', 2, 'Preinscrito', false, 1244, NOW(), NOW());
INSERT INTO requisitos_documentales (postulante_id, ci_digitalizado, certificado_nacimiento, titulo_bachiller_legalizado, formulario_preinscripcion, verificado_bd_externa, updated_at) VALUES (1145, false, false, false, false, false, NOW());
INSERT INTO users (id, name, email, password, role, active, created_at, updated_at) VALUES (1245, 'Aurora Ortiz', 'auroraortiz145@estudiante.edu.bo', '\$2y\$12\$TyO9cTQJ0O7NSPORyyP8Hup.wk8.BWNWu4itdEJYyjZ2Sem9DbFyi', 'Postulante', true, NOW(), NOW());
INSERT INTO postulantes (id, ci, nombres, apellidos, fecha_nacimiento, sexo, direccion, telefono, email, colegio_procedencia, ciudad, titulo_bachiller, primera_opcion_id, segunda_opcion_id, turno_preferencia, gestion_id, estado, recurrente, user_id, created_at, updated_at) VALUES (1146, '1187018', 'Aurora', 'Ortiz', '2005-01-15', 'M', NULL, '59163951075', 'auroraortiz145@estudiante.edu.bo', 'Colegio Boliviano', 'Santa Cruz de la Sierra', NULL, 2, 1, 'Manana', 2, 'Preinscrito', false, 1245, NOW(), NOW());
INSERT INTO requisitos_documentales (postulante_id, ci_digitalizado, certificado_nacimiento, titulo_bachiller_legalizado, formulario_preinscripcion, verificado_bd_externa, updated_at) VALUES (1146, false, false, false, false, false, NOW());
INSERT INTO users (id, name, email, password, role, active, created_at, updated_at) VALUES (1246, 'Verónica Vargas', 'verónicavargas146@estudiante.edu.bo', '\$2y\$12\$TyO9cTQJ0O7NSPORyyP8Hup.wk8.BWNWu4itdEJYyjZ2Sem9DbFyi', 'Postulante', true, NOW(), NOW());
INSERT INTO postulantes (id, ci, nombres, apellidos, fecha_nacimiento, sexo, direccion, telefono, email, colegio_procedencia, ciudad, titulo_bachiller, primera_opcion_id, segunda_opcion_id, turno_preferencia, gestion_id, estado, recurrente, user_id, created_at, updated_at) VALUES (1147, '8264312', 'Verónica', 'Vargas', '2005-01-15', 'M', NULL, '59175911493', 'verónicavargas146@estudiante.edu.bo', 'Colegio Boliviano', 'Santa Cruz de la Sierra', NULL, 2, 1, 'Noche', 2, 'Preinscrito', false, 1246, NOW(), NOW());
INSERT INTO requisitos_documentales (postulante_id, ci_digitalizado, certificado_nacimiento, titulo_bachiller_legalizado, formulario_preinscripcion, verificado_bd_externa, updated_at) VALUES (1147, false, false, false, false, false, NOW());
INSERT INTO users (id, name, email, password, role, active, created_at, updated_at) VALUES (1247, 'Constanza Sánchez', 'constanzasánchez147@estudiante.edu.bo', '\$2y\$12\$TyO9cTQJ0O7NSPORyyP8Hup.wk8.BWNWu4itdEJYyjZ2Sem9DbFyi', 'Postulante', true, NOW(), NOW());
INSERT INTO postulantes (id, ci, nombres, apellidos, fecha_nacimiento, sexo, direccion, telefono, email, colegio_procedencia, ciudad, titulo_bachiller, primera_opcion_id, segunda_opcion_id, turno_preferencia, gestion_id, estado, recurrente, user_id, created_at, updated_at) VALUES (1148, '2846547', 'Constanza', 'Sánchez', '2005-01-15', 'M', NULL, '59196889328', 'constanzasánchez147@estudiante.edu.bo', 'Colegio Boliviano', 'Santa Cruz de la Sierra', NULL, 2, 1, 'Noche', 2, 'Preinscrito', false, 1247, NOW(), NOW());
INSERT INTO requisitos_documentales (postulante_id, ci_digitalizado, certificado_nacimiento, titulo_bachiller_legalizado, formulario_preinscripcion, verificado_bd_externa, updated_at) VALUES (1148, false, false, false, false, false, NOW());
INSERT INTO users (id, name, email, password, role, active, created_at, updated_at) VALUES (1248, 'Alejandro Silva', 'alejandrosilva148@estudiante.edu.bo', '\$2y\$12\$TyO9cTQJ0O7NSPORyyP8Hup.wk8.BWNWu4itdEJYyjZ2Sem9DbFyi', 'Postulante', true, NOW(), NOW());
INSERT INTO postulantes (id, ci, nombres, apellidos, fecha_nacimiento, sexo, direccion, telefono, email, colegio_procedencia, ciudad, titulo_bachiller, primera_opcion_id, segunda_opcion_id, turno_preferencia, gestion_id, estado, recurrente, user_id, created_at, updated_at) VALUES (1149, '9600104', 'Alejandro', 'Silva', '2005-01-15', 'M', NULL, '59171935554', 'alejandrosilva148@estudiante.edu.bo', 'Colegio Boliviano', 'Santa Cruz de la Sierra', NULL, 2, 1, 'Tarde', 2, 'Preinscrito', false, 1248, NOW(), NOW());
INSERT INTO requisitos_documentales (postulante_id, ci_digitalizado, certificado_nacimiento, titulo_bachiller_legalizado, formulario_preinscripcion, verificado_bd_externa, updated_at) VALUES (1149, false, false, false, false, false, NOW());
INSERT INTO users (id, name, email, password, role, active, created_at, updated_at) VALUES (1249, 'Raúl Rodríguez', 'raúlrodríguez149@estudiante.edu.bo', '\$2y\$12\$TyO9cTQJ0O7NSPORyyP8Hup.wk8.BWNWu4itdEJYyjZ2Sem9DbFyi', 'Postulante', true, NOW(), NOW());
INSERT INTO postulantes (id, ci, nombres, apellidos, fecha_nacimiento, sexo, direccion, telefono, email, colegio_procedencia, ciudad, titulo_bachiller, primera_opcion_id, segunda_opcion_id, turno_preferencia, gestion_id, estado, recurrente, user_id, created_at, updated_at) VALUES (1150, '9178890', 'Raúl', 'Rodríguez', '2005-01-15', 'M', NULL, '59163931790', 'raúlrodríguez149@estudiante.edu.bo', 'Colegio Boliviano', 'Santa Cruz de la Sierra', NULL, 2, 1, 'Noche', 2, 'Preinscrito', false, 1249, NOW(), NOW());
INSERT INTO requisitos_documentales (postulante_id, ci_digitalizado, certificado_nacimiento, titulo_bachiller_legalizado, formulario_preinscripcion, verificado_bd_externa, updated_at) VALUES (1150, false, false, false, false, false, NOW());
INSERT INTO users (id, name, email, password, role, active, created_at, updated_at) VALUES (1250, 'Gabriela Guerrero', 'gabrielaguerrero150@estudiante.edu.bo', '\$2y\$12\$TyO9cTQJ0O7NSPORyyP8Hup.wk8.BWNWu4itdEJYyjZ2Sem9DbFyi', 'Postulante', true, NOW(), NOW());
INSERT INTO postulantes (id, ci, nombres, apellidos, fecha_nacimiento, sexo, direccion, telefono, email, colegio_procedencia, ciudad, titulo_bachiller, primera_opcion_id, segunda_opcion_id, turno_preferencia, gestion_id, estado, recurrente, user_id, created_at, updated_at) VALUES (1151, '3055311', 'Gabriela', 'Guerrero', '2005-01-15', 'M', NULL, '59161567556', 'gabrielaguerrero150@estudiante.edu.bo', 'Colegio Boliviano', 'Santa Cruz de la Sierra', NULL, 2, 1, 'Noche', 2, 'Preinscrito', false, 1250, NOW(), NOW());
INSERT INTO requisitos_documentales (postulante_id, ci_digitalizado, certificado_nacimiento, titulo_bachiller_legalizado, formulario_preinscripcion, verificado_bd_externa, updated_at) VALUES (1151, false, false, false, false, false, NOW());
INSERT INTO users (id, name, email, password, role, active, created_at, updated_at) VALUES (1251, 'Antonio Tapia', 'antoniotapia151@estudiante.edu.bo', '\$2y\$12\$TyO9cTQJ0O7NSPORyyP8Hup.wk8.BWNWu4itdEJYyjZ2Sem9DbFyi', 'Postulante', true, NOW(), NOW());
INSERT INTO postulantes (id, ci, nombres, apellidos, fecha_nacimiento, sexo, direccion, telefono, email, colegio_procedencia, ciudad, titulo_bachiller, primera_opcion_id, segunda_opcion_id, turno_preferencia, gestion_id, estado, recurrente, user_id, created_at, updated_at) VALUES (1152, '1322902', 'Antonio', 'Tapia', '2005-01-15', 'M', NULL, '59170971853', 'antoniotapia151@estudiante.edu.bo', 'Colegio Boliviano', 'Santa Cruz de la Sierra', NULL, 2, 1, 'Tarde', 2, 'Preinscrito', false, 1251, NOW(), NOW());
INSERT INTO requisitos_documentales (postulante_id, ci_digitalizado, certificado_nacimiento, titulo_bachiller_legalizado, formulario_preinscripcion, verificado_bd_externa, updated_at) VALUES (1152, false, false, false, false, false, NOW());
INSERT INTO users (id, name, email, password, role, active, created_at, updated_at) VALUES (1252, 'Marisol Navarro', 'marisolnavarro152@estudiante.edu.bo', '\$2y\$12\$TyO9cTQJ0O7NSPORyyP8Hup.wk8.BWNWu4itdEJYyjZ2Sem9DbFyi', 'Postulante', true, NOW(), NOW());
INSERT INTO postulantes (id, ci, nombres, apellidos, fecha_nacimiento, sexo, direccion, telefono, email, colegio_procedencia, ciudad, titulo_bachiller, primera_opcion_id, segunda_opcion_id, turno_preferencia, gestion_id, estado, recurrente, user_id, created_at, updated_at) VALUES (1153, '3549045', 'Marisol', 'Navarro', '2005-01-15', 'M', NULL, '59184453806', 'marisolnavarro152@estudiante.edu.bo', 'Colegio Boliviano', 'Santa Cruz de la Sierra', NULL, 2, 1, 'Noche', 2, 'Preinscrito', false, 1252, NOW(), NOW());
INSERT INTO requisitos_documentales (postulante_id, ci_digitalizado, certificado_nacimiento, titulo_bachiller_legalizado, formulario_preinscripcion, verificado_bd_externa, updated_at) VALUES (1153, false, false, false, false, false, NOW());
INSERT INTO users (id, name, email, password, role, active, created_at, updated_at) VALUES (1253, 'María Campos', 'maríacampos153@estudiante.edu.bo', '\$2y\$12\$TyO9cTQJ0O7NSPORyyP8Hup.wk8.BWNWu4itdEJYyjZ2Sem9DbFyi', 'Postulante', true, NOW(), NOW());
INSERT INTO postulantes (id, ci, nombres, apellidos, fecha_nacimiento, sexo, direccion, telefono, email, colegio_procedencia, ciudad, titulo_bachiller, primera_opcion_id, segunda_opcion_id, turno_preferencia, gestion_id, estado, recurrente, user_id, created_at, updated_at) VALUES (1154, '4933295', 'María', 'Campos', '2005-01-15', 'M', NULL, '59178293506', 'maríacampos153@estudiante.edu.bo', 'Colegio Boliviano', 'Santa Cruz de la Sierra', NULL, 2, 1, 'Manana', 2, 'Preinscrito', false, 1253, NOW(), NOW());
INSERT INTO requisitos_documentales (postulante_id, ci_digitalizado, certificado_nacimiento, titulo_bachiller_legalizado, formulario_preinscripcion, verificado_bd_externa, updated_at) VALUES (1154, false, false, false, false, false, NOW());
INSERT INTO users (id, name, email, password, role, active, created_at, updated_at) VALUES (1254, 'Leticia Castillo', 'leticiacastillo154@estudiante.edu.bo', '\$2y\$12\$TyO9cTQJ0O7NSPORyyP8Hup.wk8.BWNWu4itdEJYyjZ2Sem9DbFyi', 'Postulante', true, NOW(), NOW());
INSERT INTO postulantes (id, ci, nombres, apellidos, fecha_nacimiento, sexo, direccion, telefono, email, colegio_procedencia, ciudad, titulo_bachiller, primera_opcion_id, segunda_opcion_id, turno_preferencia, gestion_id, estado, recurrente, user_id, created_at, updated_at) VALUES (1155, '8230293', 'Leticia', 'Castillo', '2005-01-15', 'M', NULL, '59193497466', 'leticiacastillo154@estudiante.edu.bo', 'Colegio Boliviano', 'Santa Cruz de la Sierra', NULL, 2, 1, 'Noche', 2, 'Preinscrito', false, 1254, NOW(), NOW());
INSERT INTO requisitos_documentales (postulante_id, ci_digitalizado, certificado_nacimiento, titulo_bachiller_legalizado, formulario_preinscripcion, verificado_bd_externa, updated_at) VALUES (1155, false, false, false, false, false, NOW());
INSERT INTO users (id, name, email, password, role, active, created_at, updated_at) VALUES (1255, 'Pedro Vega', 'pedrovega155@estudiante.edu.bo', '\$2y\$12\$TyO9cTQJ0O7NSPORyyP8Hup.wk8.BWNWu4itdEJYyjZ2Sem9DbFyi', 'Postulante', true, NOW(), NOW());
INSERT INTO postulantes (id, ci, nombres, apellidos, fecha_nacimiento, sexo, direccion, telefono, email, colegio_procedencia, ciudad, titulo_bachiller, primera_opcion_id, segunda_opcion_id, turno_preferencia, gestion_id, estado, recurrente, user_id, created_at, updated_at) VALUES (1156, '8451666', 'Pedro', 'Vega', '2005-01-15', 'M', NULL, '59183044698', 'pedrovega155@estudiante.edu.bo', 'Colegio Boliviano', 'Santa Cruz de la Sierra', NULL, 2, 1, 'Tarde', 2, 'Preinscrito', false, 1255, NOW(), NOW());
INSERT INTO requisitos_documentales (postulante_id, ci_digitalizado, certificado_nacimiento, titulo_bachiller_legalizado, formulario_preinscripcion, verificado_bd_externa, updated_at) VALUES (1156, false, false, false, false, false, NOW());
INSERT INTO users (id, name, email, password, role, active, created_at, updated_at) VALUES (1256, 'Carmen Rivera', 'carmenrivera156@estudiante.edu.bo', '\$2y\$12\$TyO9cTQJ0O7NSPORyyP8Hup.wk8.BWNWu4itdEJYyjZ2Sem9DbFyi', 'Postulante', true, NOW(), NOW());
INSERT INTO postulantes (id, ci, nombres, apellidos, fecha_nacimiento, sexo, direccion, telefono, email, colegio_procedencia, ciudad, titulo_bachiller, primera_opcion_id, segunda_opcion_id, turno_preferencia, gestion_id, estado, recurrente, user_id, created_at, updated_at) VALUES (1157, '7189360', 'Carmen', 'Rivera', '2005-01-15', 'M', NULL, '59171267435', 'carmenrivera156@estudiante.edu.bo', 'Colegio Boliviano', 'Santa Cruz de la Sierra', NULL, 2, 1, 'Tarde', 2, 'Preinscrito', false, 1256, NOW(), NOW());
INSERT INTO requisitos_documentales (postulante_id, ci_digitalizado, certificado_nacimiento, titulo_bachiller_legalizado, formulario_preinscripcion, verificado_bd_externa, updated_at) VALUES (1157, false, false, false, false, false, NOW());
INSERT INTO users (id, name, email, password, role, active, created_at, updated_at) VALUES (1257, 'Bruno Valdez', 'brunovaldez157@estudiante.edu.bo', '\$2y\$12\$TyO9cTQJ0O7NSPORyyP8Hup.wk8.BWNWu4itdEJYyjZ2Sem9DbFyi', 'Postulante', true, NOW(), NOW());
INSERT INTO postulantes (id, ci, nombres, apellidos, fecha_nacimiento, sexo, direccion, telefono, email, colegio_procedencia, ciudad, titulo_bachiller, primera_opcion_id, segunda_opcion_id, turno_preferencia, gestion_id, estado, recurrente, user_id, created_at, updated_at) VALUES (1158, '4864070', 'Bruno', 'Valdez', '2005-01-15', 'M', NULL, '59198538648', 'brunovaldez157@estudiante.edu.bo', 'Colegio Boliviano', 'Santa Cruz de la Sierra', NULL, 2, 1, 'Noche', 2, 'Preinscrito', false, 1257, NOW(), NOW());
INSERT INTO requisitos_documentales (postulante_id, ci_digitalizado, certificado_nacimiento, titulo_bachiller_legalizado, formulario_preinscripcion, verificado_bd_externa, updated_at) VALUES (1158, false, false, false, false, false, NOW());
INSERT INTO users (id, name, email, password, role, active, created_at, updated_at) VALUES (1258, 'Sergio Tapia', 'sergiotapia158@estudiante.edu.bo', '\$2y\$12\$TyO9cTQJ0O7NSPORyyP8Hup.wk8.BWNWu4itdEJYyjZ2Sem9DbFyi', 'Postulante', true, NOW(), NOW());
INSERT INTO postulantes (id, ci, nombres, apellidos, fecha_nacimiento, sexo, direccion, telefono, email, colegio_procedencia, ciudad, titulo_bachiller, primera_opcion_id, segunda_opcion_id, turno_preferencia, gestion_id, estado, recurrente, user_id, created_at, updated_at) VALUES (1159, '6051102', 'Sergio', 'Tapia', '2005-01-15', 'M', NULL, '59169180835', 'sergiotapia158@estudiante.edu.bo', 'Colegio Boliviano', 'Santa Cruz de la Sierra', NULL, 2, 1, 'Noche', 2, 'Preinscrito', false, 1258, NOW(), NOW());
INSERT INTO requisitos_documentales (postulante_id, ci_digitalizado, certificado_nacimiento, titulo_bachiller_legalizado, formulario_preinscripcion, verificado_bd_externa, updated_at) VALUES (1159, false, false, false, false, false, NOW());
INSERT INTO users (id, name, email, password, role, active, created_at, updated_at) VALUES (1259, 'Gabriela Delgado', 'gabrieladelgado159@estudiante.edu.bo', '\$2y\$12\$TyO9cTQJ0O7NSPORyyP8Hup.wk8.BWNWu4itdEJYyjZ2Sem9DbFyi', 'Postulante', true, NOW(), NOW());
INSERT INTO postulantes (id, ci, nombres, apellidos, fecha_nacimiento, sexo, direccion, telefono, email, colegio_procedencia, ciudad, titulo_bachiller, primera_opcion_id, segunda_opcion_id, turno_preferencia, gestion_id, estado, recurrente, user_id, created_at, updated_at) VALUES (1160, '5345066', 'Gabriela', 'Delgado', '2005-01-15', 'M', NULL, '59189146144', 'gabrieladelgado159@estudiante.edu.bo', 'Colegio Boliviano', 'Santa Cruz de la Sierra', NULL, 2, 1, 'Tarde', 2, 'Preinscrito', false, 1259, NOW(), NOW());
INSERT INTO requisitos_documentales (postulante_id, ci_digitalizado, certificado_nacimiento, titulo_bachiller_legalizado, formulario_preinscripcion, verificado_bd_externa, updated_at) VALUES (1160, false, false, false, false, false, NOW());
INSERT INTO users (id, name, email, password, role, active, created_at, updated_at) VALUES (1260, 'Francisca Navarro', 'franciscanavarro160@estudiante.edu.bo', '\$2y\$12\$TyO9cTQJ0O7NSPORyyP8Hup.wk8.BWNWu4itdEJYyjZ2Sem9DbFyi', 'Postulante', true, NOW(), NOW());
INSERT INTO postulantes (id, ci, nombres, apellidos, fecha_nacimiento, sexo, direccion, telefono, email, colegio_procedencia, ciudad, titulo_bachiller, primera_opcion_id, segunda_opcion_id, turno_preferencia, gestion_id, estado, recurrente, user_id, created_at, updated_at) VALUES (1161, '7114899', 'Francisca', 'Navarro', '2005-01-15', 'M', NULL, '59199927667', 'franciscanavarro160@estudiante.edu.bo', 'Colegio Boliviano', 'Santa Cruz de la Sierra', NULL, 2, 1, 'Manana', 2, 'Preinscrito', false, 1260, NOW(), NOW());
INSERT INTO requisitos_documentales (postulante_id, ci_digitalizado, certificado_nacimiento, titulo_bachiller_legalizado, formulario_preinscripcion, verificado_bd_externa, updated_at) VALUES (1161, false, false, false, false, false, NOW());
INSERT INTO users (id, name, email, password, role, active, created_at, updated_at) VALUES (1261, 'Carlos Torres', 'carlostorres161@estudiante.edu.bo', '\$2y\$12\$TyO9cTQJ0O7NSPORyyP8Hup.wk8.BWNWu4itdEJYyjZ2Sem9DbFyi', 'Postulante', true, NOW(), NOW());
INSERT INTO postulantes (id, ci, nombres, apellidos, fecha_nacimiento, sexo, direccion, telefono, email, colegio_procedencia, ciudad, titulo_bachiller, primera_opcion_id, segunda_opcion_id, turno_preferencia, gestion_id, estado, recurrente, user_id, created_at, updated_at) VALUES (1162, '2444967', 'Carlos', 'Torres', '2005-01-15', 'M', NULL, '59177683651', 'carlostorres161@estudiante.edu.bo', 'Colegio Boliviano', 'Santa Cruz de la Sierra', NULL, 2, 1, 'Noche', 2, 'Preinscrito', false, 1261, NOW(), NOW());
INSERT INTO requisitos_documentales (postulante_id, ci_digitalizado, certificado_nacimiento, titulo_bachiller_legalizado, formulario_preinscripcion, verificado_bd_externa, updated_at) VALUES (1162, false, false, false, false, false, NOW());
INSERT INTO users (id, name, email, password, role, active, created_at, updated_at) VALUES (1262, 'Aurora Pérez', 'aurorapérez162@estudiante.edu.bo', '\$2y\$12\$TyO9cTQJ0O7NSPORyyP8Hup.wk8.BWNWu4itdEJYyjZ2Sem9DbFyi', 'Postulante', true, NOW(), NOW());
INSERT INTO postulantes (id, ci, nombres, apellidos, fecha_nacimiento, sexo, direccion, telefono, email, colegio_procedencia, ciudad, titulo_bachiller, primera_opcion_id, segunda_opcion_id, turno_preferencia, gestion_id, estado, recurrente, user_id, created_at, updated_at) VALUES (1163, '2740134', 'Aurora', 'Pérez', '2005-01-15', 'M', NULL, '59182805838', 'aurorapérez162@estudiante.edu.bo', 'Colegio Boliviano', 'Santa Cruz de la Sierra', NULL, 2, 1, 'Tarde', 2, 'Preinscrito', false, 1262, NOW(), NOW());
INSERT INTO requisitos_documentales (postulante_id, ci_digitalizado, certificado_nacimiento, titulo_bachiller_legalizado, formulario_preinscripcion, verificado_bd_externa, updated_at) VALUES (1163, false, false, false, false, false, NOW());
INSERT INTO users (id, name, email, password, role, active, created_at, updated_at) VALUES (1263, 'Arturo Guerrero', 'arturoguerrero163@estudiante.edu.bo', '\$2y\$12\$TyO9cTQJ0O7NSPORyyP8Hup.wk8.BWNWu4itdEJYyjZ2Sem9DbFyi', 'Postulante', true, NOW(), NOW());
INSERT INTO postulantes (id, ci, nombres, apellidos, fecha_nacimiento, sexo, direccion, telefono, email, colegio_procedencia, ciudad, titulo_bachiller, primera_opcion_id, segunda_opcion_id, turno_preferencia, gestion_id, estado, recurrente, user_id, created_at, updated_at) VALUES (1164, '2923327', 'Arturo', 'Guerrero', '2005-01-15', 'M', NULL, '59162231830', 'arturoguerrero163@estudiante.edu.bo', 'Colegio Boliviano', 'Santa Cruz de la Sierra', NULL, 2, 1, 'Noche', 2, 'Preinscrito', false, 1263, NOW(), NOW());
INSERT INTO requisitos_documentales (postulante_id, ci_digitalizado, certificado_nacimiento, titulo_bachiller_legalizado, formulario_preinscripcion, verificado_bd_externa, updated_at) VALUES (1164, false, false, false, false, false, NOW());
INSERT INTO users (id, name, email, password, role, active, created_at, updated_at) VALUES (1264, 'Elena Vargas', 'elenavargas164@estudiante.edu.bo', '\$2y\$12\$TyO9cTQJ0O7NSPORyyP8Hup.wk8.BWNWu4itdEJYyjZ2Sem9DbFyi', 'Postulante', true, NOW(), NOW());
INSERT INTO postulantes (id, ci, nombres, apellidos, fecha_nacimiento, sexo, direccion, telefono, email, colegio_procedencia, ciudad, titulo_bachiller, primera_opcion_id, segunda_opcion_id, turno_preferencia, gestion_id, estado, recurrente, user_id, created_at, updated_at) VALUES (1165, '6222475', 'Elena', 'Vargas', '2005-01-15', 'M', NULL, '59198941002', 'elenavargas164@estudiante.edu.bo', 'Colegio Boliviano', 'Santa Cruz de la Sierra', NULL, 2, 1, 'Tarde', 2, 'Preinscrito', false, 1264, NOW(), NOW());
INSERT INTO requisitos_documentales (postulante_id, ci_digitalizado, certificado_nacimiento, titulo_bachiller_legalizado, formulario_preinscripcion, verificado_bd_externa, updated_at) VALUES (1165, false, false, false, false, false, NOW());
INSERT INTO users (id, name, email, password, role, active, created_at, updated_at) VALUES (1265, 'Raúl González', 'raúlgonzález165@estudiante.edu.bo', '\$2y\$12\$TyO9cTQJ0O7NSPORyyP8Hup.wk8.BWNWu4itdEJYyjZ2Sem9DbFyi', 'Postulante', true, NOW(), NOW());
INSERT INTO postulantes (id, ci, nombres, apellidos, fecha_nacimiento, sexo, direccion, telefono, email, colegio_procedencia, ciudad, titulo_bachiller, primera_opcion_id, segunda_opcion_id, turno_preferencia, gestion_id, estado, recurrente, user_id, created_at, updated_at) VALUES (1166, '4678033', 'Raúl', 'González', '2005-01-15', 'M', NULL, '59182193963', 'raúlgonzález165@estudiante.edu.bo', 'Colegio Boliviano', 'Santa Cruz de la Sierra', NULL, 2, 1, 'Tarde', 2, 'Preinscrito', false, 1265, NOW(), NOW());
INSERT INTO requisitos_documentales (postulante_id, ci_digitalizado, certificado_nacimiento, titulo_bachiller_legalizado, formulario_preinscripcion, verificado_bd_externa, updated_at) VALUES (1166, false, false, false, false, false, NOW());
INSERT INTO users (id, name, email, password, role, active, created_at, updated_at) VALUES (1266, 'Francisca Cortés', 'franciscacortés166@estudiante.edu.bo', '\$2y\$12\$TyO9cTQJ0O7NSPORyyP8Hup.wk8.BWNWu4itdEJYyjZ2Sem9DbFyi', 'Postulante', true, NOW(), NOW());
INSERT INTO postulantes (id, ci, nombres, apellidos, fecha_nacimiento, sexo, direccion, telefono, email, colegio_procedencia, ciudad, titulo_bachiller, primera_opcion_id, segunda_opcion_id, turno_preferencia, gestion_id, estado, recurrente, user_id, created_at, updated_at) VALUES (1167, '1873653', 'Francisca', 'Cortés', '2005-01-15', 'M', NULL, '59169904559', 'franciscacortés166@estudiante.edu.bo', 'Colegio Boliviano', 'Santa Cruz de la Sierra', NULL, 2, 1, 'Tarde', 2, 'Preinscrito', false, 1266, NOW(), NOW());
INSERT INTO requisitos_documentales (postulante_id, ci_digitalizado, certificado_nacimiento, titulo_bachiller_legalizado, formulario_preinscripcion, verificado_bd_externa, updated_at) VALUES (1167, false, false, false, false, false, NOW());
INSERT INTO users (id, name, email, password, role, active, created_at, updated_at) VALUES (1267, 'Laura Castillo', 'lauracastillo167@estudiante.edu.bo', '\$2y\$12\$TyO9cTQJ0O7NSPORyyP8Hup.wk8.BWNWu4itdEJYyjZ2Sem9DbFyi', 'Postulante', true, NOW(), NOW());
INSERT INTO postulantes (id, ci, nombres, apellidos, fecha_nacimiento, sexo, direccion, telefono, email, colegio_procedencia, ciudad, titulo_bachiller, primera_opcion_id, segunda_opcion_id, turno_preferencia, gestion_id, estado, recurrente, user_id, created_at, updated_at) VALUES (1168, '3856103', 'Laura', 'Castillo', '2005-01-15', 'M', NULL, '59188964831', 'lauracastillo167@estudiante.edu.bo', 'Colegio Boliviano', 'Santa Cruz de la Sierra', NULL, 2, 1, 'Manana', 2, 'Preinscrito', false, 1267, NOW(), NOW());
INSERT INTO requisitos_documentales (postulante_id, ci_digitalizado, certificado_nacimiento, titulo_bachiller_legalizado, formulario_preinscripcion, verificado_bd_externa, updated_at) VALUES (1168, false, false, false, false, false, NOW());
INSERT INTO users (id, name, email, password, role, active, created_at, updated_at) VALUES (1268, 'Roberto García', 'robertogarcía168@estudiante.edu.bo', '\$2y\$12\$TyO9cTQJ0O7NSPORyyP8Hup.wk8.BWNWu4itdEJYyjZ2Sem9DbFyi', 'Postulante', true, NOW(), NOW());
INSERT INTO postulantes (id, ci, nombres, apellidos, fecha_nacimiento, sexo, direccion, telefono, email, colegio_procedencia, ciudad, titulo_bachiller, primera_opcion_id, segunda_opcion_id, turno_preferencia, gestion_id, estado, recurrente, user_id, created_at, updated_at) VALUES (1169, '5562828', 'Roberto', 'García', '2005-01-15', 'M', NULL, '59170740879', 'robertogarcía168@estudiante.edu.bo', 'Colegio Boliviano', 'Santa Cruz de la Sierra', NULL, 2, 1, 'Manana', 2, 'Preinscrito', false, 1268, NOW(), NOW());
INSERT INTO requisitos_documentales (postulante_id, ci_digitalizado, certificado_nacimiento, titulo_bachiller_legalizado, formulario_preinscripcion, verificado_bd_externa, updated_at) VALUES (1169, false, false, false, false, false, NOW());
INSERT INTO users (id, name, email, password, role, active, created_at, updated_at) VALUES (1269, 'Rafael Ramírez', 'rafaelramírez169@estudiante.edu.bo', '\$2y\$12\$TyO9cTQJ0O7NSPORyyP8Hup.wk8.BWNWu4itdEJYyjZ2Sem9DbFyi', 'Postulante', true, NOW(), NOW());
INSERT INTO postulantes (id, ci, nombres, apellidos, fecha_nacimiento, sexo, direccion, telefono, email, colegio_procedencia, ciudad, titulo_bachiller, primera_opcion_id, segunda_opcion_id, turno_preferencia, gestion_id, estado, recurrente, user_id, created_at, updated_at) VALUES (1170, '7928682', 'Rafael', 'Ramírez', '2005-01-15', 'M', NULL, '59160936866', 'rafaelramírez169@estudiante.edu.bo', 'Colegio Boliviano', 'Santa Cruz de la Sierra', NULL, 2, 1, 'Manana', 2, 'Preinscrito', false, 1269, NOW(), NOW());
INSERT INTO requisitos_documentales (postulante_id, ci_digitalizado, certificado_nacimiento, titulo_bachiller_legalizado, formulario_preinscripcion, verificado_bd_externa, updated_at) VALUES (1170, false, false, false, false, false, NOW());
INSERT INTO users (id, name, email, password, role, active, created_at, updated_at) VALUES (1270, 'Javier Navarro', 'javiernavarro170@estudiante.edu.bo', '\$2y\$12\$TyO9cTQJ0O7NSPORyyP8Hup.wk8.BWNWu4itdEJYyjZ2Sem9DbFyi', 'Postulante', true, NOW(), NOW());
INSERT INTO postulantes (id, ci, nombres, apellidos, fecha_nacimiento, sexo, direccion, telefono, email, colegio_procedencia, ciudad, titulo_bachiller, primera_opcion_id, segunda_opcion_id, turno_preferencia, gestion_id, estado, recurrente, user_id, created_at, updated_at) VALUES (1171, '6663254', 'Javier', 'Navarro', '2005-01-15', 'M', NULL, '59197912351', 'javiernavarro170@estudiante.edu.bo', 'Colegio Boliviano', 'Santa Cruz de la Sierra', NULL, 2, 1, 'Manana', 2, 'Preinscrito', false, 1270, NOW(), NOW());
INSERT INTO requisitos_documentales (postulante_id, ci_digitalizado, certificado_nacimiento, titulo_bachiller_legalizado, formulario_preinscripcion, verificado_bd_externa, updated_at) VALUES (1171, false, false, false, false, false, NOW());
INSERT INTO users (id, name, email, password, role, active, created_at, updated_at) VALUES (1271, 'Rosa Vega', 'rosavega171@estudiante.edu.bo', '\$2y\$12\$TyO9cTQJ0O7NSPORyyP8Hup.wk8.BWNWu4itdEJYyjZ2Sem9DbFyi', 'Postulante', true, NOW(), NOW());
INSERT INTO postulantes (id, ci, nombres, apellidos, fecha_nacimiento, sexo, direccion, telefono, email, colegio_procedencia, ciudad, titulo_bachiller, primera_opcion_id, segunda_opcion_id, turno_preferencia, gestion_id, estado, recurrente, user_id, created_at, updated_at) VALUES (1172, '9032706', 'Rosa', 'Vega', '2005-01-15', 'M', NULL, '59174703447', 'rosavega171@estudiante.edu.bo', 'Colegio Boliviano', 'Santa Cruz de la Sierra', NULL, 2, 1, 'Manana', 2, 'Preinscrito', false, 1271, NOW(), NOW());
INSERT INTO requisitos_documentales (postulante_id, ci_digitalizado, certificado_nacimiento, titulo_bachiller_legalizado, formulario_preinscripcion, verificado_bd_externa, updated_at) VALUES (1172, false, false, false, false, false, NOW());
INSERT INTO users (id, name, email, password, role, active, created_at, updated_at) VALUES (1272, 'Sergio Valencia', 'sergiovalencia172@estudiante.edu.bo', '\$2y\$12\$TyO9cTQJ0O7NSPORyyP8Hup.wk8.BWNWu4itdEJYyjZ2Sem9DbFyi', 'Postulante', true, NOW(), NOW());
INSERT INTO postulantes (id, ci, nombres, apellidos, fecha_nacimiento, sexo, direccion, telefono, email, colegio_procedencia, ciudad, titulo_bachiller, primera_opcion_id, segunda_opcion_id, turno_preferencia, gestion_id, estado, recurrente, user_id, created_at, updated_at) VALUES (1173, '5960166', 'Sergio', 'Valencia', '2005-01-15', 'M', NULL, '59193431618', 'sergiovalencia172@estudiante.edu.bo', 'Colegio Boliviano', 'Santa Cruz de la Sierra', NULL, 2, 1, 'Tarde', 2, 'Preinscrito', false, 1272, NOW(), NOW());
INSERT INTO requisitos_documentales (postulante_id, ci_digitalizado, certificado_nacimiento, titulo_bachiller_legalizado, formulario_preinscripcion, verificado_bd_externa, updated_at) VALUES (1173, false, false, false, false, false, NOW());
INSERT INTO users (id, name, email, password, role, active, created_at, updated_at) VALUES (1273, 'Sergio Medina', 'sergiomedina173@estudiante.edu.bo', '\$2y\$12\$TyO9cTQJ0O7NSPORyyP8Hup.wk8.BWNWu4itdEJYyjZ2Sem9DbFyi', 'Postulante', true, NOW(), NOW());
INSERT INTO postulantes (id, ci, nombres, apellidos, fecha_nacimiento, sexo, direccion, telefono, email, colegio_procedencia, ciudad, titulo_bachiller, primera_opcion_id, segunda_opcion_id, turno_preferencia, gestion_id, estado, recurrente, user_id, created_at, updated_at) VALUES (1174, '4911747', 'Sergio', 'Medina', '2005-01-15', 'M', NULL, '59162425952', 'sergiomedina173@estudiante.edu.bo', 'Colegio Boliviano', 'Santa Cruz de la Sierra', NULL, 2, 1, 'Tarde', 2, 'Preinscrito', false, 1273, NOW(), NOW());
INSERT INTO requisitos_documentales (postulante_id, ci_digitalizado, certificado_nacimiento, titulo_bachiller_legalizado, formulario_preinscripcion, verificado_bd_externa, updated_at) VALUES (1174, false, false, false, false, false, NOW());
INSERT INTO users (id, name, email, password, role, active, created_at, updated_at) VALUES (1274, 'Elena Contreras', 'elenacontreras174@estudiante.edu.bo', '\$2y\$12\$TyO9cTQJ0O7NSPORyyP8Hup.wk8.BWNWu4itdEJYyjZ2Sem9DbFyi', 'Postulante', true, NOW(), NOW());
INSERT INTO postulantes (id, ci, nombres, apellidos, fecha_nacimiento, sexo, direccion, telefono, email, colegio_procedencia, ciudad, titulo_bachiller, primera_opcion_id, segunda_opcion_id, turno_preferencia, gestion_id, estado, recurrente, user_id, created_at, updated_at) VALUES (1175, '1936778', 'Elena', 'Contreras', '2005-01-15', 'M', NULL, '59193803832', 'elenacontreras174@estudiante.edu.bo', 'Colegio Boliviano', 'Santa Cruz de la Sierra', NULL, 2, 1, 'Manana', 2, 'Preinscrito', false, 1274, NOW(), NOW());
INSERT INTO requisitos_documentales (postulante_id, ci_digitalizado, certificado_nacimiento, titulo_bachiller_legalizado, formulario_preinscripcion, verificado_bd_externa, updated_at) VALUES (1175, false, false, false, false, false, NOW());
INSERT INTO users (id, name, email, password, role, active, created_at, updated_at) VALUES (1275, 'Gabriela Campos', 'gabrielacampos175@estudiante.edu.bo', '\$2y\$12\$TyO9cTQJ0O7NSPORyyP8Hup.wk8.BWNWu4itdEJYyjZ2Sem9DbFyi', 'Postulante', true, NOW(), NOW());
INSERT INTO postulantes (id, ci, nombres, apellidos, fecha_nacimiento, sexo, direccion, telefono, email, colegio_procedencia, ciudad, titulo_bachiller, primera_opcion_id, segunda_opcion_id, turno_preferencia, gestion_id, estado, recurrente, user_id, created_at, updated_at) VALUES (1176, '8935155', 'Gabriela', 'Campos', '2005-01-15', 'M', NULL, '59177583590', 'gabrielacampos175@estudiante.edu.bo', 'Colegio Boliviano', 'Santa Cruz de la Sierra', NULL, 2, 1, 'Noche', 2, 'Preinscrito', false, 1275, NOW(), NOW());
INSERT INTO requisitos_documentales (postulante_id, ci_digitalizado, certificado_nacimiento, titulo_bachiller_legalizado, formulario_preinscripcion, verificado_bd_externa, updated_at) VALUES (1176, false, false, false, false, false, NOW());
INSERT INTO users (id, name, email, password, role, active, created_at, updated_at) VALUES (1276, 'Eduardo Valencia', 'eduardovalencia176@estudiante.edu.bo', '\$2y\$12\$TyO9cTQJ0O7NSPORyyP8Hup.wk8.BWNWu4itdEJYyjZ2Sem9DbFyi', 'Postulante', true, NOW(), NOW());
INSERT INTO postulantes (id, ci, nombres, apellidos, fecha_nacimiento, sexo, direccion, telefono, email, colegio_procedencia, ciudad, titulo_bachiller, primera_opcion_id, segunda_opcion_id, turno_preferencia, gestion_id, estado, recurrente, user_id, created_at, updated_at) VALUES (1177, '4944186', 'Eduardo', 'Valencia', '2005-01-15', 'M', NULL, '59191996014', 'eduardovalencia176@estudiante.edu.bo', 'Colegio Boliviano', 'Santa Cruz de la Sierra', NULL, 2, 1, 'Noche', 2, 'Preinscrito', false, 1276, NOW(), NOW());
INSERT INTO requisitos_documentales (postulante_id, ci_digitalizado, certificado_nacimiento, titulo_bachiller_legalizado, formulario_preinscripcion, verificado_bd_externa, updated_at) VALUES (1177, false, false, false, false, false, NOW());
INSERT INTO users (id, name, email, password, role, active, created_at, updated_at) VALUES (1277, 'Bruno Reyes', 'brunoreyes177@estudiante.edu.bo', '\$2y\$12\$TyO9cTQJ0O7NSPORyyP8Hup.wk8.BWNWu4itdEJYyjZ2Sem9DbFyi', 'Postulante', true, NOW(), NOW());
INSERT INTO postulantes (id, ci, nombres, apellidos, fecha_nacimiento, sexo, direccion, telefono, email, colegio_procedencia, ciudad, titulo_bachiller, primera_opcion_id, segunda_opcion_id, turno_preferencia, gestion_id, estado, recurrente, user_id, created_at, updated_at) VALUES (1178, '1159455', 'Bruno', 'Reyes', '2005-01-15', 'M', NULL, '59197669498', 'brunoreyes177@estudiante.edu.bo', 'Colegio Boliviano', 'Santa Cruz de la Sierra', NULL, 2, 1, 'Tarde', 2, 'Preinscrito', false, 1277, NOW(), NOW());
INSERT INTO requisitos_documentales (postulante_id, ci_digitalizado, certificado_nacimiento, titulo_bachiller_legalizado, formulario_preinscripcion, verificado_bd_externa, updated_at) VALUES (1178, false, false, false, false, false, NOW());
INSERT INTO users (id, name, email, password, role, active, created_at, updated_at) VALUES (1278, 'Carmen Rodríguez', 'carmenrodríguez178@estudiante.edu.bo', '\$2y\$12\$TyO9cTQJ0O7NSPORyyP8Hup.wk8.BWNWu4itdEJYyjZ2Sem9DbFyi', 'Postulante', true, NOW(), NOW());
INSERT INTO postulantes (id, ci, nombres, apellidos, fecha_nacimiento, sexo, direccion, telefono, email, colegio_procedencia, ciudad, titulo_bachiller, primera_opcion_id, segunda_opcion_id, turno_preferencia, gestion_id, estado, recurrente, user_id, created_at, updated_at) VALUES (1179, '8354111', 'Carmen', 'Rodríguez', '2005-01-15', 'M', NULL, '59168817361', 'carmenrodríguez178@estudiante.edu.bo', 'Colegio Boliviano', 'Santa Cruz de la Sierra', NULL, 2, 1, 'Noche', 2, 'Preinscrito', false, 1278, NOW(), NOW());
INSERT INTO requisitos_documentales (postulante_id, ci_digitalizado, certificado_nacimiento, titulo_bachiller_legalizado, formulario_preinscripcion, verificado_bd_externa, updated_at) VALUES (1179, false, false, false, false, false, NOW());
INSERT INTO users (id, name, email, password, role, active, created_at, updated_at) VALUES (1279, 'Laura Vázquez', 'lauravázquez179@estudiante.edu.bo', '\$2y\$12\$TyO9cTQJ0O7NSPORyyP8Hup.wk8.BWNWu4itdEJYyjZ2Sem9DbFyi', 'Postulante', true, NOW(), NOW());
INSERT INTO postulantes (id, ci, nombres, apellidos, fecha_nacimiento, sexo, direccion, telefono, email, colegio_procedencia, ciudad, titulo_bachiller, primera_opcion_id, segunda_opcion_id, turno_preferencia, gestion_id, estado, recurrente, user_id, created_at, updated_at) VALUES (1180, '5098105', 'Laura', 'Vázquez', '2005-01-15', 'M', NULL, '59186213866', 'lauravázquez179@estudiante.edu.bo', 'Colegio Boliviano', 'Santa Cruz de la Sierra', NULL, 2, 1, 'Tarde', 2, 'Preinscrito', false, 1279, NOW(), NOW());
INSERT INTO requisitos_documentales (postulante_id, ci_digitalizado, certificado_nacimiento, titulo_bachiller_legalizado, formulario_preinscripcion, verificado_bd_externa, updated_at) VALUES (1180, false, false, false, false, false, NOW());
INSERT INTO users (id, name, email, password, role, active, created_at, updated_at) VALUES (1280, 'Antonio Rivas', 'antoniorivas180@estudiante.edu.bo', '\$2y\$12\$TyO9cTQJ0O7NSPORyyP8Hup.wk8.BWNWu4itdEJYyjZ2Sem9DbFyi', 'Postulante', true, NOW(), NOW());
INSERT INTO postulantes (id, ci, nombres, apellidos, fecha_nacimiento, sexo, direccion, telefono, email, colegio_procedencia, ciudad, titulo_bachiller, primera_opcion_id, segunda_opcion_id, turno_preferencia, gestion_id, estado, recurrente, user_id, created_at, updated_at) VALUES (1181, '3826286', 'Antonio', 'Rivas', '2005-01-15', 'M', NULL, '59174818560', 'antoniorivas180@estudiante.edu.bo', 'Colegio Boliviano', 'Santa Cruz de la Sierra', NULL, 2, 1, 'Tarde', 2, 'Preinscrito', false, 1280, NOW(), NOW());
INSERT INTO requisitos_documentales (postulante_id, ci_digitalizado, certificado_nacimiento, titulo_bachiller_legalizado, formulario_preinscripcion, verificado_bd_externa, updated_at) VALUES (1181, false, false, false, false, false, NOW());
INSERT INTO users (id, name, email, password, role, active, created_at, updated_at) VALUES (1281, 'Antonio Rodríguez', 'antoniorodríguez181@estudiante.edu.bo', '\$2y\$12\$TyO9cTQJ0O7NSPORyyP8Hup.wk8.BWNWu4itdEJYyjZ2Sem9DbFyi', 'Postulante', true, NOW(), NOW());
INSERT INTO postulantes (id, ci, nombres, apellidos, fecha_nacimiento, sexo, direccion, telefono, email, colegio_procedencia, ciudad, titulo_bachiller, primera_opcion_id, segunda_opcion_id, turno_preferencia, gestion_id, estado, recurrente, user_id, created_at, updated_at) VALUES (1182, '3198666', 'Antonio', 'Rodríguez', '2005-01-15', 'M', NULL, '59181940336', 'antoniorodríguez181@estudiante.edu.bo', 'Colegio Boliviano', 'Santa Cruz de la Sierra', NULL, 2, 1, 'Tarde', 2, 'Preinscrito', false, 1281, NOW(), NOW());
INSERT INTO requisitos_documentales (postulante_id, ci_digitalizado, certificado_nacimiento, titulo_bachiller_legalizado, formulario_preinscripcion, verificado_bd_externa, updated_at) VALUES (1182, false, false, false, false, false, NOW());
INSERT INTO users (id, name, email, password, role, active, created_at, updated_at) VALUES (1282, 'Isabel Tapia', 'isabeltapia182@estudiante.edu.bo', '\$2y\$12\$TyO9cTQJ0O7NSPORyyP8Hup.wk8.BWNWu4itdEJYyjZ2Sem9DbFyi', 'Postulante', true, NOW(), NOW());
INSERT INTO postulantes (id, ci, nombres, apellidos, fecha_nacimiento, sexo, direccion, telefono, email, colegio_procedencia, ciudad, titulo_bachiller, primera_opcion_id, segunda_opcion_id, turno_preferencia, gestion_id, estado, recurrente, user_id, created_at, updated_at) VALUES (1183, '5884049', 'Isabel', 'Tapia', '2005-01-15', 'M', NULL, '59176609976', 'isabeltapia182@estudiante.edu.bo', 'Colegio Boliviano', 'Santa Cruz de la Sierra', NULL, 2, 1, 'Manana', 2, 'Preinscrito', false, 1282, NOW(), NOW());
INSERT INTO requisitos_documentales (postulante_id, ci_digitalizado, certificado_nacimiento, titulo_bachiller_legalizado, formulario_preinscripcion, verificado_bd_externa, updated_at) VALUES (1183, false, false, false, false, false, NOW());
INSERT INTO users (id, name, email, password, role, active, created_at, updated_at) VALUES (1283, 'Rosa Fuentes', 'rosafuentes183@estudiante.edu.bo', '\$2y\$12\$TyO9cTQJ0O7NSPORyyP8Hup.wk8.BWNWu4itdEJYyjZ2Sem9DbFyi', 'Postulante', true, NOW(), NOW());
INSERT INTO postulantes (id, ci, nombres, apellidos, fecha_nacimiento, sexo, direccion, telefono, email, colegio_procedencia, ciudad, titulo_bachiller, primera_opcion_id, segunda_opcion_id, turno_preferencia, gestion_id, estado, recurrente, user_id, created_at, updated_at) VALUES (1184, '3526455', 'Rosa', 'Fuentes', '2005-01-15', 'M', NULL, '59174240679', 'rosafuentes183@estudiante.edu.bo', 'Colegio Boliviano', 'Santa Cruz de la Sierra', NULL, 2, 1, 'Tarde', 2, 'Preinscrito', false, 1283, NOW(), NOW());
INSERT INTO requisitos_documentales (postulante_id, ci_digitalizado, certificado_nacimiento, titulo_bachiller_legalizado, formulario_preinscripcion, verificado_bd_externa, updated_at) VALUES (1184, false, false, false, false, false, NOW());
INSERT INTO users (id, name, email, password, role, active, created_at, updated_at) VALUES (1284, 'Guillermo Vega', 'guillermovega184@estudiante.edu.bo', '\$2y\$12\$TyO9cTQJ0O7NSPORyyP8Hup.wk8.BWNWu4itdEJYyjZ2Sem9DbFyi', 'Postulante', true, NOW(), NOW());
INSERT INTO postulantes (id, ci, nombres, apellidos, fecha_nacimiento, sexo, direccion, telefono, email, colegio_procedencia, ciudad, titulo_bachiller, primera_opcion_id, segunda_opcion_id, turno_preferencia, gestion_id, estado, recurrente, user_id, created_at, updated_at) VALUES (1185, '2929101', 'Guillermo', 'Vega', '2005-01-15', 'M', NULL, '59188371712', 'guillermovega184@estudiante.edu.bo', 'Colegio Boliviano', 'Santa Cruz de la Sierra', NULL, 2, 1, 'Noche', 2, 'Preinscrito', false, 1284, NOW(), NOW());
INSERT INTO requisitos_documentales (postulante_id, ci_digitalizado, certificado_nacimiento, titulo_bachiller_legalizado, formulario_preinscripcion, verificado_bd_externa, updated_at) VALUES (1185, false, false, false, false, false, NOW());
INSERT INTO users (id, name, email, password, role, active, created_at, updated_at) VALUES (1285, 'Esperanza Ramírez', 'esperanzaramírez185@estudiante.edu.bo', '\$2y\$12\$TyO9cTQJ0O7NSPORyyP8Hup.wk8.BWNWu4itdEJYyjZ2Sem9DbFyi', 'Postulante', true, NOW(), NOW());
INSERT INTO postulantes (id, ci, nombres, apellidos, fecha_nacimiento, sexo, direccion, telefono, email, colegio_procedencia, ciudad, titulo_bachiller, primera_opcion_id, segunda_opcion_id, turno_preferencia, gestion_id, estado, recurrente, user_id, created_at, updated_at) VALUES (1186, '9454665', 'Esperanza', 'Ramírez', '2005-01-15', 'M', NULL, '59199049658', 'esperanzaramírez185@estudiante.edu.bo', 'Colegio Boliviano', 'Santa Cruz de la Sierra', NULL, 2, 1, 'Noche', 2, 'Preinscrito', false, 1285, NOW(), NOW());
INSERT INTO requisitos_documentales (postulante_id, ci_digitalizado, certificado_nacimiento, titulo_bachiller_legalizado, formulario_preinscripcion, verificado_bd_externa, updated_at) VALUES (1186, false, false, false, false, false, NOW());
INSERT INTO users (id, name, email, password, role, active, created_at, updated_at) VALUES (1286, 'Natalia Vázquez', 'nataliavázquez186@estudiante.edu.bo', '\$2y\$12\$TyO9cTQJ0O7NSPORyyP8Hup.wk8.BWNWu4itdEJYyjZ2Sem9DbFyi', 'Postulante', true, NOW(), NOW());
INSERT INTO postulantes (id, ci, nombres, apellidos, fecha_nacimiento, sexo, direccion, telefono, email, colegio_procedencia, ciudad, titulo_bachiller, primera_opcion_id, segunda_opcion_id, turno_preferencia, gestion_id, estado, recurrente, user_id, created_at, updated_at) VALUES (1187, '1346681', 'Natalia', 'Vázquez', '2005-01-15', 'M', NULL, '59160797775', 'nataliavázquez186@estudiante.edu.bo', 'Colegio Boliviano', 'Santa Cruz de la Sierra', NULL, 2, 1, 'Noche', 2, 'Preinscrito', false, 1286, NOW(), NOW());
INSERT INTO requisitos_documentales (postulante_id, ci_digitalizado, certificado_nacimiento, titulo_bachiller_legalizado, formulario_preinscripcion, verificado_bd_externa, updated_at) VALUES (1187, false, false, false, false, false, NOW());
INSERT INTO users (id, name, email, password, role, active, created_at, updated_at) VALUES (1287, 'Sandra Navarro', 'sandranavarro187@estudiante.edu.bo', '\$2y\$12\$TyO9cTQJ0O7NSPORyyP8Hup.wk8.BWNWu4itdEJYyjZ2Sem9DbFyi', 'Postulante', true, NOW(), NOW());
INSERT INTO postulantes (id, ci, nombres, apellidos, fecha_nacimiento, sexo, direccion, telefono, email, colegio_procedencia, ciudad, titulo_bachiller, primera_opcion_id, segunda_opcion_id, turno_preferencia, gestion_id, estado, recurrente, user_id, created_at, updated_at) VALUES (1188, '7056564', 'Sandra', 'Navarro', '2005-01-15', 'M', NULL, '59186749925', 'sandranavarro187@estudiante.edu.bo', 'Colegio Boliviano', 'Santa Cruz de la Sierra', NULL, 2, 1, 'Noche', 2, 'Preinscrito', false, 1287, NOW(), NOW());
INSERT INTO requisitos_documentales (postulante_id, ci_digitalizado, certificado_nacimiento, titulo_bachiller_legalizado, formulario_preinscripcion, verificado_bd_externa, updated_at) VALUES (1188, false, false, false, false, false, NOW());
INSERT INTO users (id, name, email, password, role, active, created_at, updated_at) VALUES (1288, 'Sandra López', 'sandralópez188@estudiante.edu.bo', '\$2y\$12\$TyO9cTQJ0O7NSPORyyP8Hup.wk8.BWNWu4itdEJYyjZ2Sem9DbFyi', 'Postulante', true, NOW(), NOW());
INSERT INTO postulantes (id, ci, nombres, apellidos, fecha_nacimiento, sexo, direccion, telefono, email, colegio_procedencia, ciudad, titulo_bachiller, primera_opcion_id, segunda_opcion_id, turno_preferencia, gestion_id, estado, recurrente, user_id, created_at, updated_at) VALUES (1189, '5476148', 'Sandra', 'López', '2005-01-15', 'M', NULL, '59188596371', 'sandralópez188@estudiante.edu.bo', 'Colegio Boliviano', 'Santa Cruz de la Sierra', NULL, 2, 1, 'Noche', 2, 'Preinscrito', false, 1288, NOW(), NOW());
INSERT INTO requisitos_documentales (postulante_id, ci_digitalizado, certificado_nacimiento, titulo_bachiller_legalizado, formulario_preinscripcion, verificado_bd_externa, updated_at) VALUES (1189, false, false, false, false, false, NOW());
INSERT INTO users (id, name, email, password, role, active, created_at, updated_at) VALUES (1289, 'Rosario García', 'rosariogarcía189@estudiante.edu.bo', '\$2y\$12\$TyO9cTQJ0O7NSPORyyP8Hup.wk8.BWNWu4itdEJYyjZ2Sem9DbFyi', 'Postulante', true, NOW(), NOW());
INSERT INTO postulantes (id, ci, nombres, apellidos, fecha_nacimiento, sexo, direccion, telefono, email, colegio_procedencia, ciudad, titulo_bachiller, primera_opcion_id, segunda_opcion_id, turno_preferencia, gestion_id, estado, recurrente, user_id, created_at, updated_at) VALUES (1190, '3249871', 'Rosario', 'García', '2005-01-15', 'M', NULL, '59197031078', 'rosariogarcía189@estudiante.edu.bo', 'Colegio Boliviano', 'Santa Cruz de la Sierra', NULL, 2, 1, 'Noche', 2, 'Preinscrito', false, 1289, NOW(), NOW());
INSERT INTO requisitos_documentales (postulante_id, ci_digitalizado, certificado_nacimiento, titulo_bachiller_legalizado, formulario_preinscripcion, verificado_bd_externa, updated_at) VALUES (1190, false, false, false, false, false, NOW());
INSERT INTO users (id, name, email, password, role, active, created_at, updated_at) VALUES (1290, 'Leticia Torres', 'leticiatorres190@estudiante.edu.bo', '\$2y\$12\$TyO9cTQJ0O7NSPORyyP8Hup.wk8.BWNWu4itdEJYyjZ2Sem9DbFyi', 'Postulante', true, NOW(), NOW());
INSERT INTO postulantes (id, ci, nombres, apellidos, fecha_nacimiento, sexo, direccion, telefono, email, colegio_procedencia, ciudad, titulo_bachiller, primera_opcion_id, segunda_opcion_id, turno_preferencia, gestion_id, estado, recurrente, user_id, created_at, updated_at) VALUES (1191, '1563998', 'Leticia', 'Torres', '2005-01-15', 'M', NULL, '59172981740', 'leticiatorres190@estudiante.edu.bo', 'Colegio Boliviano', 'Santa Cruz de la Sierra', NULL, 2, 1, 'Noche', 2, 'Preinscrito', false, 1290, NOW(), NOW());
INSERT INTO requisitos_documentales (postulante_id, ci_digitalizado, certificado_nacimiento, titulo_bachiller_legalizado, formulario_preinscripcion, verificado_bd_externa, updated_at) VALUES (1191, false, false, false, false, false, NOW());
INSERT INTO users (id, name, email, password, role, active, created_at, updated_at) VALUES (1291, 'Oscar Navarro', 'oscarnavarro191@estudiante.edu.bo', '\$2y\$12\$TyO9cTQJ0O7NSPORyyP8Hup.wk8.BWNWu4itdEJYyjZ2Sem9DbFyi', 'Postulante', true, NOW(), NOW());
INSERT INTO postulantes (id, ci, nombres, apellidos, fecha_nacimiento, sexo, direccion, telefono, email, colegio_procedencia, ciudad, titulo_bachiller, primera_opcion_id, segunda_opcion_id, turno_preferencia, gestion_id, estado, recurrente, user_id, created_at, updated_at) VALUES (1192, '9292884', 'Oscar', 'Navarro', '2005-01-15', 'M', NULL, '59173719652', 'oscarnavarro191@estudiante.edu.bo', 'Colegio Boliviano', 'Santa Cruz de la Sierra', NULL, 2, 1, 'Noche', 2, 'Preinscrito', false, 1291, NOW(), NOW());
INSERT INTO requisitos_documentales (postulante_id, ci_digitalizado, certificado_nacimiento, titulo_bachiller_legalizado, formulario_preinscripcion, verificado_bd_externa, updated_at) VALUES (1192, false, false, false, false, false, NOW());
INSERT INTO users (id, name, email, password, role, active, created_at, updated_at) VALUES (1292, 'Marisol López', 'marisollópez192@estudiante.edu.bo', '\$2y\$12\$TyO9cTQJ0O7NSPORyyP8Hup.wk8.BWNWu4itdEJYyjZ2Sem9DbFyi', 'Postulante', true, NOW(), NOW());
INSERT INTO postulantes (id, ci, nombres, apellidos, fecha_nacimiento, sexo, direccion, telefono, email, colegio_procedencia, ciudad, titulo_bachiller, primera_opcion_id, segunda_opcion_id, turno_preferencia, gestion_id, estado, recurrente, user_id, created_at, updated_at) VALUES (1193, '8516969', 'Marisol', 'López', '2005-01-15', 'M', NULL, '59174515725', 'marisollópez192@estudiante.edu.bo', 'Colegio Boliviano', 'Santa Cruz de la Sierra', NULL, 2, 1, 'Manana', 2, 'Preinscrito', false, 1292, NOW(), NOW());
INSERT INTO requisitos_documentales (postulante_id, ci_digitalizado, certificado_nacimiento, titulo_bachiller_legalizado, formulario_preinscripcion, verificado_bd_externa, updated_at) VALUES (1193, false, false, false, false, false, NOW());
INSERT INTO users (id, name, email, password, role, active, created_at, updated_at) VALUES (1293, 'Víctor Reyes', 'víctorreyes193@estudiante.edu.bo', '\$2y\$12\$TyO9cTQJ0O7NSPORyyP8Hup.wk8.BWNWu4itdEJYyjZ2Sem9DbFyi', 'Postulante', true, NOW(), NOW());
INSERT INTO postulantes (id, ci, nombres, apellidos, fecha_nacimiento, sexo, direccion, telefono, email, colegio_procedencia, ciudad, titulo_bachiller, primera_opcion_id, segunda_opcion_id, turno_preferencia, gestion_id, estado, recurrente, user_id, created_at, updated_at) VALUES (1194, '9642247', 'Víctor', 'Reyes', '2005-01-15', 'M', NULL, '59190955589', 'víctorreyes193@estudiante.edu.bo', 'Colegio Boliviano', 'Santa Cruz de la Sierra', NULL, 2, 1, 'Tarde', 2, 'Preinscrito', false, 1293, NOW(), NOW());
INSERT INTO requisitos_documentales (postulante_id, ci_digitalizado, certificado_nacimiento, titulo_bachiller_legalizado, formulario_preinscripcion, verificado_bd_externa, updated_at) VALUES (1194, false, false, false, false, false, NOW());
INSERT INTO users (id, name, email, password, role, active, created_at, updated_at) VALUES (1294, 'Gabriela Vega', 'gabrielavega194@estudiante.edu.bo', '\$2y\$12\$TyO9cTQJ0O7NSPORyyP8Hup.wk8.BWNWu4itdEJYyjZ2Sem9DbFyi', 'Postulante', true, NOW(), NOW());
INSERT INTO postulantes (id, ci, nombres, apellidos, fecha_nacimiento, sexo, direccion, telefono, email, colegio_procedencia, ciudad, titulo_bachiller, primera_opcion_id, segunda_opcion_id, turno_preferencia, gestion_id, estado, recurrente, user_id, created_at, updated_at) VALUES (1195, '8464561', 'Gabriela', 'Vega', '2005-01-15', 'M', NULL, '59169366312', 'gabrielavega194@estudiante.edu.bo', 'Colegio Boliviano', 'Santa Cruz de la Sierra', NULL, 2, 1, 'Manana', 2, 'Preinscrito', false, 1294, NOW(), NOW());
INSERT INTO requisitos_documentales (postulante_id, ci_digitalizado, certificado_nacimiento, titulo_bachiller_legalizado, formulario_preinscripcion, verificado_bd_externa, updated_at) VALUES (1195, false, false, false, false, false, NOW());
INSERT INTO users (id, name, email, password, role, active, created_at, updated_at) VALUES (1295, 'Jorge Morales', 'jorgemorales195@estudiante.edu.bo', '\$2y\$12\$TyO9cTQJ0O7NSPORyyP8Hup.wk8.BWNWu4itdEJYyjZ2Sem9DbFyi', 'Postulante', true, NOW(), NOW());
INSERT INTO postulantes (id, ci, nombres, apellidos, fecha_nacimiento, sexo, direccion, telefono, email, colegio_procedencia, ciudad, titulo_bachiller, primera_opcion_id, segunda_opcion_id, turno_preferencia, gestion_id, estado, recurrente, user_id, created_at, updated_at) VALUES (1196, '1349593', 'Jorge', 'Morales', '2005-01-15', 'M', NULL, '59175457425', 'jorgemorales195@estudiante.edu.bo', 'Colegio Boliviano', 'Santa Cruz de la Sierra', NULL, 2, 1, 'Noche', 2, 'Preinscrito', false, 1295, NOW(), NOW());
INSERT INTO requisitos_documentales (postulante_id, ci_digitalizado, certificado_nacimiento, titulo_bachiller_legalizado, formulario_preinscripcion, verificado_bd_externa, updated_at) VALUES (1196, false, false, false, false, false, NOW());
INSERT INTO users (id, name, email, password, role, active, created_at, updated_at) VALUES (1296, 'Isabel Rivas', 'isabelrivas196@estudiante.edu.bo', '\$2y\$12\$TyO9cTQJ0O7NSPORyyP8Hup.wk8.BWNWu4itdEJYyjZ2Sem9DbFyi', 'Postulante', true, NOW(), NOW());
INSERT INTO postulantes (id, ci, nombres, apellidos, fecha_nacimiento, sexo, direccion, telefono, email, colegio_procedencia, ciudad, titulo_bachiller, primera_opcion_id, segunda_opcion_id, turno_preferencia, gestion_id, estado, recurrente, user_id, created_at, updated_at) VALUES (1197, '2114233', 'Isabel', 'Rivas', '2005-01-15', 'M', NULL, '59180204645', 'isabelrivas196@estudiante.edu.bo', 'Colegio Boliviano', 'Santa Cruz de la Sierra', NULL, 2, 1, 'Tarde', 2, 'Preinscrito', false, 1296, NOW(), NOW());
INSERT INTO requisitos_documentales (postulante_id, ci_digitalizado, certificado_nacimiento, titulo_bachiller_legalizado, formulario_preinscripcion, verificado_bd_externa, updated_at) VALUES (1197, false, false, false, false, false, NOW());
INSERT INTO users (id, name, email, password, role, active, created_at, updated_at) VALUES (1297, 'Guillermo Carrillo', 'guillermocarrillo197@estudiante.edu.bo', '\$2y\$12\$TyO9cTQJ0O7NSPORyyP8Hup.wk8.BWNWu4itdEJYyjZ2Sem9DbFyi', 'Postulante', true, NOW(), NOW());
INSERT INTO postulantes (id, ci, nombres, apellidos, fecha_nacimiento, sexo, direccion, telefono, email, colegio_procedencia, ciudad, titulo_bachiller, primera_opcion_id, segunda_opcion_id, turno_preferencia, gestion_id, estado, recurrente, user_id, created_at, updated_at) VALUES (1198, '4153044', 'Guillermo', 'Carrillo', '2005-01-15', 'M', NULL, '59198985835', 'guillermocarrillo197@estudiante.edu.bo', 'Colegio Boliviano', 'Santa Cruz de la Sierra', NULL, 2, 1, 'Manana', 2, 'Preinscrito', false, 1297, NOW(), NOW());
INSERT INTO requisitos_documentales (postulante_id, ci_digitalizado, certificado_nacimiento, titulo_bachiller_legalizado, formulario_preinscripcion, verificado_bd_externa, updated_at) VALUES (1198, false, false, false, false, false, NOW());
INSERT INTO users (id, name, email, password, role, active, created_at, updated_at) VALUES (1298, 'Manuel Guerrero', 'manuelguerrero198@estudiante.edu.bo', '\$2y\$12\$TyO9cTQJ0O7NSPORyyP8Hup.wk8.BWNWu4itdEJYyjZ2Sem9DbFyi', 'Postulante', true, NOW(), NOW());
INSERT INTO postulantes (id, ci, nombres, apellidos, fecha_nacimiento, sexo, direccion, telefono, email, colegio_procedencia, ciudad, titulo_bachiller, primera_opcion_id, segunda_opcion_id, turno_preferencia, gestion_id, estado, recurrente, user_id, created_at, updated_at) VALUES (1199, '8309158', 'Manuel', 'Guerrero', '2005-01-15', 'M', NULL, '59164070363', 'manuelguerrero198@estudiante.edu.bo', 'Colegio Boliviano', 'Santa Cruz de la Sierra', NULL, 2, 1, 'Tarde', 2, 'Preinscrito', false, 1298, NOW(), NOW());
INSERT INTO requisitos_documentales (postulante_id, ci_digitalizado, certificado_nacimiento, titulo_bachiller_legalizado, formulario_preinscripcion, verificado_bd_externa, updated_at) VALUES (1199, false, false, false, false, false, NOW());
INSERT INTO users (id, name, email, password, role, active, created_at, updated_at) VALUES (1299, 'Sandra García', 'sandragarcía199@estudiante.edu.bo', '\$2y\$12\$TyO9cTQJ0O7NSPORyyP8Hup.wk8.BWNWu4itdEJYyjZ2Sem9DbFyi', 'Postulante', true, NOW(), NOW());
INSERT INTO postulantes (id, ci, nombres, apellidos, fecha_nacimiento, sexo, direccion, telefono, email, colegio_procedencia, ciudad, titulo_bachiller, primera_opcion_id, segunda_opcion_id, turno_preferencia, gestion_id, estado, recurrente, user_id, created_at, updated_at) VALUES (1200, '1437755', 'Sandra', 'García', '2005-01-15', 'M', NULL, '59184602951', 'sandragarcía199@estudiante.edu.bo', 'Colegio Boliviano', 'Santa Cruz de la Sierra', NULL, 2, 1, 'Manana', 2, 'Preinscrito', false, 1299, NOW(), NOW());
INSERT INTO requisitos_documentales (postulante_id, ci_digitalizado, certificado_nacimiento, titulo_bachiller_legalizado, formulario_preinscripcion, verificado_bd_externa, updated_at) VALUES (1200, false, false, false, false, false, NOW());
-- 1200 postulantes insertados...
INSERT INTO users (id, name, email, password, role, active, created_at, updated_at) VALUES (1300, 'Verónica López', 'verónicalópez0@estudiante.edu.bo', '\$2y\$12\$TyO9cTQJ0O7NSPORyyP8Hup.wk8.BWNWu4itdEJYyjZ2Sem9DbFyi', 'Postulante', true, NOW(), NOW());
INSERT INTO postulantes (id, ci, nombres, apellidos, fecha_nacimiento, sexo, direccion, telefono, email, colegio_procedencia, ciudad, titulo_bachiller, primera_opcion_id, segunda_opcion_id, turno_preferencia, gestion_id, estado, recurrente, user_id, created_at, updated_at) VALUES (1201, '9586099', 'Verónica', 'López', '2005-01-15', 'M', NULL, '59174610702', 'verónicalópez0@estudiante.edu.bo', 'Colegio Boliviano', 'Santa Cruz de la Sierra', NULL, 3, 4, 'Tarde', 2, 'Preinscrito', false, 1300, NOW(), NOW());
INSERT INTO requisitos_documentales (postulante_id, ci_digitalizado, certificado_nacimiento, titulo_bachiller_legalizado, formulario_preinscripcion, verificado_bd_externa, updated_at) VALUES (1201, false, false, false, false, false, NOW());
INSERT INTO users (id, name, email, password, role, active, created_at, updated_at) VALUES (1301, 'Oscar Torres', 'oscartorres1@estudiante.edu.bo', '\$2y\$12\$TyO9cTQJ0O7NSPORyyP8Hup.wk8.BWNWu4itdEJYyjZ2Sem9DbFyi', 'Postulante', true, NOW(), NOW());
INSERT INTO postulantes (id, ci, nombres, apellidos, fecha_nacimiento, sexo, direccion, telefono, email, colegio_procedencia, ciudad, titulo_bachiller, primera_opcion_id, segunda_opcion_id, turno_preferencia, gestion_id, estado, recurrente, user_id, created_at, updated_at) VALUES (1202, '8845664', 'Oscar', 'Torres', '2005-01-15', 'M', NULL, '59173597754', 'oscartorres1@estudiante.edu.bo', 'Colegio Boliviano', 'Santa Cruz de la Sierra', NULL, 3, 4, 'Tarde', 2, 'Preinscrito', false, 1301, NOW(), NOW());
INSERT INTO requisitos_documentales (postulante_id, ci_digitalizado, certificado_nacimiento, titulo_bachiller_legalizado, formulario_preinscripcion, verificado_bd_externa, updated_at) VALUES (1202, false, false, false, false, false, NOW());
INSERT INTO users (id, name, email, password, role, active, created_at, updated_at) VALUES (1302, 'Arturo Torres', 'arturotorres2@estudiante.edu.bo', '\$2y\$12\$TyO9cTQJ0O7NSPORyyP8Hup.wk8.BWNWu4itdEJYyjZ2Sem9DbFyi', 'Postulante', true, NOW(), NOW());
INSERT INTO postulantes (id, ci, nombres, apellidos, fecha_nacimiento, sexo, direccion, telefono, email, colegio_procedencia, ciudad, titulo_bachiller, primera_opcion_id, segunda_opcion_id, turno_preferencia, gestion_id, estado, recurrente, user_id, created_at, updated_at) VALUES (1203, '4111658', 'Arturo', 'Torres', '2005-01-15', 'M', NULL, '59198132801', 'arturotorres2@estudiante.edu.bo', 'Colegio Boliviano', 'Santa Cruz de la Sierra', NULL, 3, 4, 'Noche', 2, 'Preinscrito', false, 1302, NOW(), NOW());
INSERT INTO requisitos_documentales (postulante_id, ci_digitalizado, certificado_nacimiento, titulo_bachiller_legalizado, formulario_preinscripcion, verificado_bd_externa, updated_at) VALUES (1203, false, false, false, false, false, NOW());
INSERT INTO users (id, name, email, password, role, active, created_at, updated_at) VALUES (1303, 'Francisca Pérez', 'franciscapérez3@estudiante.edu.bo', '\$2y\$12\$TyO9cTQJ0O7NSPORyyP8Hup.wk8.BWNWu4itdEJYyjZ2Sem9DbFyi', 'Postulante', true, NOW(), NOW());
INSERT INTO postulantes (id, ci, nombres, apellidos, fecha_nacimiento, sexo, direccion, telefono, email, colegio_procedencia, ciudad, titulo_bachiller, primera_opcion_id, segunda_opcion_id, turno_preferencia, gestion_id, estado, recurrente, user_id, created_at, updated_at) VALUES (1204, '5454635', 'Francisca', 'Pérez', '2005-01-15', 'M', NULL, '59166980851', 'franciscapérez3@estudiante.edu.bo', 'Colegio Boliviano', 'Santa Cruz de la Sierra', NULL, 3, 4, 'Manana', 2, 'Preinscrito', false, 1303, NOW(), NOW());
INSERT INTO requisitos_documentales (postulante_id, ci_digitalizado, certificado_nacimiento, titulo_bachiller_legalizado, formulario_preinscripcion, verificado_bd_externa, updated_at) VALUES (1204, false, false, false, false, false, NOW());
INSERT INTO users (id, name, email, password, role, active, created_at, updated_at) VALUES (1304, 'Francisca Molina', 'franciscamolina4@estudiante.edu.bo', '\$2y\$12\$TyO9cTQJ0O7NSPORyyP8Hup.wk8.BWNWu4itdEJYyjZ2Sem9DbFyi', 'Postulante', true, NOW(), NOW());
INSERT INTO postulantes (id, ci, nombres, apellidos, fecha_nacimiento, sexo, direccion, telefono, email, colegio_procedencia, ciudad, titulo_bachiller, primera_opcion_id, segunda_opcion_id, turno_preferencia, gestion_id, estado, recurrente, user_id, created_at, updated_at) VALUES (1205, '2232998', 'Francisca', 'Molina', '2005-01-15', 'M', NULL, '59167232036', 'franciscamolina4@estudiante.edu.bo', 'Colegio Boliviano', 'Santa Cruz de la Sierra', NULL, 3, 4, 'Tarde', 2, 'Preinscrito', false, 1304, NOW(), NOW());
INSERT INTO requisitos_documentales (postulante_id, ci_digitalizado, certificado_nacimiento, titulo_bachiller_legalizado, formulario_preinscripcion, verificado_bd_externa, updated_at) VALUES (1205, false, false, false, false, false, NOW());
INSERT INTO users (id, name, email, password, role, active, created_at, updated_at) VALUES (1305, 'Matías González', 'matíasgonzález5@estudiante.edu.bo', '\$2y\$12\$TyO9cTQJ0O7NSPORyyP8Hup.wk8.BWNWu4itdEJYyjZ2Sem9DbFyi', 'Postulante', true, NOW(), NOW());
INSERT INTO postulantes (id, ci, nombres, apellidos, fecha_nacimiento, sexo, direccion, telefono, email, colegio_procedencia, ciudad, titulo_bachiller, primera_opcion_id, segunda_opcion_id, turno_preferencia, gestion_id, estado, recurrente, user_id, created_at, updated_at) VALUES (1206, '1568699', 'Matías', 'González', '2005-01-15', 'M', NULL, '59190403732', 'matíasgonzález5@estudiante.edu.bo', 'Colegio Boliviano', 'Santa Cruz de la Sierra', NULL, 3, 4, 'Manana', 2, 'Preinscrito', false, 1305, NOW(), NOW());
INSERT INTO requisitos_documentales (postulante_id, ci_digitalizado, certificado_nacimiento, titulo_bachiller_legalizado, formulario_preinscripcion, verificado_bd_externa, updated_at) VALUES (1206, false, false, false, false, false, NOW());
INSERT INTO users (id, name, email, password, role, active, created_at, updated_at) VALUES (1306, 'Diego Vega', 'diegovega6@estudiante.edu.bo', '\$2y\$12\$TyO9cTQJ0O7NSPORyyP8Hup.wk8.BWNWu4itdEJYyjZ2Sem9DbFyi', 'Postulante', true, NOW(), NOW());
INSERT INTO postulantes (id, ci, nombres, apellidos, fecha_nacimiento, sexo, direccion, telefono, email, colegio_procedencia, ciudad, titulo_bachiller, primera_opcion_id, segunda_opcion_id, turno_preferencia, gestion_id, estado, recurrente, user_id, created_at, updated_at) VALUES (1207, '5363053', 'Diego', 'Vega', '2005-01-15', 'M', NULL, '59178323026', 'diegovega6@estudiante.edu.bo', 'Colegio Boliviano', 'Santa Cruz de la Sierra', NULL, 3, 4, 'Noche', 2, 'Preinscrito', false, 1306, NOW(), NOW());
INSERT INTO requisitos_documentales (postulante_id, ci_digitalizado, certificado_nacimiento, titulo_bachiller_legalizado, formulario_preinscripcion, verificado_bd_externa, updated_at) VALUES (1207, false, false, false, false, false, NOW());
INSERT INTO users (id, name, email, password, role, active, created_at, updated_at) VALUES (1307, 'Patricia Castillo', 'patriciacastillo7@estudiante.edu.bo', '\$2y\$12\$TyO9cTQJ0O7NSPORyyP8Hup.wk8.BWNWu4itdEJYyjZ2Sem9DbFyi', 'Postulante', true, NOW(), NOW());
INSERT INTO postulantes (id, ci, nombres, apellidos, fecha_nacimiento, sexo, direccion, telefono, email, colegio_procedencia, ciudad, titulo_bachiller, primera_opcion_id, segunda_opcion_id, turno_preferencia, gestion_id, estado, recurrente, user_id, created_at, updated_at) VALUES (1208, '7684310', 'Patricia', 'Castillo', '2005-01-15', 'M', NULL, '59161601630', 'patriciacastillo7@estudiante.edu.bo', 'Colegio Boliviano', 'Santa Cruz de la Sierra', NULL, 3, 4, 'Tarde', 2, 'Preinscrito', false, 1307, NOW(), NOW());
INSERT INTO requisitos_documentales (postulante_id, ci_digitalizado, certificado_nacimiento, titulo_bachiller_legalizado, formulario_preinscripcion, verificado_bd_externa, updated_at) VALUES (1208, false, false, false, false, false, NOW());
INSERT INTO users (id, name, email, password, role, active, created_at, updated_at) VALUES (1308, 'Constanza Delgado', 'constanzadelgado8@estudiante.edu.bo', '\$2y\$12\$TyO9cTQJ0O7NSPORyyP8Hup.wk8.BWNWu4itdEJYyjZ2Sem9DbFyi', 'Postulante', true, NOW(), NOW());
INSERT INTO postulantes (id, ci, nombres, apellidos, fecha_nacimiento, sexo, direccion, telefono, email, colegio_procedencia, ciudad, titulo_bachiller, primera_opcion_id, segunda_opcion_id, turno_preferencia, gestion_id, estado, recurrente, user_id, created_at, updated_at) VALUES (1209, '1169576', 'Constanza', 'Delgado', '2005-01-15', 'M', NULL, '59170894119', 'constanzadelgado8@estudiante.edu.bo', 'Colegio Boliviano', 'Santa Cruz de la Sierra', NULL, 3, 4, 'Manana', 2, 'Preinscrito', false, 1308, NOW(), NOW());
INSERT INTO requisitos_documentales (postulante_id, ci_digitalizado, certificado_nacimiento, titulo_bachiller_legalizado, formulario_preinscripcion, verificado_bd_externa, updated_at) VALUES (1209, false, false, false, false, false, NOW());
INSERT INTO users (id, name, email, password, role, active, created_at, updated_at) VALUES (1309, 'Javier Acosta', 'javieracosta9@estudiante.edu.bo', '\$2y\$12\$TyO9cTQJ0O7NSPORyyP8Hup.wk8.BWNWu4itdEJYyjZ2Sem9DbFyi', 'Postulante', true, NOW(), NOW());
INSERT INTO postulantes (id, ci, nombres, apellidos, fecha_nacimiento, sexo, direccion, telefono, email, colegio_procedencia, ciudad, titulo_bachiller, primera_opcion_id, segunda_opcion_id, turno_preferencia, gestion_id, estado, recurrente, user_id, created_at, updated_at) VALUES (1210, '5626115', 'Javier', 'Acosta', '2005-01-15', 'M', NULL, '59165369991', 'javieracosta9@estudiante.edu.bo', 'Colegio Boliviano', 'Santa Cruz de la Sierra', NULL, 3, 4, 'Manana', 2, 'Preinscrito', false, 1309, NOW(), NOW());
INSERT INTO requisitos_documentales (postulante_id, ci_digitalizado, certificado_nacimiento, titulo_bachiller_legalizado, formulario_preinscripcion, verificado_bd_externa, updated_at) VALUES (1210, false, false, false, false, false, NOW());
INSERT INTO users (id, name, email, password, role, active, created_at, updated_at) VALUES (1310, 'Sandra Acosta', 'sandraacosta10@estudiante.edu.bo', '\$2y\$12\$TyO9cTQJ0O7NSPORyyP8Hup.wk8.BWNWu4itdEJYyjZ2Sem9DbFyi', 'Postulante', true, NOW(), NOW());
INSERT INTO postulantes (id, ci, nombres, apellidos, fecha_nacimiento, sexo, direccion, telefono, email, colegio_procedencia, ciudad, titulo_bachiller, primera_opcion_id, segunda_opcion_id, turno_preferencia, gestion_id, estado, recurrente, user_id, created_at, updated_at) VALUES (1211, '7155411', 'Sandra', 'Acosta', '2005-01-15', 'M', NULL, '59191060615', 'sandraacosta10@estudiante.edu.bo', 'Colegio Boliviano', 'Santa Cruz de la Sierra', NULL, 3, 4, 'Manana', 2, 'Preinscrito', false, 1310, NOW(), NOW());
INSERT INTO requisitos_documentales (postulante_id, ci_digitalizado, certificado_nacimiento, titulo_bachiller_legalizado, formulario_preinscripcion, verificado_bd_externa, updated_at) VALUES (1211, false, false, false, false, false, NOW());
INSERT INTO users (id, name, email, password, role, active, created_at, updated_at) VALUES (1311, 'Diego Cortés', 'diegocortés11@estudiante.edu.bo', '\$2y\$12\$TyO9cTQJ0O7NSPORyyP8Hup.wk8.BWNWu4itdEJYyjZ2Sem9DbFyi', 'Postulante', true, NOW(), NOW());
INSERT INTO postulantes (id, ci, nombres, apellidos, fecha_nacimiento, sexo, direccion, telefono, email, colegio_procedencia, ciudad, titulo_bachiller, primera_opcion_id, segunda_opcion_id, turno_preferencia, gestion_id, estado, recurrente, user_id, created_at, updated_at) VALUES (1212, '4548858', 'Diego', 'Cortés', '2005-01-15', 'M', NULL, '59171550197', 'diegocortés11@estudiante.edu.bo', 'Colegio Boliviano', 'Santa Cruz de la Sierra', NULL, 3, 4, 'Tarde', 2, 'Preinscrito', false, 1311, NOW(), NOW());
INSERT INTO requisitos_documentales (postulante_id, ci_digitalizado, certificado_nacimiento, titulo_bachiller_legalizado, formulario_preinscripcion, verificado_bd_externa, updated_at) VALUES (1212, false, false, false, false, false, NOW());
INSERT INTO users (id, name, email, password, role, active, created_at, updated_at) VALUES (1312, 'Francisca Rojas', 'franciscarojas12@estudiante.edu.bo', '\$2y\$12\$TyO9cTQJ0O7NSPORyyP8Hup.wk8.BWNWu4itdEJYyjZ2Sem9DbFyi', 'Postulante', true, NOW(), NOW());
INSERT INTO postulantes (id, ci, nombres, apellidos, fecha_nacimiento, sexo, direccion, telefono, email, colegio_procedencia, ciudad, titulo_bachiller, primera_opcion_id, segunda_opcion_id, turno_preferencia, gestion_id, estado, recurrente, user_id, created_at, updated_at) VALUES (1213, '1704411', 'Francisca', 'Rojas', '2005-01-15', 'M', NULL, '59161143787', 'franciscarojas12@estudiante.edu.bo', 'Colegio Boliviano', 'Santa Cruz de la Sierra', NULL, 3, 4, 'Noche', 2, 'Preinscrito', false, 1312, NOW(), NOW());
INSERT INTO requisitos_documentales (postulante_id, ci_digitalizado, certificado_nacimiento, titulo_bachiller_legalizado, formulario_preinscripcion, verificado_bd_externa, updated_at) VALUES (1213, false, false, false, false, false, NOW());
INSERT INTO users (id, name, email, password, role, active, created_at, updated_at) VALUES (1313, 'Patricia Sánchez', 'patriciasánchez13@estudiante.edu.bo', '\$2y\$12\$TyO9cTQJ0O7NSPORyyP8Hup.wk8.BWNWu4itdEJYyjZ2Sem9DbFyi', 'Postulante', true, NOW(), NOW());
INSERT INTO postulantes (id, ci, nombres, apellidos, fecha_nacimiento, sexo, direccion, telefono, email, colegio_procedencia, ciudad, titulo_bachiller, primera_opcion_id, segunda_opcion_id, turno_preferencia, gestion_id, estado, recurrente, user_id, created_at, updated_at) VALUES (1214, '7899851', 'Patricia', 'Sánchez', '2005-01-15', 'M', NULL, '59173388334', 'patriciasánchez13@estudiante.edu.bo', 'Colegio Boliviano', 'Santa Cruz de la Sierra', NULL, 3, 4, 'Manana', 2, 'Preinscrito', false, 1313, NOW(), NOW());
INSERT INTO requisitos_documentales (postulante_id, ci_digitalizado, certificado_nacimiento, titulo_bachiller_legalizado, formulario_preinscripcion, verificado_bd_externa, updated_at) VALUES (1214, false, false, false, false, false, NOW());
INSERT INTO users (id, name, email, password, role, active, created_at, updated_at) VALUES (1314, 'Rosario Martínez', 'rosariomartínez14@estudiante.edu.bo', '\$2y\$12\$TyO9cTQJ0O7NSPORyyP8Hup.wk8.BWNWu4itdEJYyjZ2Sem9DbFyi', 'Postulante', true, NOW(), NOW());
INSERT INTO postulantes (id, ci, nombres, apellidos, fecha_nacimiento, sexo, direccion, telefono, email, colegio_procedencia, ciudad, titulo_bachiller, primera_opcion_id, segunda_opcion_id, turno_preferencia, gestion_id, estado, recurrente, user_id, created_at, updated_at) VALUES (1215, '2458392', 'Rosario', 'Martínez', '2005-01-15', 'M', NULL, '59185558541', 'rosariomartínez14@estudiante.edu.bo', 'Colegio Boliviano', 'Santa Cruz de la Sierra', NULL, 3, 4, 'Noche', 2, 'Preinscrito', false, 1314, NOW(), NOW());
INSERT INTO requisitos_documentales (postulante_id, ci_digitalizado, certificado_nacimiento, titulo_bachiller_legalizado, formulario_preinscripcion, verificado_bd_externa, updated_at) VALUES (1215, false, false, false, false, false, NOW());
INSERT INTO users (id, name, email, password, role, active, created_at, updated_at) VALUES (1315, 'Francisca González', 'franciscagonzález15@estudiante.edu.bo', '\$2y\$12\$TyO9cTQJ0O7NSPORyyP8Hup.wk8.BWNWu4itdEJYyjZ2Sem9DbFyi', 'Postulante', true, NOW(), NOW());
INSERT INTO postulantes (id, ci, nombres, apellidos, fecha_nacimiento, sexo, direccion, telefono, email, colegio_procedencia, ciudad, titulo_bachiller, primera_opcion_id, segunda_opcion_id, turno_preferencia, gestion_id, estado, recurrente, user_id, created_at, updated_at) VALUES (1216, '8979225', 'Francisca', 'González', '2005-01-15', 'M', NULL, '59199475426', 'franciscagonzález15@estudiante.edu.bo', 'Colegio Boliviano', 'Santa Cruz de la Sierra', NULL, 3, 4, 'Noche', 2, 'Preinscrito', false, 1315, NOW(), NOW());
INSERT INTO requisitos_documentales (postulante_id, ci_digitalizado, certificado_nacimiento, titulo_bachiller_legalizado, formulario_preinscripcion, verificado_bd_externa, updated_at) VALUES (1216, false, false, false, false, false, NOW());
INSERT INTO users (id, name, email, password, role, active, created_at, updated_at) VALUES (1316, 'Isabel Guerrero', 'isabelguerrero16@estudiante.edu.bo', '\$2y\$12\$TyO9cTQJ0O7NSPORyyP8Hup.wk8.BWNWu4itdEJYyjZ2Sem9DbFyi', 'Postulante', true, NOW(), NOW());
INSERT INTO postulantes (id, ci, nombres, apellidos, fecha_nacimiento, sexo, direccion, telefono, email, colegio_procedencia, ciudad, titulo_bachiller, primera_opcion_id, segunda_opcion_id, turno_preferencia, gestion_id, estado, recurrente, user_id, created_at, updated_at) VALUES (1217, '6606174', 'Isabel', 'Guerrero', '2005-01-15', 'M', NULL, '59178700304', 'isabelguerrero16@estudiante.edu.bo', 'Colegio Boliviano', 'Santa Cruz de la Sierra', NULL, 3, 4, 'Noche', 2, 'Preinscrito', false, 1316, NOW(), NOW());
INSERT INTO requisitos_documentales (postulante_id, ci_digitalizado, certificado_nacimiento, titulo_bachiller_legalizado, formulario_preinscripcion, verificado_bd_externa, updated_at) VALUES (1217, false, false, false, false, false, NOW());
INSERT INTO users (id, name, email, password, role, active, created_at, updated_at) VALUES (1317, 'Marisol Silva', 'marisolsilva17@estudiante.edu.bo', '\$2y\$12\$TyO9cTQJ0O7NSPORyyP8Hup.wk8.BWNWu4itdEJYyjZ2Sem9DbFyi', 'Postulante', true, NOW(), NOW());
INSERT INTO postulantes (id, ci, nombres, apellidos, fecha_nacimiento, sexo, direccion, telefono, email, colegio_procedencia, ciudad, titulo_bachiller, primera_opcion_id, segunda_opcion_id, turno_preferencia, gestion_id, estado, recurrente, user_id, created_at, updated_at) VALUES (1218, '1549035', 'Marisol', 'Silva', '2005-01-15', 'M', NULL, '59184808866', 'marisolsilva17@estudiante.edu.bo', 'Colegio Boliviano', 'Santa Cruz de la Sierra', NULL, 3, 4, 'Noche', 2, 'Preinscrito', false, 1317, NOW(), NOW());
INSERT INTO requisitos_documentales (postulante_id, ci_digitalizado, certificado_nacimiento, titulo_bachiller_legalizado, formulario_preinscripcion, verificado_bd_externa, updated_at) VALUES (1218, false, false, false, false, false, NOW());
INSERT INTO users (id, name, email, password, role, active, created_at, updated_at) VALUES (1318, 'Roberto Torres', 'robertotorres18@estudiante.edu.bo', '\$2y\$12\$TyO9cTQJ0O7NSPORyyP8Hup.wk8.BWNWu4itdEJYyjZ2Sem9DbFyi', 'Postulante', true, NOW(), NOW());
INSERT INTO postulantes (id, ci, nombres, apellidos, fecha_nacimiento, sexo, direccion, telefono, email, colegio_procedencia, ciudad, titulo_bachiller, primera_opcion_id, segunda_opcion_id, turno_preferencia, gestion_id, estado, recurrente, user_id, created_at, updated_at) VALUES (1219, '4855974', 'Roberto', 'Torres', '2005-01-15', 'M', NULL, '59166046457', 'robertotorres18@estudiante.edu.bo', 'Colegio Boliviano', 'Santa Cruz de la Sierra', NULL, 3, 4, 'Noche', 2, 'Preinscrito', false, 1318, NOW(), NOW());
INSERT INTO requisitos_documentales (postulante_id, ci_digitalizado, certificado_nacimiento, titulo_bachiller_legalizado, formulario_preinscripcion, verificado_bd_externa, updated_at) VALUES (1219, false, false, false, false, false, NOW());
INSERT INTO users (id, name, email, password, role, active, created_at, updated_at) VALUES (1319, 'Carlos Morales', 'carlosmorales19@estudiante.edu.bo', '\$2y\$12\$TyO9cTQJ0O7NSPORyyP8Hup.wk8.BWNWu4itdEJYyjZ2Sem9DbFyi', 'Postulante', true, NOW(), NOW());
INSERT INTO postulantes (id, ci, nombres, apellidos, fecha_nacimiento, sexo, direccion, telefono, email, colegio_procedencia, ciudad, titulo_bachiller, primera_opcion_id, segunda_opcion_id, turno_preferencia, gestion_id, estado, recurrente, user_id, created_at, updated_at) VALUES (1220, '7886130', 'Carlos', 'Morales', '2005-01-15', 'M', NULL, '59192796218', 'carlosmorales19@estudiante.edu.bo', 'Colegio Boliviano', 'Santa Cruz de la Sierra', NULL, 3, 4, 'Noche', 2, 'Preinscrito', false, 1319, NOW(), NOW());
INSERT INTO requisitos_documentales (postulante_id, ci_digitalizado, certificado_nacimiento, titulo_bachiller_legalizado, formulario_preinscripcion, verificado_bd_externa, updated_at) VALUES (1220, false, false, false, false, false, NOW());
INSERT INTO users (id, name, email, password, role, active, created_at, updated_at) VALUES (1320, 'Beatriz Navarro', 'beatriznavarro20@estudiante.edu.bo', '\$2y\$12\$TyO9cTQJ0O7NSPORyyP8Hup.wk8.BWNWu4itdEJYyjZ2Sem9DbFyi', 'Postulante', true, NOW(), NOW());
INSERT INTO postulantes (id, ci, nombres, apellidos, fecha_nacimiento, sexo, direccion, telefono, email, colegio_procedencia, ciudad, titulo_bachiller, primera_opcion_id, segunda_opcion_id, turno_preferencia, gestion_id, estado, recurrente, user_id, created_at, updated_at) VALUES (1221, '4746393', 'Beatriz', 'Navarro', '2005-01-15', 'M', NULL, '59177638657', 'beatriznavarro20@estudiante.edu.bo', 'Colegio Boliviano', 'Santa Cruz de la Sierra', NULL, 3, 4, 'Manana', 2, 'Preinscrito', false, 1320, NOW(), NOW());
INSERT INTO requisitos_documentales (postulante_id, ci_digitalizado, certificado_nacimiento, titulo_bachiller_legalizado, formulario_preinscripcion, verificado_bd_externa, updated_at) VALUES (1221, false, false, false, false, false, NOW());
INSERT INTO users (id, name, email, password, role, active, created_at, updated_at) VALUES (1321, 'Valentina Fuentes', 'valentinafuentes21@estudiante.edu.bo', '\$2y\$12\$TyO9cTQJ0O7NSPORyyP8Hup.wk8.BWNWu4itdEJYyjZ2Sem9DbFyi', 'Postulante', true, NOW(), NOW());
INSERT INTO postulantes (id, ci, nombres, apellidos, fecha_nacimiento, sexo, direccion, telefono, email, colegio_procedencia, ciudad, titulo_bachiller, primera_opcion_id, segunda_opcion_id, turno_preferencia, gestion_id, estado, recurrente, user_id, created_at, updated_at) VALUES (1222, '2089268', 'Valentina', 'Fuentes', '2005-01-15', 'M', NULL, '59165285189', 'valentinafuentes21@estudiante.edu.bo', 'Colegio Boliviano', 'Santa Cruz de la Sierra', NULL, 3, 4, 'Noche', 2, 'Preinscrito', false, 1321, NOW(), NOW());
INSERT INTO requisitos_documentales (postulante_id, ci_digitalizado, certificado_nacimiento, titulo_bachiller_legalizado, formulario_preinscripcion, verificado_bd_externa, updated_at) VALUES (1222, false, false, false, false, false, NOW());
INSERT INTO users (id, name, email, password, role, active, created_at, updated_at) VALUES (1322, 'Esperanza Silva', 'esperanzasilva22@estudiante.edu.bo', '\$2y\$12\$TyO9cTQJ0O7NSPORyyP8Hup.wk8.BWNWu4itdEJYyjZ2Sem9DbFyi', 'Postulante', true, NOW(), NOW());
INSERT INTO postulantes (id, ci, nombres, apellidos, fecha_nacimiento, sexo, direccion, telefono, email, colegio_procedencia, ciudad, titulo_bachiller, primera_opcion_id, segunda_opcion_id, turno_preferencia, gestion_id, estado, recurrente, user_id, created_at, updated_at) VALUES (1223, '7595383', 'Esperanza', 'Silva', '2005-01-15', 'M', NULL, '59187385467', 'esperanzasilva22@estudiante.edu.bo', 'Colegio Boliviano', 'Santa Cruz de la Sierra', NULL, 3, 4, 'Noche', 2, 'Preinscrito', false, 1322, NOW(), NOW());
INSERT INTO requisitos_documentales (postulante_id, ci_digitalizado, certificado_nacimiento, titulo_bachiller_legalizado, formulario_preinscripcion, verificado_bd_externa, updated_at) VALUES (1223, false, false, false, false, false, NOW());
INSERT INTO users (id, name, email, password, role, active, created_at, updated_at) VALUES (1323, 'Carmen Vargas', 'carmenvargas23@estudiante.edu.bo', '\$2y\$12\$TyO9cTQJ0O7NSPORyyP8Hup.wk8.BWNWu4itdEJYyjZ2Sem9DbFyi', 'Postulante', true, NOW(), NOW());
INSERT INTO postulantes (id, ci, nombres, apellidos, fecha_nacimiento, sexo, direccion, telefono, email, colegio_procedencia, ciudad, titulo_bachiller, primera_opcion_id, segunda_opcion_id, turno_preferencia, gestion_id, estado, recurrente, user_id, created_at, updated_at) VALUES (1224, '1370517', 'Carmen', 'Vargas', '2005-01-15', 'M', NULL, '59185070285', 'carmenvargas23@estudiante.edu.bo', 'Colegio Boliviano', 'Santa Cruz de la Sierra', NULL, 3, 4, 'Manana', 2, 'Preinscrito', false, 1323, NOW(), NOW());
INSERT INTO requisitos_documentales (postulante_id, ci_digitalizado, certificado_nacimiento, titulo_bachiller_legalizado, formulario_preinscripcion, verificado_bd_externa, updated_at) VALUES (1224, false, false, false, false, false, NOW());
INSERT INTO users (id, name, email, password, role, active, created_at, updated_at) VALUES (1324, 'Pedro Medina', 'pedromedina24@estudiante.edu.bo', '\$2y\$12\$TyO9cTQJ0O7NSPORyyP8Hup.wk8.BWNWu4itdEJYyjZ2Sem9DbFyi', 'Postulante', true, NOW(), NOW());
INSERT INTO postulantes (id, ci, nombres, apellidos, fecha_nacimiento, sexo, direccion, telefono, email, colegio_procedencia, ciudad, titulo_bachiller, primera_opcion_id, segunda_opcion_id, turno_preferencia, gestion_id, estado, recurrente, user_id, created_at, updated_at) VALUES (1225, '9066667', 'Pedro', 'Medina', '2005-01-15', 'M', NULL, '59188116642', 'pedromedina24@estudiante.edu.bo', 'Colegio Boliviano', 'Santa Cruz de la Sierra', NULL, 3, 4, 'Manana', 2, 'Preinscrito', false, 1324, NOW(), NOW());
INSERT INTO requisitos_documentales (postulante_id, ci_digitalizado, certificado_nacimiento, titulo_bachiller_legalizado, formulario_preinscripcion, verificado_bd_externa, updated_at) VALUES (1225, false, false, false, false, false, NOW());
INSERT INTO users (id, name, email, password, role, active, created_at, updated_at) VALUES (1325, 'Jorge Acosta', 'jorgeacosta25@estudiante.edu.bo', '\$2y\$12\$TyO9cTQJ0O7NSPORyyP8Hup.wk8.BWNWu4itdEJYyjZ2Sem9DbFyi', 'Postulante', true, NOW(), NOW());
INSERT INTO postulantes (id, ci, nombres, apellidos, fecha_nacimiento, sexo, direccion, telefono, email, colegio_procedencia, ciudad, titulo_bachiller, primera_opcion_id, segunda_opcion_id, turno_preferencia, gestion_id, estado, recurrente, user_id, created_at, updated_at) VALUES (1226, '7462744', 'Jorge', 'Acosta', '2005-01-15', 'M', NULL, '59185854826', 'jorgeacosta25@estudiante.edu.bo', 'Colegio Boliviano', 'Santa Cruz de la Sierra', NULL, 3, 4, 'Tarde', 2, 'Preinscrito', false, 1325, NOW(), NOW());
INSERT INTO requisitos_documentales (postulante_id, ci_digitalizado, certificado_nacimiento, titulo_bachiller_legalizado, formulario_preinscripcion, verificado_bd_externa, updated_at) VALUES (1226, false, false, false, false, false, NOW());
INSERT INTO users (id, name, email, password, role, active, created_at, updated_at) VALUES (1326, 'Ana Tapia', 'anatapia26@estudiante.edu.bo', '\$2y\$12\$TyO9cTQJ0O7NSPORyyP8Hup.wk8.BWNWu4itdEJYyjZ2Sem9DbFyi', 'Postulante', true, NOW(), NOW());
INSERT INTO postulantes (id, ci, nombres, apellidos, fecha_nacimiento, sexo, direccion, telefono, email, colegio_procedencia, ciudad, titulo_bachiller, primera_opcion_id, segunda_opcion_id, turno_preferencia, gestion_id, estado, recurrente, user_id, created_at, updated_at) VALUES (1227, '5238882', 'Ana', 'Tapia', '2005-01-15', 'M', NULL, '59164074077', 'anatapia26@estudiante.edu.bo', 'Colegio Boliviano', 'Santa Cruz de la Sierra', NULL, 3, 4, 'Tarde', 2, 'Preinscrito', false, 1326, NOW(), NOW());
INSERT INTO requisitos_documentales (postulante_id, ci_digitalizado, certificado_nacimiento, titulo_bachiller_legalizado, formulario_preinscripcion, verificado_bd_externa, updated_at) VALUES (1227, false, false, false, false, false, NOW());
INSERT INTO users (id, name, email, password, role, active, created_at, updated_at) VALUES (1327, 'Javier Ortiz', 'javierortiz27@estudiante.edu.bo', '\$2y\$12\$TyO9cTQJ0O7NSPORyyP8Hup.wk8.BWNWu4itdEJYyjZ2Sem9DbFyi', 'Postulante', true, NOW(), NOW());
INSERT INTO postulantes (id, ci, nombres, apellidos, fecha_nacimiento, sexo, direccion, telefono, email, colegio_procedencia, ciudad, titulo_bachiller, primera_opcion_id, segunda_opcion_id, turno_preferencia, gestion_id, estado, recurrente, user_id, created_at, updated_at) VALUES (1228, '2430230', 'Javier', 'Ortiz', '2005-01-15', 'M', NULL, '59195938855', 'javierortiz27@estudiante.edu.bo', 'Colegio Boliviano', 'Santa Cruz de la Sierra', NULL, 3, 4, 'Noche', 2, 'Preinscrito', false, 1327, NOW(), NOW());
INSERT INTO requisitos_documentales (postulante_id, ci_digitalizado, certificado_nacimiento, titulo_bachiller_legalizado, formulario_preinscripcion, verificado_bd_externa, updated_at) VALUES (1228, false, false, false, false, false, NOW());
INSERT INTO users (id, name, email, password, role, active, created_at, updated_at) VALUES (1328, 'Ricardo Sánchez', 'ricardosánchez28@estudiante.edu.bo', '\$2y\$12\$TyO9cTQJ0O7NSPORyyP8Hup.wk8.BWNWu4itdEJYyjZ2Sem9DbFyi', 'Postulante', true, NOW(), NOW());
INSERT INTO postulantes (id, ci, nombres, apellidos, fecha_nacimiento, sexo, direccion, telefono, email, colegio_procedencia, ciudad, titulo_bachiller, primera_opcion_id, segunda_opcion_id, turno_preferencia, gestion_id, estado, recurrente, user_id, created_at, updated_at) VALUES (1229, '1928115', 'Ricardo', 'Sánchez', '2005-01-15', 'M', NULL, '59182801742', 'ricardosánchez28@estudiante.edu.bo', 'Colegio Boliviano', 'Santa Cruz de la Sierra', NULL, 3, 4, 'Manana', 2, 'Preinscrito', false, 1328, NOW(), NOW());
INSERT INTO requisitos_documentales (postulante_id, ci_digitalizado, certificado_nacimiento, titulo_bachiller_legalizado, formulario_preinscripcion, verificado_bd_externa, updated_at) VALUES (1229, false, false, false, false, false, NOW());
INSERT INTO users (id, name, email, password, role, active, created_at, updated_at) VALUES (1329, 'Fernando Pérez', 'fernandopérez1229@estudiante.edu.bo', '\$2y\$12\$TyO9cTQJ0O7NSPORyyP8Hup.wk8.BWNWu4itdEJYyjZ2Sem9DbFyi', 'Postulante', true, NOW(), NOW());
INSERT INTO postulantes (id, ci, nombres, apellidos, fecha_nacimiento, sexo, direccion, telefono, email, colegio_procedencia, ciudad, titulo_bachiller, primera_opcion_id, segunda_opcion_id, turno_preferencia, gestion_id, estado, recurrente, user_id, created_at, updated_at) VALUES (1230, '3902022', 'Fernando', 'Pérez', '2005-01-15', 'M', NULL, '59175413976', 'fernandopérez1229@estudiante.edu.bo', 'Colegio Boliviano', 'Santa Cruz de la Sierra', NULL, 3, 4, 'Tarde', 2, 'Preinscrito', false, 1329, NOW(), NOW());
INSERT INTO requisitos_documentales (postulante_id, ci_digitalizado, certificado_nacimiento, titulo_bachiller_legalizado, formulario_preinscripcion, verificado_bd_externa, updated_at) VALUES (1230, false, false, false, false, false, NOW());
INSERT INTO users (id, name, email, password, role, active, created_at, updated_at) VALUES (1330, 'Andrés Contreras', 'andréscontreras30@estudiante.edu.bo', '\$2y\$12\$TyO9cTQJ0O7NSPORyyP8Hup.wk8.BWNWu4itdEJYyjZ2Sem9DbFyi', 'Postulante', true, NOW(), NOW());
INSERT INTO postulantes (id, ci, nombres, apellidos, fecha_nacimiento, sexo, direccion, telefono, email, colegio_procedencia, ciudad, titulo_bachiller, primera_opcion_id, segunda_opcion_id, turno_preferencia, gestion_id, estado, recurrente, user_id, created_at, updated_at) VALUES (1231, '8315510', 'Andrés', 'Contreras', '2005-01-15', 'M', NULL, '59160131568', 'andréscontreras30@estudiante.edu.bo', 'Colegio Boliviano', 'Santa Cruz de la Sierra', NULL, 3, 4, 'Tarde', 2, 'Preinscrito', false, 1330, NOW(), NOW());
INSERT INTO requisitos_documentales (postulante_id, ci_digitalizado, certificado_nacimiento, titulo_bachiller_legalizado, formulario_preinscripcion, verificado_bd_externa, updated_at) VALUES (1231, false, false, false, false, false, NOW());
INSERT INTO users (id, name, email, password, role, active, created_at, updated_at) VALUES (1331, 'Alejandro López', 'alejandrolópez31@estudiante.edu.bo', '\$2y\$12\$TyO9cTQJ0O7NSPORyyP8Hup.wk8.BWNWu4itdEJYyjZ2Sem9DbFyi', 'Postulante', true, NOW(), NOW());
INSERT INTO postulantes (id, ci, nombres, apellidos, fecha_nacimiento, sexo, direccion, telefono, email, colegio_procedencia, ciudad, titulo_bachiller, primera_opcion_id, segunda_opcion_id, turno_preferencia, gestion_id, estado, recurrente, user_id, created_at, updated_at) VALUES (1232, '4660288', 'Alejandro', 'López', '2005-01-15', 'M', NULL, '59165828135', 'alejandrolópez31@estudiante.edu.bo', 'Colegio Boliviano', 'Santa Cruz de la Sierra', NULL, 3, 4, 'Manana', 2, 'Preinscrito', false, 1331, NOW(), NOW());
INSERT INTO requisitos_documentales (postulante_id, ci_digitalizado, certificado_nacimiento, titulo_bachiller_legalizado, formulario_preinscripcion, verificado_bd_externa, updated_at) VALUES (1232, false, false, false, false, false, NOW());
INSERT INTO users (id, name, email, password, role, active, created_at, updated_at) VALUES (1332, 'Ana Carrillo', 'anacarrillo32@estudiante.edu.bo', '\$2y\$12\$TyO9cTQJ0O7NSPORyyP8Hup.wk8.BWNWu4itdEJYyjZ2Sem9DbFyi', 'Postulante', true, NOW(), NOW());
INSERT INTO postulantes (id, ci, nombres, apellidos, fecha_nacimiento, sexo, direccion, telefono, email, colegio_procedencia, ciudad, titulo_bachiller, primera_opcion_id, segunda_opcion_id, turno_preferencia, gestion_id, estado, recurrente, user_id, created_at, updated_at) VALUES (1233, '7790897', 'Ana', 'Carrillo', '2005-01-15', 'M', NULL, '59177365577', 'anacarrillo32@estudiante.edu.bo', 'Colegio Boliviano', 'Santa Cruz de la Sierra', NULL, 3, 4, 'Manana', 2, 'Preinscrito', false, 1332, NOW(), NOW());
INSERT INTO requisitos_documentales (postulante_id, ci_digitalizado, certificado_nacimiento, titulo_bachiller_legalizado, formulario_preinscripcion, verificado_bd_externa, updated_at) VALUES (1233, false, false, false, false, false, NOW());
INSERT INTO users (id, name, email, password, role, active, created_at, updated_at) VALUES (1333, 'Ricardo Rodríguez', 'ricardorodríguez33@estudiante.edu.bo', '\$2y\$12\$TyO9cTQJ0O7NSPORyyP8Hup.wk8.BWNWu4itdEJYyjZ2Sem9DbFyi', 'Postulante', true, NOW(), NOW());
INSERT INTO postulantes (id, ci, nombres, apellidos, fecha_nacimiento, sexo, direccion, telefono, email, colegio_procedencia, ciudad, titulo_bachiller, primera_opcion_id, segunda_opcion_id, turno_preferencia, gestion_id, estado, recurrente, user_id, created_at, updated_at) VALUES (1234, '5797171', 'Ricardo', 'Rodríguez', '2005-01-15', 'M', NULL, '59191481815', 'ricardorodríguez33@estudiante.edu.bo', 'Colegio Boliviano', 'Santa Cruz de la Sierra', NULL, 3, 4, 'Manana', 2, 'Preinscrito', false, 1333, NOW(), NOW());
INSERT INTO requisitos_documentales (postulante_id, ci_digitalizado, certificado_nacimiento, titulo_bachiller_legalizado, formulario_preinscripcion, verificado_bd_externa, updated_at) VALUES (1234, false, false, false, false, false, NOW());
INSERT INTO users (id, name, email, password, role, active, created_at, updated_at) VALUES (1334, 'Ana Vázquez', 'anavázquez34@estudiante.edu.bo', '\$2y\$12\$TyO9cTQJ0O7NSPORyyP8Hup.wk8.BWNWu4itdEJYyjZ2Sem9DbFyi', 'Postulante', true, NOW(), NOW());
INSERT INTO postulantes (id, ci, nombres, apellidos, fecha_nacimiento, sexo, direccion, telefono, email, colegio_procedencia, ciudad, titulo_bachiller, primera_opcion_id, segunda_opcion_id, turno_preferencia, gestion_id, estado, recurrente, user_id, created_at, updated_at) VALUES (1235, '4794429', 'Ana', 'Vázquez', '2005-01-15', 'M', NULL, '59164587847', 'anavázquez34@estudiante.edu.bo', 'Colegio Boliviano', 'Santa Cruz de la Sierra', NULL, 3, 4, 'Manana', 2, 'Preinscrito', false, 1334, NOW(), NOW());
INSERT INTO requisitos_documentales (postulante_id, ci_digitalizado, certificado_nacimiento, titulo_bachiller_legalizado, formulario_preinscripcion, verificado_bd_externa, updated_at) VALUES (1235, false, false, false, false, false, NOW());
INSERT INTO users (id, name, email, password, role, active, created_at, updated_at) VALUES (1335, 'María Domínguez', 'maríadomínguez35@estudiante.edu.bo', '\$2y\$12\$TyO9cTQJ0O7NSPORyyP8Hup.wk8.BWNWu4itdEJYyjZ2Sem9DbFyi', 'Postulante', true, NOW(), NOW());
INSERT INTO postulantes (id, ci, nombres, apellidos, fecha_nacimiento, sexo, direccion, telefono, email, colegio_procedencia, ciudad, titulo_bachiller, primera_opcion_id, segunda_opcion_id, turno_preferencia, gestion_id, estado, recurrente, user_id, created_at, updated_at) VALUES (1236, '8093041', 'María', 'Domínguez', '2005-01-15', 'M', NULL, '59191542160', 'maríadomínguez35@estudiante.edu.bo', 'Colegio Boliviano', 'Santa Cruz de la Sierra', NULL, 3, 4, 'Noche', 2, 'Preinscrito', false, 1335, NOW(), NOW());
INSERT INTO requisitos_documentales (postulante_id, ci_digitalizado, certificado_nacimiento, titulo_bachiller_legalizado, formulario_preinscripcion, verificado_bd_externa, updated_at) VALUES (1236, false, false, false, false, false, NOW());
INSERT INTO users (id, name, email, password, role, active, created_at, updated_at) VALUES (1336, 'María Delgado', 'maríadelgado36@estudiante.edu.bo', '\$2y\$12\$TyO9cTQJ0O7NSPORyyP8Hup.wk8.BWNWu4itdEJYyjZ2Sem9DbFyi', 'Postulante', true, NOW(), NOW());
INSERT INTO postulantes (id, ci, nombres, apellidos, fecha_nacimiento, sexo, direccion, telefono, email, colegio_procedencia, ciudad, titulo_bachiller, primera_opcion_id, segunda_opcion_id, turno_preferencia, gestion_id, estado, recurrente, user_id, created_at, updated_at) VALUES (1237, '5882357', 'María', 'Delgado', '2005-01-15', 'M', NULL, '59187858169', 'maríadelgado36@estudiante.edu.bo', 'Colegio Boliviano', 'Santa Cruz de la Sierra', NULL, 3, 4, 'Noche', 2, 'Preinscrito', false, 1336, NOW(), NOW());
INSERT INTO requisitos_documentales (postulante_id, ci_digitalizado, certificado_nacimiento, titulo_bachiller_legalizado, formulario_preinscripcion, verificado_bd_externa, updated_at) VALUES (1237, false, false, false, false, false, NOW());
INSERT INTO users (id, name, email, password, role, active, created_at, updated_at) VALUES (1337, 'Elena Guerrero', 'elenaguerrero37@estudiante.edu.bo', '\$2y\$12\$TyO9cTQJ0O7NSPORyyP8Hup.wk8.BWNWu4itdEJYyjZ2Sem9DbFyi', 'Postulante', true, NOW(), NOW());
INSERT INTO postulantes (id, ci, nombres, apellidos, fecha_nacimiento, sexo, direccion, telefono, email, colegio_procedencia, ciudad, titulo_bachiller, primera_opcion_id, segunda_opcion_id, turno_preferencia, gestion_id, estado, recurrente, user_id, created_at, updated_at) VALUES (1238, '5615742', 'Elena', 'Guerrero', '2005-01-15', 'M', NULL, '59183978339', 'elenaguerrero37@estudiante.edu.bo', 'Colegio Boliviano', 'Santa Cruz de la Sierra', NULL, 3, 4, 'Noche', 2, 'Preinscrito', false, 1337, NOW(), NOW());
INSERT INTO requisitos_documentales (postulante_id, ci_digitalizado, certificado_nacimiento, titulo_bachiller_legalizado, formulario_preinscripcion, verificado_bd_externa, updated_at) VALUES (1238, false, false, false, false, false, NOW());
INSERT INTO users (id, name, email, password, role, active, created_at, updated_at) VALUES (1338, 'Alejandro Rodríguez', 'alejandrorodríguez38@estudiante.edu.bo', '\$2y\$12\$TyO9cTQJ0O7NSPORyyP8Hup.wk8.BWNWu4itdEJYyjZ2Sem9DbFyi', 'Postulante', true, NOW(), NOW());
INSERT INTO postulantes (id, ci, nombres, apellidos, fecha_nacimiento, sexo, direccion, telefono, email, colegio_procedencia, ciudad, titulo_bachiller, primera_opcion_id, segunda_opcion_id, turno_preferencia, gestion_id, estado, recurrente, user_id, created_at, updated_at) VALUES (1239, '5926230', 'Alejandro', 'Rodríguez', '2005-01-15', 'M', NULL, '59191903840', 'alejandrorodríguez38@estudiante.edu.bo', 'Colegio Boliviano', 'Santa Cruz de la Sierra', NULL, 3, 4, 'Noche', 2, 'Preinscrito', false, 1338, NOW(), NOW());
INSERT INTO requisitos_documentales (postulante_id, ci_digitalizado, certificado_nacimiento, titulo_bachiller_legalizado, formulario_preinscripcion, verificado_bd_externa, updated_at) VALUES (1239, false, false, false, false, false, NOW());
INSERT INTO users (id, name, email, password, role, active, created_at, updated_at) VALUES (1339, 'Constanza Rodríguez', 'constanzarodríguez39@estudiante.edu.bo', '\$2y\$12\$TyO9cTQJ0O7NSPORyyP8Hup.wk8.BWNWu4itdEJYyjZ2Sem9DbFyi', 'Postulante', true, NOW(), NOW());
INSERT INTO postulantes (id, ci, nombres, apellidos, fecha_nacimiento, sexo, direccion, telefono, email, colegio_procedencia, ciudad, titulo_bachiller, primera_opcion_id, segunda_opcion_id, turno_preferencia, gestion_id, estado, recurrente, user_id, created_at, updated_at) VALUES (1240, '1558348', 'Constanza', 'Rodríguez', '2005-01-15', 'M', NULL, '59195408210', 'constanzarodríguez39@estudiante.edu.bo', 'Colegio Boliviano', 'Santa Cruz de la Sierra', NULL, 3, 4, 'Noche', 2, 'Preinscrito', false, 1339, NOW(), NOW());
INSERT INTO requisitos_documentales (postulante_id, ci_digitalizado, certificado_nacimiento, titulo_bachiller_legalizado, formulario_preinscripcion, verificado_bd_externa, updated_at) VALUES (1240, false, false, false, false, false, NOW());
INSERT INTO users (id, name, email, password, role, active, created_at, updated_at) VALUES (1340, 'Miguel Contreras', 'miguelcontreras40@estudiante.edu.bo', '\$2y\$12\$TyO9cTQJ0O7NSPORyyP8Hup.wk8.BWNWu4itdEJYyjZ2Sem9DbFyi', 'Postulante', true, NOW(), NOW());
INSERT INTO postulantes (id, ci, nombres, apellidos, fecha_nacimiento, sexo, direccion, telefono, email, colegio_procedencia, ciudad, titulo_bachiller, primera_opcion_id, segunda_opcion_id, turno_preferencia, gestion_id, estado, recurrente, user_id, created_at, updated_at) VALUES (1241, '3671660', 'Miguel', 'Contreras', '2005-01-15', 'M', NULL, '59185228319', 'miguelcontreras40@estudiante.edu.bo', 'Colegio Boliviano', 'Santa Cruz de la Sierra', NULL, 3, 4, 'Noche', 2, 'Preinscrito', false, 1340, NOW(), NOW());
INSERT INTO requisitos_documentales (postulante_id, ci_digitalizado, certificado_nacimiento, titulo_bachiller_legalizado, formulario_preinscripcion, verificado_bd_externa, updated_at) VALUES (1241, false, false, false, false, false, NOW());
INSERT INTO users (id, name, email, password, role, active, created_at, updated_at) VALUES (1341, 'Francisca Pérez', 'franciscapérez41@estudiante.edu.bo', '\$2y\$12\$TyO9cTQJ0O7NSPORyyP8Hup.wk8.BWNWu4itdEJYyjZ2Sem9DbFyi', 'Postulante', true, NOW(), NOW());
INSERT INTO postulantes (id, ci, nombres, apellidos, fecha_nacimiento, sexo, direccion, telefono, email, colegio_procedencia, ciudad, titulo_bachiller, primera_opcion_id, segunda_opcion_id, turno_preferencia, gestion_id, estado, recurrente, user_id, created_at, updated_at) VALUES (1242, '1747015', 'Francisca', 'Pérez', '2005-01-15', 'M', NULL, '59194658449', 'franciscapérez41@estudiante.edu.bo', 'Colegio Boliviano', 'Santa Cruz de la Sierra', NULL, 3, 4, 'Noche', 2, 'Preinscrito', false, 1341, NOW(), NOW());
INSERT INTO requisitos_documentales (postulante_id, ci_digitalizado, certificado_nacimiento, titulo_bachiller_legalizado, formulario_preinscripcion, verificado_bd_externa, updated_at) VALUES (1242, false, false, false, false, false, NOW());
INSERT INTO users (id, name, email, password, role, active, created_at, updated_at) VALUES (1342, 'Juan Rivera', 'juanrivera42@estudiante.edu.bo', '\$2y\$12\$TyO9cTQJ0O7NSPORyyP8Hup.wk8.BWNWu4itdEJYyjZ2Sem9DbFyi', 'Postulante', true, NOW(), NOW());
INSERT INTO postulantes (id, ci, nombres, apellidos, fecha_nacimiento, sexo, direccion, telefono, email, colegio_procedencia, ciudad, titulo_bachiller, primera_opcion_id, segunda_opcion_id, turno_preferencia, gestion_id, estado, recurrente, user_id, created_at, updated_at) VALUES (1243, '3166974', 'Juan', 'Rivera', '2005-01-15', 'M', NULL, '59198850550', 'juanrivera42@estudiante.edu.bo', 'Colegio Boliviano', 'Santa Cruz de la Sierra', NULL, 3, 4, 'Noche', 2, 'Preinscrito', false, 1342, NOW(), NOW());
INSERT INTO requisitos_documentales (postulante_id, ci_digitalizado, certificado_nacimiento, titulo_bachiller_legalizado, formulario_preinscripcion, verificado_bd_externa, updated_at) VALUES (1243, false, false, false, false, false, NOW());
INSERT INTO users (id, name, email, password, role, active, created_at, updated_at) VALUES (1343, 'Constanza Ramírez', 'constanzaramírez43@estudiante.edu.bo', '\$2y\$12\$TyO9cTQJ0O7NSPORyyP8Hup.wk8.BWNWu4itdEJYyjZ2Sem9DbFyi', 'Postulante', true, NOW(), NOW());
INSERT INTO postulantes (id, ci, nombres, apellidos, fecha_nacimiento, sexo, direccion, telefono, email, colegio_procedencia, ciudad, titulo_bachiller, primera_opcion_id, segunda_opcion_id, turno_preferencia, gestion_id, estado, recurrente, user_id, created_at, updated_at) VALUES (1244, '2071843', 'Constanza', 'Ramírez', '2005-01-15', 'M', NULL, '59193438588', 'constanzaramírez43@estudiante.edu.bo', 'Colegio Boliviano', 'Santa Cruz de la Sierra', NULL, 3, 4, 'Manana', 2, 'Preinscrito', false, 1343, NOW(), NOW());
INSERT INTO requisitos_documentales (postulante_id, ci_digitalizado, certificado_nacimiento, titulo_bachiller_legalizado, formulario_preinscripcion, verificado_bd_externa, updated_at) VALUES (1244, false, false, false, false, false, NOW());
INSERT INTO users (id, name, email, password, role, active, created_at, updated_at) VALUES (1344, 'Aurora Sánchez', 'aurorasánchez44@estudiante.edu.bo', '\$2y\$12\$TyO9cTQJ0O7NSPORyyP8Hup.wk8.BWNWu4itdEJYyjZ2Sem9DbFyi', 'Postulante', true, NOW(), NOW());
INSERT INTO postulantes (id, ci, nombres, apellidos, fecha_nacimiento, sexo, direccion, telefono, email, colegio_procedencia, ciudad, titulo_bachiller, primera_opcion_id, segunda_opcion_id, turno_preferencia, gestion_id, estado, recurrente, user_id, created_at, updated_at) VALUES (1245, '1298935', 'Aurora', 'Sánchez', '2005-01-15', 'M', NULL, '59180770122', 'aurorasánchez44@estudiante.edu.bo', 'Colegio Boliviano', 'Santa Cruz de la Sierra', NULL, 3, 4, 'Manana', 2, 'Preinscrito', false, 1344, NOW(), NOW());
INSERT INTO requisitos_documentales (postulante_id, ci_digitalizado, certificado_nacimiento, titulo_bachiller_legalizado, formulario_preinscripcion, verificado_bd_externa, updated_at) VALUES (1245, false, false, false, false, false, NOW());
INSERT INTO users (id, name, email, password, role, active, created_at, updated_at) VALUES (1345, 'Isabel Rojas', 'isabelrojas45@estudiante.edu.bo', '\$2y\$12\$TyO9cTQJ0O7NSPORyyP8Hup.wk8.BWNWu4itdEJYyjZ2Sem9DbFyi', 'Postulante', true, NOW(), NOW());
INSERT INTO postulantes (id, ci, nombres, apellidos, fecha_nacimiento, sexo, direccion, telefono, email, colegio_procedencia, ciudad, titulo_bachiller, primera_opcion_id, segunda_opcion_id, turno_preferencia, gestion_id, estado, recurrente, user_id, created_at, updated_at) VALUES (1246, '2052201', 'Isabel', 'Rojas', '2005-01-15', 'M', NULL, '59162731931', 'isabelrojas45@estudiante.edu.bo', 'Colegio Boliviano', 'Santa Cruz de la Sierra', NULL, 3, 4, 'Noche', 2, 'Preinscrito', false, 1345, NOW(), NOW());
INSERT INTO requisitos_documentales (postulante_id, ci_digitalizado, certificado_nacimiento, titulo_bachiller_legalizado, formulario_preinscripcion, verificado_bd_externa, updated_at) VALUES (1246, false, false, false, false, false, NOW());
INSERT INTO users (id, name, email, password, role, active, created_at, updated_at) VALUES (1346, 'Marisol Medina', 'marisolmedina46@estudiante.edu.bo', '\$2y\$12\$TyO9cTQJ0O7NSPORyyP8Hup.wk8.BWNWu4itdEJYyjZ2Sem9DbFyi', 'Postulante', true, NOW(), NOW());
INSERT INTO postulantes (id, ci, nombres, apellidos, fecha_nacimiento, sexo, direccion, telefono, email, colegio_procedencia, ciudad, titulo_bachiller, primera_opcion_id, segunda_opcion_id, turno_preferencia, gestion_id, estado, recurrente, user_id, created_at, updated_at) VALUES (1247, '5898447', 'Marisol', 'Medina', '2005-01-15', 'M', NULL, '59194816141', 'marisolmedina46@estudiante.edu.bo', 'Colegio Boliviano', 'Santa Cruz de la Sierra', NULL, 3, 4, 'Tarde', 2, 'Preinscrito', false, 1346, NOW(), NOW());
INSERT INTO requisitos_documentales (postulante_id, ci_digitalizado, certificado_nacimiento, titulo_bachiller_legalizado, formulario_preinscripcion, verificado_bd_externa, updated_at) VALUES (1247, false, false, false, false, false, NOW());
INSERT INTO users (id, name, email, password, role, active, created_at, updated_at) VALUES (1347, 'Víctor Hernández', 'víctorhernández47@estudiante.edu.bo', '\$2y\$12\$TyO9cTQJ0O7NSPORyyP8Hup.wk8.BWNWu4itdEJYyjZ2Sem9DbFyi', 'Postulante', true, NOW(), NOW());
INSERT INTO postulantes (id, ci, nombres, apellidos, fecha_nacimiento, sexo, direccion, telefono, email, colegio_procedencia, ciudad, titulo_bachiller, primera_opcion_id, segunda_opcion_id, turno_preferencia, gestion_id, estado, recurrente, user_id, created_at, updated_at) VALUES (1248, '1272793', 'Víctor', 'Hernández', '2005-01-15', 'M', NULL, '59172067709', 'víctorhernández47@estudiante.edu.bo', 'Colegio Boliviano', 'Santa Cruz de la Sierra', NULL, 3, 4, 'Tarde', 2, 'Preinscrito', false, 1347, NOW(), NOW());
INSERT INTO requisitos_documentales (postulante_id, ci_digitalizado, certificado_nacimiento, titulo_bachiller_legalizado, formulario_preinscripcion, verificado_bd_externa, updated_at) VALUES (1248, false, false, false, false, false, NOW());
INSERT INTO users (id, name, email, password, role, active, created_at, updated_at) VALUES (1348, 'Rosario Carrillo', 'rosariocarrillo48@estudiante.edu.bo', '\$2y\$12\$TyO9cTQJ0O7NSPORyyP8Hup.wk8.BWNWu4itdEJYyjZ2Sem9DbFyi', 'Postulante', true, NOW(), NOW());
INSERT INTO postulantes (id, ci, nombres, apellidos, fecha_nacimiento, sexo, direccion, telefono, email, colegio_procedencia, ciudad, titulo_bachiller, primera_opcion_id, segunda_opcion_id, turno_preferencia, gestion_id, estado, recurrente, user_id, created_at, updated_at) VALUES (1249, '1025104', 'Rosario', 'Carrillo', '2005-01-15', 'M', NULL, '59182225239', 'rosariocarrillo48@estudiante.edu.bo', 'Colegio Boliviano', 'Santa Cruz de la Sierra', NULL, 3, 4, 'Tarde', 2, 'Preinscrito', false, 1348, NOW(), NOW());
INSERT INTO requisitos_documentales (postulante_id, ci_digitalizado, certificado_nacimiento, titulo_bachiller_legalizado, formulario_preinscripcion, verificado_bd_externa, updated_at) VALUES (1249, false, false, false, false, false, NOW());
INSERT INTO users (id, name, email, password, role, active, created_at, updated_at) VALUES (1349, 'Bruno Vázquez', 'brunovázquez49@estudiante.edu.bo', '\$2y\$12\$TyO9cTQJ0O7NSPORyyP8Hup.wk8.BWNWu4itdEJYyjZ2Sem9DbFyi', 'Postulante', true, NOW(), NOW());
INSERT INTO postulantes (id, ci, nombres, apellidos, fecha_nacimiento, sexo, direccion, telefono, email, colegio_procedencia, ciudad, titulo_bachiller, primera_opcion_id, segunda_opcion_id, turno_preferencia, gestion_id, estado, recurrente, user_id, created_at, updated_at) VALUES (1250, '3818513', 'Bruno', 'Vázquez', '2005-01-15', 'M', NULL, '59189555516', 'brunovázquez49@estudiante.edu.bo', 'Colegio Boliviano', 'Santa Cruz de la Sierra', NULL, 3, 4, 'Tarde', 2, 'Preinscrito', false, 1349, NOW(), NOW());
INSERT INTO requisitos_documentales (postulante_id, ci_digitalizado, certificado_nacimiento, titulo_bachiller_legalizado, formulario_preinscripcion, verificado_bd_externa, updated_at) VALUES (1250, false, false, false, false, false, NOW());
INSERT INTO users (id, name, email, password, role, active, created_at, updated_at) VALUES (1350, 'Esperanza Castillo', 'esperanzacastillo50@estudiante.edu.bo', '\$2y\$12\$TyO9cTQJ0O7NSPORyyP8Hup.wk8.BWNWu4itdEJYyjZ2Sem9DbFyi', 'Postulante', true, NOW(), NOW());
INSERT INTO postulantes (id, ci, nombres, apellidos, fecha_nacimiento, sexo, direccion, telefono, email, colegio_procedencia, ciudad, titulo_bachiller, primera_opcion_id, segunda_opcion_id, turno_preferencia, gestion_id, estado, recurrente, user_id, created_at, updated_at) VALUES (1251, '8772055', 'Esperanza', 'Castillo', '2005-01-15', 'M', NULL, '59165429374', 'esperanzacastillo50@estudiante.edu.bo', 'Colegio Boliviano', 'Santa Cruz de la Sierra', NULL, 3, 4, 'Manana', 2, 'Preinscrito', false, 1350, NOW(), NOW());
INSERT INTO requisitos_documentales (postulante_id, ci_digitalizado, certificado_nacimiento, titulo_bachiller_legalizado, formulario_preinscripcion, verificado_bd_externa, updated_at) VALUES (1251, false, false, false, false, false, NOW());
INSERT INTO users (id, name, email, password, role, active, created_at, updated_at) VALUES (1351, 'Marisol Castillo', 'marisolcastillo51@estudiante.edu.bo', '\$2y\$12\$TyO9cTQJ0O7NSPORyyP8Hup.wk8.BWNWu4itdEJYyjZ2Sem9DbFyi', 'Postulante', true, NOW(), NOW());
INSERT INTO postulantes (id, ci, nombres, apellidos, fecha_nacimiento, sexo, direccion, telefono, email, colegio_procedencia, ciudad, titulo_bachiller, primera_opcion_id, segunda_opcion_id, turno_preferencia, gestion_id, estado, recurrente, user_id, created_at, updated_at) VALUES (1252, '1846176', 'Marisol', 'Castillo', '2005-01-15', 'M', NULL, '59193767309', 'marisolcastillo51@estudiante.edu.bo', 'Colegio Boliviano', 'Santa Cruz de la Sierra', NULL, 3, 4, 'Noche', 2, 'Preinscrito', false, 1351, NOW(), NOW());
INSERT INTO requisitos_documentales (postulante_id, ci_digitalizado, certificado_nacimiento, titulo_bachiller_legalizado, formulario_preinscripcion, verificado_bd_externa, updated_at) VALUES (1252, false, false, false, false, false, NOW());
INSERT INTO users (id, name, email, password, role, active, created_at, updated_at) VALUES (1352, 'Elena Silva', 'elenasilva52@estudiante.edu.bo', '\$2y\$12\$TyO9cTQJ0O7NSPORyyP8Hup.wk8.BWNWu4itdEJYyjZ2Sem9DbFyi', 'Postulante', true, NOW(), NOW());
INSERT INTO postulantes (id, ci, nombres, apellidos, fecha_nacimiento, sexo, direccion, telefono, email, colegio_procedencia, ciudad, titulo_bachiller, primera_opcion_id, segunda_opcion_id, turno_preferencia, gestion_id, estado, recurrente, user_id, created_at, updated_at) VALUES (1253, '9110644', 'Elena', 'Silva', '2005-01-15', 'M', NULL, '59181708507', 'elenasilva52@estudiante.edu.bo', 'Colegio Boliviano', 'Santa Cruz de la Sierra', NULL, 3, 4, 'Tarde', 2, 'Preinscrito', false, 1352, NOW(), NOW());
INSERT INTO requisitos_documentales (postulante_id, ci_digitalizado, certificado_nacimiento, titulo_bachiller_legalizado, formulario_preinscripcion, verificado_bd_externa, updated_at) VALUES (1253, false, false, false, false, false, NOW());
INSERT INTO users (id, name, email, password, role, active, created_at, updated_at) VALUES (1353, 'Fernando Torres', 'fernandotorres53@estudiante.edu.bo', '\$2y\$12\$TyO9cTQJ0O7NSPORyyP8Hup.wk8.BWNWu4itdEJYyjZ2Sem9DbFyi', 'Postulante', true, NOW(), NOW());
INSERT INTO postulantes (id, ci, nombres, apellidos, fecha_nacimiento, sexo, direccion, telefono, email, colegio_procedencia, ciudad, titulo_bachiller, primera_opcion_id, segunda_opcion_id, turno_preferencia, gestion_id, estado, recurrente, user_id, created_at, updated_at) VALUES (1254, '2777333', 'Fernando', 'Torres', '2005-01-15', 'M', NULL, '59160556738', 'fernandotorres53@estudiante.edu.bo', 'Colegio Boliviano', 'Santa Cruz de la Sierra', NULL, 3, 4, 'Tarde', 2, 'Preinscrito', false, 1353, NOW(), NOW());
INSERT INTO requisitos_documentales (postulante_id, ci_digitalizado, certificado_nacimiento, titulo_bachiller_legalizado, formulario_preinscripcion, verificado_bd_externa, updated_at) VALUES (1254, false, false, false, false, false, NOW());
INSERT INTO users (id, name, email, password, role, active, created_at, updated_at) VALUES (1354, 'Rosa Reyes', 'rosareyes54@estudiante.edu.bo', '\$2y\$12\$TyO9cTQJ0O7NSPORyyP8Hup.wk8.BWNWu4itdEJYyjZ2Sem9DbFyi', 'Postulante', true, NOW(), NOW());
INSERT INTO postulantes (id, ci, nombres, apellidos, fecha_nacimiento, sexo, direccion, telefono, email, colegio_procedencia, ciudad, titulo_bachiller, primera_opcion_id, segunda_opcion_id, turno_preferencia, gestion_id, estado, recurrente, user_id, created_at, updated_at) VALUES (1255, '7254951', 'Rosa', 'Reyes', '2005-01-15', 'M', NULL, '59173195472', 'rosareyes54@estudiante.edu.bo', 'Colegio Boliviano', 'Santa Cruz de la Sierra', NULL, 3, 4, 'Tarde', 2, 'Preinscrito', false, 1354, NOW(), NOW());
INSERT INTO requisitos_documentales (postulante_id, ci_digitalizado, certificado_nacimiento, titulo_bachiller_legalizado, formulario_preinscripcion, verificado_bd_externa, updated_at) VALUES (1255, false, false, false, false, false, NOW());
INSERT INTO users (id, name, email, password, role, active, created_at, updated_at) VALUES (1355, 'Ricardo Martínez', 'ricardomartínez55@estudiante.edu.bo', '\$2y\$12\$TyO9cTQJ0O7NSPORyyP8Hup.wk8.BWNWu4itdEJYyjZ2Sem9DbFyi', 'Postulante', true, NOW(), NOW());
INSERT INTO postulantes (id, ci, nombres, apellidos, fecha_nacimiento, sexo, direccion, telefono, email, colegio_procedencia, ciudad, titulo_bachiller, primera_opcion_id, segunda_opcion_id, turno_preferencia, gestion_id, estado, recurrente, user_id, created_at, updated_at) VALUES (1256, '3337310', 'Ricardo', 'Martínez', '2005-01-15', 'M', NULL, '59199643843', 'ricardomartínez55@estudiante.edu.bo', 'Colegio Boliviano', 'Santa Cruz de la Sierra', NULL, 3, 4, 'Noche', 2, 'Preinscrito', false, 1355, NOW(), NOW());
INSERT INTO requisitos_documentales (postulante_id, ci_digitalizado, certificado_nacimiento, titulo_bachiller_legalizado, formulario_preinscripcion, verificado_bd_externa, updated_at) VALUES (1256, false, false, false, false, false, NOW());
INSERT INTO users (id, name, email, password, role, active, created_at, updated_at) VALUES (1356, 'Matías Ramírez', 'matíasramírez56@estudiante.edu.bo', '\$2y\$12\$TyO9cTQJ0O7NSPORyyP8Hup.wk8.BWNWu4itdEJYyjZ2Sem9DbFyi', 'Postulante', true, NOW(), NOW());
INSERT INTO postulantes (id, ci, nombres, apellidos, fecha_nacimiento, sexo, direccion, telefono, email, colegio_procedencia, ciudad, titulo_bachiller, primera_opcion_id, segunda_opcion_id, turno_preferencia, gestion_id, estado, recurrente, user_id, created_at, updated_at) VALUES (1257, '1775100', 'Matías', 'Ramírez', '2005-01-15', 'M', NULL, '59170615710', 'matíasramírez56@estudiante.edu.bo', 'Colegio Boliviano', 'Santa Cruz de la Sierra', NULL, 3, 4, 'Noche', 2, 'Preinscrito', false, 1356, NOW(), NOW());
INSERT INTO requisitos_documentales (postulante_id, ci_digitalizado, certificado_nacimiento, titulo_bachiller_legalizado, formulario_preinscripcion, verificado_bd_externa, updated_at) VALUES (1257, false, false, false, false, false, NOW());
INSERT INTO users (id, name, email, password, role, active, created_at, updated_at) VALUES (1357, 'Luis Torres', 'luistorres57@estudiante.edu.bo', '\$2y\$12\$TyO9cTQJ0O7NSPORyyP8Hup.wk8.BWNWu4itdEJYyjZ2Sem9DbFyi', 'Postulante', true, NOW(), NOW());
INSERT INTO postulantes (id, ci, nombres, apellidos, fecha_nacimiento, sexo, direccion, telefono, email, colegio_procedencia, ciudad, titulo_bachiller, primera_opcion_id, segunda_opcion_id, turno_preferencia, gestion_id, estado, recurrente, user_id, created_at, updated_at) VALUES (1258, '1902355', 'Luis', 'Torres', '2005-01-15', 'M', NULL, '59192722086', 'luistorres57@estudiante.edu.bo', 'Colegio Boliviano', 'Santa Cruz de la Sierra', NULL, 3, 4, 'Manana', 2, 'Preinscrito', false, 1357, NOW(), NOW());
INSERT INTO requisitos_documentales (postulante_id, ci_digitalizado, certificado_nacimiento, titulo_bachiller_legalizado, formulario_preinscripcion, verificado_bd_externa, updated_at) VALUES (1258, false, false, false, false, false, NOW());
INSERT INTO users (id, name, email, password, role, active, created_at, updated_at) VALUES (1358, 'Matías Ortiz', 'matíasortiz58@estudiante.edu.bo', '\$2y\$12\$TyO9cTQJ0O7NSPORyyP8Hup.wk8.BWNWu4itdEJYyjZ2Sem9DbFyi', 'Postulante', true, NOW(), NOW());
INSERT INTO postulantes (id, ci, nombres, apellidos, fecha_nacimiento, sexo, direccion, telefono, email, colegio_procedencia, ciudad, titulo_bachiller, primera_opcion_id, segunda_opcion_id, turno_preferencia, gestion_id, estado, recurrente, user_id, created_at, updated_at) VALUES (1259, '8901480', 'Matías', 'Ortiz', '2005-01-15', 'M', NULL, '59195587615', 'matíasortiz58@estudiante.edu.bo', 'Colegio Boliviano', 'Santa Cruz de la Sierra', NULL, 3, 4, 'Tarde', 2, 'Preinscrito', false, 1358, NOW(), NOW());
INSERT INTO requisitos_documentales (postulante_id, ci_digitalizado, certificado_nacimiento, titulo_bachiller_legalizado, formulario_preinscripcion, verificado_bd_externa, updated_at) VALUES (1259, false, false, false, false, false, NOW());
INSERT INTO users (id, name, email, password, role, active, created_at, updated_at) VALUES (1359, 'Rafael Domínguez', 'rafaeldomínguez59@estudiante.edu.bo', '\$2y\$12\$TyO9cTQJ0O7NSPORyyP8Hup.wk8.BWNWu4itdEJYyjZ2Sem9DbFyi', 'Postulante', true, NOW(), NOW());
INSERT INTO postulantes (id, ci, nombres, apellidos, fecha_nacimiento, sexo, direccion, telefono, email, colegio_procedencia, ciudad, titulo_bachiller, primera_opcion_id, segunda_opcion_id, turno_preferencia, gestion_id, estado, recurrente, user_id, created_at, updated_at) VALUES (1260, '9845103', 'Rafael', 'Domínguez', '2005-01-15', 'M', NULL, '59185481654', 'rafaeldomínguez59@estudiante.edu.bo', 'Colegio Boliviano', 'Santa Cruz de la Sierra', NULL, 3, 4, 'Tarde', 2, 'Preinscrito', false, 1359, NOW(), NOW());
INSERT INTO requisitos_documentales (postulante_id, ci_digitalizado, certificado_nacimiento, titulo_bachiller_legalizado, formulario_preinscripcion, verificado_bd_externa, updated_at) VALUES (1260, false, false, false, false, false, NOW());
INSERT INTO users (id, name, email, password, role, active, created_at, updated_at) VALUES (1360, 'Javier Sánchez', 'javiersánchez60@estudiante.edu.bo', '\$2y\$12\$TyO9cTQJ0O7NSPORyyP8Hup.wk8.BWNWu4itdEJYyjZ2Sem9DbFyi', 'Postulante', true, NOW(), NOW());
INSERT INTO postulantes (id, ci, nombres, apellidos, fecha_nacimiento, sexo, direccion, telefono, email, colegio_procedencia, ciudad, titulo_bachiller, primera_opcion_id, segunda_opcion_id, turno_preferencia, gestion_id, estado, recurrente, user_id, created_at, updated_at) VALUES (1261, '1851437', 'Javier', 'Sánchez', '2005-01-15', 'M', NULL, '59189598217', 'javiersánchez60@estudiante.edu.bo', 'Colegio Boliviano', 'Santa Cruz de la Sierra', NULL, 3, 4, 'Tarde', 2, 'Preinscrito', false, 1360, NOW(), NOW());
INSERT INTO requisitos_documentales (postulante_id, ci_digitalizado, certificado_nacimiento, titulo_bachiller_legalizado, formulario_preinscripcion, verificado_bd_externa, updated_at) VALUES (1261, false, false, false, false, false, NOW());
INSERT INTO users (id, name, email, password, role, active, created_at, updated_at) VALUES (1361, 'Leticia Hernández', 'leticiahernández61@estudiante.edu.bo', '\$2y\$12\$TyO9cTQJ0O7NSPORyyP8Hup.wk8.BWNWu4itdEJYyjZ2Sem9DbFyi', 'Postulante', true, NOW(), NOW());
INSERT INTO postulantes (id, ci, nombres, apellidos, fecha_nacimiento, sexo, direccion, telefono, email, colegio_procedencia, ciudad, titulo_bachiller, primera_opcion_id, segunda_opcion_id, turno_preferencia, gestion_id, estado, recurrente, user_id, created_at, updated_at) VALUES (1262, '4964318', 'Leticia', 'Hernández', '2005-01-15', 'M', NULL, '59188769347', 'leticiahernández61@estudiante.edu.bo', 'Colegio Boliviano', 'Santa Cruz de la Sierra', NULL, 3, 4, 'Tarde', 2, 'Preinscrito', false, 1361, NOW(), NOW());
INSERT INTO requisitos_documentales (postulante_id, ci_digitalizado, certificado_nacimiento, titulo_bachiller_legalizado, formulario_preinscripcion, verificado_bd_externa, updated_at) VALUES (1262, false, false, false, false, false, NOW());
INSERT INTO users (id, name, email, password, role, active, created_at, updated_at) VALUES (1362, 'Jorge Torres', 'jorgetorres62@estudiante.edu.bo', '\$2y\$12\$TyO9cTQJ0O7NSPORyyP8Hup.wk8.BWNWu4itdEJYyjZ2Sem9DbFyi', 'Postulante', true, NOW(), NOW());
INSERT INTO postulantes (id, ci, nombres, apellidos, fecha_nacimiento, sexo, direccion, telefono, email, colegio_procedencia, ciudad, titulo_bachiller, primera_opcion_id, segunda_opcion_id, turno_preferencia, gestion_id, estado, recurrente, user_id, created_at, updated_at) VALUES (1263, '5062706', 'Jorge', 'Torres', '2005-01-15', 'M', NULL, '59189737133', 'jorgetorres62@estudiante.edu.bo', 'Colegio Boliviano', 'Santa Cruz de la Sierra', NULL, 3, 4, 'Noche', 2, 'Preinscrito', false, 1362, NOW(), NOW());
INSERT INTO requisitos_documentales (postulante_id, ci_digitalizado, certificado_nacimiento, titulo_bachiller_legalizado, formulario_preinscripcion, verificado_bd_externa, updated_at) VALUES (1263, false, false, false, false, false, NOW());
INSERT INTO users (id, name, email, password, role, active, created_at, updated_at) VALUES (1363, 'Héctor Navarro', 'héctornavarro63@estudiante.edu.bo', '\$2y\$12\$TyO9cTQJ0O7NSPORyyP8Hup.wk8.BWNWu4itdEJYyjZ2Sem9DbFyi', 'Postulante', true, NOW(), NOW());
INSERT INTO postulantes (id, ci, nombres, apellidos, fecha_nacimiento, sexo, direccion, telefono, email, colegio_procedencia, ciudad, titulo_bachiller, primera_opcion_id, segunda_opcion_id, turno_preferencia, gestion_id, estado, recurrente, user_id, created_at, updated_at) VALUES (1264, '2535404', 'Héctor', 'Navarro', '2005-01-15', 'M', NULL, '59184786342', 'héctornavarro63@estudiante.edu.bo', 'Colegio Boliviano', 'Santa Cruz de la Sierra', NULL, 3, 4, 'Tarde', 2, 'Preinscrito', false, 1363, NOW(), NOW());
INSERT INTO requisitos_documentales (postulante_id, ci_digitalizado, certificado_nacimiento, titulo_bachiller_legalizado, formulario_preinscripcion, verificado_bd_externa, updated_at) VALUES (1264, false, false, false, false, false, NOW());
INSERT INTO users (id, name, email, password, role, active, created_at, updated_at) VALUES (1364, 'Lorena González', 'lorenagonzález64@estudiante.edu.bo', '\$2y\$12\$TyO9cTQJ0O7NSPORyyP8Hup.wk8.BWNWu4itdEJYyjZ2Sem9DbFyi', 'Postulante', true, NOW(), NOW());
INSERT INTO postulantes (id, ci, nombres, apellidos, fecha_nacimiento, sexo, direccion, telefono, email, colegio_procedencia, ciudad, titulo_bachiller, primera_opcion_id, segunda_opcion_id, turno_preferencia, gestion_id, estado, recurrente, user_id, created_at, updated_at) VALUES (1265, '9984936', 'Lorena', 'González', '2005-01-15', 'M', NULL, '59186649225', 'lorenagonzález64@estudiante.edu.bo', 'Colegio Boliviano', 'Santa Cruz de la Sierra', NULL, 3, 4, 'Noche', 2, 'Preinscrito', false, 1364, NOW(), NOW());
INSERT INTO requisitos_documentales (postulante_id, ci_digitalizado, certificado_nacimiento, titulo_bachiller_legalizado, formulario_preinscripcion, verificado_bd_externa, updated_at) VALUES (1265, false, false, false, false, false, NOW());
INSERT INTO users (id, name, email, password, role, active, created_at, updated_at) VALUES (1365, 'Diego Silva', 'diegosilva65@estudiante.edu.bo', '\$2y\$12\$TyO9cTQJ0O7NSPORyyP8Hup.wk8.BWNWu4itdEJYyjZ2Sem9DbFyi', 'Postulante', true, NOW(), NOW());
INSERT INTO postulantes (id, ci, nombres, apellidos, fecha_nacimiento, sexo, direccion, telefono, email, colegio_procedencia, ciudad, titulo_bachiller, primera_opcion_id, segunda_opcion_id, turno_preferencia, gestion_id, estado, recurrente, user_id, created_at, updated_at) VALUES (1266, '8291577', 'Diego', 'Silva', '2005-01-15', 'M', NULL, '59173704088', 'diegosilva65@estudiante.edu.bo', 'Colegio Boliviano', 'Santa Cruz de la Sierra', NULL, 3, 4, 'Tarde', 2, 'Preinscrito', false, 1365, NOW(), NOW());
INSERT INTO requisitos_documentales (postulante_id, ci_digitalizado, certificado_nacimiento, titulo_bachiller_legalizado, formulario_preinscripcion, verificado_bd_externa, updated_at) VALUES (1266, false, false, false, false, false, NOW());
INSERT INTO users (id, name, email, password, role, active, created_at, updated_at) VALUES (1366, 'Sandra López', 'sandralópez66@estudiante.edu.bo', '\$2y\$12\$TyO9cTQJ0O7NSPORyyP8Hup.wk8.BWNWu4itdEJYyjZ2Sem9DbFyi', 'Postulante', true, NOW(), NOW());
INSERT INTO postulantes (id, ci, nombres, apellidos, fecha_nacimiento, sexo, direccion, telefono, email, colegio_procedencia, ciudad, titulo_bachiller, primera_opcion_id, segunda_opcion_id, turno_preferencia, gestion_id, estado, recurrente, user_id, created_at, updated_at) VALUES (1267, '4449595', 'Sandra', 'López', '2005-01-15', 'M', NULL, '59183519280', 'sandralópez66@estudiante.edu.bo', 'Colegio Boliviano', 'Santa Cruz de la Sierra', NULL, 3, 4, 'Manana', 2, 'Preinscrito', false, 1366, NOW(), NOW());
INSERT INTO requisitos_documentales (postulante_id, ci_digitalizado, certificado_nacimiento, titulo_bachiller_legalizado, formulario_preinscripcion, verificado_bd_externa, updated_at) VALUES (1267, false, false, false, false, false, NOW());
INSERT INTO users (id, name, email, password, role, active, created_at, updated_at) VALUES (1367, 'Valentina Delgado', 'valentinadelgado67@estudiante.edu.bo', '\$2y\$12\$TyO9cTQJ0O7NSPORyyP8Hup.wk8.BWNWu4itdEJYyjZ2Sem9DbFyi', 'Postulante', true, NOW(), NOW());
INSERT INTO postulantes (id, ci, nombres, apellidos, fecha_nacimiento, sexo, direccion, telefono, email, colegio_procedencia, ciudad, titulo_bachiller, primera_opcion_id, segunda_opcion_id, turno_preferencia, gestion_id, estado, recurrente, user_id, created_at, updated_at) VALUES (1268, '3944774', 'Valentina', 'Delgado', '2005-01-15', 'M', NULL, '59199630459', 'valentinadelgado67@estudiante.edu.bo', 'Colegio Boliviano', 'Santa Cruz de la Sierra', NULL, 3, 4, 'Manana', 2, 'Preinscrito', false, 1367, NOW(), NOW());
INSERT INTO requisitos_documentales (postulante_id, ci_digitalizado, certificado_nacimiento, titulo_bachiller_legalizado, formulario_preinscripcion, verificado_bd_externa, updated_at) VALUES (1268, false, false, false, false, false, NOW());
INSERT INTO users (id, name, email, password, role, active, created_at, updated_at) VALUES (1368, 'Carmen Rivera', 'carmenrivera68@estudiante.edu.bo', '\$2y\$12\$TyO9cTQJ0O7NSPORyyP8Hup.wk8.BWNWu4itdEJYyjZ2Sem9DbFyi', 'Postulante', true, NOW(), NOW());
INSERT INTO postulantes (id, ci, nombres, apellidos, fecha_nacimiento, sexo, direccion, telefono, email, colegio_procedencia, ciudad, titulo_bachiller, primera_opcion_id, segunda_opcion_id, turno_preferencia, gestion_id, estado, recurrente, user_id, created_at, updated_at) VALUES (1269, '2636064', 'Carmen', 'Rivera', '2005-01-15', 'M', NULL, '59163213259', 'carmenrivera68@estudiante.edu.bo', 'Colegio Boliviano', 'Santa Cruz de la Sierra', NULL, 3, 4, 'Noche', 2, 'Preinscrito', false, 1368, NOW(), NOW());
INSERT INTO requisitos_documentales (postulante_id, ci_digitalizado, certificado_nacimiento, titulo_bachiller_legalizado, formulario_preinscripcion, verificado_bd_externa, updated_at) VALUES (1269, false, false, false, false, false, NOW());
INSERT INTO users (id, name, email, password, role, active, created_at, updated_at) VALUES (1369, 'Matías Molina', 'matíasmolina69@estudiante.edu.bo', '\$2y\$12\$TyO9cTQJ0O7NSPORyyP8Hup.wk8.BWNWu4itdEJYyjZ2Sem9DbFyi', 'Postulante', true, NOW(), NOW());
INSERT INTO postulantes (id, ci, nombres, apellidos, fecha_nacimiento, sexo, direccion, telefono, email, colegio_procedencia, ciudad, titulo_bachiller, primera_opcion_id, segunda_opcion_id, turno_preferencia, gestion_id, estado, recurrente, user_id, created_at, updated_at) VALUES (1270, '6434670', 'Matías', 'Molina', '2005-01-15', 'M', NULL, '59164252846', 'matíasmolina69@estudiante.edu.bo', 'Colegio Boliviano', 'Santa Cruz de la Sierra', NULL, 3, 4, 'Noche', 2, 'Preinscrito', false, 1369, NOW(), NOW());
INSERT INTO requisitos_documentales (postulante_id, ci_digitalizado, certificado_nacimiento, titulo_bachiller_legalizado, formulario_preinscripcion, verificado_bd_externa, updated_at) VALUES (1270, false, false, false, false, false, NOW());
INSERT INTO users (id, name, email, password, role, active, created_at, updated_at) VALUES (1370, 'Javier Sánchez', 'javiersánchez70@estudiante.edu.bo', '\$2y\$12\$TyO9cTQJ0O7NSPORyyP8Hup.wk8.BWNWu4itdEJYyjZ2Sem9DbFyi', 'Postulante', true, NOW(), NOW());
INSERT INTO postulantes (id, ci, nombres, apellidos, fecha_nacimiento, sexo, direccion, telefono, email, colegio_procedencia, ciudad, titulo_bachiller, primera_opcion_id, segunda_opcion_id, turno_preferencia, gestion_id, estado, recurrente, user_id, created_at, updated_at) VALUES (1271, '7831153', 'Javier', 'Sánchez', '2005-01-15', 'M', NULL, '59194758329', 'javiersánchez70@estudiante.edu.bo', 'Colegio Boliviano', 'Santa Cruz de la Sierra', NULL, 3, 4, 'Tarde', 2, 'Preinscrito', false, 1370, NOW(), NOW());
INSERT INTO requisitos_documentales (postulante_id, ci_digitalizado, certificado_nacimiento, titulo_bachiller_legalizado, formulario_preinscripcion, verificado_bd_externa, updated_at) VALUES (1271, false, false, false, false, false, NOW());
INSERT INTO users (id, name, email, password, role, active, created_at, updated_at) VALUES (1371, 'Luis Delgado', 'luisdelgado71@estudiante.edu.bo', '\$2y\$12\$TyO9cTQJ0O7NSPORyyP8Hup.wk8.BWNWu4itdEJYyjZ2Sem9DbFyi', 'Postulante', true, NOW(), NOW());
INSERT INTO postulantes (id, ci, nombres, apellidos, fecha_nacimiento, sexo, direccion, telefono, email, colegio_procedencia, ciudad, titulo_bachiller, primera_opcion_id, segunda_opcion_id, turno_preferencia, gestion_id, estado, recurrente, user_id, created_at, updated_at) VALUES (1272, '2489266', 'Luis', 'Delgado', '2005-01-15', 'M', NULL, '59168647840', 'luisdelgado71@estudiante.edu.bo', 'Colegio Boliviano', 'Santa Cruz de la Sierra', NULL, 3, 4, 'Manana', 2, 'Preinscrito', false, 1371, NOW(), NOW());
INSERT INTO requisitos_documentales (postulante_id, ci_digitalizado, certificado_nacimiento, titulo_bachiller_legalizado, formulario_preinscripcion, verificado_bd_externa, updated_at) VALUES (1272, false, false, false, false, false, NOW());
INSERT INTO users (id, name, email, password, role, active, created_at, updated_at) VALUES (1372, 'Juan Cortés', 'juancortés72@estudiante.edu.bo', '\$2y\$12\$TyO9cTQJ0O7NSPORyyP8Hup.wk8.BWNWu4itdEJYyjZ2Sem9DbFyi', 'Postulante', true, NOW(), NOW());
INSERT INTO postulantes (id, ci, nombres, apellidos, fecha_nacimiento, sexo, direccion, telefono, email, colegio_procedencia, ciudad, titulo_bachiller, primera_opcion_id, segunda_opcion_id, turno_preferencia, gestion_id, estado, recurrente, user_id, created_at, updated_at) VALUES (1273, '9415079', 'Juan', 'Cortés', '2005-01-15', 'M', NULL, '59195903824', 'juancortés72@estudiante.edu.bo', 'Colegio Boliviano', 'Santa Cruz de la Sierra', NULL, 3, 4, 'Noche', 2, 'Preinscrito', false, 1372, NOW(), NOW());
INSERT INTO requisitos_documentales (postulante_id, ci_digitalizado, certificado_nacimiento, titulo_bachiller_legalizado, formulario_preinscripcion, verificado_bd_externa, updated_at) VALUES (1273, false, false, false, false, false, NOW());
INSERT INTO users (id, name, email, password, role, active, created_at, updated_at) VALUES (1373, 'Elena Vega', 'elenavega73@estudiante.edu.bo', '\$2y\$12\$TyO9cTQJ0O7NSPORyyP8Hup.wk8.BWNWu4itdEJYyjZ2Sem9DbFyi', 'Postulante', true, NOW(), NOW());
INSERT INTO postulantes (id, ci, nombres, apellidos, fecha_nacimiento, sexo, direccion, telefono, email, colegio_procedencia, ciudad, titulo_bachiller, primera_opcion_id, segunda_opcion_id, turno_preferencia, gestion_id, estado, recurrente, user_id, created_at, updated_at) VALUES (1274, '3587580', 'Elena', 'Vega', '2005-01-15', 'M', NULL, '59166780159', 'elenavega73@estudiante.edu.bo', 'Colegio Boliviano', 'Santa Cruz de la Sierra', NULL, 3, 4, 'Manana', 2, 'Preinscrito', false, 1373, NOW(), NOW());
INSERT INTO requisitos_documentales (postulante_id, ci_digitalizado, certificado_nacimiento, titulo_bachiller_legalizado, formulario_preinscripcion, verificado_bd_externa, updated_at) VALUES (1274, false, false, false, false, false, NOW());
INSERT INTO users (id, name, email, password, role, active, created_at, updated_at) VALUES (1374, 'Constanza Tapia', 'constanzatapia74@estudiante.edu.bo', '\$2y\$12\$TyO9cTQJ0O7NSPORyyP8Hup.wk8.BWNWu4itdEJYyjZ2Sem9DbFyi', 'Postulante', true, NOW(), NOW());
INSERT INTO postulantes (id, ci, nombres, apellidos, fecha_nacimiento, sexo, direccion, telefono, email, colegio_procedencia, ciudad, titulo_bachiller, primera_opcion_id, segunda_opcion_id, turno_preferencia, gestion_id, estado, recurrente, user_id, created_at, updated_at) VALUES (1275, '1843486', 'Constanza', 'Tapia', '2005-01-15', 'M', NULL, '59188035723', 'constanzatapia74@estudiante.edu.bo', 'Colegio Boliviano', 'Santa Cruz de la Sierra', NULL, 3, 4, 'Noche', 2, 'Preinscrito', false, 1374, NOW(), NOW());
INSERT INTO requisitos_documentales (postulante_id, ci_digitalizado, certificado_nacimiento, titulo_bachiller_legalizado, formulario_preinscripcion, verificado_bd_externa, updated_at) VALUES (1275, false, false, false, false, false, NOW());
INSERT INTO users (id, name, email, password, role, active, created_at, updated_at) VALUES (1375, 'Juan López', 'juanlópez75@estudiante.edu.bo', '\$2y\$12\$TyO9cTQJ0O7NSPORyyP8Hup.wk8.BWNWu4itdEJYyjZ2Sem9DbFyi', 'Postulante', true, NOW(), NOW());
INSERT INTO postulantes (id, ci, nombres, apellidos, fecha_nacimiento, sexo, direccion, telefono, email, colegio_procedencia, ciudad, titulo_bachiller, primera_opcion_id, segunda_opcion_id, turno_preferencia, gestion_id, estado, recurrente, user_id, created_at, updated_at) VALUES (1276, '2700977', 'Juan', 'López', '2005-01-15', 'M', NULL, '59184029257', 'juanlópez75@estudiante.edu.bo', 'Colegio Boliviano', 'Santa Cruz de la Sierra', NULL, 3, 4, 'Manana', 2, 'Preinscrito', false, 1375, NOW(), NOW());
INSERT INTO requisitos_documentales (postulante_id, ci_digitalizado, certificado_nacimiento, titulo_bachiller_legalizado, formulario_preinscripcion, verificado_bd_externa, updated_at) VALUES (1276, false, false, false, false, false, NOW());
INSERT INTO users (id, name, email, password, role, active, created_at, updated_at) VALUES (1376, 'Pedro Medina', 'pedromedina76@estudiante.edu.bo', '\$2y\$12\$TyO9cTQJ0O7NSPORyyP8Hup.wk8.BWNWu4itdEJYyjZ2Sem9DbFyi', 'Postulante', true, NOW(), NOW());
INSERT INTO postulantes (id, ci, nombres, apellidos, fecha_nacimiento, sexo, direccion, telefono, email, colegio_procedencia, ciudad, titulo_bachiller, primera_opcion_id, segunda_opcion_id, turno_preferencia, gestion_id, estado, recurrente, user_id, created_at, updated_at) VALUES (1277, '9805241', 'Pedro', 'Medina', '2005-01-15', 'M', NULL, '59180492639', 'pedromedina76@estudiante.edu.bo', 'Colegio Boliviano', 'Santa Cruz de la Sierra', NULL, 3, 4, 'Tarde', 2, 'Preinscrito', false, 1376, NOW(), NOW());
INSERT INTO requisitos_documentales (postulante_id, ci_digitalizado, certificado_nacimiento, titulo_bachiller_legalizado, formulario_preinscripcion, verificado_bd_externa, updated_at) VALUES (1277, false, false, false, false, false, NOW());
INSERT INTO users (id, name, email, password, role, active, created_at, updated_at) VALUES (1377, 'Javier Reyes', 'javierreyes77@estudiante.edu.bo', '\$2y\$12\$TyO9cTQJ0O7NSPORyyP8Hup.wk8.BWNWu4itdEJYyjZ2Sem9DbFyi', 'Postulante', true, NOW(), NOW());
INSERT INTO postulantes (id, ci, nombres, apellidos, fecha_nacimiento, sexo, direccion, telefono, email, colegio_procedencia, ciudad, titulo_bachiller, primera_opcion_id, segunda_opcion_id, turno_preferencia, gestion_id, estado, recurrente, user_id, created_at, updated_at) VALUES (1278, '5191728', 'Javier', 'Reyes', '2005-01-15', 'M', NULL, '59188030683', 'javierreyes77@estudiante.edu.bo', 'Colegio Boliviano', 'Santa Cruz de la Sierra', NULL, 3, 4, 'Noche', 2, 'Preinscrito', false, 1377, NOW(), NOW());
INSERT INTO requisitos_documentales (postulante_id, ci_digitalizado, certificado_nacimiento, titulo_bachiller_legalizado, formulario_preinscripcion, verificado_bd_externa, updated_at) VALUES (1278, false, false, false, false, false, NOW());
INSERT INTO users (id, name, email, password, role, active, created_at, updated_at) VALUES (1378, 'Rosario Sánchez', 'rosariosánchez78@estudiante.edu.bo', '\$2y\$12\$TyO9cTQJ0O7NSPORyyP8Hup.wk8.BWNWu4itdEJYyjZ2Sem9DbFyi', 'Postulante', true, NOW(), NOW());
INSERT INTO postulantes (id, ci, nombres, apellidos, fecha_nacimiento, sexo, direccion, telefono, email, colegio_procedencia, ciudad, titulo_bachiller, primera_opcion_id, segunda_opcion_id, turno_preferencia, gestion_id, estado, recurrente, user_id, created_at, updated_at) VALUES (1279, '6266508', 'Rosario', 'Sánchez', '2005-01-15', 'M', NULL, '59195229829', 'rosariosánchez78@estudiante.edu.bo', 'Colegio Boliviano', 'Santa Cruz de la Sierra', NULL, 3, 4, 'Manana', 2, 'Preinscrito', false, 1378, NOW(), NOW());
INSERT INTO requisitos_documentales (postulante_id, ci_digitalizado, certificado_nacimiento, titulo_bachiller_legalizado, formulario_preinscripcion, verificado_bd_externa, updated_at) VALUES (1279, false, false, false, false, false, NOW());
INSERT INTO users (id, name, email, password, role, active, created_at, updated_at) VALUES (1379, 'Laura López', 'lauralópez79@estudiante.edu.bo', '\$2y\$12\$TyO9cTQJ0O7NSPORyyP8Hup.wk8.BWNWu4itdEJYyjZ2Sem9DbFyi', 'Postulante', true, NOW(), NOW());
INSERT INTO postulantes (id, ci, nombres, apellidos, fecha_nacimiento, sexo, direccion, telefono, email, colegio_procedencia, ciudad, titulo_bachiller, primera_opcion_id, segunda_opcion_id, turno_preferencia, gestion_id, estado, recurrente, user_id, created_at, updated_at) VALUES (1280, '5352932', 'Laura', 'López', '2005-01-15', 'M', NULL, '59176766642', 'lauralópez79@estudiante.edu.bo', 'Colegio Boliviano', 'Santa Cruz de la Sierra', NULL, 3, 4, 'Tarde', 2, 'Preinscrito', false, 1379, NOW(), NOW());
INSERT INTO requisitos_documentales (postulante_id, ci_digitalizado, certificado_nacimiento, titulo_bachiller_legalizado, formulario_preinscripcion, verificado_bd_externa, updated_at) VALUES (1280, false, false, false, false, false, NOW());
INSERT INTO users (id, name, email, password, role, active, created_at, updated_at) VALUES (1380, 'Esperanza Ruiz', 'esperanzaruiz80@estudiante.edu.bo', '\$2y\$12\$TyO9cTQJ0O7NSPORyyP8Hup.wk8.BWNWu4itdEJYyjZ2Sem9DbFyi', 'Postulante', true, NOW(), NOW());
INSERT INTO postulantes (id, ci, nombres, apellidos, fecha_nacimiento, sexo, direccion, telefono, email, colegio_procedencia, ciudad, titulo_bachiller, primera_opcion_id, segunda_opcion_id, turno_preferencia, gestion_id, estado, recurrente, user_id, created_at, updated_at) VALUES (1281, '6222742', 'Esperanza', 'Ruiz', '2005-01-15', 'M', NULL, '59186534044', 'esperanzaruiz80@estudiante.edu.bo', 'Colegio Boliviano', 'Santa Cruz de la Sierra', NULL, 3, 4, 'Tarde', 2, 'Preinscrito', false, 1380, NOW(), NOW());
INSERT INTO requisitos_documentales (postulante_id, ci_digitalizado, certificado_nacimiento, titulo_bachiller_legalizado, formulario_preinscripcion, verificado_bd_externa, updated_at) VALUES (1281, false, false, false, false, false, NOW());
INSERT INTO users (id, name, email, password, role, active, created_at, updated_at) VALUES (1381, 'Francisca Ortiz', 'franciscaortiz81@estudiante.edu.bo', '\$2y\$12\$TyO9cTQJ0O7NSPORyyP8Hup.wk8.BWNWu4itdEJYyjZ2Sem9DbFyi', 'Postulante', true, NOW(), NOW());
INSERT INTO postulantes (id, ci, nombres, apellidos, fecha_nacimiento, sexo, direccion, telefono, email, colegio_procedencia, ciudad, titulo_bachiller, primera_opcion_id, segunda_opcion_id, turno_preferencia, gestion_id, estado, recurrente, user_id, created_at, updated_at) VALUES (1282, '6022118', 'Francisca', 'Ortiz', '2005-01-15', 'M', NULL, '59189035999', 'franciscaortiz81@estudiante.edu.bo', 'Colegio Boliviano', 'Santa Cruz de la Sierra', NULL, 3, 4, 'Noche', 2, 'Preinscrito', false, 1381, NOW(), NOW());
INSERT INTO requisitos_documentales (postulante_id, ci_digitalizado, certificado_nacimiento, titulo_bachiller_legalizado, formulario_preinscripcion, verificado_bd_externa, updated_at) VALUES (1282, false, false, false, false, false, NOW());
INSERT INTO users (id, name, email, password, role, active, created_at, updated_at) VALUES (1382, 'Leticia Guerrero', 'leticiaguerrero82@estudiante.edu.bo', '\$2y\$12\$TyO9cTQJ0O7NSPORyyP8Hup.wk8.BWNWu4itdEJYyjZ2Sem9DbFyi', 'Postulante', true, NOW(), NOW());
INSERT INTO postulantes (id, ci, nombres, apellidos, fecha_nacimiento, sexo, direccion, telefono, email, colegio_procedencia, ciudad, titulo_bachiller, primera_opcion_id, segunda_opcion_id, turno_preferencia, gestion_id, estado, recurrente, user_id, created_at, updated_at) VALUES (1283, '6167324', 'Leticia', 'Guerrero', '2005-01-15', 'M', NULL, '59171360904', 'leticiaguerrero82@estudiante.edu.bo', 'Colegio Boliviano', 'Santa Cruz de la Sierra', NULL, 3, 4, 'Tarde', 2, 'Preinscrito', false, 1382, NOW(), NOW());
INSERT INTO requisitos_documentales (postulante_id, ci_digitalizado, certificado_nacimiento, titulo_bachiller_legalizado, formulario_preinscripcion, verificado_bd_externa, updated_at) VALUES (1283, false, false, false, false, false, NOW());
INSERT INTO users (id, name, email, password, role, active, created_at, updated_at) VALUES (1383, 'Elena Rojas', 'elenarojas83@estudiante.edu.bo', '\$2y\$12\$TyO9cTQJ0O7NSPORyyP8Hup.wk8.BWNWu4itdEJYyjZ2Sem9DbFyi', 'Postulante', true, NOW(), NOW());
INSERT INTO postulantes (id, ci, nombres, apellidos, fecha_nacimiento, sexo, direccion, telefono, email, colegio_procedencia, ciudad, titulo_bachiller, primera_opcion_id, segunda_opcion_id, turno_preferencia, gestion_id, estado, recurrente, user_id, created_at, updated_at) VALUES (1284, '3926504', 'Elena', 'Rojas', '2005-01-15', 'M', NULL, '59173685524', 'elenarojas83@estudiante.edu.bo', 'Colegio Boliviano', 'Santa Cruz de la Sierra', NULL, 3, 4, 'Tarde', 2, 'Preinscrito', false, 1383, NOW(), NOW());
INSERT INTO requisitos_documentales (postulante_id, ci_digitalizado, certificado_nacimiento, titulo_bachiller_legalizado, formulario_preinscripcion, verificado_bd_externa, updated_at) VALUES (1284, false, false, false, false, false, NOW());
INSERT INTO users (id, name, email, password, role, active, created_at, updated_at) VALUES (1384, 'Antonio Torres', 'antoniotorres84@estudiante.edu.bo', '\$2y\$12\$TyO9cTQJ0O7NSPORyyP8Hup.wk8.BWNWu4itdEJYyjZ2Sem9DbFyi', 'Postulante', true, NOW(), NOW());
INSERT INTO postulantes (id, ci, nombres, apellidos, fecha_nacimiento, sexo, direccion, telefono, email, colegio_procedencia, ciudad, titulo_bachiller, primera_opcion_id, segunda_opcion_id, turno_preferencia, gestion_id, estado, recurrente, user_id, created_at, updated_at) VALUES (1285, '4951126', 'Antonio', 'Torres', '2005-01-15', 'M', NULL, '59167709718', 'antoniotorres84@estudiante.edu.bo', 'Colegio Boliviano', 'Santa Cruz de la Sierra', NULL, 3, 4, 'Tarde', 2, 'Preinscrito', false, 1384, NOW(), NOW());
INSERT INTO requisitos_documentales (postulante_id, ci_digitalizado, certificado_nacimiento, titulo_bachiller_legalizado, formulario_preinscripcion, verificado_bd_externa, updated_at) VALUES (1285, false, false, false, false, false, NOW());
INSERT INTO users (id, name, email, password, role, active, created_at, updated_at) VALUES (1385, 'Ana Ortiz', 'anaortiz85@estudiante.edu.bo', '\$2y\$12\$TyO9cTQJ0O7NSPORyyP8Hup.wk8.BWNWu4itdEJYyjZ2Sem9DbFyi', 'Postulante', true, NOW(), NOW());
INSERT INTO postulantes (id, ci, nombres, apellidos, fecha_nacimiento, sexo, direccion, telefono, email, colegio_procedencia, ciudad, titulo_bachiller, primera_opcion_id, segunda_opcion_id, turno_preferencia, gestion_id, estado, recurrente, user_id, created_at, updated_at) VALUES (1286, '8946786', 'Ana', 'Ortiz', '2005-01-15', 'M', NULL, '59169140938', 'anaortiz85@estudiante.edu.bo', 'Colegio Boliviano', 'Santa Cruz de la Sierra', NULL, 3, 4, 'Noche', 2, 'Preinscrito', false, 1385, NOW(), NOW());
INSERT INTO requisitos_documentales (postulante_id, ci_digitalizado, certificado_nacimiento, titulo_bachiller_legalizado, formulario_preinscripcion, verificado_bd_externa, updated_at) VALUES (1286, false, false, false, false, false, NOW());
INSERT INTO users (id, name, email, password, role, active, created_at, updated_at) VALUES (1386, 'Valentina Ramírez', 'valentinaramírez86@estudiante.edu.bo', '\$2y\$12\$TyO9cTQJ0O7NSPORyyP8Hup.wk8.BWNWu4itdEJYyjZ2Sem9DbFyi', 'Postulante', true, NOW(), NOW());
INSERT INTO postulantes (id, ci, nombres, apellidos, fecha_nacimiento, sexo, direccion, telefono, email, colegio_procedencia, ciudad, titulo_bachiller, primera_opcion_id, segunda_opcion_id, turno_preferencia, gestion_id, estado, recurrente, user_id, created_at, updated_at) VALUES (1287, '2204104', 'Valentina', 'Ramírez', '2005-01-15', 'M', NULL, '59195224712', 'valentinaramírez86@estudiante.edu.bo', 'Colegio Boliviano', 'Santa Cruz de la Sierra', NULL, 3, 4, 'Manana', 2, 'Preinscrito', false, 1386, NOW(), NOW());
INSERT INTO requisitos_documentales (postulante_id, ci_digitalizado, certificado_nacimiento, titulo_bachiller_legalizado, formulario_preinscripcion, verificado_bd_externa, updated_at) VALUES (1287, false, false, false, false, false, NOW());
INSERT INTO users (id, name, email, password, role, active, created_at, updated_at) VALUES (1387, 'Natalia Campos', 'nataliacampos87@estudiante.edu.bo', '\$2y\$12\$TyO9cTQJ0O7NSPORyyP8Hup.wk8.BWNWu4itdEJYyjZ2Sem9DbFyi', 'Postulante', true, NOW(), NOW());
INSERT INTO postulantes (id, ci, nombres, apellidos, fecha_nacimiento, sexo, direccion, telefono, email, colegio_procedencia, ciudad, titulo_bachiller, primera_opcion_id, segunda_opcion_id, turno_preferencia, gestion_id, estado, recurrente, user_id, created_at, updated_at) VALUES (1288, '7362203', 'Natalia', 'Campos', '2005-01-15', 'M', NULL, '59194519285', 'nataliacampos87@estudiante.edu.bo', 'Colegio Boliviano', 'Santa Cruz de la Sierra', NULL, 3, 4, 'Manana', 2, 'Preinscrito', false, 1387, NOW(), NOW());
INSERT INTO requisitos_documentales (postulante_id, ci_digitalizado, certificado_nacimiento, titulo_bachiller_legalizado, formulario_preinscripcion, verificado_bd_externa, updated_at) VALUES (1288, false, false, false, false, false, NOW());
INSERT INTO users (id, name, email, password, role, active, created_at, updated_at) VALUES (1388, 'Aurora Rivas', 'aurorarivas88@estudiante.edu.bo', '\$2y\$12\$TyO9cTQJ0O7NSPORyyP8Hup.wk8.BWNWu4itdEJYyjZ2Sem9DbFyi', 'Postulante', true, NOW(), NOW());
INSERT INTO postulantes (id, ci, nombres, apellidos, fecha_nacimiento, sexo, direccion, telefono, email, colegio_procedencia, ciudad, titulo_bachiller, primera_opcion_id, segunda_opcion_id, turno_preferencia, gestion_id, estado, recurrente, user_id, created_at, updated_at) VALUES (1289, '9192367', 'Aurora', 'Rivas', '2005-01-15', 'M', NULL, '59165844202', 'aurorarivas88@estudiante.edu.bo', 'Colegio Boliviano', 'Santa Cruz de la Sierra', NULL, 3, 4, 'Noche', 2, 'Preinscrito', false, 1388, NOW(), NOW());
INSERT INTO requisitos_documentales (postulante_id, ci_digitalizado, certificado_nacimiento, titulo_bachiller_legalizado, formulario_preinscripcion, verificado_bd_externa, updated_at) VALUES (1289, false, false, false, false, false, NOW());
INSERT INTO users (id, name, email, password, role, active, created_at, updated_at) VALUES (1389, 'Esperanza Ruiz', 'esperanzaruiz89@estudiante.edu.bo', '\$2y\$12\$TyO9cTQJ0O7NSPORyyP8Hup.wk8.BWNWu4itdEJYyjZ2Sem9DbFyi', 'Postulante', true, NOW(), NOW());
INSERT INTO postulantes (id, ci, nombres, apellidos, fecha_nacimiento, sexo, direccion, telefono, email, colegio_procedencia, ciudad, titulo_bachiller, primera_opcion_id, segunda_opcion_id, turno_preferencia, gestion_id, estado, recurrente, user_id, created_at, updated_at) VALUES (1290, '3049018', 'Esperanza', 'Ruiz', '2005-01-15', 'M', NULL, '59183598884', 'esperanzaruiz89@estudiante.edu.bo', 'Colegio Boliviano', 'Santa Cruz de la Sierra', NULL, 3, 4, 'Manana', 2, 'Preinscrito', false, 1389, NOW(), NOW());
INSERT INTO requisitos_documentales (postulante_id, ci_digitalizado, certificado_nacimiento, titulo_bachiller_legalizado, formulario_preinscripcion, verificado_bd_externa, updated_at) VALUES (1290, false, false, false, false, false, NOW());
INSERT INTO users (id, name, email, password, role, active, created_at, updated_at) VALUES (1390, 'Oscar Carrillo', 'oscarcarrillo90@estudiante.edu.bo', '\$2y\$12\$TyO9cTQJ0O7NSPORyyP8Hup.wk8.BWNWu4itdEJYyjZ2Sem9DbFyi', 'Postulante', true, NOW(), NOW());
INSERT INTO postulantes (id, ci, nombres, apellidos, fecha_nacimiento, sexo, direccion, telefono, email, colegio_procedencia, ciudad, titulo_bachiller, primera_opcion_id, segunda_opcion_id, turno_preferencia, gestion_id, estado, recurrente, user_id, created_at, updated_at) VALUES (1291, '2746247', 'Oscar', 'Carrillo', '2005-01-15', 'M', NULL, '59185849217', 'oscarcarrillo90@estudiante.edu.bo', 'Colegio Boliviano', 'Santa Cruz de la Sierra', NULL, 3, 4, 'Tarde', 2, 'Preinscrito', false, 1390, NOW(), NOW());
INSERT INTO requisitos_documentales (postulante_id, ci_digitalizado, certificado_nacimiento, titulo_bachiller_legalizado, formulario_preinscripcion, verificado_bd_externa, updated_at) VALUES (1291, false, false, false, false, false, NOW());
INSERT INTO users (id, name, email, password, role, active, created_at, updated_at) VALUES (1391, 'Irene Rivas', 'irenerivas91@estudiante.edu.bo', '\$2y\$12\$TyO9cTQJ0O7NSPORyyP8Hup.wk8.BWNWu4itdEJYyjZ2Sem9DbFyi', 'Postulante', true, NOW(), NOW());
INSERT INTO postulantes (id, ci, nombres, apellidos, fecha_nacimiento, sexo, direccion, telefono, email, colegio_procedencia, ciudad, titulo_bachiller, primera_opcion_id, segunda_opcion_id, turno_preferencia, gestion_id, estado, recurrente, user_id, created_at, updated_at) VALUES (1292, '7648814', 'Irene', 'Rivas', '2005-01-15', 'M', NULL, '59168255600', 'irenerivas91@estudiante.edu.bo', 'Colegio Boliviano', 'Santa Cruz de la Sierra', NULL, 3, 4, 'Manana', 2, 'Preinscrito', false, 1391, NOW(), NOW());
INSERT INTO requisitos_documentales (postulante_id, ci_digitalizado, certificado_nacimiento, titulo_bachiller_legalizado, formulario_preinscripcion, verificado_bd_externa, updated_at) VALUES (1292, false, false, false, false, false, NOW());
INSERT INTO users (id, name, email, password, role, active, created_at, updated_at) VALUES (1392, 'Valentina Ramírez', 'valentinaramírez92@estudiante.edu.bo', '\$2y\$12\$TyO9cTQJ0O7NSPORyyP8Hup.wk8.BWNWu4itdEJYyjZ2Sem9DbFyi', 'Postulante', true, NOW(), NOW());
INSERT INTO postulantes (id, ci, nombres, apellidos, fecha_nacimiento, sexo, direccion, telefono, email, colegio_procedencia, ciudad, titulo_bachiller, primera_opcion_id, segunda_opcion_id, turno_preferencia, gestion_id, estado, recurrente, user_id, created_at, updated_at) VALUES (1293, '1355171', 'Valentina', 'Ramírez', '2005-01-15', 'M', NULL, '59199471308', 'valentinaramírez92@estudiante.edu.bo', 'Colegio Boliviano', 'Santa Cruz de la Sierra', NULL, 3, 4, 'Noche', 2, 'Preinscrito', false, 1392, NOW(), NOW());
INSERT INTO requisitos_documentales (postulante_id, ci_digitalizado, certificado_nacimiento, titulo_bachiller_legalizado, formulario_preinscripcion, verificado_bd_externa, updated_at) VALUES (1293, false, false, false, false, false, NOW());
INSERT INTO users (id, name, email, password, role, active, created_at, updated_at) VALUES (1393, 'Matías Tapia', 'matíastapia93@estudiante.edu.bo', '\$2y\$12\$TyO9cTQJ0O7NSPORyyP8Hup.wk8.BWNWu4itdEJYyjZ2Sem9DbFyi', 'Postulante', true, NOW(), NOW());
INSERT INTO postulantes (id, ci, nombres, apellidos, fecha_nacimiento, sexo, direccion, telefono, email, colegio_procedencia, ciudad, titulo_bachiller, primera_opcion_id, segunda_opcion_id, turno_preferencia, gestion_id, estado, recurrente, user_id, created_at, updated_at) VALUES (1294, '5825382', 'Matías', 'Tapia', '2005-01-15', 'M', NULL, '59187793664', 'matíastapia93@estudiante.edu.bo', 'Colegio Boliviano', 'Santa Cruz de la Sierra', NULL, 3, 4, 'Noche', 2, 'Preinscrito', false, 1393, NOW(), NOW());
INSERT INTO requisitos_documentales (postulante_id, ci_digitalizado, certificado_nacimiento, titulo_bachiller_legalizado, formulario_preinscripcion, verificado_bd_externa, updated_at) VALUES (1294, false, false, false, false, false, NOW());
INSERT INTO users (id, name, email, password, role, active, created_at, updated_at) VALUES (1394, 'Jorge Rivas', 'jorgerivas94@estudiante.edu.bo', '\$2y\$12\$TyO9cTQJ0O7NSPORyyP8Hup.wk8.BWNWu4itdEJYyjZ2Sem9DbFyi', 'Postulante', true, NOW(), NOW());
INSERT INTO postulantes (id, ci, nombres, apellidos, fecha_nacimiento, sexo, direccion, telefono, email, colegio_procedencia, ciudad, titulo_bachiller, primera_opcion_id, segunda_opcion_id, turno_preferencia, gestion_id, estado, recurrente, user_id, created_at, updated_at) VALUES (1295, '2123722', 'Jorge', 'Rivas', '2005-01-15', 'M', NULL, '59177335120', 'jorgerivas94@estudiante.edu.bo', 'Colegio Boliviano', 'Santa Cruz de la Sierra', NULL, 3, 4, 'Manana', 2, 'Preinscrito', false, 1394, NOW(), NOW());
INSERT INTO requisitos_documentales (postulante_id, ci_digitalizado, certificado_nacimiento, titulo_bachiller_legalizado, formulario_preinscripcion, verificado_bd_externa, updated_at) VALUES (1295, false, false, false, false, false, NOW());
INSERT INTO users (id, name, email, password, role, active, created_at, updated_at) VALUES (1395, 'Rafael Rivera', 'rafaelrivera95@estudiante.edu.bo', '\$2y\$12\$TyO9cTQJ0O7NSPORyyP8Hup.wk8.BWNWu4itdEJYyjZ2Sem9DbFyi', 'Postulante', true, NOW(), NOW());
INSERT INTO postulantes (id, ci, nombres, apellidos, fecha_nacimiento, sexo, direccion, telefono, email, colegio_procedencia, ciudad, titulo_bachiller, primera_opcion_id, segunda_opcion_id, turno_preferencia, gestion_id, estado, recurrente, user_id, created_at, updated_at) VALUES (1296, '1064169', 'Rafael', 'Rivera', '2005-01-15', 'M', NULL, '59172911631', 'rafaelrivera95@estudiante.edu.bo', 'Colegio Boliviano', 'Santa Cruz de la Sierra', NULL, 3, 4, 'Manana', 2, 'Preinscrito', false, 1395, NOW(), NOW());
INSERT INTO requisitos_documentales (postulante_id, ci_digitalizado, certificado_nacimiento, titulo_bachiller_legalizado, formulario_preinscripcion, verificado_bd_externa, updated_at) VALUES (1296, false, false, false, false, false, NOW());
INSERT INTO users (id, name, email, password, role, active, created_at, updated_at) VALUES (1396, 'María Morales', 'maríamorales96@estudiante.edu.bo', '\$2y\$12\$TyO9cTQJ0O7NSPORyyP8Hup.wk8.BWNWu4itdEJYyjZ2Sem9DbFyi', 'Postulante', true, NOW(), NOW());
INSERT INTO postulantes (id, ci, nombres, apellidos, fecha_nacimiento, sexo, direccion, telefono, email, colegio_procedencia, ciudad, titulo_bachiller, primera_opcion_id, segunda_opcion_id, turno_preferencia, gestion_id, estado, recurrente, user_id, created_at, updated_at) VALUES (1297, '3099216', 'María', 'Morales', '2005-01-15', 'M', NULL, '59172194024', 'maríamorales96@estudiante.edu.bo', 'Colegio Boliviano', 'Santa Cruz de la Sierra', NULL, 3, 4, 'Tarde', 2, 'Preinscrito', false, 1396, NOW(), NOW());
INSERT INTO requisitos_documentales (postulante_id, ci_digitalizado, certificado_nacimiento, titulo_bachiller_legalizado, formulario_preinscripcion, verificado_bd_externa, updated_at) VALUES (1297, false, false, false, false, false, NOW());
INSERT INTO users (id, name, email, password, role, active, created_at, updated_at) VALUES (1397, 'Ricardo Medina', 'ricardomedina97@estudiante.edu.bo', '\$2y\$12\$TyO9cTQJ0O7NSPORyyP8Hup.wk8.BWNWu4itdEJYyjZ2Sem9DbFyi', 'Postulante', true, NOW(), NOW());
INSERT INTO postulantes (id, ci, nombres, apellidos, fecha_nacimiento, sexo, direccion, telefono, email, colegio_procedencia, ciudad, titulo_bachiller, primera_opcion_id, segunda_opcion_id, turno_preferencia, gestion_id, estado, recurrente, user_id, created_at, updated_at) VALUES (1298, '8659256', 'Ricardo', 'Medina', '2005-01-15', 'M', NULL, '59192337245', 'ricardomedina97@estudiante.edu.bo', 'Colegio Boliviano', 'Santa Cruz de la Sierra', NULL, 3, 4, 'Manana', 2, 'Preinscrito', false, 1397, NOW(), NOW());
INSERT INTO requisitos_documentales (postulante_id, ci_digitalizado, certificado_nacimiento, titulo_bachiller_legalizado, formulario_preinscripcion, verificado_bd_externa, updated_at) VALUES (1298, false, false, false, false, false, NOW());
INSERT INTO users (id, name, email, password, role, active, created_at, updated_at) VALUES (1398, 'Carlos Guerrero', 'carlosguerrero98@estudiante.edu.bo', '\$2y\$12\$TyO9cTQJ0O7NSPORyyP8Hup.wk8.BWNWu4itdEJYyjZ2Sem9DbFyi', 'Postulante', true, NOW(), NOW());
INSERT INTO postulantes (id, ci, nombres, apellidos, fecha_nacimiento, sexo, direccion, telefono, email, colegio_procedencia, ciudad, titulo_bachiller, primera_opcion_id, segunda_opcion_id, turno_preferencia, gestion_id, estado, recurrente, user_id, created_at, updated_at) VALUES (1299, '2133741', 'Carlos', 'Guerrero', '2005-01-15', 'M', NULL, '59186710680', 'carlosguerrero98@estudiante.edu.bo', 'Colegio Boliviano', 'Santa Cruz de la Sierra', NULL, 3, 4, 'Noche', 2, 'Preinscrito', false, 1398, NOW(), NOW());
INSERT INTO requisitos_documentales (postulante_id, ci_digitalizado, certificado_nacimiento, titulo_bachiller_legalizado, formulario_preinscripcion, verificado_bd_externa, updated_at) VALUES (1299, false, false, false, false, false, NOW());
INSERT INTO users (id, name, email, password, role, active, created_at, updated_at) VALUES (1399, 'Raúl Fuentes', 'raúlfuentes99@estudiante.edu.bo', '\$2y\$12\$TyO9cTQJ0O7NSPORyyP8Hup.wk8.BWNWu4itdEJYyjZ2Sem9DbFyi', 'Postulante', true, NOW(), NOW());
INSERT INTO postulantes (id, ci, nombres, apellidos, fecha_nacimiento, sexo, direccion, telefono, email, colegio_procedencia, ciudad, titulo_bachiller, primera_opcion_id, segunda_opcion_id, turno_preferencia, gestion_id, estado, recurrente, user_id, created_at, updated_at) VALUES (1300, '3945505', 'Raúl', 'Fuentes', '2005-01-15', 'M', NULL, '59177163988', 'raúlfuentes99@estudiante.edu.bo', 'Colegio Boliviano', 'Santa Cruz de la Sierra', NULL, 3, 4, 'Manana', 2, 'Preinscrito', false, 1399, NOW(), NOW());
INSERT INTO requisitos_documentales (postulante_id, ci_digitalizado, certificado_nacimiento, titulo_bachiller_legalizado, formulario_preinscripcion, verificado_bd_externa, updated_at) VALUES (1300, false, false, false, false, false, NOW());
INSERT INTO users (id, name, email, password, role, active, created_at, updated_at) VALUES (1400, 'Rafael Tapia', 'rafaeltapia100@estudiante.edu.bo', '\$2y\$12\$TyO9cTQJ0O7NSPORyyP8Hup.wk8.BWNWu4itdEJYyjZ2Sem9DbFyi', 'Postulante', true, NOW(), NOW());
INSERT INTO postulantes (id, ci, nombres, apellidos, fecha_nacimiento, sexo, direccion, telefono, email, colegio_procedencia, ciudad, titulo_bachiller, primera_opcion_id, segunda_opcion_id, turno_preferencia, gestion_id, estado, recurrente, user_id, created_at, updated_at) VALUES (1301, '6549803', 'Rafael', 'Tapia', '2005-01-15', 'M', NULL, '59169662624', 'rafaeltapia100@estudiante.edu.bo', 'Colegio Boliviano', 'Santa Cruz de la Sierra', NULL, 3, 4, 'Manana', 2, 'Preinscrito', false, 1400, NOW(), NOW());
INSERT INTO requisitos_documentales (postulante_id, ci_digitalizado, certificado_nacimiento, titulo_bachiller_legalizado, formulario_preinscripcion, verificado_bd_externa, updated_at) VALUES (1301, false, false, false, false, false, NOW());
INSERT INTO users (id, name, email, password, role, active, created_at, updated_at) VALUES (1401, 'Antonio Rivas', 'antoniorivas101@estudiante.edu.bo', '\$2y\$12\$TyO9cTQJ0O7NSPORyyP8Hup.wk8.BWNWu4itdEJYyjZ2Sem9DbFyi', 'Postulante', true, NOW(), NOW());
INSERT INTO postulantes (id, ci, nombres, apellidos, fecha_nacimiento, sexo, direccion, telefono, email, colegio_procedencia, ciudad, titulo_bachiller, primera_opcion_id, segunda_opcion_id, turno_preferencia, gestion_id, estado, recurrente, user_id, created_at, updated_at) VALUES (1302, '6348908', 'Antonio', 'Rivas', '2005-01-15', 'M', NULL, '59182498084', 'antoniorivas101@estudiante.edu.bo', 'Colegio Boliviano', 'Santa Cruz de la Sierra', NULL, 3, 4, 'Tarde', 2, 'Preinscrito', false, 1401, NOW(), NOW());
INSERT INTO requisitos_documentales (postulante_id, ci_digitalizado, certificado_nacimiento, titulo_bachiller_legalizado, formulario_preinscripcion, verificado_bd_externa, updated_at) VALUES (1302, false, false, false, false, false, NOW());
INSERT INTO users (id, name, email, password, role, active, created_at, updated_at) VALUES (1402, 'Verónica Carrillo', 'verónicacarrillo102@estudiante.edu.bo', '\$2y\$12\$TyO9cTQJ0O7NSPORyyP8Hup.wk8.BWNWu4itdEJYyjZ2Sem9DbFyi', 'Postulante', true, NOW(), NOW());
INSERT INTO postulantes (id, ci, nombres, apellidos, fecha_nacimiento, sexo, direccion, telefono, email, colegio_procedencia, ciudad, titulo_bachiller, primera_opcion_id, segunda_opcion_id, turno_preferencia, gestion_id, estado, recurrente, user_id, created_at, updated_at) VALUES (1303, '5429485', 'Verónica', 'Carrillo', '2005-01-15', 'M', NULL, '59165290258', 'verónicacarrillo102@estudiante.edu.bo', 'Colegio Boliviano', 'Santa Cruz de la Sierra', NULL, 3, 4, 'Manana', 2, 'Preinscrito', false, 1402, NOW(), NOW());
INSERT INTO requisitos_documentales (postulante_id, ci_digitalizado, certificado_nacimiento, titulo_bachiller_legalizado, formulario_preinscripcion, verificado_bd_externa, updated_at) VALUES (1303, false, false, false, false, false, NOW());
INSERT INTO users (id, name, email, password, role, active, created_at, updated_at) VALUES (1403, 'Fernando Rojas', 'fernandorojas103@estudiante.edu.bo', '\$2y\$12\$TyO9cTQJ0O7NSPORyyP8Hup.wk8.BWNWu4itdEJYyjZ2Sem9DbFyi', 'Postulante', true, NOW(), NOW());
INSERT INTO postulantes (id, ci, nombres, apellidos, fecha_nacimiento, sexo, direccion, telefono, email, colegio_procedencia, ciudad, titulo_bachiller, primera_opcion_id, segunda_opcion_id, turno_preferencia, gestion_id, estado, recurrente, user_id, created_at, updated_at) VALUES (1304, '7008871', 'Fernando', 'Rojas', '2005-01-15', 'M', NULL, '59169385207', 'fernandorojas103@estudiante.edu.bo', 'Colegio Boliviano', 'Santa Cruz de la Sierra', NULL, 3, 4, 'Manana', 2, 'Preinscrito', false, 1403, NOW(), NOW());
INSERT INTO requisitos_documentales (postulante_id, ci_digitalizado, certificado_nacimiento, titulo_bachiller_legalizado, formulario_preinscripcion, verificado_bd_externa, updated_at) VALUES (1304, false, false, false, false, false, NOW());
INSERT INTO users (id, name, email, password, role, active, created_at, updated_at) VALUES (1404, 'Esperanza Hernández', 'esperanzahernández104@estudiante.edu.bo', '\$2y\$12\$TyO9cTQJ0O7NSPORyyP8Hup.wk8.BWNWu4itdEJYyjZ2Sem9DbFyi', 'Postulante', true, NOW(), NOW());
INSERT INTO postulantes (id, ci, nombres, apellidos, fecha_nacimiento, sexo, direccion, telefono, email, colegio_procedencia, ciudad, titulo_bachiller, primera_opcion_id, segunda_opcion_id, turno_preferencia, gestion_id, estado, recurrente, user_id, created_at, updated_at) VALUES (1305, '8419818', 'Esperanza', 'Hernández', '2005-01-15', 'M', NULL, '59165787921', 'esperanzahernández104@estudiante.edu.bo', 'Colegio Boliviano', 'Santa Cruz de la Sierra', NULL, 3, 4, 'Tarde', 2, 'Preinscrito', false, 1404, NOW(), NOW());
INSERT INTO requisitos_documentales (postulante_id, ci_digitalizado, certificado_nacimiento, titulo_bachiller_legalizado, formulario_preinscripcion, verificado_bd_externa, updated_at) VALUES (1305, false, false, false, false, false, NOW());
INSERT INTO users (id, name, email, password, role, active, created_at, updated_at) VALUES (1405, 'Isabel Domínguez', 'isabeldomínguez105@estudiante.edu.bo', '\$2y\$12\$TyO9cTQJ0O7NSPORyyP8Hup.wk8.BWNWu4itdEJYyjZ2Sem9DbFyi', 'Postulante', true, NOW(), NOW());
INSERT INTO postulantes (id, ci, nombres, apellidos, fecha_nacimiento, sexo, direccion, telefono, email, colegio_procedencia, ciudad, titulo_bachiller, primera_opcion_id, segunda_opcion_id, turno_preferencia, gestion_id, estado, recurrente, user_id, created_at, updated_at) VALUES (1306, '2755185', 'Isabel', 'Domínguez', '2005-01-15', 'M', NULL, '59195399597', 'isabeldomínguez105@estudiante.edu.bo', 'Colegio Boliviano', 'Santa Cruz de la Sierra', NULL, 3, 4, 'Noche', 2, 'Preinscrito', false, 1405, NOW(), NOW());
INSERT INTO requisitos_documentales (postulante_id, ci_digitalizado, certificado_nacimiento, titulo_bachiller_legalizado, formulario_preinscripcion, verificado_bd_externa, updated_at) VALUES (1306, false, false, false, false, false, NOW());
INSERT INTO users (id, name, email, password, role, active, created_at, updated_at) VALUES (1406, 'Diego Rojas', 'diegorojas106@estudiante.edu.bo', '\$2y\$12\$TyO9cTQJ0O7NSPORyyP8Hup.wk8.BWNWu4itdEJYyjZ2Sem9DbFyi', 'Postulante', true, NOW(), NOW());
INSERT INTO postulantes (id, ci, nombres, apellidos, fecha_nacimiento, sexo, direccion, telefono, email, colegio_procedencia, ciudad, titulo_bachiller, primera_opcion_id, segunda_opcion_id, turno_preferencia, gestion_id, estado, recurrente, user_id, created_at, updated_at) VALUES (1307, '5607642', 'Diego', 'Rojas', '2005-01-15', 'M', NULL, '59186790117', 'diegorojas106@estudiante.edu.bo', 'Colegio Boliviano', 'Santa Cruz de la Sierra', NULL, 3, 4, 'Noche', 2, 'Preinscrito', false, 1406, NOW(), NOW());
INSERT INTO requisitos_documentales (postulante_id, ci_digitalizado, certificado_nacimiento, titulo_bachiller_legalizado, formulario_preinscripcion, verificado_bd_externa, updated_at) VALUES (1307, false, false, false, false, false, NOW());
INSERT INTO users (id, name, email, password, role, active, created_at, updated_at) VALUES (1407, 'Ana Fuentes', 'anafuentes107@estudiante.edu.bo', '\$2y\$12\$TyO9cTQJ0O7NSPORyyP8Hup.wk8.BWNWu4itdEJYyjZ2Sem9DbFyi', 'Postulante', true, NOW(), NOW());
INSERT INTO postulantes (id, ci, nombres, apellidos, fecha_nacimiento, sexo, direccion, telefono, email, colegio_procedencia, ciudad, titulo_bachiller, primera_opcion_id, segunda_opcion_id, turno_preferencia, gestion_id, estado, recurrente, user_id, created_at, updated_at) VALUES (1308, '5315093', 'Ana', 'Fuentes', '2005-01-15', 'M', NULL, '59190624241', 'anafuentes107@estudiante.edu.bo', 'Colegio Boliviano', 'Santa Cruz de la Sierra', NULL, 3, 4, 'Tarde', 2, 'Preinscrito', false, 1407, NOW(), NOW());
INSERT INTO requisitos_documentales (postulante_id, ci_digitalizado, certificado_nacimiento, titulo_bachiller_legalizado, formulario_preinscripcion, verificado_bd_externa, updated_at) VALUES (1308, false, false, false, false, false, NOW());
INSERT INTO users (id, name, email, password, role, active, created_at, updated_at) VALUES (1408, 'Irene Valencia', 'irenevalencia108@estudiante.edu.bo', '\$2y\$12\$TyO9cTQJ0O7NSPORyyP8Hup.wk8.BWNWu4itdEJYyjZ2Sem9DbFyi', 'Postulante', true, NOW(), NOW());
INSERT INTO postulantes (id, ci, nombres, apellidos, fecha_nacimiento, sexo, direccion, telefono, email, colegio_procedencia, ciudad, titulo_bachiller, primera_opcion_id, segunda_opcion_id, turno_preferencia, gestion_id, estado, recurrente, user_id, created_at, updated_at) VALUES (1309, '3535119', 'Irene', 'Valencia', '2005-01-15', 'M', NULL, '59199119313', 'irenevalencia108@estudiante.edu.bo', 'Colegio Boliviano', 'Santa Cruz de la Sierra', NULL, 3, 4, 'Manana', 2, 'Preinscrito', false, 1408, NOW(), NOW());
INSERT INTO requisitos_documentales (postulante_id, ci_digitalizado, certificado_nacimiento, titulo_bachiller_legalizado, formulario_preinscripcion, verificado_bd_externa, updated_at) VALUES (1309, false, false, false, false, false, NOW());
INSERT INTO users (id, name, email, password, role, active, created_at, updated_at) VALUES (1409, 'Valentina Molina', 'valentinamolina109@estudiante.edu.bo', '\$2y\$12\$TyO9cTQJ0O7NSPORyyP8Hup.wk8.BWNWu4itdEJYyjZ2Sem9DbFyi', 'Postulante', true, NOW(), NOW());
INSERT INTO postulantes (id, ci, nombres, apellidos, fecha_nacimiento, sexo, direccion, telefono, email, colegio_procedencia, ciudad, titulo_bachiller, primera_opcion_id, segunda_opcion_id, turno_preferencia, gestion_id, estado, recurrente, user_id, created_at, updated_at) VALUES (1310, '3352031', 'Valentina', 'Molina', '2005-01-15', 'M', NULL, '59169999171', 'valentinamolina109@estudiante.edu.bo', 'Colegio Boliviano', 'Santa Cruz de la Sierra', NULL, 3, 4, 'Manana', 2, 'Preinscrito', false, 1409, NOW(), NOW());
INSERT INTO requisitos_documentales (postulante_id, ci_digitalizado, certificado_nacimiento, titulo_bachiller_legalizado, formulario_preinscripcion, verificado_bd_externa, updated_at) VALUES (1310, false, false, false, false, false, NOW());
INSERT INTO users (id, name, email, password, role, active, created_at, updated_at) VALUES (1410, 'Sergio Silva', 'sergiosilva110@estudiante.edu.bo', '\$2y\$12\$TyO9cTQJ0O7NSPORyyP8Hup.wk8.BWNWu4itdEJYyjZ2Sem9DbFyi', 'Postulante', true, NOW(), NOW());
INSERT INTO postulantes (id, ci, nombres, apellidos, fecha_nacimiento, sexo, direccion, telefono, email, colegio_procedencia, ciudad, titulo_bachiller, primera_opcion_id, segunda_opcion_id, turno_preferencia, gestion_id, estado, recurrente, user_id, created_at, updated_at) VALUES (1311, '9334751', 'Sergio', 'Silva', '2005-01-15', 'M', NULL, '59195881458', 'sergiosilva110@estudiante.edu.bo', 'Colegio Boliviano', 'Santa Cruz de la Sierra', NULL, 3, 4, 'Tarde', 2, 'Preinscrito', false, 1410, NOW(), NOW());
INSERT INTO requisitos_documentales (postulante_id, ci_digitalizado, certificado_nacimiento, titulo_bachiller_legalizado, formulario_preinscripcion, verificado_bd_externa, updated_at) VALUES (1311, false, false, false, false, false, NOW());
INSERT INTO users (id, name, email, password, role, active, created_at, updated_at) VALUES (1411, 'Elena Morales', 'elenamorales111@estudiante.edu.bo', '\$2y\$12\$TyO9cTQJ0O7NSPORyyP8Hup.wk8.BWNWu4itdEJYyjZ2Sem9DbFyi', 'Postulante', true, NOW(), NOW());
INSERT INTO postulantes (id, ci, nombres, apellidos, fecha_nacimiento, sexo, direccion, telefono, email, colegio_procedencia, ciudad, titulo_bachiller, primera_opcion_id, segunda_opcion_id, turno_preferencia, gestion_id, estado, recurrente, user_id, created_at, updated_at) VALUES (1312, '1050335', 'Elena', 'Morales', '2005-01-15', 'M', NULL, '59177496482', 'elenamorales111@estudiante.edu.bo', 'Colegio Boliviano', 'Santa Cruz de la Sierra', NULL, 3, 4, 'Tarde', 2, 'Preinscrito', false, 1411, NOW(), NOW());
INSERT INTO requisitos_documentales (postulante_id, ci_digitalizado, certificado_nacimiento, titulo_bachiller_legalizado, formulario_preinscripcion, verificado_bd_externa, updated_at) VALUES (1312, false, false, false, false, false, NOW());
INSERT INTO users (id, name, email, password, role, active, created_at, updated_at) VALUES (1412, 'Alejandro Sánchez', 'alejandrosánchez112@estudiante.edu.bo', '\$2y\$12\$TyO9cTQJ0O7NSPORyyP8Hup.wk8.BWNWu4itdEJYyjZ2Sem9DbFyi', 'Postulante', true, NOW(), NOW());
INSERT INTO postulantes (id, ci, nombres, apellidos, fecha_nacimiento, sexo, direccion, telefono, email, colegio_procedencia, ciudad, titulo_bachiller, primera_opcion_id, segunda_opcion_id, turno_preferencia, gestion_id, estado, recurrente, user_id, created_at, updated_at) VALUES (1313, '6025121', 'Alejandro', 'Sánchez', '2005-01-15', 'M', NULL, '59160737251', 'alejandrosánchez112@estudiante.edu.bo', 'Colegio Boliviano', 'Santa Cruz de la Sierra', NULL, 3, 4, 'Tarde', 2, 'Preinscrito', false, 1412, NOW(), NOW());
INSERT INTO requisitos_documentales (postulante_id, ci_digitalizado, certificado_nacimiento, titulo_bachiller_legalizado, formulario_preinscripcion, verificado_bd_externa, updated_at) VALUES (1313, false, false, false, false, false, NOW());
INSERT INTO users (id, name, email, password, role, active, created_at, updated_at) VALUES (1413, 'Víctor Pérez', 'víctorpérez113@estudiante.edu.bo', '\$2y\$12\$TyO9cTQJ0O7NSPORyyP8Hup.wk8.BWNWu4itdEJYyjZ2Sem9DbFyi', 'Postulante', true, NOW(), NOW());
INSERT INTO postulantes (id, ci, nombres, apellidos, fecha_nacimiento, sexo, direccion, telefono, email, colegio_procedencia, ciudad, titulo_bachiller, primera_opcion_id, segunda_opcion_id, turno_preferencia, gestion_id, estado, recurrente, user_id, created_at, updated_at) VALUES (1314, '3023368', 'Víctor', 'Pérez', '2005-01-15', 'M', NULL, '59182992889', 'víctorpérez113@estudiante.edu.bo', 'Colegio Boliviano', 'Santa Cruz de la Sierra', NULL, 3, 4, 'Tarde', 2, 'Preinscrito', false, 1413, NOW(), NOW());
INSERT INTO requisitos_documentales (postulante_id, ci_digitalizado, certificado_nacimiento, titulo_bachiller_legalizado, formulario_preinscripcion, verificado_bd_externa, updated_at) VALUES (1314, false, false, false, false, false, NOW());
INSERT INTO users (id, name, email, password, role, active, created_at, updated_at) VALUES (1414, 'Eduardo Fuentes', 'eduardofuentes114@estudiante.edu.bo', '\$2y\$12\$TyO9cTQJ0O7NSPORyyP8Hup.wk8.BWNWu4itdEJYyjZ2Sem9DbFyi', 'Postulante', true, NOW(), NOW());
INSERT INTO postulantes (id, ci, nombres, apellidos, fecha_nacimiento, sexo, direccion, telefono, email, colegio_procedencia, ciudad, titulo_bachiller, primera_opcion_id, segunda_opcion_id, turno_preferencia, gestion_id, estado, recurrente, user_id, created_at, updated_at) VALUES (1315, '4917980', 'Eduardo', 'Fuentes', '2005-01-15', 'M', NULL, '59169121641', 'eduardofuentes114@estudiante.edu.bo', 'Colegio Boliviano', 'Santa Cruz de la Sierra', NULL, 3, 4, 'Noche', 2, 'Preinscrito', false, 1414, NOW(), NOW());
INSERT INTO requisitos_documentales (postulante_id, ci_digitalizado, certificado_nacimiento, titulo_bachiller_legalizado, formulario_preinscripcion, verificado_bd_externa, updated_at) VALUES (1315, false, false, false, false, false, NOW());
INSERT INTO users (id, name, email, password, role, active, created_at, updated_at) VALUES (1415, 'Rosario Morales', 'rosariomorales115@estudiante.edu.bo', '\$2y\$12\$TyO9cTQJ0O7NSPORyyP8Hup.wk8.BWNWu4itdEJYyjZ2Sem9DbFyi', 'Postulante', true, NOW(), NOW());
INSERT INTO postulantes (id, ci, nombres, apellidos, fecha_nacimiento, sexo, direccion, telefono, email, colegio_procedencia, ciudad, titulo_bachiller, primera_opcion_id, segunda_opcion_id, turno_preferencia, gestion_id, estado, recurrente, user_id, created_at, updated_at) VALUES (1316, '1305705', 'Rosario', 'Morales', '2005-01-15', 'M', NULL, '59176407490', 'rosariomorales115@estudiante.edu.bo', 'Colegio Boliviano', 'Santa Cruz de la Sierra', NULL, 3, 4, 'Tarde', 2, 'Preinscrito', false, 1415, NOW(), NOW());
INSERT INTO requisitos_documentales (postulante_id, ci_digitalizado, certificado_nacimiento, titulo_bachiller_legalizado, formulario_preinscripcion, verificado_bd_externa, updated_at) VALUES (1316, false, false, false, false, false, NOW());
INSERT INTO users (id, name, email, password, role, active, created_at, updated_at) VALUES (1416, 'Pedro Jiménez', 'pedrojiménez116@estudiante.edu.bo', '\$2y\$12\$TyO9cTQJ0O7NSPORyyP8Hup.wk8.BWNWu4itdEJYyjZ2Sem9DbFyi', 'Postulante', true, NOW(), NOW());
INSERT INTO postulantes (id, ci, nombres, apellidos, fecha_nacimiento, sexo, direccion, telefono, email, colegio_procedencia, ciudad, titulo_bachiller, primera_opcion_id, segunda_opcion_id, turno_preferencia, gestion_id, estado, recurrente, user_id, created_at, updated_at) VALUES (1317, '1998360', 'Pedro', 'Jiménez', '2005-01-15', 'M', NULL, '59184678303', 'pedrojiménez116@estudiante.edu.bo', 'Colegio Boliviano', 'Santa Cruz de la Sierra', NULL, 3, 4, 'Manana', 2, 'Preinscrito', false, 1416, NOW(), NOW());
INSERT INTO requisitos_documentales (postulante_id, ci_digitalizado, certificado_nacimiento, titulo_bachiller_legalizado, formulario_preinscripcion, verificado_bd_externa, updated_at) VALUES (1317, false, false, false, false, false, NOW());
INSERT INTO users (id, name, email, password, role, active, created_at, updated_at) VALUES (1417, 'Arturo Reyes', 'arturoreyes117@estudiante.edu.bo', '\$2y\$12\$TyO9cTQJ0O7NSPORyyP8Hup.wk8.BWNWu4itdEJYyjZ2Sem9DbFyi', 'Postulante', true, NOW(), NOW());
INSERT INTO postulantes (id, ci, nombres, apellidos, fecha_nacimiento, sexo, direccion, telefono, email, colegio_procedencia, ciudad, titulo_bachiller, primera_opcion_id, segunda_opcion_id, turno_preferencia, gestion_id, estado, recurrente, user_id, created_at, updated_at) VALUES (1318, '5593777', 'Arturo', 'Reyes', '2005-01-15', 'M', NULL, '59164735213', 'arturoreyes117@estudiante.edu.bo', 'Colegio Boliviano', 'Santa Cruz de la Sierra', NULL, 3, 4, 'Noche', 2, 'Preinscrito', false, 1417, NOW(), NOW());
INSERT INTO requisitos_documentales (postulante_id, ci_digitalizado, certificado_nacimiento, titulo_bachiller_legalizado, formulario_preinscripcion, verificado_bd_externa, updated_at) VALUES (1318, false, false, false, false, false, NOW());
INSERT INTO users (id, name, email, password, role, active, created_at, updated_at) VALUES (1418, 'María Valdez', 'maríavaldez1318@estudiante.edu.bo', '\$2y\$12\$TyO9cTQJ0O7NSPORyyP8Hup.wk8.BWNWu4itdEJYyjZ2Sem9DbFyi', 'Postulante', true, NOW(), NOW());
INSERT INTO postulantes (id, ci, nombres, apellidos, fecha_nacimiento, sexo, direccion, telefono, email, colegio_procedencia, ciudad, titulo_bachiller, primera_opcion_id, segunda_opcion_id, turno_preferencia, gestion_id, estado, recurrente, user_id, created_at, updated_at) VALUES (1319, '9190867', 'María', 'Valdez', '2005-01-15', 'M', NULL, '59193060368', 'maríavaldez1318@estudiante.edu.bo', 'Colegio Boliviano', 'Santa Cruz de la Sierra', NULL, 3, 4, 'Tarde', 2, 'Preinscrito', false, 1418, NOW(), NOW());
INSERT INTO requisitos_documentales (postulante_id, ci_digitalizado, certificado_nacimiento, titulo_bachiller_legalizado, formulario_preinscripcion, verificado_bd_externa, updated_at) VALUES (1319, false, false, false, false, false, NOW());
INSERT INTO users (id, name, email, password, role, active, created_at, updated_at) VALUES (1419, 'Miguel Hernández', 'miguelhernández119@estudiante.edu.bo', '\$2y\$12\$TyO9cTQJ0O7NSPORyyP8Hup.wk8.BWNWu4itdEJYyjZ2Sem9DbFyi', 'Postulante', true, NOW(), NOW());
INSERT INTO postulantes (id, ci, nombres, apellidos, fecha_nacimiento, sexo, direccion, telefono, email, colegio_procedencia, ciudad, titulo_bachiller, primera_opcion_id, segunda_opcion_id, turno_preferencia, gestion_id, estado, recurrente, user_id, created_at, updated_at) VALUES (1320, '4166746', 'Miguel', 'Hernández', '2005-01-15', 'M', NULL, '59178718709', 'miguelhernández119@estudiante.edu.bo', 'Colegio Boliviano', 'Santa Cruz de la Sierra', NULL, 3, 4, 'Tarde', 2, 'Preinscrito', false, 1419, NOW(), NOW());
INSERT INTO requisitos_documentales (postulante_id, ci_digitalizado, certificado_nacimiento, titulo_bachiller_legalizado, formulario_preinscripcion, verificado_bd_externa, updated_at) VALUES (1320, false, false, false, false, false, NOW());
INSERT INTO users (id, name, email, password, role, active, created_at, updated_at) VALUES (1420, 'Ana Vargas', 'anavargas120@estudiante.edu.bo', '\$2y\$12\$TyO9cTQJ0O7NSPORyyP8Hup.wk8.BWNWu4itdEJYyjZ2Sem9DbFyi', 'Postulante', true, NOW(), NOW());
INSERT INTO postulantes (id, ci, nombres, apellidos, fecha_nacimiento, sexo, direccion, telefono, email, colegio_procedencia, ciudad, titulo_bachiller, primera_opcion_id, segunda_opcion_id, turno_preferencia, gestion_id, estado, recurrente, user_id, created_at, updated_at) VALUES (1321, '7222329', 'Ana', 'Vargas', '2005-01-15', 'M', NULL, '59174784406', 'anavargas120@estudiante.edu.bo', 'Colegio Boliviano', 'Santa Cruz de la Sierra', NULL, 3, 4, 'Noche', 2, 'Preinscrito', false, 1420, NOW(), NOW());
INSERT INTO requisitos_documentales (postulante_id, ci_digitalizado, certificado_nacimiento, titulo_bachiller_legalizado, formulario_preinscripcion, verificado_bd_externa, updated_at) VALUES (1321, false, false, false, false, false, NOW());
INSERT INTO users (id, name, email, password, role, active, created_at, updated_at) VALUES (1421, 'Pedro Vázquez', 'pedrovázquez121@estudiante.edu.bo', '\$2y\$12\$TyO9cTQJ0O7NSPORyyP8Hup.wk8.BWNWu4itdEJYyjZ2Sem9DbFyi', 'Postulante', true, NOW(), NOW());
INSERT INTO postulantes (id, ci, nombres, apellidos, fecha_nacimiento, sexo, direccion, telefono, email, colegio_procedencia, ciudad, titulo_bachiller, primera_opcion_id, segunda_opcion_id, turno_preferencia, gestion_id, estado, recurrente, user_id, created_at, updated_at) VALUES (1322, '6139916', 'Pedro', 'Vázquez', '2005-01-15', 'M', NULL, '59180797153', 'pedrovázquez121@estudiante.edu.bo', 'Colegio Boliviano', 'Santa Cruz de la Sierra', NULL, 3, 4, 'Tarde', 2, 'Preinscrito', false, 1421, NOW(), NOW());
INSERT INTO requisitos_documentales (postulante_id, ci_digitalizado, certificado_nacimiento, titulo_bachiller_legalizado, formulario_preinscripcion, verificado_bd_externa, updated_at) VALUES (1322, false, false, false, false, false, NOW());
INSERT INTO users (id, name, email, password, role, active, created_at, updated_at) VALUES (1422, 'Beatriz Vega', 'beatrizvega122@estudiante.edu.bo', '\$2y\$12\$TyO9cTQJ0O7NSPORyyP8Hup.wk8.BWNWu4itdEJYyjZ2Sem9DbFyi', 'Postulante', true, NOW(), NOW());
INSERT INTO postulantes (id, ci, nombres, apellidos, fecha_nacimiento, sexo, direccion, telefono, email, colegio_procedencia, ciudad, titulo_bachiller, primera_opcion_id, segunda_opcion_id, turno_preferencia, gestion_id, estado, recurrente, user_id, created_at, updated_at) VALUES (1323, '8096322', 'Beatriz', 'Vega', '2005-01-15', 'M', NULL, '59176061174', 'beatrizvega122@estudiante.edu.bo', 'Colegio Boliviano', 'Santa Cruz de la Sierra', NULL, 3, 4, 'Tarde', 2, 'Preinscrito', false, 1422, NOW(), NOW());
INSERT INTO requisitos_documentales (postulante_id, ci_digitalizado, certificado_nacimiento, titulo_bachiller_legalizado, formulario_preinscripcion, verificado_bd_externa, updated_at) VALUES (1323, false, false, false, false, false, NOW());
INSERT INTO users (id, name, email, password, role, active, created_at, updated_at) VALUES (1423, 'Alejandro Ramírez', 'alejandroramírez123@estudiante.edu.bo', '\$2y\$12\$TyO9cTQJ0O7NSPORyyP8Hup.wk8.BWNWu4itdEJYyjZ2Sem9DbFyi', 'Postulante', true, NOW(), NOW());
INSERT INTO postulantes (id, ci, nombres, apellidos, fecha_nacimiento, sexo, direccion, telefono, email, colegio_procedencia, ciudad, titulo_bachiller, primera_opcion_id, segunda_opcion_id, turno_preferencia, gestion_id, estado, recurrente, user_id, created_at, updated_at) VALUES (1324, '9479719', 'Alejandro', 'Ramírez', '2005-01-15', 'M', NULL, '59181542321', 'alejandroramírez123@estudiante.edu.bo', 'Colegio Boliviano', 'Santa Cruz de la Sierra', NULL, 3, 4, 'Manana', 2, 'Preinscrito', false, 1423, NOW(), NOW());
INSERT INTO requisitos_documentales (postulante_id, ci_digitalizado, certificado_nacimiento, titulo_bachiller_legalizado, formulario_preinscripcion, verificado_bd_externa, updated_at) VALUES (1324, false, false, false, false, false, NOW());
INSERT INTO users (id, name, email, password, role, active, created_at, updated_at) VALUES (1424, 'Esperanza Domínguez', 'esperanzadomínguez124@estudiante.edu.bo', '\$2y\$12\$TyO9cTQJ0O7NSPORyyP8Hup.wk8.BWNWu4itdEJYyjZ2Sem9DbFyi', 'Postulante', true, NOW(), NOW());
INSERT INTO postulantes (id, ci, nombres, apellidos, fecha_nacimiento, sexo, direccion, telefono, email, colegio_procedencia, ciudad, titulo_bachiller, primera_opcion_id, segunda_opcion_id, turno_preferencia, gestion_id, estado, recurrente, user_id, created_at, updated_at) VALUES (1325, '7707831', 'Esperanza', 'Domínguez', '2005-01-15', 'M', NULL, '59176320185', 'esperanzadomínguez124@estudiante.edu.bo', 'Colegio Boliviano', 'Santa Cruz de la Sierra', NULL, 3, 4, 'Noche', 2, 'Preinscrito', false, 1424, NOW(), NOW());
INSERT INTO requisitos_documentales (postulante_id, ci_digitalizado, certificado_nacimiento, titulo_bachiller_legalizado, formulario_preinscripcion, verificado_bd_externa, updated_at) VALUES (1325, false, false, false, false, false, NOW());
INSERT INTO users (id, name, email, password, role, active, created_at, updated_at) VALUES (1425, 'Lorena Acosta', 'lorenaacosta125@estudiante.edu.bo', '\$2y\$12\$TyO9cTQJ0O7NSPORyyP8Hup.wk8.BWNWu4itdEJYyjZ2Sem9DbFyi', 'Postulante', true, NOW(), NOW());
INSERT INTO postulantes (id, ci, nombres, apellidos, fecha_nacimiento, sexo, direccion, telefono, email, colegio_procedencia, ciudad, titulo_bachiller, primera_opcion_id, segunda_opcion_id, turno_preferencia, gestion_id, estado, recurrente, user_id, created_at, updated_at) VALUES (1326, '1033571', 'Lorena', 'Acosta', '2005-01-15', 'M', NULL, '59196515940', 'lorenaacosta125@estudiante.edu.bo', 'Colegio Boliviano', 'Santa Cruz de la Sierra', NULL, 3, 4, 'Manana', 2, 'Preinscrito', false, 1425, NOW(), NOW());
INSERT INTO requisitos_documentales (postulante_id, ci_digitalizado, certificado_nacimiento, titulo_bachiller_legalizado, formulario_preinscripcion, verificado_bd_externa, updated_at) VALUES (1326, false, false, false, false, false, NOW());
INSERT INTO users (id, name, email, password, role, active, created_at, updated_at) VALUES (1426, 'Aurora Rivera', 'aurorarivera126@estudiante.edu.bo', '\$2y\$12\$TyO9cTQJ0O7NSPORyyP8Hup.wk8.BWNWu4itdEJYyjZ2Sem9DbFyi', 'Postulante', true, NOW(), NOW());
INSERT INTO postulantes (id, ci, nombres, apellidos, fecha_nacimiento, sexo, direccion, telefono, email, colegio_procedencia, ciudad, titulo_bachiller, primera_opcion_id, segunda_opcion_id, turno_preferencia, gestion_id, estado, recurrente, user_id, created_at, updated_at) VALUES (1327, '9886297', 'Aurora', 'Rivera', '2005-01-15', 'M', NULL, '59191198235', 'aurorarivera126@estudiante.edu.bo', 'Colegio Boliviano', 'Santa Cruz de la Sierra', NULL, 3, 4, 'Manana', 2, 'Preinscrito', false, 1426, NOW(), NOW());
INSERT INTO requisitos_documentales (postulante_id, ci_digitalizado, certificado_nacimiento, titulo_bachiller_legalizado, formulario_preinscripcion, verificado_bd_externa, updated_at) VALUES (1327, false, false, false, false, false, NOW());
INSERT INTO users (id, name, email, password, role, active, created_at, updated_at) VALUES (1427, 'Carlos Domínguez', 'carlosdomínguez127@estudiante.edu.bo', '\$2y\$12\$TyO9cTQJ0O7NSPORyyP8Hup.wk8.BWNWu4itdEJYyjZ2Sem9DbFyi', 'Postulante', true, NOW(), NOW());
INSERT INTO postulantes (id, ci, nombres, apellidos, fecha_nacimiento, sexo, direccion, telefono, email, colegio_procedencia, ciudad, titulo_bachiller, primera_opcion_id, segunda_opcion_id, turno_preferencia, gestion_id, estado, recurrente, user_id, created_at, updated_at) VALUES (1328, '4582300', 'Carlos', 'Domínguez', '2005-01-15', 'M', NULL, '59179722884', 'carlosdomínguez127@estudiante.edu.bo', 'Colegio Boliviano', 'Santa Cruz de la Sierra', NULL, 3, 4, 'Noche', 2, 'Preinscrito', false, 1427, NOW(), NOW());
INSERT INTO requisitos_documentales (postulante_id, ci_digitalizado, certificado_nacimiento, titulo_bachiller_legalizado, formulario_preinscripcion, verificado_bd_externa, updated_at) VALUES (1328, false, false, false, false, false, NOW());
INSERT INTO users (id, name, email, password, role, active, created_at, updated_at) VALUES (1428, 'Manuel Castillo', 'manuelcastillo128@estudiante.edu.bo', '\$2y\$12\$TyO9cTQJ0O7NSPORyyP8Hup.wk8.BWNWu4itdEJYyjZ2Sem9DbFyi', 'Postulante', true, NOW(), NOW());
INSERT INTO postulantes (id, ci, nombres, apellidos, fecha_nacimiento, sexo, direccion, telefono, email, colegio_procedencia, ciudad, titulo_bachiller, primera_opcion_id, segunda_opcion_id, turno_preferencia, gestion_id, estado, recurrente, user_id, created_at, updated_at) VALUES (1329, '3792279', 'Manuel', 'Castillo', '2005-01-15', 'M', NULL, '59177044469', 'manuelcastillo128@estudiante.edu.bo', 'Colegio Boliviano', 'Santa Cruz de la Sierra', NULL, 3, 4, 'Manana', 2, 'Preinscrito', false, 1428, NOW(), NOW());
INSERT INTO requisitos_documentales (postulante_id, ci_digitalizado, certificado_nacimiento, titulo_bachiller_legalizado, formulario_preinscripcion, verificado_bd_externa, updated_at) VALUES (1329, false, false, false, false, false, NOW());
INSERT INTO users (id, name, email, password, role, active, created_at, updated_at) VALUES (1429, 'Alejandro Sánchez', 'alejandrosánchez129@estudiante.edu.bo', '\$2y\$12\$TyO9cTQJ0O7NSPORyyP8Hup.wk8.BWNWu4itdEJYyjZ2Sem9DbFyi', 'Postulante', true, NOW(), NOW());
INSERT INTO postulantes (id, ci, nombres, apellidos, fecha_nacimiento, sexo, direccion, telefono, email, colegio_procedencia, ciudad, titulo_bachiller, primera_opcion_id, segunda_opcion_id, turno_preferencia, gestion_id, estado, recurrente, user_id, created_at, updated_at) VALUES (1330, '5842889', 'Alejandro', 'Sánchez', '2005-01-15', 'M', NULL, '59169952284', 'alejandrosánchez129@estudiante.edu.bo', 'Colegio Boliviano', 'Santa Cruz de la Sierra', NULL, 3, 4, 'Tarde', 2, 'Preinscrito', false, 1429, NOW(), NOW());
INSERT INTO requisitos_documentales (postulante_id, ci_digitalizado, certificado_nacimiento, titulo_bachiller_legalizado, formulario_preinscripcion, verificado_bd_externa, updated_at) VALUES (1330, false, false, false, false, false, NOW());
INSERT INTO users (id, name, email, password, role, active, created_at, updated_at) VALUES (1430, 'Valentina Morales', 'valentinamorales130@estudiante.edu.bo', '\$2y\$12\$TyO9cTQJ0O7NSPORyyP8Hup.wk8.BWNWu4itdEJYyjZ2Sem9DbFyi', 'Postulante', true, NOW(), NOW());
INSERT INTO postulantes (id, ci, nombres, apellidos, fecha_nacimiento, sexo, direccion, telefono, email, colegio_procedencia, ciudad, titulo_bachiller, primera_opcion_id, segunda_opcion_id, turno_preferencia, gestion_id, estado, recurrente, user_id, created_at, updated_at) VALUES (1331, '7941597', 'Valentina', 'Morales', '2005-01-15', 'M', NULL, '59196066351', 'valentinamorales130@estudiante.edu.bo', 'Colegio Boliviano', 'Santa Cruz de la Sierra', NULL, 3, 4, 'Manana', 2, 'Preinscrito', false, 1430, NOW(), NOW());
INSERT INTO requisitos_documentales (postulante_id, ci_digitalizado, certificado_nacimiento, titulo_bachiller_legalizado, formulario_preinscripcion, verificado_bd_externa, updated_at) VALUES (1331, false, false, false, false, false, NOW());
INSERT INTO users (id, name, email, password, role, active, created_at, updated_at) VALUES (1431, 'Marisol Ruiz', 'marisolruiz131@estudiante.edu.bo', '\$2y\$12\$TyO9cTQJ0O7NSPORyyP8Hup.wk8.BWNWu4itdEJYyjZ2Sem9DbFyi', 'Postulante', true, NOW(), NOW());
INSERT INTO postulantes (id, ci, nombres, apellidos, fecha_nacimiento, sexo, direccion, telefono, email, colegio_procedencia, ciudad, titulo_bachiller, primera_opcion_id, segunda_opcion_id, turno_preferencia, gestion_id, estado, recurrente, user_id, created_at, updated_at) VALUES (1332, '1043330', 'Marisol', 'Ruiz', '2005-01-15', 'M', NULL, '59171518836', 'marisolruiz131@estudiante.edu.bo', 'Colegio Boliviano', 'Santa Cruz de la Sierra', NULL, 3, 4, 'Tarde', 2, 'Preinscrito', false, 1431, NOW(), NOW());
INSERT INTO requisitos_documentales (postulante_id, ci_digitalizado, certificado_nacimiento, titulo_bachiller_legalizado, formulario_preinscripcion, verificado_bd_externa, updated_at) VALUES (1332, false, false, false, false, false, NOW());
INSERT INTO users (id, name, email, password, role, active, created_at, updated_at) VALUES (1432, 'Sandra Rojas', 'sandrarojas132@estudiante.edu.bo', '\$2y\$12\$TyO9cTQJ0O7NSPORyyP8Hup.wk8.BWNWu4itdEJYyjZ2Sem9DbFyi', 'Postulante', true, NOW(), NOW());
INSERT INTO postulantes (id, ci, nombres, apellidos, fecha_nacimiento, sexo, direccion, telefono, email, colegio_procedencia, ciudad, titulo_bachiller, primera_opcion_id, segunda_opcion_id, turno_preferencia, gestion_id, estado, recurrente, user_id, created_at, updated_at) VALUES (1333, '3235988', 'Sandra', 'Rojas', '2005-01-15', 'M', NULL, '59177099994', 'sandrarojas132@estudiante.edu.bo', 'Colegio Boliviano', 'Santa Cruz de la Sierra', NULL, 3, 4, 'Tarde', 2, 'Preinscrito', false, 1432, NOW(), NOW());
INSERT INTO requisitos_documentales (postulante_id, ci_digitalizado, certificado_nacimiento, titulo_bachiller_legalizado, formulario_preinscripcion, verificado_bd_externa, updated_at) VALUES (1333, false, false, false, false, false, NOW());
INSERT INTO users (id, name, email, password, role, active, created_at, updated_at) VALUES (1433, 'Juan Ramírez', 'juanramírez133@estudiante.edu.bo', '\$2y\$12\$TyO9cTQJ0O7NSPORyyP8Hup.wk8.BWNWu4itdEJYyjZ2Sem9DbFyi', 'Postulante', true, NOW(), NOW());
INSERT INTO postulantes (id, ci, nombres, apellidos, fecha_nacimiento, sexo, direccion, telefono, email, colegio_procedencia, ciudad, titulo_bachiller, primera_opcion_id, segunda_opcion_id, turno_preferencia, gestion_id, estado, recurrente, user_id, created_at, updated_at) VALUES (1334, '8603952', 'Juan', 'Ramírez', '2005-01-15', 'M', NULL, '59162238987', 'juanramírez133@estudiante.edu.bo', 'Colegio Boliviano', 'Santa Cruz de la Sierra', NULL, 3, 4, 'Manana', 2, 'Preinscrito', false, 1433, NOW(), NOW());
INSERT INTO requisitos_documentales (postulante_id, ci_digitalizado, certificado_nacimiento, titulo_bachiller_legalizado, formulario_preinscripcion, verificado_bd_externa, updated_at) VALUES (1334, false, false, false, false, false, NOW());
INSERT INTO users (id, name, email, password, role, active, created_at, updated_at) VALUES (1434, 'Juan Vázquez', 'juanvázquez134@estudiante.edu.bo', '\$2y\$12\$TyO9cTQJ0O7NSPORyyP8Hup.wk8.BWNWu4itdEJYyjZ2Sem9DbFyi', 'Postulante', true, NOW(), NOW());
INSERT INTO postulantes (id, ci, nombres, apellidos, fecha_nacimiento, sexo, direccion, telefono, email, colegio_procedencia, ciudad, titulo_bachiller, primera_opcion_id, segunda_opcion_id, turno_preferencia, gestion_id, estado, recurrente, user_id, created_at, updated_at) VALUES (1335, '3281439', 'Juan', 'Vázquez', '2005-01-15', 'M', NULL, '59187959364', 'juanvázquez134@estudiante.edu.bo', 'Colegio Boliviano', 'Santa Cruz de la Sierra', NULL, 3, 4, 'Manana', 2, 'Preinscrito', false, 1434, NOW(), NOW());
INSERT INTO requisitos_documentales (postulante_id, ci_digitalizado, certificado_nacimiento, titulo_bachiller_legalizado, formulario_preinscripcion, verificado_bd_externa, updated_at) VALUES (1335, false, false, false, false, false, NOW());
INSERT INTO users (id, name, email, password, role, active, created_at, updated_at) VALUES (1435, 'Jorge Ramírez', 'jorgeramírez135@estudiante.edu.bo', '\$2y\$12\$TyO9cTQJ0O7NSPORyyP8Hup.wk8.BWNWu4itdEJYyjZ2Sem9DbFyi', 'Postulante', true, NOW(), NOW());
INSERT INTO postulantes (id, ci, nombres, apellidos, fecha_nacimiento, sexo, direccion, telefono, email, colegio_procedencia, ciudad, titulo_bachiller, primera_opcion_id, segunda_opcion_id, turno_preferencia, gestion_id, estado, recurrente, user_id, created_at, updated_at) VALUES (1336, '5161536', 'Jorge', 'Ramírez', '2005-01-15', 'M', NULL, '59195020260', 'jorgeramírez135@estudiante.edu.bo', 'Colegio Boliviano', 'Santa Cruz de la Sierra', NULL, 3, 4, 'Noche', 2, 'Preinscrito', false, 1435, NOW(), NOW());
INSERT INTO requisitos_documentales (postulante_id, ci_digitalizado, certificado_nacimiento, titulo_bachiller_legalizado, formulario_preinscripcion, verificado_bd_externa, updated_at) VALUES (1336, false, false, false, false, false, NOW());
INSERT INTO users (id, name, email, password, role, active, created_at, updated_at) VALUES (1436, 'Andrés Molina', 'andrésmolina136@estudiante.edu.bo', '\$2y\$12\$TyO9cTQJ0O7NSPORyyP8Hup.wk8.BWNWu4itdEJYyjZ2Sem9DbFyi', 'Postulante', true, NOW(), NOW());
INSERT INTO postulantes (id, ci, nombres, apellidos, fecha_nacimiento, sexo, direccion, telefono, email, colegio_procedencia, ciudad, titulo_bachiller, primera_opcion_id, segunda_opcion_id, turno_preferencia, gestion_id, estado, recurrente, user_id, created_at, updated_at) VALUES (1337, '4373227', 'Andrés', 'Molina', '2005-01-15', 'M', NULL, '59168417783', 'andrésmolina136@estudiante.edu.bo', 'Colegio Boliviano', 'Santa Cruz de la Sierra', NULL, 3, 4, 'Tarde', 2, 'Preinscrito', false, 1436, NOW(), NOW());
INSERT INTO requisitos_documentales (postulante_id, ci_digitalizado, certificado_nacimiento, titulo_bachiller_legalizado, formulario_preinscripcion, verificado_bd_externa, updated_at) VALUES (1337, false, false, false, false, false, NOW());
INSERT INTO users (id, name, email, password, role, active, created_at, updated_at) VALUES (1437, 'Patricia Rivas', 'patriciarivas137@estudiante.edu.bo', '\$2y\$12\$TyO9cTQJ0O7NSPORyyP8Hup.wk8.BWNWu4itdEJYyjZ2Sem9DbFyi', 'Postulante', true, NOW(), NOW());
INSERT INTO postulantes (id, ci, nombres, apellidos, fecha_nacimiento, sexo, direccion, telefono, email, colegio_procedencia, ciudad, titulo_bachiller, primera_opcion_id, segunda_opcion_id, turno_preferencia, gestion_id, estado, recurrente, user_id, created_at, updated_at) VALUES (1338, '4935820', 'Patricia', 'Rivas', '2005-01-15', 'M', NULL, '59197084965', 'patriciarivas137@estudiante.edu.bo', 'Colegio Boliviano', 'Santa Cruz de la Sierra', NULL, 3, 4, 'Tarde', 2, 'Preinscrito', false, 1437, NOW(), NOW());
INSERT INTO requisitos_documentales (postulante_id, ci_digitalizado, certificado_nacimiento, titulo_bachiller_legalizado, formulario_preinscripcion, verificado_bd_externa, updated_at) VALUES (1338, false, false, false, false, false, NOW());
INSERT INTO users (id, name, email, password, role, active, created_at, updated_at) VALUES (1438, 'Carlos Ramírez', 'carlosramírez138@estudiante.edu.bo', '\$2y\$12\$TyO9cTQJ0O7NSPORyyP8Hup.wk8.BWNWu4itdEJYyjZ2Sem9DbFyi', 'Postulante', true, NOW(), NOW());
INSERT INTO postulantes (id, ci, nombres, apellidos, fecha_nacimiento, sexo, direccion, telefono, email, colegio_procedencia, ciudad, titulo_bachiller, primera_opcion_id, segunda_opcion_id, turno_preferencia, gestion_id, estado, recurrente, user_id, created_at, updated_at) VALUES (1339, '4384129', 'Carlos', 'Ramírez', '2005-01-15', 'M', NULL, '59187691474', 'carlosramírez138@estudiante.edu.bo', 'Colegio Boliviano', 'Santa Cruz de la Sierra', NULL, 3, 4, 'Tarde', 2, 'Preinscrito', false, 1438, NOW(), NOW());
INSERT INTO requisitos_documentales (postulante_id, ci_digitalizado, certificado_nacimiento, titulo_bachiller_legalizado, formulario_preinscripcion, verificado_bd_externa, updated_at) VALUES (1339, false, false, false, false, false, NOW());
INSERT INTO users (id, name, email, password, role, active, created_at, updated_at) VALUES (1439, 'Patricia Campos', 'patriciacampos139@estudiante.edu.bo', '\$2y\$12\$TyO9cTQJ0O7NSPORyyP8Hup.wk8.BWNWu4itdEJYyjZ2Sem9DbFyi', 'Postulante', true, NOW(), NOW());
INSERT INTO postulantes (id, ci, nombres, apellidos, fecha_nacimiento, sexo, direccion, telefono, email, colegio_procedencia, ciudad, titulo_bachiller, primera_opcion_id, segunda_opcion_id, turno_preferencia, gestion_id, estado, recurrente, user_id, created_at, updated_at) VALUES (1340, '2791281', 'Patricia', 'Campos', '2005-01-15', 'M', NULL, '59181909522', 'patriciacampos139@estudiante.edu.bo', 'Colegio Boliviano', 'Santa Cruz de la Sierra', NULL, 3, 4, 'Tarde', 2, 'Preinscrito', false, 1439, NOW(), NOW());
INSERT INTO requisitos_documentales (postulante_id, ci_digitalizado, certificado_nacimiento, titulo_bachiller_legalizado, formulario_preinscripcion, verificado_bd_externa, updated_at) VALUES (1340, false, false, false, false, false, NOW());
INSERT INTO users (id, name, email, password, role, active, created_at, updated_at) VALUES (1440, 'María Rivas', 'maríarivas140@estudiante.edu.bo', '\$2y\$12\$TyO9cTQJ0O7NSPORyyP8Hup.wk8.BWNWu4itdEJYyjZ2Sem9DbFyi', 'Postulante', true, NOW(), NOW());
INSERT INTO postulantes (id, ci, nombres, apellidos, fecha_nacimiento, sexo, direccion, telefono, email, colegio_procedencia, ciudad, titulo_bachiller, primera_opcion_id, segunda_opcion_id, turno_preferencia, gestion_id, estado, recurrente, user_id, created_at, updated_at) VALUES (1341, '1399030', 'María', 'Rivas', '2005-01-15', 'M', NULL, '59191468057', 'maríarivas140@estudiante.edu.bo', 'Colegio Boliviano', 'Santa Cruz de la Sierra', NULL, 3, 4, 'Manana', 2, 'Preinscrito', false, 1440, NOW(), NOW());
INSERT INTO requisitos_documentales (postulante_id, ci_digitalizado, certificado_nacimiento, titulo_bachiller_legalizado, formulario_preinscripcion, verificado_bd_externa, updated_at) VALUES (1341, false, false, false, false, false, NOW());
INSERT INTO users (id, name, email, password, role, active, created_at, updated_at) VALUES (1441, 'María Ramírez', 'maríaramírez141@estudiante.edu.bo', '\$2y\$12\$TyO9cTQJ0O7NSPORyyP8Hup.wk8.BWNWu4itdEJYyjZ2Sem9DbFyi', 'Postulante', true, NOW(), NOW());
INSERT INTO postulantes (id, ci, nombres, apellidos, fecha_nacimiento, sexo, direccion, telefono, email, colegio_procedencia, ciudad, titulo_bachiller, primera_opcion_id, segunda_opcion_id, turno_preferencia, gestion_id, estado, recurrente, user_id, created_at, updated_at) VALUES (1342, '4628436', 'María', 'Ramírez', '2005-01-15', 'M', NULL, '59199035526', 'maríaramírez141@estudiante.edu.bo', 'Colegio Boliviano', 'Santa Cruz de la Sierra', NULL, 3, 4, 'Noche', 2, 'Preinscrito', false, 1441, NOW(), NOW());
INSERT INTO requisitos_documentales (postulante_id, ci_digitalizado, certificado_nacimiento, titulo_bachiller_legalizado, formulario_preinscripcion, verificado_bd_externa, updated_at) VALUES (1342, false, false, false, false, false, NOW());
INSERT INTO users (id, name, email, password, role, active, created_at, updated_at) VALUES (1442, 'Bruno Torres', 'brunotorres142@estudiante.edu.bo', '\$2y\$12\$TyO9cTQJ0O7NSPORyyP8Hup.wk8.BWNWu4itdEJYyjZ2Sem9DbFyi', 'Postulante', true, NOW(), NOW());
INSERT INTO postulantes (id, ci, nombres, apellidos, fecha_nacimiento, sexo, direccion, telefono, email, colegio_procedencia, ciudad, titulo_bachiller, primera_opcion_id, segunda_opcion_id, turno_preferencia, gestion_id, estado, recurrente, user_id, created_at, updated_at) VALUES (1343, '4696762', 'Bruno', 'Torres', '2005-01-15', 'M', NULL, '59186506295', 'brunotorres142@estudiante.edu.bo', 'Colegio Boliviano', 'Santa Cruz de la Sierra', NULL, 3, 4, 'Tarde', 2, 'Preinscrito', false, 1442, NOW(), NOW());
INSERT INTO requisitos_documentales (postulante_id, ci_digitalizado, certificado_nacimiento, titulo_bachiller_legalizado, formulario_preinscripcion, verificado_bd_externa, updated_at) VALUES (1343, false, false, false, false, false, NOW());
INSERT INTO users (id, name, email, password, role, active, created_at, updated_at) VALUES (1443, 'Ana Vargas', 'anavargas143@estudiante.edu.bo', '\$2y\$12\$TyO9cTQJ0O7NSPORyyP8Hup.wk8.BWNWu4itdEJYyjZ2Sem9DbFyi', 'Postulante', true, NOW(), NOW());
INSERT INTO postulantes (id, ci, nombres, apellidos, fecha_nacimiento, sexo, direccion, telefono, email, colegio_procedencia, ciudad, titulo_bachiller, primera_opcion_id, segunda_opcion_id, turno_preferencia, gestion_id, estado, recurrente, user_id, created_at, updated_at) VALUES (1344, '6623725', 'Ana', 'Vargas', '2005-01-15', 'M', NULL, '59199185373', 'anavargas143@estudiante.edu.bo', 'Colegio Boliviano', 'Santa Cruz de la Sierra', NULL, 3, 4, 'Noche', 2, 'Preinscrito', false, 1443, NOW(), NOW());
INSERT INTO requisitos_documentales (postulante_id, ci_digitalizado, certificado_nacimiento, titulo_bachiller_legalizado, formulario_preinscripcion, verificado_bd_externa, updated_at) VALUES (1344, false, false, false, false, false, NOW());
INSERT INTO users (id, name, email, password, role, active, created_at, updated_at) VALUES (1444, 'Verónica Vidal', 'verónicavidal144@estudiante.edu.bo', '\$2y\$12\$TyO9cTQJ0O7NSPORyyP8Hup.wk8.BWNWu4itdEJYyjZ2Sem9DbFyi', 'Postulante', true, NOW(), NOW());
INSERT INTO postulantes (id, ci, nombres, apellidos, fecha_nacimiento, sexo, direccion, telefono, email, colegio_procedencia, ciudad, titulo_bachiller, primera_opcion_id, segunda_opcion_id, turno_preferencia, gestion_id, estado, recurrente, user_id, created_at, updated_at) VALUES (1345, '3773432', 'Verónica', 'Vidal', '2005-01-15', 'M', NULL, '59183764345', 'verónicavidal144@estudiante.edu.bo', 'Colegio Boliviano', 'Santa Cruz de la Sierra', NULL, 3, 4, 'Tarde', 2, 'Preinscrito', false, 1444, NOW(), NOW());
INSERT INTO requisitos_documentales (postulante_id, ci_digitalizado, certificado_nacimiento, titulo_bachiller_legalizado, formulario_preinscripcion, verificado_bd_externa, updated_at) VALUES (1345, false, false, false, false, false, NOW());
INSERT INTO users (id, name, email, password, role, active, created_at, updated_at) VALUES (1445, 'Juan Vega', 'juanvega145@estudiante.edu.bo', '\$2y\$12\$TyO9cTQJ0O7NSPORyyP8Hup.wk8.BWNWu4itdEJYyjZ2Sem9DbFyi', 'Postulante', true, NOW(), NOW());
INSERT INTO postulantes (id, ci, nombres, apellidos, fecha_nacimiento, sexo, direccion, telefono, email, colegio_procedencia, ciudad, titulo_bachiller, primera_opcion_id, segunda_opcion_id, turno_preferencia, gestion_id, estado, recurrente, user_id, created_at, updated_at) VALUES (1346, '8270285', 'Juan', 'Vega', '2005-01-15', 'M', NULL, '59165981221', 'juanvega145@estudiante.edu.bo', 'Colegio Boliviano', 'Santa Cruz de la Sierra', NULL, 3, 4, 'Manana', 2, 'Preinscrito', false, 1445, NOW(), NOW());
INSERT INTO requisitos_documentales (postulante_id, ci_digitalizado, certificado_nacimiento, titulo_bachiller_legalizado, formulario_preinscripcion, verificado_bd_externa, updated_at) VALUES (1346, false, false, false, false, false, NOW());
INSERT INTO users (id, name, email, password, role, active, created_at, updated_at) VALUES (1446, 'Esperanza Medina', 'esperanzamedina146@estudiante.edu.bo', '\$2y\$12\$TyO9cTQJ0O7NSPORyyP8Hup.wk8.BWNWu4itdEJYyjZ2Sem9DbFyi', 'Postulante', true, NOW(), NOW());
INSERT INTO postulantes (id, ci, nombres, apellidos, fecha_nacimiento, sexo, direccion, telefono, email, colegio_procedencia, ciudad, titulo_bachiller, primera_opcion_id, segunda_opcion_id, turno_preferencia, gestion_id, estado, recurrente, user_id, created_at, updated_at) VALUES (1347, '4149956', 'Esperanza', 'Medina', '2005-01-15', 'M', NULL, '59198199670', 'esperanzamedina146@estudiante.edu.bo', 'Colegio Boliviano', 'Santa Cruz de la Sierra', NULL, 3, 4, 'Tarde', 2, 'Preinscrito', false, 1446, NOW(), NOW());
INSERT INTO requisitos_documentales (postulante_id, ci_digitalizado, certificado_nacimiento, titulo_bachiller_legalizado, formulario_preinscripcion, verificado_bd_externa, updated_at) VALUES (1347, false, false, false, false, false, NOW());
INSERT INTO users (id, name, email, password, role, active, created_at, updated_at) VALUES (1447, 'Raúl Domínguez', 'raúldomínguez147@estudiante.edu.bo', '\$2y\$12\$TyO9cTQJ0O7NSPORyyP8Hup.wk8.BWNWu4itdEJYyjZ2Sem9DbFyi', 'Postulante', true, NOW(), NOW());
INSERT INTO postulantes (id, ci, nombres, apellidos, fecha_nacimiento, sexo, direccion, telefono, email, colegio_procedencia, ciudad, titulo_bachiller, primera_opcion_id, segunda_opcion_id, turno_preferencia, gestion_id, estado, recurrente, user_id, created_at, updated_at) VALUES (1348, '5668825', 'Raúl', 'Domínguez', '2005-01-15', 'M', NULL, '59174704128', 'raúldomínguez147@estudiante.edu.bo', 'Colegio Boliviano', 'Santa Cruz de la Sierra', NULL, 3, 4, 'Noche', 2, 'Preinscrito', false, 1447, NOW(), NOW());
INSERT INTO requisitos_documentales (postulante_id, ci_digitalizado, certificado_nacimiento, titulo_bachiller_legalizado, formulario_preinscripcion, verificado_bd_externa, updated_at) VALUES (1348, false, false, false, false, false, NOW());
INSERT INTO users (id, name, email, password, role, active, created_at, updated_at) VALUES (1448, 'Verónica Vázquez', 'verónicavázquez148@estudiante.edu.bo', '\$2y\$12\$TyO9cTQJ0O7NSPORyyP8Hup.wk8.BWNWu4itdEJYyjZ2Sem9DbFyi', 'Postulante', true, NOW(), NOW());
INSERT INTO postulantes (id, ci, nombres, apellidos, fecha_nacimiento, sexo, direccion, telefono, email, colegio_procedencia, ciudad, titulo_bachiller, primera_opcion_id, segunda_opcion_id, turno_preferencia, gestion_id, estado, recurrente, user_id, created_at, updated_at) VALUES (1349, '5133848', 'Verónica', 'Vázquez', '2005-01-15', 'M', NULL, '59171949324', 'verónicavázquez148@estudiante.edu.bo', 'Colegio Boliviano', 'Santa Cruz de la Sierra', NULL, 3, 4, 'Tarde', 2, 'Preinscrito', false, 1448, NOW(), NOW());
INSERT INTO requisitos_documentales (postulante_id, ci_digitalizado, certificado_nacimiento, titulo_bachiller_legalizado, formulario_preinscripcion, verificado_bd_externa, updated_at) VALUES (1349, false, false, false, false, false, NOW());
INSERT INTO users (id, name, email, password, role, active, created_at, updated_at) VALUES (1449, 'Beatriz Tapia', 'beatriztapia149@estudiante.edu.bo', '\$2y\$12\$TyO9cTQJ0O7NSPORyyP8Hup.wk8.BWNWu4itdEJYyjZ2Sem9DbFyi', 'Postulante', true, NOW(), NOW());
INSERT INTO postulantes (id, ci, nombres, apellidos, fecha_nacimiento, sexo, direccion, telefono, email, colegio_procedencia, ciudad, titulo_bachiller, primera_opcion_id, segunda_opcion_id, turno_preferencia, gestion_id, estado, recurrente, user_id, created_at, updated_at) VALUES (1350, '2000179', 'Beatriz', 'Tapia', '2005-01-15', 'M', NULL, '59191179666', 'beatriztapia149@estudiante.edu.bo', 'Colegio Boliviano', 'Santa Cruz de la Sierra', NULL, 3, 4, 'Tarde', 2, 'Preinscrito', false, 1449, NOW(), NOW());
INSERT INTO requisitos_documentales (postulante_id, ci_digitalizado, certificado_nacimiento, titulo_bachiller_legalizado, formulario_preinscripcion, verificado_bd_externa, updated_at) VALUES (1350, false, false, false, false, false, NOW());
INSERT INTO users (id, name, email, password, role, active, created_at, updated_at) VALUES (1450, 'Isabel Rivera', 'isabelrivera150@estudiante.edu.bo', '\$2y\$12\$TyO9cTQJ0O7NSPORyyP8Hup.wk8.BWNWu4itdEJYyjZ2Sem9DbFyi', 'Postulante', true, NOW(), NOW());
INSERT INTO postulantes (id, ci, nombres, apellidos, fecha_nacimiento, sexo, direccion, telefono, email, colegio_procedencia, ciudad, titulo_bachiller, primera_opcion_id, segunda_opcion_id, turno_preferencia, gestion_id, estado, recurrente, user_id, created_at, updated_at) VALUES (1351, '4469310', 'Isabel', 'Rivera', '2005-01-15', 'M', NULL, '59178741831', 'isabelrivera150@estudiante.edu.bo', 'Colegio Boliviano', 'Santa Cruz de la Sierra', NULL, 3, 4, 'Noche', 2, 'Preinscrito', false, 1450, NOW(), NOW());
INSERT INTO requisitos_documentales (postulante_id, ci_digitalizado, certificado_nacimiento, titulo_bachiller_legalizado, formulario_preinscripcion, verificado_bd_externa, updated_at) VALUES (1351, false, false, false, false, false, NOW());
INSERT INTO users (id, name, email, password, role, active, created_at, updated_at) VALUES (1451, 'Sandra Vargas', 'sandravargas151@estudiante.edu.bo', '\$2y\$12\$TyO9cTQJ0O7NSPORyyP8Hup.wk8.BWNWu4itdEJYyjZ2Sem9DbFyi', 'Postulante', true, NOW(), NOW());
INSERT INTO postulantes (id, ci, nombres, apellidos, fecha_nacimiento, sexo, direccion, telefono, email, colegio_procedencia, ciudad, titulo_bachiller, primera_opcion_id, segunda_opcion_id, turno_preferencia, gestion_id, estado, recurrente, user_id, created_at, updated_at) VALUES (1352, '4464455', 'Sandra', 'Vargas', '2005-01-15', 'M', NULL, '59179471701', 'sandravargas151@estudiante.edu.bo', 'Colegio Boliviano', 'Santa Cruz de la Sierra', NULL, 3, 4, 'Tarde', 2, 'Preinscrito', false, 1451, NOW(), NOW());
INSERT INTO requisitos_documentales (postulante_id, ci_digitalizado, certificado_nacimiento, titulo_bachiller_legalizado, formulario_preinscripcion, verificado_bd_externa, updated_at) VALUES (1352, false, false, false, false, false, NOW());
INSERT INTO users (id, name, email, password, role, active, created_at, updated_at) VALUES (1452, 'Constanza López', 'constanzalópez152@estudiante.edu.bo', '\$2y\$12\$TyO9cTQJ0O7NSPORyyP8Hup.wk8.BWNWu4itdEJYyjZ2Sem9DbFyi', 'Postulante', true, NOW(), NOW());
INSERT INTO postulantes (id, ci, nombres, apellidos, fecha_nacimiento, sexo, direccion, telefono, email, colegio_procedencia, ciudad, titulo_bachiller, primera_opcion_id, segunda_opcion_id, turno_preferencia, gestion_id, estado, recurrente, user_id, created_at, updated_at) VALUES (1353, '3387412', 'Constanza', 'López', '2005-01-15', 'M', NULL, '59190566105', 'constanzalópez152@estudiante.edu.bo', 'Colegio Boliviano', 'Santa Cruz de la Sierra', NULL, 3, 4, 'Tarde', 2, 'Preinscrito', false, 1452, NOW(), NOW());
INSERT INTO requisitos_documentales (postulante_id, ci_digitalizado, certificado_nacimiento, titulo_bachiller_legalizado, formulario_preinscripcion, verificado_bd_externa, updated_at) VALUES (1353, false, false, false, false, false, NOW());
INSERT INTO users (id, name, email, password, role, active, created_at, updated_at) VALUES (1453, 'Víctor Jiménez', 'víctorjiménez153@estudiante.edu.bo', '\$2y\$12\$TyO9cTQJ0O7NSPORyyP8Hup.wk8.BWNWu4itdEJYyjZ2Sem9DbFyi', 'Postulante', true, NOW(), NOW());
INSERT INTO postulantes (id, ci, nombres, apellidos, fecha_nacimiento, sexo, direccion, telefono, email, colegio_procedencia, ciudad, titulo_bachiller, primera_opcion_id, segunda_opcion_id, turno_preferencia, gestion_id, estado, recurrente, user_id, created_at, updated_at) VALUES (1354, '4386357', 'Víctor', 'Jiménez', '2005-01-15', 'M', NULL, '59189383517', 'víctorjiménez153@estudiante.edu.bo', 'Colegio Boliviano', 'Santa Cruz de la Sierra', NULL, 3, 4, 'Manana', 2, 'Preinscrito', false, 1453, NOW(), NOW());
INSERT INTO requisitos_documentales (postulante_id, ci_digitalizado, certificado_nacimiento, titulo_bachiller_legalizado, formulario_preinscripcion, verificado_bd_externa, updated_at) VALUES (1354, false, false, false, false, false, NOW());
INSERT INTO users (id, name, email, password, role, active, created_at, updated_at) VALUES (1454, 'Rosa Rivera', 'rosarivera154@estudiante.edu.bo', '\$2y\$12\$TyO9cTQJ0O7NSPORyyP8Hup.wk8.BWNWu4itdEJYyjZ2Sem9DbFyi', 'Postulante', true, NOW(), NOW());
INSERT INTO postulantes (id, ci, nombres, apellidos, fecha_nacimiento, sexo, direccion, telefono, email, colegio_procedencia, ciudad, titulo_bachiller, primera_opcion_id, segunda_opcion_id, turno_preferencia, gestion_id, estado, recurrente, user_id, created_at, updated_at) VALUES (1355, '7857884', 'Rosa', 'Rivera', '2005-01-15', 'M', NULL, '59178167769', 'rosarivera154@estudiante.edu.bo', 'Colegio Boliviano', 'Santa Cruz de la Sierra', NULL, 3, 4, 'Noche', 2, 'Preinscrito', false, 1454, NOW(), NOW());
INSERT INTO requisitos_documentales (postulante_id, ci_digitalizado, certificado_nacimiento, titulo_bachiller_legalizado, formulario_preinscripcion, verificado_bd_externa, updated_at) VALUES (1355, false, false, false, false, false, NOW());
INSERT INTO users (id, name, email, password, role, active, created_at, updated_at) VALUES (1455, 'Roberto Valdez', 'robertovaldez155@estudiante.edu.bo', '\$2y\$12\$TyO9cTQJ0O7NSPORyyP8Hup.wk8.BWNWu4itdEJYyjZ2Sem9DbFyi', 'Postulante', true, NOW(), NOW());
INSERT INTO postulantes (id, ci, nombres, apellidos, fecha_nacimiento, sexo, direccion, telefono, email, colegio_procedencia, ciudad, titulo_bachiller, primera_opcion_id, segunda_opcion_id, turno_preferencia, gestion_id, estado, recurrente, user_id, created_at, updated_at) VALUES (1356, '8021913', 'Roberto', 'Valdez', '2005-01-15', 'M', NULL, '59167329096', 'robertovaldez155@estudiante.edu.bo', 'Colegio Boliviano', 'Santa Cruz de la Sierra', NULL, 3, 4, 'Manana', 2, 'Preinscrito', false, 1455, NOW(), NOW());
INSERT INTO requisitos_documentales (postulante_id, ci_digitalizado, certificado_nacimiento, titulo_bachiller_legalizado, formulario_preinscripcion, verificado_bd_externa, updated_at) VALUES (1356, false, false, false, false, false, NOW());
INSERT INTO users (id, name, email, password, role, active, created_at, updated_at) VALUES (1456, 'Javier Valdez', 'javiervaldez156@estudiante.edu.bo', '\$2y\$12\$TyO9cTQJ0O7NSPORyyP8Hup.wk8.BWNWu4itdEJYyjZ2Sem9DbFyi', 'Postulante', true, NOW(), NOW());
INSERT INTO postulantes (id, ci, nombres, apellidos, fecha_nacimiento, sexo, direccion, telefono, email, colegio_procedencia, ciudad, titulo_bachiller, primera_opcion_id, segunda_opcion_id, turno_preferencia, gestion_id, estado, recurrente, user_id, created_at, updated_at) VALUES (1357, '7598007', 'Javier', 'Valdez', '2005-01-15', 'M', NULL, '59182893053', 'javiervaldez156@estudiante.edu.bo', 'Colegio Boliviano', 'Santa Cruz de la Sierra', NULL, 3, 4, 'Tarde', 2, 'Preinscrito', false, 1456, NOW(), NOW());
INSERT INTO requisitos_documentales (postulante_id, ci_digitalizado, certificado_nacimiento, titulo_bachiller_legalizado, formulario_preinscripcion, verificado_bd_externa, updated_at) VALUES (1357, false, false, false, false, false, NOW());
INSERT INTO users (id, name, email, password, role, active, created_at, updated_at) VALUES (1457, 'Matías Navarro', 'matíasnavarro157@estudiante.edu.bo', '\$2y\$12\$TyO9cTQJ0O7NSPORyyP8Hup.wk8.BWNWu4itdEJYyjZ2Sem9DbFyi', 'Postulante', true, NOW(), NOW());
INSERT INTO postulantes (id, ci, nombres, apellidos, fecha_nacimiento, sexo, direccion, telefono, email, colegio_procedencia, ciudad, titulo_bachiller, primera_opcion_id, segunda_opcion_id, turno_preferencia, gestion_id, estado, recurrente, user_id, created_at, updated_at) VALUES (1358, '1492584', 'Matías', 'Navarro', '2005-01-15', 'M', NULL, '59188523531', 'matíasnavarro157@estudiante.edu.bo', 'Colegio Boliviano', 'Santa Cruz de la Sierra', NULL, 3, 4, 'Manana', 2, 'Preinscrito', false, 1457, NOW(), NOW());
INSERT INTO requisitos_documentales (postulante_id, ci_digitalizado, certificado_nacimiento, titulo_bachiller_legalizado, formulario_preinscripcion, verificado_bd_externa, updated_at) VALUES (1358, false, false, false, false, false, NOW());
INSERT INTO users (id, name, email, password, role, active, created_at, updated_at) VALUES (1458, 'Bruno Valencia', 'brunovalencia158@estudiante.edu.bo', '\$2y\$12\$TyO9cTQJ0O7NSPORyyP8Hup.wk8.BWNWu4itdEJYyjZ2Sem9DbFyi', 'Postulante', true, NOW(), NOW());
INSERT INTO postulantes (id, ci, nombres, apellidos, fecha_nacimiento, sexo, direccion, telefono, email, colegio_procedencia, ciudad, titulo_bachiller, primera_opcion_id, segunda_opcion_id, turno_preferencia, gestion_id, estado, recurrente, user_id, created_at, updated_at) VALUES (1359, '8386353', 'Bruno', 'Valencia', '2005-01-15', 'M', NULL, '59187688777', 'brunovalencia158@estudiante.edu.bo', 'Colegio Boliviano', 'Santa Cruz de la Sierra', NULL, 3, 4, 'Manana', 2, 'Preinscrito', false, 1458, NOW(), NOW());
INSERT INTO requisitos_documentales (postulante_id, ci_digitalizado, certificado_nacimiento, titulo_bachiller_legalizado, formulario_preinscripcion, verificado_bd_externa, updated_at) VALUES (1359, false, false, false, false, false, NOW());
INSERT INTO users (id, name, email, password, role, active, created_at, updated_at) VALUES (1459, 'Laura Castillo', 'lauracastillo159@estudiante.edu.bo', '\$2y\$12\$TyO9cTQJ0O7NSPORyyP8Hup.wk8.BWNWu4itdEJYyjZ2Sem9DbFyi', 'Postulante', true, NOW(), NOW());
INSERT INTO postulantes (id, ci, nombres, apellidos, fecha_nacimiento, sexo, direccion, telefono, email, colegio_procedencia, ciudad, titulo_bachiller, primera_opcion_id, segunda_opcion_id, turno_preferencia, gestion_id, estado, recurrente, user_id, created_at, updated_at) VALUES (1360, '4142234', 'Laura', 'Castillo', '2005-01-15', 'M', NULL, '59192717640', 'lauracastillo159@estudiante.edu.bo', 'Colegio Boliviano', 'Santa Cruz de la Sierra', NULL, 3, 4, 'Noche', 2, 'Preinscrito', false, 1459, NOW(), NOW());
INSERT INTO requisitos_documentales (postulante_id, ci_digitalizado, certificado_nacimiento, titulo_bachiller_legalizado, formulario_preinscripcion, verificado_bd_externa, updated_at) VALUES (1360, false, false, false, false, false, NOW());
INSERT INTO users (id, name, email, password, role, active, created_at, updated_at) VALUES (1460, 'Ricardo Silva', 'ricardosilva160@estudiante.edu.bo', '\$2y\$12\$TyO9cTQJ0O7NSPORyyP8Hup.wk8.BWNWu4itdEJYyjZ2Sem9DbFyi', 'Postulante', true, NOW(), NOW());
INSERT INTO postulantes (id, ci, nombres, apellidos, fecha_nacimiento, sexo, direccion, telefono, email, colegio_procedencia, ciudad, titulo_bachiller, primera_opcion_id, segunda_opcion_id, turno_preferencia, gestion_id, estado, recurrente, user_id, created_at, updated_at) VALUES (1361, '1496501', 'Ricardo', 'Silva', '2005-01-15', 'M', NULL, '59184103174', 'ricardosilva160@estudiante.edu.bo', 'Colegio Boliviano', 'Santa Cruz de la Sierra', NULL, 3, 4, 'Noche', 2, 'Preinscrito', false, 1460, NOW(), NOW());
INSERT INTO requisitos_documentales (postulante_id, ci_digitalizado, certificado_nacimiento, titulo_bachiller_legalizado, formulario_preinscripcion, verificado_bd_externa, updated_at) VALUES (1361, false, false, false, false, false, NOW());
INSERT INTO users (id, name, email, password, role, active, created_at, updated_at) VALUES (1461, 'Rafael Valdez', 'rafaelvaldez161@estudiante.edu.bo', '\$2y\$12\$TyO9cTQJ0O7NSPORyyP8Hup.wk8.BWNWu4itdEJYyjZ2Sem9DbFyi', 'Postulante', true, NOW(), NOW());
INSERT INTO postulantes (id, ci, nombres, apellidos, fecha_nacimiento, sexo, direccion, telefono, email, colegio_procedencia, ciudad, titulo_bachiller, primera_opcion_id, segunda_opcion_id, turno_preferencia, gestion_id, estado, recurrente, user_id, created_at, updated_at) VALUES (1362, '4053575', 'Rafael', 'Valdez', '2005-01-15', 'M', NULL, '59184921594', 'rafaelvaldez161@estudiante.edu.bo', 'Colegio Boliviano', 'Santa Cruz de la Sierra', NULL, 3, 4, 'Noche', 2, 'Preinscrito', false, 1461, NOW(), NOW());
INSERT INTO requisitos_documentales (postulante_id, ci_digitalizado, certificado_nacimiento, titulo_bachiller_legalizado, formulario_preinscripcion, verificado_bd_externa, updated_at) VALUES (1362, false, false, false, false, false, NOW());
INSERT INTO users (id, name, email, password, role, active, created_at, updated_at) VALUES (1462, 'Héctor Hernández', 'héctorhernández162@estudiante.edu.bo', '\$2y\$12\$TyO9cTQJ0O7NSPORyyP8Hup.wk8.BWNWu4itdEJYyjZ2Sem9DbFyi', 'Postulante', true, NOW(), NOW());
INSERT INTO postulantes (id, ci, nombres, apellidos, fecha_nacimiento, sexo, direccion, telefono, email, colegio_procedencia, ciudad, titulo_bachiller, primera_opcion_id, segunda_opcion_id, turno_preferencia, gestion_id, estado, recurrente, user_id, created_at, updated_at) VALUES (1363, '2012092', 'Héctor', 'Hernández', '2005-01-15', 'M', NULL, '59163975492', 'héctorhernández162@estudiante.edu.bo', 'Colegio Boliviano', 'Santa Cruz de la Sierra', NULL, 3, 4, 'Noche', 2, 'Preinscrito', false, 1462, NOW(), NOW());
INSERT INTO requisitos_documentales (postulante_id, ci_digitalizado, certificado_nacimiento, titulo_bachiller_legalizado, formulario_preinscripcion, verificado_bd_externa, updated_at) VALUES (1363, false, false, false, false, false, NOW());
INSERT INTO users (id, name, email, password, role, active, created_at, updated_at) VALUES (1463, 'Patricia Vargas', 'patriciavargas163@estudiante.edu.bo', '\$2y\$12\$TyO9cTQJ0O7NSPORyyP8Hup.wk8.BWNWu4itdEJYyjZ2Sem9DbFyi', 'Postulante', true, NOW(), NOW());
INSERT INTO postulantes (id, ci, nombres, apellidos, fecha_nacimiento, sexo, direccion, telefono, email, colegio_procedencia, ciudad, titulo_bachiller, primera_opcion_id, segunda_opcion_id, turno_preferencia, gestion_id, estado, recurrente, user_id, created_at, updated_at) VALUES (1364, '5824342', 'Patricia', 'Vargas', '2005-01-15', 'M', NULL, '59195699695', 'patriciavargas163@estudiante.edu.bo', 'Colegio Boliviano', 'Santa Cruz de la Sierra', NULL, 3, 4, 'Manana', 2, 'Preinscrito', false, 1463, NOW(), NOW());
INSERT INTO requisitos_documentales (postulante_id, ci_digitalizado, certificado_nacimiento, titulo_bachiller_legalizado, formulario_preinscripcion, verificado_bd_externa, updated_at) VALUES (1364, false, false, false, false, false, NOW());
INSERT INTO users (id, name, email, password, role, active, created_at, updated_at) VALUES (1464, 'Fernando Tapia', 'fernandotapia164@estudiante.edu.bo', '\$2y\$12\$TyO9cTQJ0O7NSPORyyP8Hup.wk8.BWNWu4itdEJYyjZ2Sem9DbFyi', 'Postulante', true, NOW(), NOW());
INSERT INTO postulantes (id, ci, nombres, apellidos, fecha_nacimiento, sexo, direccion, telefono, email, colegio_procedencia, ciudad, titulo_bachiller, primera_opcion_id, segunda_opcion_id, turno_preferencia, gestion_id, estado, recurrente, user_id, created_at, updated_at) VALUES (1365, '4378142', 'Fernando', 'Tapia', '2005-01-15', 'M', NULL, '59189964035', 'fernandotapia164@estudiante.edu.bo', 'Colegio Boliviano', 'Santa Cruz de la Sierra', NULL, 3, 4, 'Tarde', 2, 'Preinscrito', false, 1464, NOW(), NOW());
INSERT INTO requisitos_documentales (postulante_id, ci_digitalizado, certificado_nacimiento, titulo_bachiller_legalizado, formulario_preinscripcion, verificado_bd_externa, updated_at) VALUES (1365, false, false, false, false, false, NOW());
INSERT INTO users (id, name, email, password, role, active, created_at, updated_at) VALUES (1465, 'Ricardo Pérez', 'ricardopérez165@estudiante.edu.bo', '\$2y\$12\$TyO9cTQJ0O7NSPORyyP8Hup.wk8.BWNWu4itdEJYyjZ2Sem9DbFyi', 'Postulante', true, NOW(), NOW());
INSERT INTO postulantes (id, ci, nombres, apellidos, fecha_nacimiento, sexo, direccion, telefono, email, colegio_procedencia, ciudad, titulo_bachiller, primera_opcion_id, segunda_opcion_id, turno_preferencia, gestion_id, estado, recurrente, user_id, created_at, updated_at) VALUES (1366, '2434705', 'Ricardo', 'Pérez', '2005-01-15', 'M', NULL, '59165301280', 'ricardopérez165@estudiante.edu.bo', 'Colegio Boliviano', 'Santa Cruz de la Sierra', NULL, 3, 4, 'Manana', 2, 'Preinscrito', false, 1465, NOW(), NOW());
INSERT INTO requisitos_documentales (postulante_id, ci_digitalizado, certificado_nacimiento, titulo_bachiller_legalizado, formulario_preinscripcion, verificado_bd_externa, updated_at) VALUES (1366, false, false, false, false, false, NOW());
INSERT INTO users (id, name, email, password, role, active, created_at, updated_at) VALUES (1466, 'Manuel Domínguez', 'manueldomínguez166@estudiante.edu.bo', '\$2y\$12\$TyO9cTQJ0O7NSPORyyP8Hup.wk8.BWNWu4itdEJYyjZ2Sem9DbFyi', 'Postulante', true, NOW(), NOW());
INSERT INTO postulantes (id, ci, nombres, apellidos, fecha_nacimiento, sexo, direccion, telefono, email, colegio_procedencia, ciudad, titulo_bachiller, primera_opcion_id, segunda_opcion_id, turno_preferencia, gestion_id, estado, recurrente, user_id, created_at, updated_at) VALUES (1367, '5504044', 'Manuel', 'Domínguez', '2005-01-15', 'M', NULL, '59165300064', 'manueldomínguez166@estudiante.edu.bo', 'Colegio Boliviano', 'Santa Cruz de la Sierra', NULL, 3, 4, 'Noche', 2, 'Preinscrito', false, 1466, NOW(), NOW());
INSERT INTO requisitos_documentales (postulante_id, ci_digitalizado, certificado_nacimiento, titulo_bachiller_legalizado, formulario_preinscripcion, verificado_bd_externa, updated_at) VALUES (1367, false, false, false, false, false, NOW());
INSERT INTO users (id, name, email, password, role, active, created_at, updated_at) VALUES (1467, 'Gabriela Morales', 'gabrielamorales167@estudiante.edu.bo', '\$2y\$12\$TyO9cTQJ0O7NSPORyyP8Hup.wk8.BWNWu4itdEJYyjZ2Sem9DbFyi', 'Postulante', true, NOW(), NOW());
INSERT INTO postulantes (id, ci, nombres, apellidos, fecha_nacimiento, sexo, direccion, telefono, email, colegio_procedencia, ciudad, titulo_bachiller, primera_opcion_id, segunda_opcion_id, turno_preferencia, gestion_id, estado, recurrente, user_id, created_at, updated_at) VALUES (1368, '4917185', 'Gabriela', 'Morales', '2005-01-15', 'M', NULL, '59167790822', 'gabrielamorales167@estudiante.edu.bo', 'Colegio Boliviano', 'Santa Cruz de la Sierra', NULL, 3, 4, 'Noche', 2, 'Preinscrito', false, 1467, NOW(), NOW());
INSERT INTO requisitos_documentales (postulante_id, ci_digitalizado, certificado_nacimiento, titulo_bachiller_legalizado, formulario_preinscripcion, verificado_bd_externa, updated_at) VALUES (1368, false, false, false, false, false, NOW());
INSERT INTO users (id, name, email, password, role, active, created_at, updated_at) VALUES (1468, 'Manuel Reyes', 'manuelreyes168@estudiante.edu.bo', '\$2y\$12\$TyO9cTQJ0O7NSPORyyP8Hup.wk8.BWNWu4itdEJYyjZ2Sem9DbFyi', 'Postulante', true, NOW(), NOW());
INSERT INTO postulantes (id, ci, nombres, apellidos, fecha_nacimiento, sexo, direccion, telefono, email, colegio_procedencia, ciudad, titulo_bachiller, primera_opcion_id, segunda_opcion_id, turno_preferencia, gestion_id, estado, recurrente, user_id, created_at, updated_at) VALUES (1369, '4952071', 'Manuel', 'Reyes', '2005-01-15', 'M', NULL, '59164630689', 'manuelreyes168@estudiante.edu.bo', 'Colegio Boliviano', 'Santa Cruz de la Sierra', NULL, 3, 4, 'Tarde', 2, 'Preinscrito', false, 1468, NOW(), NOW());
INSERT INTO requisitos_documentales (postulante_id, ci_digitalizado, certificado_nacimiento, titulo_bachiller_legalizado, formulario_preinscripcion, verificado_bd_externa, updated_at) VALUES (1369, false, false, false, false, false, NOW());
INSERT INTO users (id, name, email, password, role, active, created_at, updated_at) VALUES (1469, 'Arturo Vázquez', 'arturovázquez169@estudiante.edu.bo', '\$2y\$12\$TyO9cTQJ0O7NSPORyyP8Hup.wk8.BWNWu4itdEJYyjZ2Sem9DbFyi', 'Postulante', true, NOW(), NOW());
INSERT INTO postulantes (id, ci, nombres, apellidos, fecha_nacimiento, sexo, direccion, telefono, email, colegio_procedencia, ciudad, titulo_bachiller, primera_opcion_id, segunda_opcion_id, turno_preferencia, gestion_id, estado, recurrente, user_id, created_at, updated_at) VALUES (1370, '2817490', 'Arturo', 'Vázquez', '2005-01-15', 'M', NULL, '59198328589', 'arturovázquez169@estudiante.edu.bo', 'Colegio Boliviano', 'Santa Cruz de la Sierra', NULL, 3, 4, 'Noche', 2, 'Preinscrito', false, 1469, NOW(), NOW());
INSERT INTO requisitos_documentales (postulante_id, ci_digitalizado, certificado_nacimiento, titulo_bachiller_legalizado, formulario_preinscripcion, verificado_bd_externa, updated_at) VALUES (1370, false, false, false, false, false, NOW());
INSERT INTO users (id, name, email, password, role, active, created_at, updated_at) VALUES (1470, 'Arturo Ramírez', 'arturoramírez170@estudiante.edu.bo', '\$2y\$12\$TyO9cTQJ0O7NSPORyyP8Hup.wk8.BWNWu4itdEJYyjZ2Sem9DbFyi', 'Postulante', true, NOW(), NOW());
INSERT INTO postulantes (id, ci, nombres, apellidos, fecha_nacimiento, sexo, direccion, telefono, email, colegio_procedencia, ciudad, titulo_bachiller, primera_opcion_id, segunda_opcion_id, turno_preferencia, gestion_id, estado, recurrente, user_id, created_at, updated_at) VALUES (1371, '3953667', 'Arturo', 'Ramírez', '2005-01-15', 'M', NULL, '59189254723', 'arturoramírez170@estudiante.edu.bo', 'Colegio Boliviano', 'Santa Cruz de la Sierra', NULL, 3, 4, 'Manana', 2, 'Preinscrito', false, 1470, NOW(), NOW());
INSERT INTO requisitos_documentales (postulante_id, ci_digitalizado, certificado_nacimiento, titulo_bachiller_legalizado, formulario_preinscripcion, verificado_bd_externa, updated_at) VALUES (1371, false, false, false, false, false, NOW());
INSERT INTO users (id, name, email, password, role, active, created_at, updated_at) VALUES (1471, 'Carmen Ramírez', 'carmenramírez171@estudiante.edu.bo', '\$2y\$12\$TyO9cTQJ0O7NSPORyyP8Hup.wk8.BWNWu4itdEJYyjZ2Sem9DbFyi', 'Postulante', true, NOW(), NOW());
INSERT INTO postulantes (id, ci, nombres, apellidos, fecha_nacimiento, sexo, direccion, telefono, email, colegio_procedencia, ciudad, titulo_bachiller, primera_opcion_id, segunda_opcion_id, turno_preferencia, gestion_id, estado, recurrente, user_id, created_at, updated_at) VALUES (1372, '6056417', 'Carmen', 'Ramírez', '2005-01-15', 'M', NULL, '59185223302', 'carmenramírez171@estudiante.edu.bo', 'Colegio Boliviano', 'Santa Cruz de la Sierra', NULL, 3, 4, 'Manana', 2, 'Preinscrito', false, 1471, NOW(), NOW());
INSERT INTO requisitos_documentales (postulante_id, ci_digitalizado, certificado_nacimiento, titulo_bachiller_legalizado, formulario_preinscripcion, verificado_bd_externa, updated_at) VALUES (1372, false, false, false, false, false, NOW());
INSERT INTO users (id, name, email, password, role, active, created_at, updated_at) VALUES (1472, 'Rosa Flores', 'rosaflores172@estudiante.edu.bo', '\$2y\$12\$TyO9cTQJ0O7NSPORyyP8Hup.wk8.BWNWu4itdEJYyjZ2Sem9DbFyi', 'Postulante', true, NOW(), NOW());
INSERT INTO postulantes (id, ci, nombres, apellidos, fecha_nacimiento, sexo, direccion, telefono, email, colegio_procedencia, ciudad, titulo_bachiller, primera_opcion_id, segunda_opcion_id, turno_preferencia, gestion_id, estado, recurrente, user_id, created_at, updated_at) VALUES (1373, '2604518', 'Rosa', 'Flores', '2005-01-15', 'M', NULL, '59173582637', 'rosaflores172@estudiante.edu.bo', 'Colegio Boliviano', 'Santa Cruz de la Sierra', NULL, 3, 4, 'Noche', 2, 'Preinscrito', false, 1472, NOW(), NOW());
INSERT INTO requisitos_documentales (postulante_id, ci_digitalizado, certificado_nacimiento, titulo_bachiller_legalizado, formulario_preinscripcion, verificado_bd_externa, updated_at) VALUES (1373, false, false, false, false, false, NOW());
INSERT INTO users (id, name, email, password, role, active, created_at, updated_at) VALUES (1473, 'Rafael Martínez', 'rafaelmartínez173@estudiante.edu.bo', '\$2y\$12\$TyO9cTQJ0O7NSPORyyP8Hup.wk8.BWNWu4itdEJYyjZ2Sem9DbFyi', 'Postulante', true, NOW(), NOW());
INSERT INTO postulantes (id, ci, nombres, apellidos, fecha_nacimiento, sexo, direccion, telefono, email, colegio_procedencia, ciudad, titulo_bachiller, primera_opcion_id, segunda_opcion_id, turno_preferencia, gestion_id, estado, recurrente, user_id, created_at, updated_at) VALUES (1374, '1770968', 'Rafael', 'Martínez', '2005-01-15', 'M', NULL, '59164236228', 'rafaelmartínez173@estudiante.edu.bo', 'Colegio Boliviano', 'Santa Cruz de la Sierra', NULL, 3, 4, 'Manana', 2, 'Preinscrito', false, 1473, NOW(), NOW());
INSERT INTO requisitos_documentales (postulante_id, ci_digitalizado, certificado_nacimiento, titulo_bachiller_legalizado, formulario_preinscripcion, verificado_bd_externa, updated_at) VALUES (1374, false, false, false, false, false, NOW());
INSERT INTO users (id, name, email, password, role, active, created_at, updated_at) VALUES (1474, 'Roberto Rojas', 'robertorojas174@estudiante.edu.bo', '\$2y\$12\$TyO9cTQJ0O7NSPORyyP8Hup.wk8.BWNWu4itdEJYyjZ2Sem9DbFyi', 'Postulante', true, NOW(), NOW());
INSERT INTO postulantes (id, ci, nombres, apellidos, fecha_nacimiento, sexo, direccion, telefono, email, colegio_procedencia, ciudad, titulo_bachiller, primera_opcion_id, segunda_opcion_id, turno_preferencia, gestion_id, estado, recurrente, user_id, created_at, updated_at) VALUES (1375, '5973497', 'Roberto', 'Rojas', '2005-01-15', 'M', NULL, '59165236240', 'robertorojas174@estudiante.edu.bo', 'Colegio Boliviano', 'Santa Cruz de la Sierra', NULL, 3, 4, 'Manana', 2, 'Preinscrito', false, 1474, NOW(), NOW());
INSERT INTO requisitos_documentales (postulante_id, ci_digitalizado, certificado_nacimiento, titulo_bachiller_legalizado, formulario_preinscripcion, verificado_bd_externa, updated_at) VALUES (1375, false, false, false, false, false, NOW());
INSERT INTO users (id, name, email, password, role, active, created_at, updated_at) VALUES (1475, 'Rosa Hernández', 'rosahernández175@estudiante.edu.bo', '\$2y\$12\$TyO9cTQJ0O7NSPORyyP8Hup.wk8.BWNWu4itdEJYyjZ2Sem9DbFyi', 'Postulante', true, NOW(), NOW());
INSERT INTO postulantes (id, ci, nombres, apellidos, fecha_nacimiento, sexo, direccion, telefono, email, colegio_procedencia, ciudad, titulo_bachiller, primera_opcion_id, segunda_opcion_id, turno_preferencia, gestion_id, estado, recurrente, user_id, created_at, updated_at) VALUES (1376, '7502655', 'Rosa', 'Hernández', '2005-01-15', 'M', NULL, '59181285225', 'rosahernández175@estudiante.edu.bo', 'Colegio Boliviano', 'Santa Cruz de la Sierra', NULL, 3, 4, 'Noche', 2, 'Preinscrito', false, 1475, NOW(), NOW());
INSERT INTO requisitos_documentales (postulante_id, ci_digitalizado, certificado_nacimiento, titulo_bachiller_legalizado, formulario_preinscripcion, verificado_bd_externa, updated_at) VALUES (1376, false, false, false, false, false, NOW());
INSERT INTO users (id, name, email, password, role, active, created_at, updated_at) VALUES (1476, 'Rosa Fuentes', 'rosafuentes176@estudiante.edu.bo', '\$2y\$12\$TyO9cTQJ0O7NSPORyyP8Hup.wk8.BWNWu4itdEJYyjZ2Sem9DbFyi', 'Postulante', true, NOW(), NOW());
INSERT INTO postulantes (id, ci, nombres, apellidos, fecha_nacimiento, sexo, direccion, telefono, email, colegio_procedencia, ciudad, titulo_bachiller, primera_opcion_id, segunda_opcion_id, turno_preferencia, gestion_id, estado, recurrente, user_id, created_at, updated_at) VALUES (1377, '4727789', 'Rosa', 'Fuentes', '2005-01-15', 'M', NULL, '59174536277', 'rosafuentes176@estudiante.edu.bo', 'Colegio Boliviano', 'Santa Cruz de la Sierra', NULL, 3, 4, 'Manana', 2, 'Preinscrito', false, 1476, NOW(), NOW());
INSERT INTO requisitos_documentales (postulante_id, ci_digitalizado, certificado_nacimiento, titulo_bachiller_legalizado, formulario_preinscripcion, verificado_bd_externa, updated_at) VALUES (1377, false, false, false, false, false, NOW());
INSERT INTO users (id, name, email, password, role, active, created_at, updated_at) VALUES (1477, 'Beatriz Campos', 'beatrizcampos177@estudiante.edu.bo', '\$2y\$12\$TyO9cTQJ0O7NSPORyyP8Hup.wk8.BWNWu4itdEJYyjZ2Sem9DbFyi', 'Postulante', true, NOW(), NOW());
INSERT INTO postulantes (id, ci, nombres, apellidos, fecha_nacimiento, sexo, direccion, telefono, email, colegio_procedencia, ciudad, titulo_bachiller, primera_opcion_id, segunda_opcion_id, turno_preferencia, gestion_id, estado, recurrente, user_id, created_at, updated_at) VALUES (1378, '5219777', 'Beatriz', 'Campos', '2005-01-15', 'M', NULL, '59193917584', 'beatrizcampos177@estudiante.edu.bo', 'Colegio Boliviano', 'Santa Cruz de la Sierra', NULL, 3, 4, 'Noche', 2, 'Preinscrito', false, 1477, NOW(), NOW());
INSERT INTO requisitos_documentales (postulante_id, ci_digitalizado, certificado_nacimiento, titulo_bachiller_legalizado, formulario_preinscripcion, verificado_bd_externa, updated_at) VALUES (1378, false, false, false, false, false, NOW());
INSERT INTO users (id, name, email, password, role, active, created_at, updated_at) VALUES (1478, 'Laura Rodríguez', 'laurarodríguez178@estudiante.edu.bo', '\$2y\$12\$TyO9cTQJ0O7NSPORyyP8Hup.wk8.BWNWu4itdEJYyjZ2Sem9DbFyi', 'Postulante', true, NOW(), NOW());
INSERT INTO postulantes (id, ci, nombres, apellidos, fecha_nacimiento, sexo, direccion, telefono, email, colegio_procedencia, ciudad, titulo_bachiller, primera_opcion_id, segunda_opcion_id, turno_preferencia, gestion_id, estado, recurrente, user_id, created_at, updated_at) VALUES (1379, '5423426', 'Laura', 'Rodríguez', '2005-01-15', 'M', NULL, '59185666361', 'laurarodríguez178@estudiante.edu.bo', 'Colegio Boliviano', 'Santa Cruz de la Sierra', NULL, 3, 4, 'Noche', 2, 'Preinscrito', false, 1478, NOW(), NOW());
INSERT INTO requisitos_documentales (postulante_id, ci_digitalizado, certificado_nacimiento, titulo_bachiller_legalizado, formulario_preinscripcion, verificado_bd_externa, updated_at) VALUES (1379, false, false, false, false, false, NOW());
INSERT INTO users (id, name, email, password, role, active, created_at, updated_at) VALUES (1479, 'Marisol Delgado', 'marisoldelgado179@estudiante.edu.bo', '\$2y\$12\$TyO9cTQJ0O7NSPORyyP8Hup.wk8.BWNWu4itdEJYyjZ2Sem9DbFyi', 'Postulante', true, NOW(), NOW());
INSERT INTO postulantes (id, ci, nombres, apellidos, fecha_nacimiento, sexo, direccion, telefono, email, colegio_procedencia, ciudad, titulo_bachiller, primera_opcion_id, segunda_opcion_id, turno_preferencia, gestion_id, estado, recurrente, user_id, created_at, updated_at) VALUES (1380, '8420273', 'Marisol', 'Delgado', '2005-01-15', 'M', NULL, '59192235333', 'marisoldelgado179@estudiante.edu.bo', 'Colegio Boliviano', 'Santa Cruz de la Sierra', NULL, 3, 4, 'Noche', 2, 'Preinscrito', false, 1479, NOW(), NOW());
INSERT INTO requisitos_documentales (postulante_id, ci_digitalizado, certificado_nacimiento, titulo_bachiller_legalizado, formulario_preinscripcion, verificado_bd_externa, updated_at) VALUES (1380, false, false, false, false, false, NOW());
INSERT INTO users (id, name, email, password, role, active, created_at, updated_at) VALUES (1480, 'María Fuentes', 'maríafuentes180@estudiante.edu.bo', '\$2y\$12\$TyO9cTQJ0O7NSPORyyP8Hup.wk8.BWNWu4itdEJYyjZ2Sem9DbFyi', 'Postulante', true, NOW(), NOW());
INSERT INTO postulantes (id, ci, nombres, apellidos, fecha_nacimiento, sexo, direccion, telefono, email, colegio_procedencia, ciudad, titulo_bachiller, primera_opcion_id, segunda_opcion_id, turno_preferencia, gestion_id, estado, recurrente, user_id, created_at, updated_at) VALUES (1381, '4229758', 'María', 'Fuentes', '2005-01-15', 'M', NULL, '59183545411', 'maríafuentes180@estudiante.edu.bo', 'Colegio Boliviano', 'Santa Cruz de la Sierra', NULL, 3, 4, 'Tarde', 2, 'Preinscrito', false, 1480, NOW(), NOW());
INSERT INTO requisitos_documentales (postulante_id, ci_digitalizado, certificado_nacimiento, titulo_bachiller_legalizado, formulario_preinscripcion, verificado_bd_externa, updated_at) VALUES (1381, false, false, false, false, false, NOW());
INSERT INTO users (id, name, email, password, role, active, created_at, updated_at) VALUES (1481, 'María Valencia', 'maríavalencia181@estudiante.edu.bo', '\$2y\$12\$TyO9cTQJ0O7NSPORyyP8Hup.wk8.BWNWu4itdEJYyjZ2Sem9DbFyi', 'Postulante', true, NOW(), NOW());
INSERT INTO postulantes (id, ci, nombres, apellidos, fecha_nacimiento, sexo, direccion, telefono, email, colegio_procedencia, ciudad, titulo_bachiller, primera_opcion_id, segunda_opcion_id, turno_preferencia, gestion_id, estado, recurrente, user_id, created_at, updated_at) VALUES (1382, '2408448', 'María', 'Valencia', '2005-01-15', 'M', NULL, '59173285824', 'maríavalencia181@estudiante.edu.bo', 'Colegio Boliviano', 'Santa Cruz de la Sierra', NULL, 3, 4, 'Noche', 2, 'Preinscrito', false, 1481, NOW(), NOW());
INSERT INTO requisitos_documentales (postulante_id, ci_digitalizado, certificado_nacimiento, titulo_bachiller_legalizado, formulario_preinscripcion, verificado_bd_externa, updated_at) VALUES (1382, false, false, false, false, false, NOW());
INSERT INTO users (id, name, email, password, role, active, created_at, updated_at) VALUES (1482, 'Raúl Silva', 'raúlsilva182@estudiante.edu.bo', '\$2y\$12\$TyO9cTQJ0O7NSPORyyP8Hup.wk8.BWNWu4itdEJYyjZ2Sem9DbFyi', 'Postulante', true, NOW(), NOW());
INSERT INTO postulantes (id, ci, nombres, apellidos, fecha_nacimiento, sexo, direccion, telefono, email, colegio_procedencia, ciudad, titulo_bachiller, primera_opcion_id, segunda_opcion_id, turno_preferencia, gestion_id, estado, recurrente, user_id, created_at, updated_at) VALUES (1383, '2935369', 'Raúl', 'Silva', '2005-01-15', 'M', NULL, '59166666700', 'raúlsilva182@estudiante.edu.bo', 'Colegio Boliviano', 'Santa Cruz de la Sierra', NULL, 3, 4, 'Noche', 2, 'Preinscrito', false, 1482, NOW(), NOW());
INSERT INTO requisitos_documentales (postulante_id, ci_digitalizado, certificado_nacimiento, titulo_bachiller_legalizado, formulario_preinscripcion, verificado_bd_externa, updated_at) VALUES (1383, false, false, false, false, false, NOW());
INSERT INTO users (id, name, email, password, role, active, created_at, updated_at) VALUES (1483, 'Ana Tapia', 'anatapia183@estudiante.edu.bo', '\$2y\$12\$TyO9cTQJ0O7NSPORyyP8Hup.wk8.BWNWu4itdEJYyjZ2Sem9DbFyi', 'Postulante', true, NOW(), NOW());
INSERT INTO postulantes (id, ci, nombres, apellidos, fecha_nacimiento, sexo, direccion, telefono, email, colegio_procedencia, ciudad, titulo_bachiller, primera_opcion_id, segunda_opcion_id, turno_preferencia, gestion_id, estado, recurrente, user_id, created_at, updated_at) VALUES (1384, '3437615', 'Ana', 'Tapia', '2005-01-15', 'M', NULL, '59187894505', 'anatapia183@estudiante.edu.bo', 'Colegio Boliviano', 'Santa Cruz de la Sierra', NULL, 3, 4, 'Tarde', 2, 'Preinscrito', false, 1483, NOW(), NOW());
INSERT INTO requisitos_documentales (postulante_id, ci_digitalizado, certificado_nacimiento, titulo_bachiller_legalizado, formulario_preinscripcion, verificado_bd_externa, updated_at) VALUES (1384, false, false, false, false, false, NOW());
INSERT INTO users (id, name, email, password, role, active, created_at, updated_at) VALUES (1484, 'Francisca Morales', 'franciscamorales184@estudiante.edu.bo', '\$2y\$12\$TyO9cTQJ0O7NSPORyyP8Hup.wk8.BWNWu4itdEJYyjZ2Sem9DbFyi', 'Postulante', true, NOW(), NOW());
INSERT INTO postulantes (id, ci, nombres, apellidos, fecha_nacimiento, sexo, direccion, telefono, email, colegio_procedencia, ciudad, titulo_bachiller, primera_opcion_id, segunda_opcion_id, turno_preferencia, gestion_id, estado, recurrente, user_id, created_at, updated_at) VALUES (1385, '4317523', 'Francisca', 'Morales', '2005-01-15', 'M', NULL, '59166356653', 'franciscamorales184@estudiante.edu.bo', 'Colegio Boliviano', 'Santa Cruz de la Sierra', NULL, 3, 4, 'Manana', 2, 'Preinscrito', false, 1484, NOW(), NOW());
INSERT INTO requisitos_documentales (postulante_id, ci_digitalizado, certificado_nacimiento, titulo_bachiller_legalizado, formulario_preinscripcion, verificado_bd_externa, updated_at) VALUES (1385, false, false, false, false, false, NOW());
INSERT INTO users (id, name, email, password, role, active, created_at, updated_at) VALUES (1485, 'Aurora Delgado', 'auroradelgado185@estudiante.edu.bo', '\$2y\$12\$TyO9cTQJ0O7NSPORyyP8Hup.wk8.BWNWu4itdEJYyjZ2Sem9DbFyi', 'Postulante', true, NOW(), NOW());
INSERT INTO postulantes (id, ci, nombres, apellidos, fecha_nacimiento, sexo, direccion, telefono, email, colegio_procedencia, ciudad, titulo_bachiller, primera_opcion_id, segunda_opcion_id, turno_preferencia, gestion_id, estado, recurrente, user_id, created_at, updated_at) VALUES (1386, '9334823', 'Aurora', 'Delgado', '2005-01-15', 'M', NULL, '59197056405', 'auroradelgado185@estudiante.edu.bo', 'Colegio Boliviano', 'Santa Cruz de la Sierra', NULL, 3, 4, 'Noche', 2, 'Preinscrito', false, 1485, NOW(), NOW());
INSERT INTO requisitos_documentales (postulante_id, ci_digitalizado, certificado_nacimiento, titulo_bachiller_legalizado, formulario_preinscripcion, verificado_bd_externa, updated_at) VALUES (1386, false, false, false, false, false, NOW());
INSERT INTO users (id, name, email, password, role, active, created_at, updated_at) VALUES (1486, 'Guillermo Hernández', 'guillermohernández186@estudiante.edu.bo', '\$2y\$12\$TyO9cTQJ0O7NSPORyyP8Hup.wk8.BWNWu4itdEJYyjZ2Sem9DbFyi', 'Postulante', true, NOW(), NOW());
INSERT INTO postulantes (id, ci, nombres, apellidos, fecha_nacimiento, sexo, direccion, telefono, email, colegio_procedencia, ciudad, titulo_bachiller, primera_opcion_id, segunda_opcion_id, turno_preferencia, gestion_id, estado, recurrente, user_id, created_at, updated_at) VALUES (1387, '4366768', 'Guillermo', 'Hernández', '2005-01-15', 'M', NULL, '59189789456', 'guillermohernández186@estudiante.edu.bo', 'Colegio Boliviano', 'Santa Cruz de la Sierra', NULL, 3, 4, 'Noche', 2, 'Preinscrito', false, 1486, NOW(), NOW());
INSERT INTO requisitos_documentales (postulante_id, ci_digitalizado, certificado_nacimiento, titulo_bachiller_legalizado, formulario_preinscripcion, verificado_bd_externa, updated_at) VALUES (1387, false, false, false, false, false, NOW());
INSERT INTO users (id, name, email, password, role, active, created_at, updated_at) VALUES (1487, 'Sandra García', 'sandragarcía187@estudiante.edu.bo', '\$2y\$12\$TyO9cTQJ0O7NSPORyyP8Hup.wk8.BWNWu4itdEJYyjZ2Sem9DbFyi', 'Postulante', true, NOW(), NOW());
INSERT INTO postulantes (id, ci, nombres, apellidos, fecha_nacimiento, sexo, direccion, telefono, email, colegio_procedencia, ciudad, titulo_bachiller, primera_opcion_id, segunda_opcion_id, turno_preferencia, gestion_id, estado, recurrente, user_id, created_at, updated_at) VALUES (1388, '7626958', 'Sandra', 'García', '2005-01-15', 'M', NULL, '59161817166', 'sandragarcía187@estudiante.edu.bo', 'Colegio Boliviano', 'Santa Cruz de la Sierra', NULL, 3, 4, 'Tarde', 2, 'Preinscrito', false, 1487, NOW(), NOW());
INSERT INTO requisitos_documentales (postulante_id, ci_digitalizado, certificado_nacimiento, titulo_bachiller_legalizado, formulario_preinscripcion, verificado_bd_externa, updated_at) VALUES (1388, false, false, false, false, false, NOW());
INSERT INTO users (id, name, email, password, role, active, created_at, updated_at) VALUES (1488, 'Sergio Vargas', 'sergiovargas188@estudiante.edu.bo', '\$2y\$12\$TyO9cTQJ0O7NSPORyyP8Hup.wk8.BWNWu4itdEJYyjZ2Sem9DbFyi', 'Postulante', true, NOW(), NOW());
INSERT INTO postulantes (id, ci, nombres, apellidos, fecha_nacimiento, sexo, direccion, telefono, email, colegio_procedencia, ciudad, titulo_bachiller, primera_opcion_id, segunda_opcion_id, turno_preferencia, gestion_id, estado, recurrente, user_id, created_at, updated_at) VALUES (1389, '5669432', 'Sergio', 'Vargas', '2005-01-15', 'M', NULL, '59165529640', 'sergiovargas188@estudiante.edu.bo', 'Colegio Boliviano', 'Santa Cruz de la Sierra', NULL, 3, 4, 'Noche', 2, 'Preinscrito', false, 1488, NOW(), NOW());
INSERT INTO requisitos_documentales (postulante_id, ci_digitalizado, certificado_nacimiento, titulo_bachiller_legalizado, formulario_preinscripcion, verificado_bd_externa, updated_at) VALUES (1389, false, false, false, false, false, NOW());
INSERT INTO users (id, name, email, password, role, active, created_at, updated_at) VALUES (1489, 'Laura Campos', 'lauracampos189@estudiante.edu.bo', '\$2y\$12\$TyO9cTQJ0O7NSPORyyP8Hup.wk8.BWNWu4itdEJYyjZ2Sem9DbFyi', 'Postulante', true, NOW(), NOW());
INSERT INTO postulantes (id, ci, nombres, apellidos, fecha_nacimiento, sexo, direccion, telefono, email, colegio_procedencia, ciudad, titulo_bachiller, primera_opcion_id, segunda_opcion_id, turno_preferencia, gestion_id, estado, recurrente, user_id, created_at, updated_at) VALUES (1390, '2465328', 'Laura', 'Campos', '2005-01-15', 'M', NULL, '59195811295', 'lauracampos189@estudiante.edu.bo', 'Colegio Boliviano', 'Santa Cruz de la Sierra', NULL, 3, 4, 'Noche', 2, 'Preinscrito', false, 1489, NOW(), NOW());
INSERT INTO requisitos_documentales (postulante_id, ci_digitalizado, certificado_nacimiento, titulo_bachiller_legalizado, formulario_preinscripcion, verificado_bd_externa, updated_at) VALUES (1390, false, false, false, false, false, NOW());
INSERT INTO users (id, name, email, password, role, active, created_at, updated_at) VALUES (1490, 'Javier Ruiz', 'javierruiz190@estudiante.edu.bo', '\$2y\$12\$TyO9cTQJ0O7NSPORyyP8Hup.wk8.BWNWu4itdEJYyjZ2Sem9DbFyi', 'Postulante', true, NOW(), NOW());
INSERT INTO postulantes (id, ci, nombres, apellidos, fecha_nacimiento, sexo, direccion, telefono, email, colegio_procedencia, ciudad, titulo_bachiller, primera_opcion_id, segunda_opcion_id, turno_preferencia, gestion_id, estado, recurrente, user_id, created_at, updated_at) VALUES (1391, '1516599', 'Javier', 'Ruiz', '2005-01-15', 'M', NULL, '59189771839', 'javierruiz190@estudiante.edu.bo', 'Colegio Boliviano', 'Santa Cruz de la Sierra', NULL, 3, 4, 'Noche', 2, 'Preinscrito', false, 1490, NOW(), NOW());
INSERT INTO requisitos_documentales (postulante_id, ci_digitalizado, certificado_nacimiento, titulo_bachiller_legalizado, formulario_preinscripcion, verificado_bd_externa, updated_at) VALUES (1391, false, false, false, false, false, NOW());
INSERT INTO users (id, name, email, password, role, active, created_at, updated_at) VALUES (1491, 'Andrés Ruiz', 'andrésruiz191@estudiante.edu.bo', '\$2y\$12\$TyO9cTQJ0O7NSPORyyP8Hup.wk8.BWNWu4itdEJYyjZ2Sem9DbFyi', 'Postulante', true, NOW(), NOW());
INSERT INTO postulantes (id, ci, nombres, apellidos, fecha_nacimiento, sexo, direccion, telefono, email, colegio_procedencia, ciudad, titulo_bachiller, primera_opcion_id, segunda_opcion_id, turno_preferencia, gestion_id, estado, recurrente, user_id, created_at, updated_at) VALUES (1392, '2274248', 'Andrés', 'Ruiz', '2005-01-15', 'M', NULL, '59172853356', 'andrésruiz191@estudiante.edu.bo', 'Colegio Boliviano', 'Santa Cruz de la Sierra', NULL, 3, 4, 'Tarde', 2, 'Preinscrito', false, 1491, NOW(), NOW());
INSERT INTO requisitos_documentales (postulante_id, ci_digitalizado, certificado_nacimiento, titulo_bachiller_legalizado, formulario_preinscripcion, verificado_bd_externa, updated_at) VALUES (1392, false, false, false, false, false, NOW());
INSERT INTO users (id, name, email, password, role, active, created_at, updated_at) VALUES (1492, 'Gabriela Vidal', 'gabrielavidal192@estudiante.edu.bo', '\$2y\$12\$TyO9cTQJ0O7NSPORyyP8Hup.wk8.BWNWu4itdEJYyjZ2Sem9DbFyi', 'Postulante', true, NOW(), NOW());
INSERT INTO postulantes (id, ci, nombres, apellidos, fecha_nacimiento, sexo, direccion, telefono, email, colegio_procedencia, ciudad, titulo_bachiller, primera_opcion_id, segunda_opcion_id, turno_preferencia, gestion_id, estado, recurrente, user_id, created_at, updated_at) VALUES (1393, '6798832', 'Gabriela', 'Vidal', '2005-01-15', 'M', NULL, '59196478037', 'gabrielavidal192@estudiante.edu.bo', 'Colegio Boliviano', 'Santa Cruz de la Sierra', NULL, 3, 4, 'Noche', 2, 'Preinscrito', false, 1492, NOW(), NOW());
INSERT INTO requisitos_documentales (postulante_id, ci_digitalizado, certificado_nacimiento, titulo_bachiller_legalizado, formulario_preinscripcion, verificado_bd_externa, updated_at) VALUES (1393, false, false, false, false, false, NOW());
INSERT INTO users (id, name, email, password, role, active, created_at, updated_at) VALUES (1493, 'Ana Castillo', 'anacastillo193@estudiante.edu.bo', '\$2y\$12\$TyO9cTQJ0O7NSPORyyP8Hup.wk8.BWNWu4itdEJYyjZ2Sem9DbFyi', 'Postulante', true, NOW(), NOW());
INSERT INTO postulantes (id, ci, nombres, apellidos, fecha_nacimiento, sexo, direccion, telefono, email, colegio_procedencia, ciudad, titulo_bachiller, primera_opcion_id, segunda_opcion_id, turno_preferencia, gestion_id, estado, recurrente, user_id, created_at, updated_at) VALUES (1394, '4786443', 'Ana', 'Castillo', '2005-01-15', 'M', NULL, '59166049344', 'anacastillo193@estudiante.edu.bo', 'Colegio Boliviano', 'Santa Cruz de la Sierra', NULL, 3, 4, 'Manana', 2, 'Preinscrito', false, 1493, NOW(), NOW());
INSERT INTO requisitos_documentales (postulante_id, ci_digitalizado, certificado_nacimiento, titulo_bachiller_legalizado, formulario_preinscripcion, verificado_bd_externa, updated_at) VALUES (1394, false, false, false, false, false, NOW());
INSERT INTO users (id, name, email, password, role, active, created_at, updated_at) VALUES (1494, 'Valentina Carrillo', 'valentinacarrillo194@estudiante.edu.bo', '\$2y\$12\$TyO9cTQJ0O7NSPORyyP8Hup.wk8.BWNWu4itdEJYyjZ2Sem9DbFyi', 'Postulante', true, NOW(), NOW());
INSERT INTO postulantes (id, ci, nombres, apellidos, fecha_nacimiento, sexo, direccion, telefono, email, colegio_procedencia, ciudad, titulo_bachiller, primera_opcion_id, segunda_opcion_id, turno_preferencia, gestion_id, estado, recurrente, user_id, created_at, updated_at) VALUES (1395, '4494710', 'Valentina', 'Carrillo', '2005-01-15', 'M', NULL, '59183461567', 'valentinacarrillo194@estudiante.edu.bo', 'Colegio Boliviano', 'Santa Cruz de la Sierra', NULL, 3, 4, 'Tarde', 2, 'Preinscrito', false, 1494, NOW(), NOW());
INSERT INTO requisitos_documentales (postulante_id, ci_digitalizado, certificado_nacimiento, titulo_bachiller_legalizado, formulario_preinscripcion, verificado_bd_externa, updated_at) VALUES (1395, false, false, false, false, false, NOW());
INSERT INTO users (id, name, email, password, role, active, created_at, updated_at) VALUES (1495, 'Héctor Ortiz', 'héctorortiz195@estudiante.edu.bo', '\$2y\$12\$TyO9cTQJ0O7NSPORyyP8Hup.wk8.BWNWu4itdEJYyjZ2Sem9DbFyi', 'Postulante', true, NOW(), NOW());
INSERT INTO postulantes (id, ci, nombres, apellidos, fecha_nacimiento, sexo, direccion, telefono, email, colegio_procedencia, ciudad, titulo_bachiller, primera_opcion_id, segunda_opcion_id, turno_preferencia, gestion_id, estado, recurrente, user_id, created_at, updated_at) VALUES (1396, '9253804', 'Héctor', 'Ortiz', '2005-01-15', 'M', NULL, '59183266767', 'héctorortiz195@estudiante.edu.bo', 'Colegio Boliviano', 'Santa Cruz de la Sierra', NULL, 3, 4, 'Manana', 2, 'Preinscrito', false, 1495, NOW(), NOW());
INSERT INTO requisitos_documentales (postulante_id, ci_digitalizado, certificado_nacimiento, titulo_bachiller_legalizado, formulario_preinscripcion, verificado_bd_externa, updated_at) VALUES (1396, false, false, false, false, false, NOW());
INSERT INTO users (id, name, email, password, role, active, created_at, updated_at) VALUES (1496, 'Esperanza Reyes', 'esperanzareyes196@estudiante.edu.bo', '\$2y\$12\$TyO9cTQJ0O7NSPORyyP8Hup.wk8.BWNWu4itdEJYyjZ2Sem9DbFyi', 'Postulante', true, NOW(), NOW());
INSERT INTO postulantes (id, ci, nombres, apellidos, fecha_nacimiento, sexo, direccion, telefono, email, colegio_procedencia, ciudad, titulo_bachiller, primera_opcion_id, segunda_opcion_id, turno_preferencia, gestion_id, estado, recurrente, user_id, created_at, updated_at) VALUES (1397, '3201531', 'Esperanza', 'Reyes', '2005-01-15', 'M', NULL, '59190085835', 'esperanzareyes196@estudiante.edu.bo', 'Colegio Boliviano', 'Santa Cruz de la Sierra', NULL, 3, 4, 'Tarde', 2, 'Preinscrito', false, 1496, NOW(), NOW());
INSERT INTO requisitos_documentales (postulante_id, ci_digitalizado, certificado_nacimiento, titulo_bachiller_legalizado, formulario_preinscripcion, verificado_bd_externa, updated_at) VALUES (1397, false, false, false, false, false, NOW());
INSERT INTO users (id, name, email, password, role, active, created_at, updated_at) VALUES (1497, 'Héctor Torres', 'héctortorres197@estudiante.edu.bo', '\$2y\$12\$TyO9cTQJ0O7NSPORyyP8Hup.wk8.BWNWu4itdEJYyjZ2Sem9DbFyi', 'Postulante', true, NOW(), NOW());
INSERT INTO postulantes (id, ci, nombres, apellidos, fecha_nacimiento, sexo, direccion, telefono, email, colegio_procedencia, ciudad, titulo_bachiller, primera_opcion_id, segunda_opcion_id, turno_preferencia, gestion_id, estado, recurrente, user_id, created_at, updated_at) VALUES (1398, '5012545', 'Héctor', 'Torres', '2005-01-15', 'M', NULL, '59175005729', 'héctortorres197@estudiante.edu.bo', 'Colegio Boliviano', 'Santa Cruz de la Sierra', NULL, 3, 4, 'Tarde', 2, 'Preinscrito', false, 1497, NOW(), NOW());
INSERT INTO requisitos_documentales (postulante_id, ci_digitalizado, certificado_nacimiento, titulo_bachiller_legalizado, formulario_preinscripcion, verificado_bd_externa, updated_at) VALUES (1398, false, false, false, false, false, NOW());
INSERT INTO users (id, name, email, password, role, active, created_at, updated_at) VALUES (1498, 'Leticia Flores', 'leticiaflores198@estudiante.edu.bo', '\$2y\$12\$TyO9cTQJ0O7NSPORyyP8Hup.wk8.BWNWu4itdEJYyjZ2Sem9DbFyi', 'Postulante', true, NOW(), NOW());
INSERT INTO postulantes (id, ci, nombres, apellidos, fecha_nacimiento, sexo, direccion, telefono, email, colegio_procedencia, ciudad, titulo_bachiller, primera_opcion_id, segunda_opcion_id, turno_preferencia, gestion_id, estado, recurrente, user_id, created_at, updated_at) VALUES (1399, '8974494', 'Leticia', 'Flores', '2005-01-15', 'M', NULL, '59168487479', 'leticiaflores198@estudiante.edu.bo', 'Colegio Boliviano', 'Santa Cruz de la Sierra', NULL, 3, 4, 'Manana', 2, 'Preinscrito', false, 1498, NOW(), NOW());
INSERT INTO requisitos_documentales (postulante_id, ci_digitalizado, certificado_nacimiento, titulo_bachiller_legalizado, formulario_preinscripcion, verificado_bd_externa, updated_at) VALUES (1399, false, false, false, false, false, NOW());
INSERT INTO users (id, name, email, password, role, active, created_at, updated_at) VALUES (1499, 'Patricia Pérez', 'patriciapérez199@estudiante.edu.bo', '\$2y\$12\$TyO9cTQJ0O7NSPORyyP8Hup.wk8.BWNWu4itdEJYyjZ2Sem9DbFyi', 'Postulante', true, NOW(), NOW());
INSERT INTO postulantes (id, ci, nombres, apellidos, fecha_nacimiento, sexo, direccion, telefono, email, colegio_procedencia, ciudad, titulo_bachiller, primera_opcion_id, segunda_opcion_id, turno_preferencia, gestion_id, estado, recurrente, user_id, created_at, updated_at) VALUES (1400, '8375048', 'Patricia', 'Pérez', '2005-01-15', 'M', NULL, '59170829349', 'patriciapérez199@estudiante.edu.bo', 'Colegio Boliviano', 'Santa Cruz de la Sierra', NULL, 3, 4, 'Noche', 2, 'Preinscrito', false, 1499, NOW(), NOW());
INSERT INTO requisitos_documentales (postulante_id, ci_digitalizado, certificado_nacimiento, titulo_bachiller_legalizado, formulario_preinscripcion, verificado_bd_externa, updated_at) VALUES (1400, false, false, false, false, false, NOW());
-- 1400 postulantes insertados...
INSERT INTO users (id, name, email, password, role, active, created_at, updated_at) VALUES (1500, 'Roberto Sánchez', 'robertosánchez0@estudiante.edu.bo', '\$2y\$12\$TyO9cTQJ0O7NSPORyyP8Hup.wk8.BWNWu4itdEJYyjZ2Sem9DbFyi', 'Postulante', true, NOW(), NOW());
INSERT INTO postulantes (id, ci, nombres, apellidos, fecha_nacimiento, sexo, direccion, telefono, email, colegio_procedencia, ciudad, titulo_bachiller, primera_opcion_id, segunda_opcion_id, turno_preferencia, gestion_id, estado, recurrente, user_id, created_at, updated_at) VALUES (1401, '4975407', 'Roberto', 'Sánchez', '2005-01-15', 'M', NULL, '59188910955', 'robertosánchez0@estudiante.edu.bo', 'Colegio Boliviano', 'Santa Cruz de la Sierra', NULL, 4, 3, 'Manana', 2, 'Preinscrito', false, 1500, NOW(), NOW());
INSERT INTO requisitos_documentales (postulante_id, ci_digitalizado, certificado_nacimiento, titulo_bachiller_legalizado, formulario_preinscripcion, verificado_bd_externa, updated_at) VALUES (1401, false, false, false, false, false, NOW());
INSERT INTO users (id, name, email, password, role, active, created_at, updated_at) VALUES (1501, 'Rosario Reyes', 'rosarioreyes1@estudiante.edu.bo', '\$2y\$12\$TyO9cTQJ0O7NSPORyyP8Hup.wk8.BWNWu4itdEJYyjZ2Sem9DbFyi', 'Postulante', true, NOW(), NOW());
INSERT INTO postulantes (id, ci, nombres, apellidos, fecha_nacimiento, sexo, direccion, telefono, email, colegio_procedencia, ciudad, titulo_bachiller, primera_opcion_id, segunda_opcion_id, turno_preferencia, gestion_id, estado, recurrente, user_id, created_at, updated_at) VALUES (1402, '7419291', 'Rosario', 'Reyes', '2005-01-15', 'M', NULL, '59179313194', 'rosarioreyes1@estudiante.edu.bo', 'Colegio Boliviano', 'Santa Cruz de la Sierra', NULL, 4, 3, 'Manana', 2, 'Preinscrito', false, 1501, NOW(), NOW());
INSERT INTO requisitos_documentales (postulante_id, ci_digitalizado, certificado_nacimiento, titulo_bachiller_legalizado, formulario_preinscripcion, verificado_bd_externa, updated_at) VALUES (1402, false, false, false, false, false, NOW());
INSERT INTO users (id, name, email, password, role, active, created_at, updated_at) VALUES (1502, 'Víctor Vargas', 'víctorvargas2@estudiante.edu.bo', '\$2y\$12\$TyO9cTQJ0O7NSPORyyP8Hup.wk8.BWNWu4itdEJYyjZ2Sem9DbFyi', 'Postulante', true, NOW(), NOW());
INSERT INTO postulantes (id, ci, nombres, apellidos, fecha_nacimiento, sexo, direccion, telefono, email, colegio_procedencia, ciudad, titulo_bachiller, primera_opcion_id, segunda_opcion_id, turno_preferencia, gestion_id, estado, recurrente, user_id, created_at, updated_at) VALUES (1403, '8233772', 'Víctor', 'Vargas', '2005-01-15', 'M', NULL, '59185587829', 'víctorvargas2@estudiante.edu.bo', 'Colegio Boliviano', 'Santa Cruz de la Sierra', NULL, 4, 3, 'Noche', 2, 'Preinscrito', false, 1502, NOW(), NOW());
INSERT INTO requisitos_documentales (postulante_id, ci_digitalizado, certificado_nacimiento, titulo_bachiller_legalizado, formulario_preinscripcion, verificado_bd_externa, updated_at) VALUES (1403, false, false, false, false, false, NOW());
INSERT INTO users (id, name, email, password, role, active, created_at, updated_at) VALUES (1503, 'Luis Vega', 'luisvega3@estudiante.edu.bo', '\$2y\$12\$TyO9cTQJ0O7NSPORyyP8Hup.wk8.BWNWu4itdEJYyjZ2Sem9DbFyi', 'Postulante', true, NOW(), NOW());
INSERT INTO postulantes (id, ci, nombres, apellidos, fecha_nacimiento, sexo, direccion, telefono, email, colegio_procedencia, ciudad, titulo_bachiller, primera_opcion_id, segunda_opcion_id, turno_preferencia, gestion_id, estado, recurrente, user_id, created_at, updated_at) VALUES (1404, '5260493', 'Luis', 'Vega', '2005-01-15', 'M', NULL, '59199042354', 'luisvega3@estudiante.edu.bo', 'Colegio Boliviano', 'Santa Cruz de la Sierra', NULL, 4, 3, 'Tarde', 2, 'Preinscrito', false, 1503, NOW(), NOW());
INSERT INTO requisitos_documentales (postulante_id, ci_digitalizado, certificado_nacimiento, titulo_bachiller_legalizado, formulario_preinscripcion, verificado_bd_externa, updated_at) VALUES (1404, false, false, false, false, false, NOW());
INSERT INTO users (id, name, email, password, role, active, created_at, updated_at) VALUES (1504, 'Andrés Silva', 'andréssilva4@estudiante.edu.bo', '\$2y\$12\$TyO9cTQJ0O7NSPORyyP8Hup.wk8.BWNWu4itdEJYyjZ2Sem9DbFyi', 'Postulante', true, NOW(), NOW());
INSERT INTO postulantes (id, ci, nombres, apellidos, fecha_nacimiento, sexo, direccion, telefono, email, colegio_procedencia, ciudad, titulo_bachiller, primera_opcion_id, segunda_opcion_id, turno_preferencia, gestion_id, estado, recurrente, user_id, created_at, updated_at) VALUES (1405, '7345947', 'Andrés', 'Silva', '2005-01-15', 'M', NULL, '59168408812', 'andréssilva4@estudiante.edu.bo', 'Colegio Boliviano', 'Santa Cruz de la Sierra', NULL, 4, 3, 'Manana', 2, 'Preinscrito', false, 1504, NOW(), NOW());
INSERT INTO requisitos_documentales (postulante_id, ci_digitalizado, certificado_nacimiento, titulo_bachiller_legalizado, formulario_preinscripcion, verificado_bd_externa, updated_at) VALUES (1405, false, false, false, false, false, NOW());
INSERT INTO users (id, name, email, password, role, active, created_at, updated_at) VALUES (1505, 'Guillermo Tapia', 'guillermotapia5@estudiante.edu.bo', '\$2y\$12\$TyO9cTQJ0O7NSPORyyP8Hup.wk8.BWNWu4itdEJYyjZ2Sem9DbFyi', 'Postulante', true, NOW(), NOW());
INSERT INTO postulantes (id, ci, nombres, apellidos, fecha_nacimiento, sexo, direccion, telefono, email, colegio_procedencia, ciudad, titulo_bachiller, primera_opcion_id, segunda_opcion_id, turno_preferencia, gestion_id, estado, recurrente, user_id, created_at, updated_at) VALUES (1406, '4846853', 'Guillermo', 'Tapia', '2005-01-15', 'M', NULL, '59183041326', 'guillermotapia5@estudiante.edu.bo', 'Colegio Boliviano', 'Santa Cruz de la Sierra', NULL, 4, 3, 'Manana', 2, 'Preinscrito', false, 1505, NOW(), NOW());
INSERT INTO requisitos_documentales (postulante_id, ci_digitalizado, certificado_nacimiento, titulo_bachiller_legalizado, formulario_preinscripcion, verificado_bd_externa, updated_at) VALUES (1406, false, false, false, false, false, NOW());
INSERT INTO users (id, name, email, password, role, active, created_at, updated_at) VALUES (1506, 'Andrés Vargas', 'andrésvargas6@estudiante.edu.bo', '\$2y\$12\$TyO9cTQJ0O7NSPORyyP8Hup.wk8.BWNWu4itdEJYyjZ2Sem9DbFyi', 'Postulante', true, NOW(), NOW());
INSERT INTO postulantes (id, ci, nombres, apellidos, fecha_nacimiento, sexo, direccion, telefono, email, colegio_procedencia, ciudad, titulo_bachiller, primera_opcion_id, segunda_opcion_id, turno_preferencia, gestion_id, estado, recurrente, user_id, created_at, updated_at) VALUES (1407, '5519741', 'Andrés', 'Vargas', '2005-01-15', 'M', NULL, '59160440024', 'andrésvargas6@estudiante.edu.bo', 'Colegio Boliviano', 'Santa Cruz de la Sierra', NULL, 4, 3, 'Noche', 2, 'Preinscrito', false, 1506, NOW(), NOW());
INSERT INTO requisitos_documentales (postulante_id, ci_digitalizado, certificado_nacimiento, titulo_bachiller_legalizado, formulario_preinscripcion, verificado_bd_externa, updated_at) VALUES (1407, false, false, false, false, false, NOW());
INSERT INTO users (id, name, email, password, role, active, created_at, updated_at) VALUES (1507, 'Sandra López', 'sandralópez7@estudiante.edu.bo', '\$2y\$12\$TyO9cTQJ0O7NSPORyyP8Hup.wk8.BWNWu4itdEJYyjZ2Sem9DbFyi', 'Postulante', true, NOW(), NOW());
INSERT INTO postulantes (id, ci, nombres, apellidos, fecha_nacimiento, sexo, direccion, telefono, email, colegio_procedencia, ciudad, titulo_bachiller, primera_opcion_id, segunda_opcion_id, turno_preferencia, gestion_id, estado, recurrente, user_id, created_at, updated_at) VALUES (1408, '3946937', 'Sandra', 'López', '2005-01-15', 'M', NULL, '59196922538', 'sandralópez7@estudiante.edu.bo', 'Colegio Boliviano', 'Santa Cruz de la Sierra', NULL, 4, 3, 'Manana', 2, 'Preinscrito', false, 1507, NOW(), NOW());
INSERT INTO requisitos_documentales (postulante_id, ci_digitalizado, certificado_nacimiento, titulo_bachiller_legalizado, formulario_preinscripcion, verificado_bd_externa, updated_at) VALUES (1408, false, false, false, false, false, NOW());
INSERT INTO users (id, name, email, password, role, active, created_at, updated_at) VALUES (1508, 'Elena Martínez', 'elenamartínez8@estudiante.edu.bo', '\$2y\$12\$TyO9cTQJ0O7NSPORyyP8Hup.wk8.BWNWu4itdEJYyjZ2Sem9DbFyi', 'Postulante', true, NOW(), NOW());
INSERT INTO postulantes (id, ci, nombres, apellidos, fecha_nacimiento, sexo, direccion, telefono, email, colegio_procedencia, ciudad, titulo_bachiller, primera_opcion_id, segunda_opcion_id, turno_preferencia, gestion_id, estado, recurrente, user_id, created_at, updated_at) VALUES (1409, '2699620', 'Elena', 'Martínez', '2005-01-15', 'M', NULL, '59187574757', 'elenamartínez8@estudiante.edu.bo', 'Colegio Boliviano', 'Santa Cruz de la Sierra', NULL, 4, 3, 'Tarde', 2, 'Preinscrito', false, 1508, NOW(), NOW());
INSERT INTO requisitos_documentales (postulante_id, ci_digitalizado, certificado_nacimiento, titulo_bachiller_legalizado, formulario_preinscripcion, verificado_bd_externa, updated_at) VALUES (1409, false, false, false, false, false, NOW());
INSERT INTO users (id, name, email, password, role, active, created_at, updated_at) VALUES (1509, 'Víctor Cortés', 'víctorcortés9@estudiante.edu.bo', '\$2y\$12\$TyO9cTQJ0O7NSPORyyP8Hup.wk8.BWNWu4itdEJYyjZ2Sem9DbFyi', 'Postulante', true, NOW(), NOW());
INSERT INTO postulantes (id, ci, nombres, apellidos, fecha_nacimiento, sexo, direccion, telefono, email, colegio_procedencia, ciudad, titulo_bachiller, primera_opcion_id, segunda_opcion_id, turno_preferencia, gestion_id, estado, recurrente, user_id, created_at, updated_at) VALUES (1410, '7579372', 'Víctor', 'Cortés', '2005-01-15', 'M', NULL, '59193170871', 'víctorcortés9@estudiante.edu.bo', 'Colegio Boliviano', 'Santa Cruz de la Sierra', NULL, 4, 3, 'Noche', 2, 'Preinscrito', false, 1509, NOW(), NOW());
INSERT INTO requisitos_documentales (postulante_id, ci_digitalizado, certificado_nacimiento, titulo_bachiller_legalizado, formulario_preinscripcion, verificado_bd_externa, updated_at) VALUES (1410, false, false, false, false, false, NOW());
INSERT INTO users (id, name, email, password, role, active, created_at, updated_at) VALUES (1510, 'Oscar Rivera', 'oscarrivera10@estudiante.edu.bo', '\$2y\$12\$TyO9cTQJ0O7NSPORyyP8Hup.wk8.BWNWu4itdEJYyjZ2Sem9DbFyi', 'Postulante', true, NOW(), NOW());
INSERT INTO postulantes (id, ci, nombres, apellidos, fecha_nacimiento, sexo, direccion, telefono, email, colegio_procedencia, ciudad, titulo_bachiller, primera_opcion_id, segunda_opcion_id, turno_preferencia, gestion_id, estado, recurrente, user_id, created_at, updated_at) VALUES (1411, '1359134', 'Oscar', 'Rivera', '2005-01-15', 'M', NULL, '59171405360', 'oscarrivera10@estudiante.edu.bo', 'Colegio Boliviano', 'Santa Cruz de la Sierra', NULL, 4, 3, 'Manana', 2, 'Preinscrito', false, 1510, NOW(), NOW());
INSERT INTO requisitos_documentales (postulante_id, ci_digitalizado, certificado_nacimiento, titulo_bachiller_legalizado, formulario_preinscripcion, verificado_bd_externa, updated_at) VALUES (1411, false, false, false, false, false, NOW());
INSERT INTO users (id, name, email, password, role, active, created_at, updated_at) VALUES (1511, 'Héctor Pérez', 'héctorpérez11@estudiante.edu.bo', '\$2y\$12\$TyO9cTQJ0O7NSPORyyP8Hup.wk8.BWNWu4itdEJYyjZ2Sem9DbFyi', 'Postulante', true, NOW(), NOW());
INSERT INTO postulantes (id, ci, nombres, apellidos, fecha_nacimiento, sexo, direccion, telefono, email, colegio_procedencia, ciudad, titulo_bachiller, primera_opcion_id, segunda_opcion_id, turno_preferencia, gestion_id, estado, recurrente, user_id, created_at, updated_at) VALUES (1412, '1396547', 'Héctor', 'Pérez', '2005-01-15', 'M', NULL, '59196478867', 'héctorpérez11@estudiante.edu.bo', 'Colegio Boliviano', 'Santa Cruz de la Sierra', NULL, 4, 3, 'Manana', 2, 'Preinscrito', false, 1511, NOW(), NOW());
INSERT INTO requisitos_documentales (postulante_id, ci_digitalizado, certificado_nacimiento, titulo_bachiller_legalizado, formulario_preinscripcion, verificado_bd_externa, updated_at) VALUES (1412, false, false, false, false, false, NOW());
INSERT INTO users (id, name, email, password, role, active, created_at, updated_at) VALUES (1512, 'Antonio Ramírez', 'antonioramírez12@estudiante.edu.bo', '\$2y\$12\$TyO9cTQJ0O7NSPORyyP8Hup.wk8.BWNWu4itdEJYyjZ2Sem9DbFyi', 'Postulante', true, NOW(), NOW());
INSERT INTO postulantes (id, ci, nombres, apellidos, fecha_nacimiento, sexo, direccion, telefono, email, colegio_procedencia, ciudad, titulo_bachiller, primera_opcion_id, segunda_opcion_id, turno_preferencia, gestion_id, estado, recurrente, user_id, created_at, updated_at) VALUES (1413, '8335715', 'Antonio', 'Ramírez', '2005-01-15', 'M', NULL, '59176467084', 'antonioramírez12@estudiante.edu.bo', 'Colegio Boliviano', 'Santa Cruz de la Sierra', NULL, 4, 3, 'Manana', 2, 'Preinscrito', false, 1512, NOW(), NOW());
INSERT INTO requisitos_documentales (postulante_id, ci_digitalizado, certificado_nacimiento, titulo_bachiller_legalizado, formulario_preinscripcion, verificado_bd_externa, updated_at) VALUES (1413, false, false, false, false, false, NOW());
INSERT INTO users (id, name, email, password, role, active, created_at, updated_at) VALUES (1513, 'Rafael Martínez', 'rafaelmartínez13@estudiante.edu.bo', '\$2y\$12\$TyO9cTQJ0O7NSPORyyP8Hup.wk8.BWNWu4itdEJYyjZ2Sem9DbFyi', 'Postulante', true, NOW(), NOW());
INSERT INTO postulantes (id, ci, nombres, apellidos, fecha_nacimiento, sexo, direccion, telefono, email, colegio_procedencia, ciudad, titulo_bachiller, primera_opcion_id, segunda_opcion_id, turno_preferencia, gestion_id, estado, recurrente, user_id, created_at, updated_at) VALUES (1414, '1186188', 'Rafael', 'Martínez', '2005-01-15', 'M', NULL, '59170734611', 'rafaelmartínez13@estudiante.edu.bo', 'Colegio Boliviano', 'Santa Cruz de la Sierra', NULL, 4, 3, 'Manana', 2, 'Preinscrito', false, 1513, NOW(), NOW());
INSERT INTO requisitos_documentales (postulante_id, ci_digitalizado, certificado_nacimiento, titulo_bachiller_legalizado, formulario_preinscripcion, verificado_bd_externa, updated_at) VALUES (1414, false, false, false, false, false, NOW());
INSERT INTO users (id, name, email, password, role, active, created_at, updated_at) VALUES (1514, 'Rosa Contreras', 'rosacontreras14@estudiante.edu.bo', '\$2y\$12\$TyO9cTQJ0O7NSPORyyP8Hup.wk8.BWNWu4itdEJYyjZ2Sem9DbFyi', 'Postulante', true, NOW(), NOW());
INSERT INTO postulantes (id, ci, nombres, apellidos, fecha_nacimiento, sexo, direccion, telefono, email, colegio_procedencia, ciudad, titulo_bachiller, primera_opcion_id, segunda_opcion_id, turno_preferencia, gestion_id, estado, recurrente, user_id, created_at, updated_at) VALUES (1415, '3411541', 'Rosa', 'Contreras', '2005-01-15', 'M', NULL, '59192017605', 'rosacontreras14@estudiante.edu.bo', 'Colegio Boliviano', 'Santa Cruz de la Sierra', NULL, 4, 3, 'Manana', 2, 'Preinscrito', false, 1514, NOW(), NOW());
INSERT INTO requisitos_documentales (postulante_id, ci_digitalizado, certificado_nacimiento, titulo_bachiller_legalizado, formulario_preinscripcion, verificado_bd_externa, updated_at) VALUES (1415, false, false, false, false, false, NOW());
INSERT INTO users (id, name, email, password, role, active, created_at, updated_at) VALUES (1515, 'Elena García', 'elenagarcía15@estudiante.edu.bo', '\$2y\$12\$TyO9cTQJ0O7NSPORyyP8Hup.wk8.BWNWu4itdEJYyjZ2Sem9DbFyi', 'Postulante', true, NOW(), NOW());
INSERT INTO postulantes (id, ci, nombres, apellidos, fecha_nacimiento, sexo, direccion, telefono, email, colegio_procedencia, ciudad, titulo_bachiller, primera_opcion_id, segunda_opcion_id, turno_preferencia, gestion_id, estado, recurrente, user_id, created_at, updated_at) VALUES (1416, '1305806', 'Elena', 'García', '2005-01-15', 'M', NULL, '59165336534', 'elenagarcía15@estudiante.edu.bo', 'Colegio Boliviano', 'Santa Cruz de la Sierra', NULL, 4, 3, 'Manana', 2, 'Preinscrito', false, 1515, NOW(), NOW());
INSERT INTO requisitos_documentales (postulante_id, ci_digitalizado, certificado_nacimiento, titulo_bachiller_legalizado, formulario_preinscripcion, verificado_bd_externa, updated_at) VALUES (1416, false, false, false, false, false, NOW());
INSERT INTO users (id, name, email, password, role, active, created_at, updated_at) VALUES (1516, 'Natalia Martínez', 'nataliamartínez16@estudiante.edu.bo', '\$2y\$12\$TyO9cTQJ0O7NSPORyyP8Hup.wk8.BWNWu4itdEJYyjZ2Sem9DbFyi', 'Postulante', true, NOW(), NOW());
INSERT INTO postulantes (id, ci, nombres, apellidos, fecha_nacimiento, sexo, direccion, telefono, email, colegio_procedencia, ciudad, titulo_bachiller, primera_opcion_id, segunda_opcion_id, turno_preferencia, gestion_id, estado, recurrente, user_id, created_at, updated_at) VALUES (1417, '7574694', 'Natalia', 'Martínez', '2005-01-15', 'M', NULL, '59184125597', 'nataliamartínez16@estudiante.edu.bo', 'Colegio Boliviano', 'Santa Cruz de la Sierra', NULL, 4, 3, 'Noche', 2, 'Preinscrito', false, 1516, NOW(), NOW());
INSERT INTO requisitos_documentales (postulante_id, ci_digitalizado, certificado_nacimiento, titulo_bachiller_legalizado, formulario_preinscripcion, verificado_bd_externa, updated_at) VALUES (1417, false, false, false, false, false, NOW());
INSERT INTO users (id, name, email, password, role, active, created_at, updated_at) VALUES (1517, 'Esperanza Delgado', 'esperanzadelgado17@estudiante.edu.bo', '\$2y\$12\$TyO9cTQJ0O7NSPORyyP8Hup.wk8.BWNWu4itdEJYyjZ2Sem9DbFyi', 'Postulante', true, NOW(), NOW());
INSERT INTO postulantes (id, ci, nombres, apellidos, fecha_nacimiento, sexo, direccion, telefono, email, colegio_procedencia, ciudad, titulo_bachiller, primera_opcion_id, segunda_opcion_id, turno_preferencia, gestion_id, estado, recurrente, user_id, created_at, updated_at) VALUES (1418, '7561434', 'Esperanza', 'Delgado', '2005-01-15', 'M', NULL, '59196950672', 'esperanzadelgado17@estudiante.edu.bo', 'Colegio Boliviano', 'Santa Cruz de la Sierra', NULL, 4, 3, 'Manana', 2, 'Preinscrito', false, 1517, NOW(), NOW());
INSERT INTO requisitos_documentales (postulante_id, ci_digitalizado, certificado_nacimiento, titulo_bachiller_legalizado, formulario_preinscripcion, verificado_bd_externa, updated_at) VALUES (1418, false, false, false, false, false, NOW());
INSERT INTO users (id, name, email, password, role, active, created_at, updated_at) VALUES (1518, 'Gabriela Castillo', 'gabrielacastillo18@estudiante.edu.bo', '\$2y\$12\$TyO9cTQJ0O7NSPORyyP8Hup.wk8.BWNWu4itdEJYyjZ2Sem9DbFyi', 'Postulante', true, NOW(), NOW());
INSERT INTO postulantes (id, ci, nombres, apellidos, fecha_nacimiento, sexo, direccion, telefono, email, colegio_procedencia, ciudad, titulo_bachiller, primera_opcion_id, segunda_opcion_id, turno_preferencia, gestion_id, estado, recurrente, user_id, created_at, updated_at) VALUES (1419, '2666980', 'Gabriela', 'Castillo', '2005-01-15', 'M', NULL, '59179214143', 'gabrielacastillo18@estudiante.edu.bo', 'Colegio Boliviano', 'Santa Cruz de la Sierra', NULL, 4, 3, 'Tarde', 2, 'Preinscrito', false, 1518, NOW(), NOW());
INSERT INTO requisitos_documentales (postulante_id, ci_digitalizado, certificado_nacimiento, titulo_bachiller_legalizado, formulario_preinscripcion, verificado_bd_externa, updated_at) VALUES (1419, false, false, false, false, false, NOW());
INSERT INTO users (id, name, email, password, role, active, created_at, updated_at) VALUES (1519, 'Ricardo Tapia', 'ricardotapia19@estudiante.edu.bo', '\$2y\$12\$TyO9cTQJ0O7NSPORyyP8Hup.wk8.BWNWu4itdEJYyjZ2Sem9DbFyi', 'Postulante', true, NOW(), NOW());
INSERT INTO postulantes (id, ci, nombres, apellidos, fecha_nacimiento, sexo, direccion, telefono, email, colegio_procedencia, ciudad, titulo_bachiller, primera_opcion_id, segunda_opcion_id, turno_preferencia, gestion_id, estado, recurrente, user_id, created_at, updated_at) VALUES (1420, '9101554', 'Ricardo', 'Tapia', '2005-01-15', 'M', NULL, '59166328629', 'ricardotapia19@estudiante.edu.bo', 'Colegio Boliviano', 'Santa Cruz de la Sierra', NULL, 4, 3, 'Tarde', 2, 'Preinscrito', false, 1519, NOW(), NOW());
INSERT INTO requisitos_documentales (postulante_id, ci_digitalizado, certificado_nacimiento, titulo_bachiller_legalizado, formulario_preinscripcion, verificado_bd_externa, updated_at) VALUES (1420, false, false, false, false, false, NOW());
INSERT INTO users (id, name, email, password, role, active, created_at, updated_at) VALUES (1520, 'Jorge Vázquez', 'jorgevázquez20@estudiante.edu.bo', '\$2y\$12\$TyO9cTQJ0O7NSPORyyP8Hup.wk8.BWNWu4itdEJYyjZ2Sem9DbFyi', 'Postulante', true, NOW(), NOW());
INSERT INTO postulantes (id, ci, nombres, apellidos, fecha_nacimiento, sexo, direccion, telefono, email, colegio_procedencia, ciudad, titulo_bachiller, primera_opcion_id, segunda_opcion_id, turno_preferencia, gestion_id, estado, recurrente, user_id, created_at, updated_at) VALUES (1421, '7847997', 'Jorge', 'Vázquez', '2005-01-15', 'M', NULL, '59190367670', 'jorgevázquez20@estudiante.edu.bo', 'Colegio Boliviano', 'Santa Cruz de la Sierra', NULL, 4, 3, 'Noche', 2, 'Preinscrito', false, 1520, NOW(), NOW());
INSERT INTO requisitos_documentales (postulante_id, ci_digitalizado, certificado_nacimiento, titulo_bachiller_legalizado, formulario_preinscripcion, verificado_bd_externa, updated_at) VALUES (1421, false, false, false, false, false, NOW());
INSERT INTO users (id, name, email, password, role, active, created_at, updated_at) VALUES (1521, 'Carlos Valencia', 'carlosvalencia21@estudiante.edu.bo', '\$2y\$12\$TyO9cTQJ0O7NSPORyyP8Hup.wk8.BWNWu4itdEJYyjZ2Sem9DbFyi', 'Postulante', true, NOW(), NOW());
INSERT INTO postulantes (id, ci, nombres, apellidos, fecha_nacimiento, sexo, direccion, telefono, email, colegio_procedencia, ciudad, titulo_bachiller, primera_opcion_id, segunda_opcion_id, turno_preferencia, gestion_id, estado, recurrente, user_id, created_at, updated_at) VALUES (1422, '1856480', 'Carlos', 'Valencia', '2005-01-15', 'M', NULL, '59189398504', 'carlosvalencia21@estudiante.edu.bo', 'Colegio Boliviano', 'Santa Cruz de la Sierra', NULL, 4, 3, 'Noche', 2, 'Preinscrito', false, 1521, NOW(), NOW());
INSERT INTO requisitos_documentales (postulante_id, ci_digitalizado, certificado_nacimiento, titulo_bachiller_legalizado, formulario_preinscripcion, verificado_bd_externa, updated_at) VALUES (1422, false, false, false, false, false, NOW());
INSERT INTO users (id, name, email, password, role, active, created_at, updated_at) VALUES (1522, 'Gabriela Ramírez', 'gabrielaramírez22@estudiante.edu.bo', '\$2y\$12\$TyO9cTQJ0O7NSPORyyP8Hup.wk8.BWNWu4itdEJYyjZ2Sem9DbFyi', 'Postulante', true, NOW(), NOW());
INSERT INTO postulantes (id, ci, nombres, apellidos, fecha_nacimiento, sexo, direccion, telefono, email, colegio_procedencia, ciudad, titulo_bachiller, primera_opcion_id, segunda_opcion_id, turno_preferencia, gestion_id, estado, recurrente, user_id, created_at, updated_at) VALUES (1423, '5059281', 'Gabriela', 'Ramírez', '2005-01-15', 'M', NULL, '59174692151', 'gabrielaramírez22@estudiante.edu.bo', 'Colegio Boliviano', 'Santa Cruz de la Sierra', NULL, 4, 3, 'Tarde', 2, 'Preinscrito', false, 1522, NOW(), NOW());
INSERT INTO requisitos_documentales (postulante_id, ci_digitalizado, certificado_nacimiento, titulo_bachiller_legalizado, formulario_preinscripcion, verificado_bd_externa, updated_at) VALUES (1423, false, false, false, false, false, NOW());
INSERT INTO users (id, name, email, password, role, active, created_at, updated_at) VALUES (1523, 'Víctor Pérez', 'víctorpérez23@estudiante.edu.bo', '\$2y\$12\$TyO9cTQJ0O7NSPORyyP8Hup.wk8.BWNWu4itdEJYyjZ2Sem9DbFyi', 'Postulante', true, NOW(), NOW());
INSERT INTO postulantes (id, ci, nombres, apellidos, fecha_nacimiento, sexo, direccion, telefono, email, colegio_procedencia, ciudad, titulo_bachiller, primera_opcion_id, segunda_opcion_id, turno_preferencia, gestion_id, estado, recurrente, user_id, created_at, updated_at) VALUES (1424, '7580750', 'Víctor', 'Pérez', '2005-01-15', 'M', NULL, '59177440724', 'víctorpérez23@estudiante.edu.bo', 'Colegio Boliviano', 'Santa Cruz de la Sierra', NULL, 4, 3, 'Noche', 2, 'Preinscrito', false, 1523, NOW(), NOW());
INSERT INTO requisitos_documentales (postulante_id, ci_digitalizado, certificado_nacimiento, titulo_bachiller_legalizado, formulario_preinscripcion, verificado_bd_externa, updated_at) VALUES (1424, false, false, false, false, false, NOW());
INSERT INTO users (id, name, email, password, role, active, created_at, updated_at) VALUES (1524, 'Andrés Medina', 'andrésmedina24@estudiante.edu.bo', '\$2y\$12\$TyO9cTQJ0O7NSPORyyP8Hup.wk8.BWNWu4itdEJYyjZ2Sem9DbFyi', 'Postulante', true, NOW(), NOW());
INSERT INTO postulantes (id, ci, nombres, apellidos, fecha_nacimiento, sexo, direccion, telefono, email, colegio_procedencia, ciudad, titulo_bachiller, primera_opcion_id, segunda_opcion_id, turno_preferencia, gestion_id, estado, recurrente, user_id, created_at, updated_at) VALUES (1425, '9298555', 'Andrés', 'Medina', '2005-01-15', 'M', NULL, '59174369045', 'andrésmedina24@estudiante.edu.bo', 'Colegio Boliviano', 'Santa Cruz de la Sierra', NULL, 4, 3, 'Tarde', 2, 'Preinscrito', false, 1524, NOW(), NOW());
INSERT INTO requisitos_documentales (postulante_id, ci_digitalizado, certificado_nacimiento, titulo_bachiller_legalizado, formulario_preinscripcion, verificado_bd_externa, updated_at) VALUES (1425, false, false, false, false, false, NOW());
INSERT INTO users (id, name, email, password, role, active, created_at, updated_at) VALUES (1525, 'Valentina González', 'valentinagonzález25@estudiante.edu.bo', '\$2y\$12\$TyO9cTQJ0O7NSPORyyP8Hup.wk8.BWNWu4itdEJYyjZ2Sem9DbFyi', 'Postulante', true, NOW(), NOW());
INSERT INTO postulantes (id, ci, nombres, apellidos, fecha_nacimiento, sexo, direccion, telefono, email, colegio_procedencia, ciudad, titulo_bachiller, primera_opcion_id, segunda_opcion_id, turno_preferencia, gestion_id, estado, recurrente, user_id, created_at, updated_at) VALUES (1426, '1846312', 'Valentina', 'González', '2005-01-15', 'M', NULL, '59169552557', 'valentinagonzález25@estudiante.edu.bo', 'Colegio Boliviano', 'Santa Cruz de la Sierra', NULL, 4, 3, 'Manana', 2, 'Preinscrito', false, 1525, NOW(), NOW());
INSERT INTO requisitos_documentales (postulante_id, ci_digitalizado, certificado_nacimiento, titulo_bachiller_legalizado, formulario_preinscripcion, verificado_bd_externa, updated_at) VALUES (1426, false, false, false, false, false, NOW());
INSERT INTO users (id, name, email, password, role, active, created_at, updated_at) VALUES (1526, 'Elena Delgado', 'elenadelgado26@estudiante.edu.bo', '\$2y\$12\$TyO9cTQJ0O7NSPORyyP8Hup.wk8.BWNWu4itdEJYyjZ2Sem9DbFyi', 'Postulante', true, NOW(), NOW());
INSERT INTO postulantes (id, ci, nombres, apellidos, fecha_nacimiento, sexo, direccion, telefono, email, colegio_procedencia, ciudad, titulo_bachiller, primera_opcion_id, segunda_opcion_id, turno_preferencia, gestion_id, estado, recurrente, user_id, created_at, updated_at) VALUES (1427, '4578192', 'Elena', 'Delgado', '2005-01-15', 'M', NULL, '59160703383', 'elenadelgado26@estudiante.edu.bo', 'Colegio Boliviano', 'Santa Cruz de la Sierra', NULL, 4, 3, 'Manana', 2, 'Preinscrito', false, 1526, NOW(), NOW());
INSERT INTO requisitos_documentales (postulante_id, ci_digitalizado, certificado_nacimiento, titulo_bachiller_legalizado, formulario_preinscripcion, verificado_bd_externa, updated_at) VALUES (1427, false, false, false, false, false, NOW());
INSERT INTO users (id, name, email, password, role, active, created_at, updated_at) VALUES (1527, 'Laura Carrillo', 'lauracarrillo27@estudiante.edu.bo', '\$2y\$12\$TyO9cTQJ0O7NSPORyyP8Hup.wk8.BWNWu4itdEJYyjZ2Sem9DbFyi', 'Postulante', true, NOW(), NOW());
INSERT INTO postulantes (id, ci, nombres, apellidos, fecha_nacimiento, sexo, direccion, telefono, email, colegio_procedencia, ciudad, titulo_bachiller, primera_opcion_id, segunda_opcion_id, turno_preferencia, gestion_id, estado, recurrente, user_id, created_at, updated_at) VALUES (1428, '4699062', 'Laura', 'Carrillo', '2005-01-15', 'M', NULL, '59160570881', 'lauracarrillo27@estudiante.edu.bo', 'Colegio Boliviano', 'Santa Cruz de la Sierra', NULL, 4, 3, 'Tarde', 2, 'Preinscrito', false, 1527, NOW(), NOW());
INSERT INTO requisitos_documentales (postulante_id, ci_digitalizado, certificado_nacimiento, titulo_bachiller_legalizado, formulario_preinscripcion, verificado_bd_externa, updated_at) VALUES (1428, false, false, false, false, false, NOW());
INSERT INTO users (id, name, email, password, role, active, created_at, updated_at) VALUES (1528, 'Sergio López', 'sergiolópez28@estudiante.edu.bo', '\$2y\$12\$TyO9cTQJ0O7NSPORyyP8Hup.wk8.BWNWu4itdEJYyjZ2Sem9DbFyi', 'Postulante', true, NOW(), NOW());
INSERT INTO postulantes (id, ci, nombres, apellidos, fecha_nacimiento, sexo, direccion, telefono, email, colegio_procedencia, ciudad, titulo_bachiller, primera_opcion_id, segunda_opcion_id, turno_preferencia, gestion_id, estado, recurrente, user_id, created_at, updated_at) VALUES (1429, '7934970', 'Sergio', 'López', '2005-01-15', 'M', NULL, '59197087817', 'sergiolópez28@estudiante.edu.bo', 'Colegio Boliviano', 'Santa Cruz de la Sierra', NULL, 4, 3, 'Manana', 2, 'Preinscrito', false, 1528, NOW(), NOW());
INSERT INTO requisitos_documentales (postulante_id, ci_digitalizado, certificado_nacimiento, titulo_bachiller_legalizado, formulario_preinscripcion, verificado_bd_externa, updated_at) VALUES (1429, false, false, false, false, false, NOW());
INSERT INTO users (id, name, email, password, role, active, created_at, updated_at) VALUES (1529, 'Bruno Tapia', 'brunotapia29@estudiante.edu.bo', '\$2y\$12\$TyO9cTQJ0O7NSPORyyP8Hup.wk8.BWNWu4itdEJYyjZ2Sem9DbFyi', 'Postulante', true, NOW(), NOW());
INSERT INTO postulantes (id, ci, nombres, apellidos, fecha_nacimiento, sexo, direccion, telefono, email, colegio_procedencia, ciudad, titulo_bachiller, primera_opcion_id, segunda_opcion_id, turno_preferencia, gestion_id, estado, recurrente, user_id, created_at, updated_at) VALUES (1430, '3021556', 'Bruno', 'Tapia', '2005-01-15', 'M', NULL, '59171498294', 'brunotapia29@estudiante.edu.bo', 'Colegio Boliviano', 'Santa Cruz de la Sierra', NULL, 4, 3, 'Manana', 2, 'Preinscrito', false, 1529, NOW(), NOW());
INSERT INTO requisitos_documentales (postulante_id, ci_digitalizado, certificado_nacimiento, titulo_bachiller_legalizado, formulario_preinscripcion, verificado_bd_externa, updated_at) VALUES (1430, false, false, false, false, false, NOW());
INSERT INTO users (id, name, email, password, role, active, created_at, updated_at) VALUES (1530, 'Roberto Cortés', 'robertocortés30@estudiante.edu.bo', '\$2y\$12\$TyO9cTQJ0O7NSPORyyP8Hup.wk8.BWNWu4itdEJYyjZ2Sem9DbFyi', 'Postulante', true, NOW(), NOW());
INSERT INTO postulantes (id, ci, nombres, apellidos, fecha_nacimiento, sexo, direccion, telefono, email, colegio_procedencia, ciudad, titulo_bachiller, primera_opcion_id, segunda_opcion_id, turno_preferencia, gestion_id, estado, recurrente, user_id, created_at, updated_at) VALUES (1431, '8087380', 'Roberto', 'Cortés', '2005-01-15', 'M', NULL, '59188797319', 'robertocortés30@estudiante.edu.bo', 'Colegio Boliviano', 'Santa Cruz de la Sierra', NULL, 4, 3, 'Tarde', 2, 'Preinscrito', false, 1530, NOW(), NOW());
INSERT INTO requisitos_documentales (postulante_id, ci_digitalizado, certificado_nacimiento, titulo_bachiller_legalizado, formulario_preinscripcion, verificado_bd_externa, updated_at) VALUES (1431, false, false, false, false, false, NOW());
INSERT INTO users (id, name, email, password, role, active, created_at, updated_at) VALUES (1531, 'Pedro Ramírez', 'pedroramírez31@estudiante.edu.bo', '\$2y\$12\$TyO9cTQJ0O7NSPORyyP8Hup.wk8.BWNWu4itdEJYyjZ2Sem9DbFyi', 'Postulante', true, NOW(), NOW());
INSERT INTO postulantes (id, ci, nombres, apellidos, fecha_nacimiento, sexo, direccion, telefono, email, colegio_procedencia, ciudad, titulo_bachiller, primera_opcion_id, segunda_opcion_id, turno_preferencia, gestion_id, estado, recurrente, user_id, created_at, updated_at) VALUES (1432, '5240743', 'Pedro', 'Ramírez', '2005-01-15', 'M', NULL, '59185064887', 'pedroramírez31@estudiante.edu.bo', 'Colegio Boliviano', 'Santa Cruz de la Sierra', NULL, 4, 3, 'Tarde', 2, 'Preinscrito', false, 1531, NOW(), NOW());
INSERT INTO requisitos_documentales (postulante_id, ci_digitalizado, certificado_nacimiento, titulo_bachiller_legalizado, formulario_preinscripcion, verificado_bd_externa, updated_at) VALUES (1432, false, false, false, false, false, NOW());
INSERT INTO users (id, name, email, password, role, active, created_at, updated_at) VALUES (1532, 'Javier Rivera', 'javierrivera32@estudiante.edu.bo', '\$2y\$12\$TyO9cTQJ0O7NSPORyyP8Hup.wk8.BWNWu4itdEJYyjZ2Sem9DbFyi', 'Postulante', true, NOW(), NOW());
INSERT INTO postulantes (id, ci, nombres, apellidos, fecha_nacimiento, sexo, direccion, telefono, email, colegio_procedencia, ciudad, titulo_bachiller, primera_opcion_id, segunda_opcion_id, turno_preferencia, gestion_id, estado, recurrente, user_id, created_at, updated_at) VALUES (1433, '4503260', 'Javier', 'Rivera', '2005-01-15', 'M', NULL, '59190474283', 'javierrivera32@estudiante.edu.bo', 'Colegio Boliviano', 'Santa Cruz de la Sierra', NULL, 4, 3, 'Noche', 2, 'Preinscrito', false, 1532, NOW(), NOW());
INSERT INTO requisitos_documentales (postulante_id, ci_digitalizado, certificado_nacimiento, titulo_bachiller_legalizado, formulario_preinscripcion, verificado_bd_externa, updated_at) VALUES (1433, false, false, false, false, false, NOW());
INSERT INTO users (id, name, email, password, role, active, created_at, updated_at) VALUES (1533, 'Guillermo Vidal', 'guillermovidal33@estudiante.edu.bo', '\$2y\$12\$TyO9cTQJ0O7NSPORyyP8Hup.wk8.BWNWu4itdEJYyjZ2Sem9DbFyi', 'Postulante', true, NOW(), NOW());
INSERT INTO postulantes (id, ci, nombres, apellidos, fecha_nacimiento, sexo, direccion, telefono, email, colegio_procedencia, ciudad, titulo_bachiller, primera_opcion_id, segunda_opcion_id, turno_preferencia, gestion_id, estado, recurrente, user_id, created_at, updated_at) VALUES (1434, '9716094', 'Guillermo', 'Vidal', '2005-01-15', 'M', NULL, '59169204643', 'guillermovidal33@estudiante.edu.bo', 'Colegio Boliviano', 'Santa Cruz de la Sierra', NULL, 4, 3, 'Noche', 2, 'Preinscrito', false, 1533, NOW(), NOW());
INSERT INTO requisitos_documentales (postulante_id, ci_digitalizado, certificado_nacimiento, titulo_bachiller_legalizado, formulario_preinscripcion, verificado_bd_externa, updated_at) VALUES (1434, false, false, false, false, false, NOW());
INSERT INTO users (id, name, email, password, role, active, created_at, updated_at) VALUES (1534, 'Carlos Flores', 'carlosflores34@estudiante.edu.bo', '\$2y\$12\$TyO9cTQJ0O7NSPORyyP8Hup.wk8.BWNWu4itdEJYyjZ2Sem9DbFyi', 'Postulante', true, NOW(), NOW());
INSERT INTO postulantes (id, ci, nombres, apellidos, fecha_nacimiento, sexo, direccion, telefono, email, colegio_procedencia, ciudad, titulo_bachiller, primera_opcion_id, segunda_opcion_id, turno_preferencia, gestion_id, estado, recurrente, user_id, created_at, updated_at) VALUES (1435, '1837006', 'Carlos', 'Flores', '2005-01-15', 'M', NULL, '59188128173', 'carlosflores34@estudiante.edu.bo', 'Colegio Boliviano', 'Santa Cruz de la Sierra', NULL, 4, 3, 'Tarde', 2, 'Preinscrito', false, 1534, NOW(), NOW());
INSERT INTO requisitos_documentales (postulante_id, ci_digitalizado, certificado_nacimiento, titulo_bachiller_legalizado, formulario_preinscripcion, verificado_bd_externa, updated_at) VALUES (1435, false, false, false, false, false, NOW());
INSERT INTO users (id, name, email, password, role, active, created_at, updated_at) VALUES (1535, 'Elena Ramírez', 'elenaramírez35@estudiante.edu.bo', '\$2y\$12\$TyO9cTQJ0O7NSPORyyP8Hup.wk8.BWNWu4itdEJYyjZ2Sem9DbFyi', 'Postulante', true, NOW(), NOW());
INSERT INTO postulantes (id, ci, nombres, apellidos, fecha_nacimiento, sexo, direccion, telefono, email, colegio_procedencia, ciudad, titulo_bachiller, primera_opcion_id, segunda_opcion_id, turno_preferencia, gestion_id, estado, recurrente, user_id, created_at, updated_at) VALUES (1436, '1721482', 'Elena', 'Ramírez', '2005-01-15', 'M', NULL, '59195219345', 'elenaramírez35@estudiante.edu.bo', 'Colegio Boliviano', 'Santa Cruz de la Sierra', NULL, 4, 3, 'Tarde', 2, 'Preinscrito', false, 1535, NOW(), NOW());
INSERT INTO requisitos_documentales (postulante_id, ci_digitalizado, certificado_nacimiento, titulo_bachiller_legalizado, formulario_preinscripcion, verificado_bd_externa, updated_at) VALUES (1436, false, false, false, false, false, NOW());
INSERT INTO users (id, name, email, password, role, active, created_at, updated_at) VALUES (1536, 'Fernando Delgado', 'fernandodelgado36@estudiante.edu.bo', '\$2y\$12\$TyO9cTQJ0O7NSPORyyP8Hup.wk8.BWNWu4itdEJYyjZ2Sem9DbFyi', 'Postulante', true, NOW(), NOW());
INSERT INTO postulantes (id, ci, nombres, apellidos, fecha_nacimiento, sexo, direccion, telefono, email, colegio_procedencia, ciudad, titulo_bachiller, primera_opcion_id, segunda_opcion_id, turno_preferencia, gestion_id, estado, recurrente, user_id, created_at, updated_at) VALUES (1437, '3553920', 'Fernando', 'Delgado', '2005-01-15', 'M', NULL, '59164509080', 'fernandodelgado36@estudiante.edu.bo', 'Colegio Boliviano', 'Santa Cruz de la Sierra', NULL, 4, 3, 'Manana', 2, 'Preinscrito', false, 1536, NOW(), NOW());
INSERT INTO requisitos_documentales (postulante_id, ci_digitalizado, certificado_nacimiento, titulo_bachiller_legalizado, formulario_preinscripcion, verificado_bd_externa, updated_at) VALUES (1437, false, false, false, false, false, NOW());
INSERT INTO users (id, name, email, password, role, active, created_at, updated_at) VALUES (1537, 'Irene Castillo', 'irenecastillo37@estudiante.edu.bo', '\$2y\$12\$TyO9cTQJ0O7NSPORyyP8Hup.wk8.BWNWu4itdEJYyjZ2Sem9DbFyi', 'Postulante', true, NOW(), NOW());
INSERT INTO postulantes (id, ci, nombres, apellidos, fecha_nacimiento, sexo, direccion, telefono, email, colegio_procedencia, ciudad, titulo_bachiller, primera_opcion_id, segunda_opcion_id, turno_preferencia, gestion_id, estado, recurrente, user_id, created_at, updated_at) VALUES (1438, '3947649', 'Irene', 'Castillo', '2005-01-15', 'M', NULL, '59180152343', 'irenecastillo37@estudiante.edu.bo', 'Colegio Boliviano', 'Santa Cruz de la Sierra', NULL, 4, 3, 'Tarde', 2, 'Preinscrito', false, 1537, NOW(), NOW());
INSERT INTO requisitos_documentales (postulante_id, ci_digitalizado, certificado_nacimiento, titulo_bachiller_legalizado, formulario_preinscripcion, verificado_bd_externa, updated_at) VALUES (1438, false, false, false, false, false, NOW());
INSERT INTO users (id, name, email, password, role, active, created_at, updated_at) VALUES (1538, 'Francisca Vidal', 'franciscavidal38@estudiante.edu.bo', '\$2y\$12\$TyO9cTQJ0O7NSPORyyP8Hup.wk8.BWNWu4itdEJYyjZ2Sem9DbFyi', 'Postulante', true, NOW(), NOW());
INSERT INTO postulantes (id, ci, nombres, apellidos, fecha_nacimiento, sexo, direccion, telefono, email, colegio_procedencia, ciudad, titulo_bachiller, primera_opcion_id, segunda_opcion_id, turno_preferencia, gestion_id, estado, recurrente, user_id, created_at, updated_at) VALUES (1439, '4643991', 'Francisca', 'Vidal', '2005-01-15', 'M', NULL, '59164676309', 'franciscavidal38@estudiante.edu.bo', 'Colegio Boliviano', 'Santa Cruz de la Sierra', NULL, 4, 3, 'Manana', 2, 'Preinscrito', false, 1538, NOW(), NOW());
INSERT INTO requisitos_documentales (postulante_id, ci_digitalizado, certificado_nacimiento, titulo_bachiller_legalizado, formulario_preinscripcion, verificado_bd_externa, updated_at) VALUES (1439, false, false, false, false, false, NOW());
INSERT INTO users (id, name, email, password, role, active, created_at, updated_at) VALUES (1539, 'Francisca González', 'franciscagonzález39@estudiante.edu.bo', '\$2y\$12\$TyO9cTQJ0O7NSPORyyP8Hup.wk8.BWNWu4itdEJYyjZ2Sem9DbFyi', 'Postulante', true, NOW(), NOW());
INSERT INTO postulantes (id, ci, nombres, apellidos, fecha_nacimiento, sexo, direccion, telefono, email, colegio_procedencia, ciudad, titulo_bachiller, primera_opcion_id, segunda_opcion_id, turno_preferencia, gestion_id, estado, recurrente, user_id, created_at, updated_at) VALUES (1440, '8808801', 'Francisca', 'González', '2005-01-15', 'M', NULL, '59188249304', 'franciscagonzález39@estudiante.edu.bo', 'Colegio Boliviano', 'Santa Cruz de la Sierra', NULL, 4, 3, 'Noche', 2, 'Preinscrito', false, 1539, NOW(), NOW());
INSERT INTO requisitos_documentales (postulante_id, ci_digitalizado, certificado_nacimiento, titulo_bachiller_legalizado, formulario_preinscripcion, verificado_bd_externa, updated_at) VALUES (1440, false, false, false, false, false, NOW());
INSERT INTO users (id, name, email, password, role, active, created_at, updated_at) VALUES (1540, 'Laura Flores', 'lauraflores40@estudiante.edu.bo', '\$2y\$12\$TyO9cTQJ0O7NSPORyyP8Hup.wk8.BWNWu4itdEJYyjZ2Sem9DbFyi', 'Postulante', true, NOW(), NOW());
INSERT INTO postulantes (id, ci, nombres, apellidos, fecha_nacimiento, sexo, direccion, telefono, email, colegio_procedencia, ciudad, titulo_bachiller, primera_opcion_id, segunda_opcion_id, turno_preferencia, gestion_id, estado, recurrente, user_id, created_at, updated_at) VALUES (1441, '2728271', 'Laura', 'Flores', '2005-01-15', 'M', NULL, '59162347201', 'lauraflores40@estudiante.edu.bo', 'Colegio Boliviano', 'Santa Cruz de la Sierra', NULL, 4, 3, 'Tarde', 2, 'Preinscrito', false, 1540, NOW(), NOW());
INSERT INTO requisitos_documentales (postulante_id, ci_digitalizado, certificado_nacimiento, titulo_bachiller_legalizado, formulario_preinscripcion, verificado_bd_externa, updated_at) VALUES (1441, false, false, false, false, false, NOW());
INSERT INTO users (id, name, email, password, role, active, created_at, updated_at) VALUES (1541, 'Laura Vargas', 'lauravargas41@estudiante.edu.bo', '\$2y\$12\$TyO9cTQJ0O7NSPORyyP8Hup.wk8.BWNWu4itdEJYyjZ2Sem9DbFyi', 'Postulante', true, NOW(), NOW());
INSERT INTO postulantes (id, ci, nombres, apellidos, fecha_nacimiento, sexo, direccion, telefono, email, colegio_procedencia, ciudad, titulo_bachiller, primera_opcion_id, segunda_opcion_id, turno_preferencia, gestion_id, estado, recurrente, user_id, created_at, updated_at) VALUES (1442, '9199896', 'Laura', 'Vargas', '2005-01-15', 'M', NULL, '59191150976', 'lauravargas41@estudiante.edu.bo', 'Colegio Boliviano', 'Santa Cruz de la Sierra', NULL, 4, 3, 'Manana', 2, 'Preinscrito', false, 1541, NOW(), NOW());
INSERT INTO requisitos_documentales (postulante_id, ci_digitalizado, certificado_nacimiento, titulo_bachiller_legalizado, formulario_preinscripcion, verificado_bd_externa, updated_at) VALUES (1442, false, false, false, false, false, NOW());
INSERT INTO users (id, name, email, password, role, active, created_at, updated_at) VALUES (1542, 'Leticia Ortiz', 'leticiaortiz42@estudiante.edu.bo', '\$2y\$12\$TyO9cTQJ0O7NSPORyyP8Hup.wk8.BWNWu4itdEJYyjZ2Sem9DbFyi', 'Postulante', true, NOW(), NOW());
INSERT INTO postulantes (id, ci, nombres, apellidos, fecha_nacimiento, sexo, direccion, telefono, email, colegio_procedencia, ciudad, titulo_bachiller, primera_opcion_id, segunda_opcion_id, turno_preferencia, gestion_id, estado, recurrente, user_id, created_at, updated_at) VALUES (1443, '2251002', 'Leticia', 'Ortiz', '2005-01-15', 'M', NULL, '59175863765', 'leticiaortiz42@estudiante.edu.bo', 'Colegio Boliviano', 'Santa Cruz de la Sierra', NULL, 4, 3, 'Tarde', 2, 'Preinscrito', false, 1542, NOW(), NOW());
INSERT INTO requisitos_documentales (postulante_id, ci_digitalizado, certificado_nacimiento, titulo_bachiller_legalizado, formulario_preinscripcion, verificado_bd_externa, updated_at) VALUES (1443, false, false, false, false, false, NOW());
INSERT INTO users (id, name, email, password, role, active, created_at, updated_at) VALUES (1543, 'Aurora Jiménez', 'aurorajiménez43@estudiante.edu.bo', '\$2y\$12\$TyO9cTQJ0O7NSPORyyP8Hup.wk8.BWNWu4itdEJYyjZ2Sem9DbFyi', 'Postulante', true, NOW(), NOW());
INSERT INTO postulantes (id, ci, nombres, apellidos, fecha_nacimiento, sexo, direccion, telefono, email, colegio_procedencia, ciudad, titulo_bachiller, primera_opcion_id, segunda_opcion_id, turno_preferencia, gestion_id, estado, recurrente, user_id, created_at, updated_at) VALUES (1444, '4138896', 'Aurora', 'Jiménez', '2005-01-15', 'M', NULL, '59185346494', 'aurorajiménez43@estudiante.edu.bo', 'Colegio Boliviano', 'Santa Cruz de la Sierra', NULL, 4, 3, 'Manana', 2, 'Preinscrito', false, 1543, NOW(), NOW());
INSERT INTO requisitos_documentales (postulante_id, ci_digitalizado, certificado_nacimiento, titulo_bachiller_legalizado, formulario_preinscripcion, verificado_bd_externa, updated_at) VALUES (1444, false, false, false, false, false, NOW());
INSERT INTO users (id, name, email, password, role, active, created_at, updated_at) VALUES (1544, 'Beatriz Valdez', 'beatrizvaldez44@estudiante.edu.bo', '\$2y\$12\$TyO9cTQJ0O7NSPORyyP8Hup.wk8.BWNWu4itdEJYyjZ2Sem9DbFyi', 'Postulante', true, NOW(), NOW());
INSERT INTO postulantes (id, ci, nombres, apellidos, fecha_nacimiento, sexo, direccion, telefono, email, colegio_procedencia, ciudad, titulo_bachiller, primera_opcion_id, segunda_opcion_id, turno_preferencia, gestion_id, estado, recurrente, user_id, created_at, updated_at) VALUES (1445, '9252714', 'Beatriz', 'Valdez', '2005-01-15', 'M', NULL, '59172146350', 'beatrizvaldez44@estudiante.edu.bo', 'Colegio Boliviano', 'Santa Cruz de la Sierra', NULL, 4, 3, 'Manana', 2, 'Preinscrito', false, 1544, NOW(), NOW());
INSERT INTO requisitos_documentales (postulante_id, ci_digitalizado, certificado_nacimiento, titulo_bachiller_legalizado, formulario_preinscripcion, verificado_bd_externa, updated_at) VALUES (1445, false, false, false, false, false, NOW());
INSERT INTO users (id, name, email, password, role, active, created_at, updated_at) VALUES (1545, 'Ana Tapia', 'anatapia45@estudiante.edu.bo', '\$2y\$12\$TyO9cTQJ0O7NSPORyyP8Hup.wk8.BWNWu4itdEJYyjZ2Sem9DbFyi', 'Postulante', true, NOW(), NOW());
INSERT INTO postulantes (id, ci, nombres, apellidos, fecha_nacimiento, sexo, direccion, telefono, email, colegio_procedencia, ciudad, titulo_bachiller, primera_opcion_id, segunda_opcion_id, turno_preferencia, gestion_id, estado, recurrente, user_id, created_at, updated_at) VALUES (1446, '2709110', 'Ana', 'Tapia', '2005-01-15', 'M', NULL, '59181486580', 'anatapia45@estudiante.edu.bo', 'Colegio Boliviano', 'Santa Cruz de la Sierra', NULL, 4, 3, 'Tarde', 2, 'Preinscrito', false, 1545, NOW(), NOW());
INSERT INTO requisitos_documentales (postulante_id, ci_digitalizado, certificado_nacimiento, titulo_bachiller_legalizado, formulario_preinscripcion, verificado_bd_externa, updated_at) VALUES (1446, false, false, false, false, false, NOW());
INSERT INTO users (id, name, email, password, role, active, created_at, updated_at) VALUES (1546, 'Arturo Domínguez', 'arturodomínguez46@estudiante.edu.bo', '\$2y\$12\$TyO9cTQJ0O7NSPORyyP8Hup.wk8.BWNWu4itdEJYyjZ2Sem9DbFyi', 'Postulante', true, NOW(), NOW());
INSERT INTO postulantes (id, ci, nombres, apellidos, fecha_nacimiento, sexo, direccion, telefono, email, colegio_procedencia, ciudad, titulo_bachiller, primera_opcion_id, segunda_opcion_id, turno_preferencia, gestion_id, estado, recurrente, user_id, created_at, updated_at) VALUES (1447, '7321386', 'Arturo', 'Domínguez', '2005-01-15', 'M', NULL, '59179961933', 'arturodomínguez46@estudiante.edu.bo', 'Colegio Boliviano', 'Santa Cruz de la Sierra', NULL, 4, 3, 'Tarde', 2, 'Preinscrito', false, 1546, NOW(), NOW());
INSERT INTO requisitos_documentales (postulante_id, ci_digitalizado, certificado_nacimiento, titulo_bachiller_legalizado, formulario_preinscripcion, verificado_bd_externa, updated_at) VALUES (1447, false, false, false, false, false, NOW());
INSERT INTO users (id, name, email, password, role, active, created_at, updated_at) VALUES (1547, 'Jorge Vidal', 'jorgevidal47@estudiante.edu.bo', '\$2y\$12\$TyO9cTQJ0O7NSPORyyP8Hup.wk8.BWNWu4itdEJYyjZ2Sem9DbFyi', 'Postulante', true, NOW(), NOW());
INSERT INTO postulantes (id, ci, nombres, apellidos, fecha_nacimiento, sexo, direccion, telefono, email, colegio_procedencia, ciudad, titulo_bachiller, primera_opcion_id, segunda_opcion_id, turno_preferencia, gestion_id, estado, recurrente, user_id, created_at, updated_at) VALUES (1448, '7744417', 'Jorge', 'Vidal', '2005-01-15', 'M', NULL, '59160743539', 'jorgevidal47@estudiante.edu.bo', 'Colegio Boliviano', 'Santa Cruz de la Sierra', NULL, 4, 3, 'Manana', 2, 'Preinscrito', false, 1547, NOW(), NOW());
INSERT INTO requisitos_documentales (postulante_id, ci_digitalizado, certificado_nacimiento, titulo_bachiller_legalizado, formulario_preinscripcion, verificado_bd_externa, updated_at) VALUES (1448, false, false, false, false, false, NOW());
INSERT INTO users (id, name, email, password, role, active, created_at, updated_at) VALUES (1548, 'Aurora Vázquez', 'auroravázquez48@estudiante.edu.bo', '\$2y\$12\$TyO9cTQJ0O7NSPORyyP8Hup.wk8.BWNWu4itdEJYyjZ2Sem9DbFyi', 'Postulante', true, NOW(), NOW());
INSERT INTO postulantes (id, ci, nombres, apellidos, fecha_nacimiento, sexo, direccion, telefono, email, colegio_procedencia, ciudad, titulo_bachiller, primera_opcion_id, segunda_opcion_id, turno_preferencia, gestion_id, estado, recurrente, user_id, created_at, updated_at) VALUES (1449, '5626202', 'Aurora', 'Vázquez', '2005-01-15', 'M', NULL, '59195589861', 'auroravázquez48@estudiante.edu.bo', 'Colegio Boliviano', 'Santa Cruz de la Sierra', NULL, 4, 3, 'Manana', 2, 'Preinscrito', false, 1548, NOW(), NOW());
INSERT INTO requisitos_documentales (postulante_id, ci_digitalizado, certificado_nacimiento, titulo_bachiller_legalizado, formulario_preinscripcion, verificado_bd_externa, updated_at) VALUES (1449, false, false, false, false, false, NOW());
INSERT INTO users (id, name, email, password, role, active, created_at, updated_at) VALUES (1549, 'Raúl Rivera', 'raúlrivera49@estudiante.edu.bo', '\$2y\$12\$TyO9cTQJ0O7NSPORyyP8Hup.wk8.BWNWu4itdEJYyjZ2Sem9DbFyi', 'Postulante', true, NOW(), NOW());
INSERT INTO postulantes (id, ci, nombres, apellidos, fecha_nacimiento, sexo, direccion, telefono, email, colegio_procedencia, ciudad, titulo_bachiller, primera_opcion_id, segunda_opcion_id, turno_preferencia, gestion_id, estado, recurrente, user_id, created_at, updated_at) VALUES (1450, '8375996', 'Raúl', 'Rivera', '2005-01-15', 'M', NULL, '59191959331', 'raúlrivera49@estudiante.edu.bo', 'Colegio Boliviano', 'Santa Cruz de la Sierra', NULL, 4, 3, 'Tarde', 2, 'Preinscrito', false, 1549, NOW(), NOW());
INSERT INTO requisitos_documentales (postulante_id, ci_digitalizado, certificado_nacimiento, titulo_bachiller_legalizado, formulario_preinscripcion, verificado_bd_externa, updated_at) VALUES (1450, false, false, false, false, false, NOW());
INSERT INTO users (id, name, email, password, role, active, created_at, updated_at) VALUES (1550, 'Marisol Sánchez', 'marisolsánchez50@estudiante.edu.bo', '\$2y\$12\$TyO9cTQJ0O7NSPORyyP8Hup.wk8.BWNWu4itdEJYyjZ2Sem9DbFyi', 'Postulante', true, NOW(), NOW());
INSERT INTO postulantes (id, ci, nombres, apellidos, fecha_nacimiento, sexo, direccion, telefono, email, colegio_procedencia, ciudad, titulo_bachiller, primera_opcion_id, segunda_opcion_id, turno_preferencia, gestion_id, estado, recurrente, user_id, created_at, updated_at) VALUES (1451, '8135024', 'Marisol', 'Sánchez', '2005-01-15', 'M', NULL, '59182909232', 'marisolsánchez50@estudiante.edu.bo', 'Colegio Boliviano', 'Santa Cruz de la Sierra', NULL, 4, 3, 'Tarde', 2, 'Preinscrito', false, 1550, NOW(), NOW());
INSERT INTO requisitos_documentales (postulante_id, ci_digitalizado, certificado_nacimiento, titulo_bachiller_legalizado, formulario_preinscripcion, verificado_bd_externa, updated_at) VALUES (1451, false, false, false, false, false, NOW());
INSERT INTO users (id, name, email, password, role, active, created_at, updated_at) VALUES (1551, 'Luis Hernández', 'luishernández51@estudiante.edu.bo', '\$2y\$12\$TyO9cTQJ0O7NSPORyyP8Hup.wk8.BWNWu4itdEJYyjZ2Sem9DbFyi', 'Postulante', true, NOW(), NOW());
INSERT INTO postulantes (id, ci, nombres, apellidos, fecha_nacimiento, sexo, direccion, telefono, email, colegio_procedencia, ciudad, titulo_bachiller, primera_opcion_id, segunda_opcion_id, turno_preferencia, gestion_id, estado, recurrente, user_id, created_at, updated_at) VALUES (1452, '4111589', 'Luis', 'Hernández', '2005-01-15', 'M', NULL, '59191840220', 'luishernández51@estudiante.edu.bo', 'Colegio Boliviano', 'Santa Cruz de la Sierra', NULL, 4, 3, 'Tarde', 2, 'Preinscrito', false, 1551, NOW(), NOW());
INSERT INTO requisitos_documentales (postulante_id, ci_digitalizado, certificado_nacimiento, titulo_bachiller_legalizado, formulario_preinscripcion, verificado_bd_externa, updated_at) VALUES (1452, false, false, false, false, false, NOW());
INSERT INTO users (id, name, email, password, role, active, created_at, updated_at) VALUES (1552, 'Rafael Fuentes', 'rafaelfuentes52@estudiante.edu.bo', '\$2y\$12\$TyO9cTQJ0O7NSPORyyP8Hup.wk8.BWNWu4itdEJYyjZ2Sem9DbFyi', 'Postulante', true, NOW(), NOW());
INSERT INTO postulantes (id, ci, nombres, apellidos, fecha_nacimiento, sexo, direccion, telefono, email, colegio_procedencia, ciudad, titulo_bachiller, primera_opcion_id, segunda_opcion_id, turno_preferencia, gestion_id, estado, recurrente, user_id, created_at, updated_at) VALUES (1453, '4733635', 'Rafael', 'Fuentes', '2005-01-15', 'M', NULL, '59192113235', 'rafaelfuentes52@estudiante.edu.bo', 'Colegio Boliviano', 'Santa Cruz de la Sierra', NULL, 4, 3, 'Tarde', 2, 'Preinscrito', false, 1552, NOW(), NOW());
INSERT INTO requisitos_documentales (postulante_id, ci_digitalizado, certificado_nacimiento, titulo_bachiller_legalizado, formulario_preinscripcion, verificado_bd_externa, updated_at) VALUES (1453, false, false, false, false, false, NOW());
INSERT INTO users (id, name, email, password, role, active, created_at, updated_at) VALUES (1553, 'Verónica Torres', 'verónicatorres53@estudiante.edu.bo', '\$2y\$12\$TyO9cTQJ0O7NSPORyyP8Hup.wk8.BWNWu4itdEJYyjZ2Sem9DbFyi', 'Postulante', true, NOW(), NOW());
INSERT INTO postulantes (id, ci, nombres, apellidos, fecha_nacimiento, sexo, direccion, telefono, email, colegio_procedencia, ciudad, titulo_bachiller, primera_opcion_id, segunda_opcion_id, turno_preferencia, gestion_id, estado, recurrente, user_id, created_at, updated_at) VALUES (1454, '6198196', 'Verónica', 'Torres', '2005-01-15', 'M', NULL, '59167616312', 'verónicatorres53@estudiante.edu.bo', 'Colegio Boliviano', 'Santa Cruz de la Sierra', NULL, 4, 3, 'Tarde', 2, 'Preinscrito', false, 1553, NOW(), NOW());
INSERT INTO requisitos_documentales (postulante_id, ci_digitalizado, certificado_nacimiento, titulo_bachiller_legalizado, formulario_preinscripcion, verificado_bd_externa, updated_at) VALUES (1454, false, false, false, false, false, NOW());
INSERT INTO users (id, name, email, password, role, active, created_at, updated_at) VALUES (1554, 'Víctor Flores', 'víctorflores54@estudiante.edu.bo', '\$2y\$12\$TyO9cTQJ0O7NSPORyyP8Hup.wk8.BWNWu4itdEJYyjZ2Sem9DbFyi', 'Postulante', true, NOW(), NOW());
INSERT INTO postulantes (id, ci, nombres, apellidos, fecha_nacimiento, sexo, direccion, telefono, email, colegio_procedencia, ciudad, titulo_bachiller, primera_opcion_id, segunda_opcion_id, turno_preferencia, gestion_id, estado, recurrente, user_id, created_at, updated_at) VALUES (1455, '2720635', 'Víctor', 'Flores', '2005-01-15', 'M', NULL, '59183987440', 'víctorflores54@estudiante.edu.bo', 'Colegio Boliviano', 'Santa Cruz de la Sierra', NULL, 4, 3, 'Tarde', 2, 'Preinscrito', false, 1554, NOW(), NOW());
INSERT INTO requisitos_documentales (postulante_id, ci_digitalizado, certificado_nacimiento, titulo_bachiller_legalizado, formulario_preinscripcion, verificado_bd_externa, updated_at) VALUES (1455, false, false, false, false, false, NOW());
INSERT INTO users (id, name, email, password, role, active, created_at, updated_at) VALUES (1555, 'Natalia Valencia', 'nataliavalencia55@estudiante.edu.bo', '\$2y\$12\$TyO9cTQJ0O7NSPORyyP8Hup.wk8.BWNWu4itdEJYyjZ2Sem9DbFyi', 'Postulante', true, NOW(), NOW());
INSERT INTO postulantes (id, ci, nombres, apellidos, fecha_nacimiento, sexo, direccion, telefono, email, colegio_procedencia, ciudad, titulo_bachiller, primera_opcion_id, segunda_opcion_id, turno_preferencia, gestion_id, estado, recurrente, user_id, created_at, updated_at) VALUES (1456, '5884135', 'Natalia', 'Valencia', '2005-01-15', 'M', NULL, '59165664348', 'nataliavalencia55@estudiante.edu.bo', 'Colegio Boliviano', 'Santa Cruz de la Sierra', NULL, 4, 3, 'Manana', 2, 'Preinscrito', false, 1555, NOW(), NOW());
INSERT INTO requisitos_documentales (postulante_id, ci_digitalizado, certificado_nacimiento, titulo_bachiller_legalizado, formulario_preinscripcion, verificado_bd_externa, updated_at) VALUES (1456, false, false, false, false, false, NOW());
INSERT INTO users (id, name, email, password, role, active, created_at, updated_at) VALUES (1556, 'Natalia Ruiz', 'nataliaruiz56@estudiante.edu.bo', '\$2y\$12\$TyO9cTQJ0O7NSPORyyP8Hup.wk8.BWNWu4itdEJYyjZ2Sem9DbFyi', 'Postulante', true, NOW(), NOW());
INSERT INTO postulantes (id, ci, nombres, apellidos, fecha_nacimiento, sexo, direccion, telefono, email, colegio_procedencia, ciudad, titulo_bachiller, primera_opcion_id, segunda_opcion_id, turno_preferencia, gestion_id, estado, recurrente, user_id, created_at, updated_at) VALUES (1457, '5901869', 'Natalia', 'Ruiz', '2005-01-15', 'M', NULL, '59178259357', 'nataliaruiz56@estudiante.edu.bo', 'Colegio Boliviano', 'Santa Cruz de la Sierra', NULL, 4, 3, 'Noche', 2, 'Preinscrito', false, 1556, NOW(), NOW());
INSERT INTO requisitos_documentales (postulante_id, ci_digitalizado, certificado_nacimiento, titulo_bachiller_legalizado, formulario_preinscripcion, verificado_bd_externa, updated_at) VALUES (1457, false, false, false, false, false, NOW());
INSERT INTO users (id, name, email, password, role, active, created_at, updated_at) VALUES (1557, 'Natalia Tapia', 'nataliatapia57@estudiante.edu.bo', '\$2y\$12\$TyO9cTQJ0O7NSPORyyP8Hup.wk8.BWNWu4itdEJYyjZ2Sem9DbFyi', 'Postulante', true, NOW(), NOW());
INSERT INTO postulantes (id, ci, nombres, apellidos, fecha_nacimiento, sexo, direccion, telefono, email, colegio_procedencia, ciudad, titulo_bachiller, primera_opcion_id, segunda_opcion_id, turno_preferencia, gestion_id, estado, recurrente, user_id, created_at, updated_at) VALUES (1458, '1809949', 'Natalia', 'Tapia', '2005-01-15', 'M', NULL, '59194198989', 'nataliatapia57@estudiante.edu.bo', 'Colegio Boliviano', 'Santa Cruz de la Sierra', NULL, 4, 3, 'Noche', 2, 'Preinscrito', false, 1557, NOW(), NOW());
INSERT INTO requisitos_documentales (postulante_id, ci_digitalizado, certificado_nacimiento, titulo_bachiller_legalizado, formulario_preinscripcion, verificado_bd_externa, updated_at) VALUES (1458, false, false, false, false, false, NOW());
INSERT INTO users (id, name, email, password, role, active, created_at, updated_at) VALUES (1558, 'Jorge Ruiz', 'jorgeruiz58@estudiante.edu.bo', '\$2y\$12\$TyO9cTQJ0O7NSPORyyP8Hup.wk8.BWNWu4itdEJYyjZ2Sem9DbFyi', 'Postulante', true, NOW(), NOW());
INSERT INTO postulantes (id, ci, nombres, apellidos, fecha_nacimiento, sexo, direccion, telefono, email, colegio_procedencia, ciudad, titulo_bachiller, primera_opcion_id, segunda_opcion_id, turno_preferencia, gestion_id, estado, recurrente, user_id, created_at, updated_at) VALUES (1459, '9461954', 'Jorge', 'Ruiz', '2005-01-15', 'M', NULL, '59178948101', 'jorgeruiz58@estudiante.edu.bo', 'Colegio Boliviano', 'Santa Cruz de la Sierra', NULL, 4, 3, 'Manana', 2, 'Preinscrito', false, 1558, NOW(), NOW());
INSERT INTO requisitos_documentales (postulante_id, ci_digitalizado, certificado_nacimiento, titulo_bachiller_legalizado, formulario_preinscripcion, verificado_bd_externa, updated_at) VALUES (1459, false, false, false, false, false, NOW());
INSERT INTO users (id, name, email, password, role, active, created_at, updated_at) VALUES (1559, 'Verónica Silva', 'verónicasilva59@estudiante.edu.bo', '\$2y\$12\$TyO9cTQJ0O7NSPORyyP8Hup.wk8.BWNWu4itdEJYyjZ2Sem9DbFyi', 'Postulante', true, NOW(), NOW());
INSERT INTO postulantes (id, ci, nombres, apellidos, fecha_nacimiento, sexo, direccion, telefono, email, colegio_procedencia, ciudad, titulo_bachiller, primera_opcion_id, segunda_opcion_id, turno_preferencia, gestion_id, estado, recurrente, user_id, created_at, updated_at) VALUES (1460, '5940153', 'Verónica', 'Silva', '2005-01-15', 'M', NULL, '59194326616', 'verónicasilva59@estudiante.edu.bo', 'Colegio Boliviano', 'Santa Cruz de la Sierra', NULL, 4, 3, 'Noche', 2, 'Preinscrito', false, 1559, NOW(), NOW());
INSERT INTO requisitos_documentales (postulante_id, ci_digitalizado, certificado_nacimiento, titulo_bachiller_legalizado, formulario_preinscripcion, verificado_bd_externa, updated_at) VALUES (1460, false, false, false, false, false, NOW());
INSERT INTO users (id, name, email, password, role, active, created_at, updated_at) VALUES (1560, 'Gabriela Valdez', 'gabrielavaldez60@estudiante.edu.bo', '\$2y\$12\$TyO9cTQJ0O7NSPORyyP8Hup.wk8.BWNWu4itdEJYyjZ2Sem9DbFyi', 'Postulante', true, NOW(), NOW());
INSERT INTO postulantes (id, ci, nombres, apellidos, fecha_nacimiento, sexo, direccion, telefono, email, colegio_procedencia, ciudad, titulo_bachiller, primera_opcion_id, segunda_opcion_id, turno_preferencia, gestion_id, estado, recurrente, user_id, created_at, updated_at) VALUES (1461, '8537957', 'Gabriela', 'Valdez', '2005-01-15', 'M', NULL, '59174696126', 'gabrielavaldez60@estudiante.edu.bo', 'Colegio Boliviano', 'Santa Cruz de la Sierra', NULL, 4, 3, 'Tarde', 2, 'Preinscrito', false, 1560, NOW(), NOW());
INSERT INTO requisitos_documentales (postulante_id, ci_digitalizado, certificado_nacimiento, titulo_bachiller_legalizado, formulario_preinscripcion, verificado_bd_externa, updated_at) VALUES (1461, false, false, false, false, false, NOW());
INSERT INTO users (id, name, email, password, role, active, created_at, updated_at) VALUES (1561, 'Raúl Hernández', 'raúlhernández61@estudiante.edu.bo', '\$2y\$12\$TyO9cTQJ0O7NSPORyyP8Hup.wk8.BWNWu4itdEJYyjZ2Sem9DbFyi', 'Postulante', true, NOW(), NOW());
INSERT INTO postulantes (id, ci, nombres, apellidos, fecha_nacimiento, sexo, direccion, telefono, email, colegio_procedencia, ciudad, titulo_bachiller, primera_opcion_id, segunda_opcion_id, turno_preferencia, gestion_id, estado, recurrente, user_id, created_at, updated_at) VALUES (1462, '8598725', 'Raúl', 'Hernández', '2005-01-15', 'M', NULL, '59175374689', 'raúlhernández61@estudiante.edu.bo', 'Colegio Boliviano', 'Santa Cruz de la Sierra', NULL, 4, 3, 'Manana', 2, 'Preinscrito', false, 1561, NOW(), NOW());
INSERT INTO requisitos_documentales (postulante_id, ci_digitalizado, certificado_nacimiento, titulo_bachiller_legalizado, formulario_preinscripcion, verificado_bd_externa, updated_at) VALUES (1462, false, false, false, false, false, NOW());
INSERT INTO users (id, name, email, password, role, active, created_at, updated_at) VALUES (1562, 'Miguel Contreras', 'miguelcontreras62@estudiante.edu.bo', '\$2y\$12\$TyO9cTQJ0O7NSPORyyP8Hup.wk8.BWNWu4itdEJYyjZ2Sem9DbFyi', 'Postulante', true, NOW(), NOW());
INSERT INTO postulantes (id, ci, nombres, apellidos, fecha_nacimiento, sexo, direccion, telefono, email, colegio_procedencia, ciudad, titulo_bachiller, primera_opcion_id, segunda_opcion_id, turno_preferencia, gestion_id, estado, recurrente, user_id, created_at, updated_at) VALUES (1463, '6706481', 'Miguel', 'Contreras', '2005-01-15', 'M', NULL, '59193504481', 'miguelcontreras62@estudiante.edu.bo', 'Colegio Boliviano', 'Santa Cruz de la Sierra', NULL, 4, 3, 'Manana', 2, 'Preinscrito', false, 1562, NOW(), NOW());
INSERT INTO requisitos_documentales (postulante_id, ci_digitalizado, certificado_nacimiento, titulo_bachiller_legalizado, formulario_preinscripcion, verificado_bd_externa, updated_at) VALUES (1463, false, false, false, false, false, NOW());
INSERT INTO users (id, name, email, password, role, active, created_at, updated_at) VALUES (1563, 'Fernando Ramírez', 'fernandoramírez63@estudiante.edu.bo', '\$2y\$12\$TyO9cTQJ0O7NSPORyyP8Hup.wk8.BWNWu4itdEJYyjZ2Sem9DbFyi', 'Postulante', true, NOW(), NOW());
INSERT INTO postulantes (id, ci, nombres, apellidos, fecha_nacimiento, sexo, direccion, telefono, email, colegio_procedencia, ciudad, titulo_bachiller, primera_opcion_id, segunda_opcion_id, turno_preferencia, gestion_id, estado, recurrente, user_id, created_at, updated_at) VALUES (1464, '3427157', 'Fernando', 'Ramírez', '2005-01-15', 'M', NULL, '59198144636', 'fernandoramírez63@estudiante.edu.bo', 'Colegio Boliviano', 'Santa Cruz de la Sierra', NULL, 4, 3, 'Tarde', 2, 'Preinscrito', false, 1563, NOW(), NOW());
INSERT INTO requisitos_documentales (postulante_id, ci_digitalizado, certificado_nacimiento, titulo_bachiller_legalizado, formulario_preinscripcion, verificado_bd_externa, updated_at) VALUES (1464, false, false, false, false, false, NOW());
INSERT INTO users (id, name, email, password, role, active, created_at, updated_at) VALUES (1564, 'Elena Cortés', 'elenacortés64@estudiante.edu.bo', '\$2y\$12\$TyO9cTQJ0O7NSPORyyP8Hup.wk8.BWNWu4itdEJYyjZ2Sem9DbFyi', 'Postulante', true, NOW(), NOW());
INSERT INTO postulantes (id, ci, nombres, apellidos, fecha_nacimiento, sexo, direccion, telefono, email, colegio_procedencia, ciudad, titulo_bachiller, primera_opcion_id, segunda_opcion_id, turno_preferencia, gestion_id, estado, recurrente, user_id, created_at, updated_at) VALUES (1465, '7059176', 'Elena', 'Cortés', '2005-01-15', 'M', NULL, '59170301862', 'elenacortés64@estudiante.edu.bo', 'Colegio Boliviano', 'Santa Cruz de la Sierra', NULL, 4, 3, 'Tarde', 2, 'Preinscrito', false, 1564, NOW(), NOW());
INSERT INTO requisitos_documentales (postulante_id, ci_digitalizado, certificado_nacimiento, titulo_bachiller_legalizado, formulario_preinscripcion, verificado_bd_externa, updated_at) VALUES (1465, false, false, false, false, false, NOW());
INSERT INTO users (id, name, email, password, role, active, created_at, updated_at) VALUES (1565, 'Beatriz Valencia', 'beatrizvalencia65@estudiante.edu.bo', '\$2y\$12\$TyO9cTQJ0O7NSPORyyP8Hup.wk8.BWNWu4itdEJYyjZ2Sem9DbFyi', 'Postulante', true, NOW(), NOW());
INSERT INTO postulantes (id, ci, nombres, apellidos, fecha_nacimiento, sexo, direccion, telefono, email, colegio_procedencia, ciudad, titulo_bachiller, primera_opcion_id, segunda_opcion_id, turno_preferencia, gestion_id, estado, recurrente, user_id, created_at, updated_at) VALUES (1466, '2524742', 'Beatriz', 'Valencia', '2005-01-15', 'M', NULL, '59173684023', 'beatrizvalencia65@estudiante.edu.bo', 'Colegio Boliviano', 'Santa Cruz de la Sierra', NULL, 4, 3, 'Noche', 2, 'Preinscrito', false, 1565, NOW(), NOW());
INSERT INTO requisitos_documentales (postulante_id, ci_digitalizado, certificado_nacimiento, titulo_bachiller_legalizado, formulario_preinscripcion, verificado_bd_externa, updated_at) VALUES (1466, false, false, false, false, false, NOW());
INSERT INTO users (id, name, email, password, role, active, created_at, updated_at) VALUES (1566, 'Héctor Fuentes', 'héctorfuentes66@estudiante.edu.bo', '\$2y\$12\$TyO9cTQJ0O7NSPORyyP8Hup.wk8.BWNWu4itdEJYyjZ2Sem9DbFyi', 'Postulante', true, NOW(), NOW());
INSERT INTO postulantes (id, ci, nombres, apellidos, fecha_nacimiento, sexo, direccion, telefono, email, colegio_procedencia, ciudad, titulo_bachiller, primera_opcion_id, segunda_opcion_id, turno_preferencia, gestion_id, estado, recurrente, user_id, created_at, updated_at) VALUES (1467, '3158122', 'Héctor', 'Fuentes', '2005-01-15', 'M', NULL, '59173580719', 'héctorfuentes66@estudiante.edu.bo', 'Colegio Boliviano', 'Santa Cruz de la Sierra', NULL, 4, 3, 'Tarde', 2, 'Preinscrito', false, 1566, NOW(), NOW());
INSERT INTO requisitos_documentales (postulante_id, ci_digitalizado, certificado_nacimiento, titulo_bachiller_legalizado, formulario_preinscripcion, verificado_bd_externa, updated_at) VALUES (1467, false, false, false, false, false, NOW());
INSERT INTO users (id, name, email, password, role, active, created_at, updated_at) VALUES (1567, 'Valentina Guerrero', 'valentinaguerrero67@estudiante.edu.bo', '\$2y\$12\$TyO9cTQJ0O7NSPORyyP8Hup.wk8.BWNWu4itdEJYyjZ2Sem9DbFyi', 'Postulante', true, NOW(), NOW());
INSERT INTO postulantes (id, ci, nombres, apellidos, fecha_nacimiento, sexo, direccion, telefono, email, colegio_procedencia, ciudad, titulo_bachiller, primera_opcion_id, segunda_opcion_id, turno_preferencia, gestion_id, estado, recurrente, user_id, created_at, updated_at) VALUES (1468, '4245138', 'Valentina', 'Guerrero', '2005-01-15', 'M', NULL, '59162168833', 'valentinaguerrero67@estudiante.edu.bo', 'Colegio Boliviano', 'Santa Cruz de la Sierra', NULL, 4, 3, 'Noche', 2, 'Preinscrito', false, 1567, NOW(), NOW());
INSERT INTO requisitos_documentales (postulante_id, ci_digitalizado, certificado_nacimiento, titulo_bachiller_legalizado, formulario_preinscripcion, verificado_bd_externa, updated_at) VALUES (1468, false, false, false, false, false, NOW());
INSERT INTO users (id, name, email, password, role, active, created_at, updated_at) VALUES (1568, 'Natalia Domínguez', 'nataliadomínguez68@estudiante.edu.bo', '\$2y\$12\$TyO9cTQJ0O7NSPORyyP8Hup.wk8.BWNWu4itdEJYyjZ2Sem9DbFyi', 'Postulante', true, NOW(), NOW());
INSERT INTO postulantes (id, ci, nombres, apellidos, fecha_nacimiento, sexo, direccion, telefono, email, colegio_procedencia, ciudad, titulo_bachiller, primera_opcion_id, segunda_opcion_id, turno_preferencia, gestion_id, estado, recurrente, user_id, created_at, updated_at) VALUES (1469, '9475911', 'Natalia', 'Domínguez', '2005-01-15', 'M', NULL, '59162354459', 'nataliadomínguez68@estudiante.edu.bo', 'Colegio Boliviano', 'Santa Cruz de la Sierra', NULL, 4, 3, 'Manana', 2, 'Preinscrito', false, 1568, NOW(), NOW());
INSERT INTO requisitos_documentales (postulante_id, ci_digitalizado, certificado_nacimiento, titulo_bachiller_legalizado, formulario_preinscripcion, verificado_bd_externa, updated_at) VALUES (1469, false, false, false, false, false, NOW());
INSERT INTO users (id, name, email, password, role, active, created_at, updated_at) VALUES (1569, 'Elena Delgado', 'elenadelgado69@estudiante.edu.bo', '\$2y\$12\$TyO9cTQJ0O7NSPORyyP8Hup.wk8.BWNWu4itdEJYyjZ2Sem9DbFyi', 'Postulante', true, NOW(), NOW());
INSERT INTO postulantes (id, ci, nombres, apellidos, fecha_nacimiento, sexo, direccion, telefono, email, colegio_procedencia, ciudad, titulo_bachiller, primera_opcion_id, segunda_opcion_id, turno_preferencia, gestion_id, estado, recurrente, user_id, created_at, updated_at) VALUES (1470, '1935663', 'Elena', 'Delgado', '2005-01-15', 'M', NULL, '59195053369', 'elenadelgado69@estudiante.edu.bo', 'Colegio Boliviano', 'Santa Cruz de la Sierra', NULL, 4, 3, 'Noche', 2, 'Preinscrito', false, 1569, NOW(), NOW());
INSERT INTO requisitos_documentales (postulante_id, ci_digitalizado, certificado_nacimiento, titulo_bachiller_legalizado, formulario_preinscripcion, verificado_bd_externa, updated_at) VALUES (1470, false, false, false, false, false, NOW());
INSERT INTO users (id, name, email, password, role, active, created_at, updated_at) VALUES (1570, 'Rosa Campos', 'rosacampos70@estudiante.edu.bo', '\$2y\$12\$TyO9cTQJ0O7NSPORyyP8Hup.wk8.BWNWu4itdEJYyjZ2Sem9DbFyi', 'Postulante', true, NOW(), NOW());
INSERT INTO postulantes (id, ci, nombres, apellidos, fecha_nacimiento, sexo, direccion, telefono, email, colegio_procedencia, ciudad, titulo_bachiller, primera_opcion_id, segunda_opcion_id, turno_preferencia, gestion_id, estado, recurrente, user_id, created_at, updated_at) VALUES (1471, '4360080', 'Rosa', 'Campos', '2005-01-15', 'M', NULL, '59184457449', 'rosacampos70@estudiante.edu.bo', 'Colegio Boliviano', 'Santa Cruz de la Sierra', NULL, 4, 3, 'Noche', 2, 'Preinscrito', false, 1570, NOW(), NOW());
INSERT INTO requisitos_documentales (postulante_id, ci_digitalizado, certificado_nacimiento, titulo_bachiller_legalizado, formulario_preinscripcion, verificado_bd_externa, updated_at) VALUES (1471, false, false, false, false, false, NOW());
INSERT INTO users (id, name, email, password, role, active, created_at, updated_at) VALUES (1571, 'Oscar Rojas', 'oscarrojas71@estudiante.edu.bo', '\$2y\$12\$TyO9cTQJ0O7NSPORyyP8Hup.wk8.BWNWu4itdEJYyjZ2Sem9DbFyi', 'Postulante', true, NOW(), NOW());
INSERT INTO postulantes (id, ci, nombres, apellidos, fecha_nacimiento, sexo, direccion, telefono, email, colegio_procedencia, ciudad, titulo_bachiller, primera_opcion_id, segunda_opcion_id, turno_preferencia, gestion_id, estado, recurrente, user_id, created_at, updated_at) VALUES (1472, '1759391', 'Oscar', 'Rojas', '2005-01-15', 'M', NULL, '59175833156', 'oscarrojas71@estudiante.edu.bo', 'Colegio Boliviano', 'Santa Cruz de la Sierra', NULL, 4, 3, 'Tarde', 2, 'Preinscrito', false, 1571, NOW(), NOW());
INSERT INTO requisitos_documentales (postulante_id, ci_digitalizado, certificado_nacimiento, titulo_bachiller_legalizado, formulario_preinscripcion, verificado_bd_externa, updated_at) VALUES (1472, false, false, false, false, false, NOW());
INSERT INTO users (id, name, email, password, role, active, created_at, updated_at) VALUES (1572, 'Irene Fuentes', 'irenefuentes72@estudiante.edu.bo', '\$2y\$12\$TyO9cTQJ0O7NSPORyyP8Hup.wk8.BWNWu4itdEJYyjZ2Sem9DbFyi', 'Postulante', true, NOW(), NOW());
INSERT INTO postulantes (id, ci, nombres, apellidos, fecha_nacimiento, sexo, direccion, telefono, email, colegio_procedencia, ciudad, titulo_bachiller, primera_opcion_id, segunda_opcion_id, turno_preferencia, gestion_id, estado, recurrente, user_id, created_at, updated_at) VALUES (1473, '5988967', 'Irene', 'Fuentes', '2005-01-15', 'M', NULL, '59161667172', 'irenefuentes72@estudiante.edu.bo', 'Colegio Boliviano', 'Santa Cruz de la Sierra', NULL, 4, 3, 'Manana', 2, 'Preinscrito', false, 1572, NOW(), NOW());
INSERT INTO requisitos_documentales (postulante_id, ci_digitalizado, certificado_nacimiento, titulo_bachiller_legalizado, formulario_preinscripcion, verificado_bd_externa, updated_at) VALUES (1473, false, false, false, false, false, NOW());
INSERT INTO users (id, name, email, password, role, active, created_at, updated_at) VALUES (1573, 'Sandra García', 'sandragarcía73@estudiante.edu.bo', '\$2y\$12\$TyO9cTQJ0O7NSPORyyP8Hup.wk8.BWNWu4itdEJYyjZ2Sem9DbFyi', 'Postulante', true, NOW(), NOW());
INSERT INTO postulantes (id, ci, nombres, apellidos, fecha_nacimiento, sexo, direccion, telefono, email, colegio_procedencia, ciudad, titulo_bachiller, primera_opcion_id, segunda_opcion_id, turno_preferencia, gestion_id, estado, recurrente, user_id, created_at, updated_at) VALUES (1474, '3565553', 'Sandra', 'García', '2005-01-15', 'M', NULL, '59195608010', 'sandragarcía73@estudiante.edu.bo', 'Colegio Boliviano', 'Santa Cruz de la Sierra', NULL, 4, 3, 'Noche', 2, 'Preinscrito', false, 1573, NOW(), NOW());
INSERT INTO requisitos_documentales (postulante_id, ci_digitalizado, certificado_nacimiento, titulo_bachiller_legalizado, formulario_preinscripcion, verificado_bd_externa, updated_at) VALUES (1474, false, false, false, false, false, NOW());
INSERT INTO users (id, name, email, password, role, active, created_at, updated_at) VALUES (1574, 'Isabel Martínez', 'isabelmartínez74@estudiante.edu.bo', '\$2y\$12\$TyO9cTQJ0O7NSPORyyP8Hup.wk8.BWNWu4itdEJYyjZ2Sem9DbFyi', 'Postulante', true, NOW(), NOW());
INSERT INTO postulantes (id, ci, nombres, apellidos, fecha_nacimiento, sexo, direccion, telefono, email, colegio_procedencia, ciudad, titulo_bachiller, primera_opcion_id, segunda_opcion_id, turno_preferencia, gestion_id, estado, recurrente, user_id, created_at, updated_at) VALUES (1475, '2378603', 'Isabel', 'Martínez', '2005-01-15', 'M', NULL, '59164231286', 'isabelmartínez74@estudiante.edu.bo', 'Colegio Boliviano', 'Santa Cruz de la Sierra', NULL, 4, 3, 'Tarde', 2, 'Preinscrito', false, 1574, NOW(), NOW());
INSERT INTO requisitos_documentales (postulante_id, ci_digitalizado, certificado_nacimiento, titulo_bachiller_legalizado, formulario_preinscripcion, verificado_bd_externa, updated_at) VALUES (1475, false, false, false, false, false, NOW());
INSERT INTO users (id, name, email, password, role, active, created_at, updated_at) VALUES (1575, 'Jorge Reyes', 'jorgereyes75@estudiante.edu.bo', '\$2y\$12\$TyO9cTQJ0O7NSPORyyP8Hup.wk8.BWNWu4itdEJYyjZ2Sem9DbFyi', 'Postulante', true, NOW(), NOW());
INSERT INTO postulantes (id, ci, nombres, apellidos, fecha_nacimiento, sexo, direccion, telefono, email, colegio_procedencia, ciudad, titulo_bachiller, primera_opcion_id, segunda_opcion_id, turno_preferencia, gestion_id, estado, recurrente, user_id, created_at, updated_at) VALUES (1476, '1711564', 'Jorge', 'Reyes', '2005-01-15', 'M', NULL, '59173758479', 'jorgereyes75@estudiante.edu.bo', 'Colegio Boliviano', 'Santa Cruz de la Sierra', NULL, 4, 3, 'Tarde', 2, 'Preinscrito', false, 1575, NOW(), NOW());
INSERT INTO requisitos_documentales (postulante_id, ci_digitalizado, certificado_nacimiento, titulo_bachiller_legalizado, formulario_preinscripcion, verificado_bd_externa, updated_at) VALUES (1476, false, false, false, false, false, NOW());
INSERT INTO users (id, name, email, password, role, active, created_at, updated_at) VALUES (1576, 'Carmen Castillo', 'carmencastillo76@estudiante.edu.bo', '\$2y\$12\$TyO9cTQJ0O7NSPORyyP8Hup.wk8.BWNWu4itdEJYyjZ2Sem9DbFyi', 'Postulante', true, NOW(), NOW());
INSERT INTO postulantes (id, ci, nombres, apellidos, fecha_nacimiento, sexo, direccion, telefono, email, colegio_procedencia, ciudad, titulo_bachiller, primera_opcion_id, segunda_opcion_id, turno_preferencia, gestion_id, estado, recurrente, user_id, created_at, updated_at) VALUES (1477, '4014421', 'Carmen', 'Castillo', '2005-01-15', 'M', NULL, '59178372783', 'carmencastillo76@estudiante.edu.bo', 'Colegio Boliviano', 'Santa Cruz de la Sierra', NULL, 4, 3, 'Tarde', 2, 'Preinscrito', false, 1576, NOW(), NOW());
INSERT INTO requisitos_documentales (postulante_id, ci_digitalizado, certificado_nacimiento, titulo_bachiller_legalizado, formulario_preinscripcion, verificado_bd_externa, updated_at) VALUES (1477, false, false, false, false, false, NOW());
INSERT INTO users (id, name, email, password, role, active, created_at, updated_at) VALUES (1577, 'Natalia Vargas', 'nataliavargas77@estudiante.edu.bo', '\$2y\$12\$TyO9cTQJ0O7NSPORyyP8Hup.wk8.BWNWu4itdEJYyjZ2Sem9DbFyi', 'Postulante', true, NOW(), NOW());
INSERT INTO postulantes (id, ci, nombres, apellidos, fecha_nacimiento, sexo, direccion, telefono, email, colegio_procedencia, ciudad, titulo_bachiller, primera_opcion_id, segunda_opcion_id, turno_preferencia, gestion_id, estado, recurrente, user_id, created_at, updated_at) VALUES (1478, '9926224', 'Natalia', 'Vargas', '2005-01-15', 'M', NULL, '59199318818', 'nataliavargas77@estudiante.edu.bo', 'Colegio Boliviano', 'Santa Cruz de la Sierra', NULL, 4, 3, 'Noche', 2, 'Preinscrito', false, 1577, NOW(), NOW());
INSERT INTO requisitos_documentales (postulante_id, ci_digitalizado, certificado_nacimiento, titulo_bachiller_legalizado, formulario_preinscripcion, verificado_bd_externa, updated_at) VALUES (1478, false, false, false, false, false, NOW());
INSERT INTO users (id, name, email, password, role, active, created_at, updated_at) VALUES (1578, 'Elena Jiménez', 'elenajiménez78@estudiante.edu.bo', '\$2y\$12\$TyO9cTQJ0O7NSPORyyP8Hup.wk8.BWNWu4itdEJYyjZ2Sem9DbFyi', 'Postulante', true, NOW(), NOW());
INSERT INTO postulantes (id, ci, nombres, apellidos, fecha_nacimiento, sexo, direccion, telefono, email, colegio_procedencia, ciudad, titulo_bachiller, primera_opcion_id, segunda_opcion_id, turno_preferencia, gestion_id, estado, recurrente, user_id, created_at, updated_at) VALUES (1479, '5268020', 'Elena', 'Jiménez', '2005-01-15', 'M', NULL, '59164596261', 'elenajiménez78@estudiante.edu.bo', 'Colegio Boliviano', 'Santa Cruz de la Sierra', NULL, 4, 3, 'Tarde', 2, 'Preinscrito', false, 1578, NOW(), NOW());
INSERT INTO requisitos_documentales (postulante_id, ci_digitalizado, certificado_nacimiento, titulo_bachiller_legalizado, formulario_preinscripcion, verificado_bd_externa, updated_at) VALUES (1479, false, false, false, false, false, NOW());
INSERT INTO users (id, name, email, password, role, active, created_at, updated_at) VALUES (1579, 'Marisol Delgado', 'marisoldelgado79@estudiante.edu.bo', '\$2y\$12\$TyO9cTQJ0O7NSPORyyP8Hup.wk8.BWNWu4itdEJYyjZ2Sem9DbFyi', 'Postulante', true, NOW(), NOW());
INSERT INTO postulantes (id, ci, nombres, apellidos, fecha_nacimiento, sexo, direccion, telefono, email, colegio_procedencia, ciudad, titulo_bachiller, primera_opcion_id, segunda_opcion_id, turno_preferencia, gestion_id, estado, recurrente, user_id, created_at, updated_at) VALUES (1480, '3761590', 'Marisol', 'Delgado', '2005-01-15', 'M', NULL, '59196732818', 'marisoldelgado79@estudiante.edu.bo', 'Colegio Boliviano', 'Santa Cruz de la Sierra', NULL, 4, 3, 'Manana', 2, 'Preinscrito', false, 1579, NOW(), NOW());
INSERT INTO requisitos_documentales (postulante_id, ci_digitalizado, certificado_nacimiento, titulo_bachiller_legalizado, formulario_preinscripcion, verificado_bd_externa, updated_at) VALUES (1480, false, false, false, false, false, NOW());
INSERT INTO users (id, name, email, password, role, active, created_at, updated_at) VALUES (1580, 'Arturo Fuentes', 'arturofuentes80@estudiante.edu.bo', '\$2y\$12\$TyO9cTQJ0O7NSPORyyP8Hup.wk8.BWNWu4itdEJYyjZ2Sem9DbFyi', 'Postulante', true, NOW(), NOW());
INSERT INTO postulantes (id, ci, nombres, apellidos, fecha_nacimiento, sexo, direccion, telefono, email, colegio_procedencia, ciudad, titulo_bachiller, primera_opcion_id, segunda_opcion_id, turno_preferencia, gestion_id, estado, recurrente, user_id, created_at, updated_at) VALUES (1481, '3851564', 'Arturo', 'Fuentes', '2005-01-15', 'M', NULL, '59196424175', 'arturofuentes80@estudiante.edu.bo', 'Colegio Boliviano', 'Santa Cruz de la Sierra', NULL, 4, 3, 'Manana', 2, 'Preinscrito', false, 1580, NOW(), NOW());
INSERT INTO requisitos_documentales (postulante_id, ci_digitalizado, certificado_nacimiento, titulo_bachiller_legalizado, formulario_preinscripcion, verificado_bd_externa, updated_at) VALUES (1481, false, false, false, false, false, NOW());
INSERT INTO users (id, name, email, password, role, active, created_at, updated_at) VALUES (1581, 'Beatriz Ortiz', 'beatrizortiz81@estudiante.edu.bo', '\$2y\$12\$TyO9cTQJ0O7NSPORyyP8Hup.wk8.BWNWu4itdEJYyjZ2Sem9DbFyi', 'Postulante', true, NOW(), NOW());
INSERT INTO postulantes (id, ci, nombres, apellidos, fecha_nacimiento, sexo, direccion, telefono, email, colegio_procedencia, ciudad, titulo_bachiller, primera_opcion_id, segunda_opcion_id, turno_preferencia, gestion_id, estado, recurrente, user_id, created_at, updated_at) VALUES (1482, '7804438', 'Beatriz', 'Ortiz', '2005-01-15', 'M', NULL, '59170994272', 'beatrizortiz81@estudiante.edu.bo', 'Colegio Boliviano', 'Santa Cruz de la Sierra', NULL, 4, 3, 'Tarde', 2, 'Preinscrito', false, 1581, NOW(), NOW());
INSERT INTO requisitos_documentales (postulante_id, ci_digitalizado, certificado_nacimiento, titulo_bachiller_legalizado, formulario_preinscripcion, verificado_bd_externa, updated_at) VALUES (1482, false, false, false, false, false, NOW());
INSERT INTO users (id, name, email, password, role, active, created_at, updated_at) VALUES (1582, 'Sandra Rodríguez', 'sandrarodríguez82@estudiante.edu.bo', '\$2y\$12\$TyO9cTQJ0O7NSPORyyP8Hup.wk8.BWNWu4itdEJYyjZ2Sem9DbFyi', 'Postulante', true, NOW(), NOW());
INSERT INTO postulantes (id, ci, nombres, apellidos, fecha_nacimiento, sexo, direccion, telefono, email, colegio_procedencia, ciudad, titulo_bachiller, primera_opcion_id, segunda_opcion_id, turno_preferencia, gestion_id, estado, recurrente, user_id, created_at, updated_at) VALUES (1483, '8756877', 'Sandra', 'Rodríguez', '2005-01-15', 'M', NULL, '59176139316', 'sandrarodríguez82@estudiante.edu.bo', 'Colegio Boliviano', 'Santa Cruz de la Sierra', NULL, 4, 3, 'Manana', 2, 'Preinscrito', false, 1582, NOW(), NOW());
INSERT INTO requisitos_documentales (postulante_id, ci_digitalizado, certificado_nacimiento, titulo_bachiller_legalizado, formulario_preinscripcion, verificado_bd_externa, updated_at) VALUES (1483, false, false, false, false, false, NOW());
INSERT INTO users (id, name, email, password, role, active, created_at, updated_at) VALUES (1583, 'Jorge Contreras', 'jorgecontreras83@estudiante.edu.bo', '\$2y\$12\$TyO9cTQJ0O7NSPORyyP8Hup.wk8.BWNWu4itdEJYyjZ2Sem9DbFyi', 'Postulante', true, NOW(), NOW());
INSERT INTO postulantes (id, ci, nombres, apellidos, fecha_nacimiento, sexo, direccion, telefono, email, colegio_procedencia, ciudad, titulo_bachiller, primera_opcion_id, segunda_opcion_id, turno_preferencia, gestion_id, estado, recurrente, user_id, created_at, updated_at) VALUES (1484, '3085005', 'Jorge', 'Contreras', '2005-01-15', 'M', NULL, '59166013964', 'jorgecontreras83@estudiante.edu.bo', 'Colegio Boliviano', 'Santa Cruz de la Sierra', NULL, 4, 3, 'Manana', 2, 'Preinscrito', false, 1583, NOW(), NOW());
INSERT INTO requisitos_documentales (postulante_id, ci_digitalizado, certificado_nacimiento, titulo_bachiller_legalizado, formulario_preinscripcion, verificado_bd_externa, updated_at) VALUES (1484, false, false, false, false, false, NOW());
INSERT INTO users (id, name, email, password, role, active, created_at, updated_at) VALUES (1584, 'Jorge Valencia', 'jorgevalencia84@estudiante.edu.bo', '\$2y\$12\$TyO9cTQJ0O7NSPORyyP8Hup.wk8.BWNWu4itdEJYyjZ2Sem9DbFyi', 'Postulante', true, NOW(), NOW());
INSERT INTO postulantes (id, ci, nombres, apellidos, fecha_nacimiento, sexo, direccion, telefono, email, colegio_procedencia, ciudad, titulo_bachiller, primera_opcion_id, segunda_opcion_id, turno_preferencia, gestion_id, estado, recurrente, user_id, created_at, updated_at) VALUES (1485, '1942860', 'Jorge', 'Valencia', '2005-01-15', 'M', NULL, '59163821088', 'jorgevalencia84@estudiante.edu.bo', 'Colegio Boliviano', 'Santa Cruz de la Sierra', NULL, 4, 3, 'Noche', 2, 'Preinscrito', false, 1584, NOW(), NOW());
INSERT INTO requisitos_documentales (postulante_id, ci_digitalizado, certificado_nacimiento, titulo_bachiller_legalizado, formulario_preinscripcion, verificado_bd_externa, updated_at) VALUES (1485, false, false, false, false, false, NOW());
INSERT INTO users (id, name, email, password, role, active, created_at, updated_at) VALUES (1585, 'Beatriz Silva', 'beatrizsilva85@estudiante.edu.bo', '\$2y\$12\$TyO9cTQJ0O7NSPORyyP8Hup.wk8.BWNWu4itdEJYyjZ2Sem9DbFyi', 'Postulante', true, NOW(), NOW());
INSERT INTO postulantes (id, ci, nombres, apellidos, fecha_nacimiento, sexo, direccion, telefono, email, colegio_procedencia, ciudad, titulo_bachiller, primera_opcion_id, segunda_opcion_id, turno_preferencia, gestion_id, estado, recurrente, user_id, created_at, updated_at) VALUES (1486, '9052242', 'Beatriz', 'Silva', '2005-01-15', 'M', NULL, '59178776468', 'beatrizsilva85@estudiante.edu.bo', 'Colegio Boliviano', 'Santa Cruz de la Sierra', NULL, 4, 3, 'Manana', 2, 'Preinscrito', false, 1585, NOW(), NOW());
INSERT INTO requisitos_documentales (postulante_id, ci_digitalizado, certificado_nacimiento, titulo_bachiller_legalizado, formulario_preinscripcion, verificado_bd_externa, updated_at) VALUES (1486, false, false, false, false, false, NOW());
INSERT INTO users (id, name, email, password, role, active, created_at, updated_at) VALUES (1586, 'Lorena Silva', 'lorenasilva86@estudiante.edu.bo', '\$2y\$12\$TyO9cTQJ0O7NSPORyyP8Hup.wk8.BWNWu4itdEJYyjZ2Sem9DbFyi', 'Postulante', true, NOW(), NOW());
INSERT INTO postulantes (id, ci, nombres, apellidos, fecha_nacimiento, sexo, direccion, telefono, email, colegio_procedencia, ciudad, titulo_bachiller, primera_opcion_id, segunda_opcion_id, turno_preferencia, gestion_id, estado, recurrente, user_id, created_at, updated_at) VALUES (1487, '6951101', 'Lorena', 'Silva', '2005-01-15', 'M', NULL, '59161499097', 'lorenasilva86@estudiante.edu.bo', 'Colegio Boliviano', 'Santa Cruz de la Sierra', NULL, 4, 3, 'Tarde', 2, 'Preinscrito', false, 1586, NOW(), NOW());
INSERT INTO requisitos_documentales (postulante_id, ci_digitalizado, certificado_nacimiento, titulo_bachiller_legalizado, formulario_preinscripcion, verificado_bd_externa, updated_at) VALUES (1487, false, false, false, false, false, NOW());
INSERT INTO users (id, name, email, password, role, active, created_at, updated_at) VALUES (1587, 'Natalia Vázquez', 'nataliavázquez87@estudiante.edu.bo', '\$2y\$12\$TyO9cTQJ0O7NSPORyyP8Hup.wk8.BWNWu4itdEJYyjZ2Sem9DbFyi', 'Postulante', true, NOW(), NOW());
INSERT INTO postulantes (id, ci, nombres, apellidos, fecha_nacimiento, sexo, direccion, telefono, email, colegio_procedencia, ciudad, titulo_bachiller, primera_opcion_id, segunda_opcion_id, turno_preferencia, gestion_id, estado, recurrente, user_id, created_at, updated_at) VALUES (1488, '9152947', 'Natalia', 'Vázquez', '2005-01-15', 'M', NULL, '59174421583', 'nataliavázquez87@estudiante.edu.bo', 'Colegio Boliviano', 'Santa Cruz de la Sierra', NULL, 4, 3, 'Manana', 2, 'Preinscrito', false, 1587, NOW(), NOW());
INSERT INTO requisitos_documentales (postulante_id, ci_digitalizado, certificado_nacimiento, titulo_bachiller_legalizado, formulario_preinscripcion, verificado_bd_externa, updated_at) VALUES (1488, false, false, false, false, false, NOW());
INSERT INTO users (id, name, email, password, role, active, created_at, updated_at) VALUES (1588, 'Miguel Reyes', 'miguelreyes88@estudiante.edu.bo', '\$2y\$12\$TyO9cTQJ0O7NSPORyyP8Hup.wk8.BWNWu4itdEJYyjZ2Sem9DbFyi', 'Postulante', true, NOW(), NOW());
INSERT INTO postulantes (id, ci, nombres, apellidos, fecha_nacimiento, sexo, direccion, telefono, email, colegio_procedencia, ciudad, titulo_bachiller, primera_opcion_id, segunda_opcion_id, turno_preferencia, gestion_id, estado, recurrente, user_id, created_at, updated_at) VALUES (1489, '9110426', 'Miguel', 'Reyes', '2005-01-15', 'M', NULL, '59188653652', 'miguelreyes88@estudiante.edu.bo', 'Colegio Boliviano', 'Santa Cruz de la Sierra', NULL, 4, 3, 'Manana', 2, 'Preinscrito', false, 1588, NOW(), NOW());
INSERT INTO requisitos_documentales (postulante_id, ci_digitalizado, certificado_nacimiento, titulo_bachiller_legalizado, formulario_preinscripcion, verificado_bd_externa, updated_at) VALUES (1489, false, false, false, false, false, NOW());
INSERT INTO users (id, name, email, password, role, active, created_at, updated_at) VALUES (1589, 'Fernando Vega', 'fernandovega89@estudiante.edu.bo', '\$2y\$12\$TyO9cTQJ0O7NSPORyyP8Hup.wk8.BWNWu4itdEJYyjZ2Sem9DbFyi', 'Postulante', true, NOW(), NOW());
INSERT INTO postulantes (id, ci, nombres, apellidos, fecha_nacimiento, sexo, direccion, telefono, email, colegio_procedencia, ciudad, titulo_bachiller, primera_opcion_id, segunda_opcion_id, turno_preferencia, gestion_id, estado, recurrente, user_id, created_at, updated_at) VALUES (1490, '2281019', 'Fernando', 'Vega', '2005-01-15', 'M', NULL, '59169818251', 'fernandovega89@estudiante.edu.bo', 'Colegio Boliviano', 'Santa Cruz de la Sierra', NULL, 4, 3, 'Noche', 2, 'Preinscrito', false, 1589, NOW(), NOW());
INSERT INTO requisitos_documentales (postulante_id, ci_digitalizado, certificado_nacimiento, titulo_bachiller_legalizado, formulario_preinscripcion, verificado_bd_externa, updated_at) VALUES (1490, false, false, false, false, false, NOW());
INSERT INTO users (id, name, email, password, role, active, created_at, updated_at) VALUES (1590, 'Roberto Ramírez', 'robertoramírez90@estudiante.edu.bo', '\$2y\$12\$TyO9cTQJ0O7NSPORyyP8Hup.wk8.BWNWu4itdEJYyjZ2Sem9DbFyi', 'Postulante', true, NOW(), NOW());
INSERT INTO postulantes (id, ci, nombres, apellidos, fecha_nacimiento, sexo, direccion, telefono, email, colegio_procedencia, ciudad, titulo_bachiller, primera_opcion_id, segunda_opcion_id, turno_preferencia, gestion_id, estado, recurrente, user_id, created_at, updated_at) VALUES (1491, '6491720', 'Roberto', 'Ramírez', '2005-01-15', 'M', NULL, '59172001349', 'robertoramírez90@estudiante.edu.bo', 'Colegio Boliviano', 'Santa Cruz de la Sierra', NULL, 4, 3, 'Tarde', 2, 'Preinscrito', false, 1590, NOW(), NOW());
INSERT INTO requisitos_documentales (postulante_id, ci_digitalizado, certificado_nacimiento, titulo_bachiller_legalizado, formulario_preinscripcion, verificado_bd_externa, updated_at) VALUES (1491, false, false, false, false, false, NOW());
INSERT INTO users (id, name, email, password, role, active, created_at, updated_at) VALUES (1591, 'Héctor Rivera', 'héctorrivera91@estudiante.edu.bo', '\$2y\$12\$TyO9cTQJ0O7NSPORyyP8Hup.wk8.BWNWu4itdEJYyjZ2Sem9DbFyi', 'Postulante', true, NOW(), NOW());
INSERT INTO postulantes (id, ci, nombres, apellidos, fecha_nacimiento, sexo, direccion, telefono, email, colegio_procedencia, ciudad, titulo_bachiller, primera_opcion_id, segunda_opcion_id, turno_preferencia, gestion_id, estado, recurrente, user_id, created_at, updated_at) VALUES (1492, '3461524', 'Héctor', 'Rivera', '2005-01-15', 'M', NULL, '59162402747', 'héctorrivera91@estudiante.edu.bo', 'Colegio Boliviano', 'Santa Cruz de la Sierra', NULL, 4, 3, 'Noche', 2, 'Preinscrito', false, 1591, NOW(), NOW());
INSERT INTO requisitos_documentales (postulante_id, ci_digitalizado, certificado_nacimiento, titulo_bachiller_legalizado, formulario_preinscripcion, verificado_bd_externa, updated_at) VALUES (1492, false, false, false, false, false, NOW());
INSERT INTO users (id, name, email, password, role, active, created_at, updated_at) VALUES (1592, 'Francisca Valdez', 'franciscavaldez92@estudiante.edu.bo', '\$2y\$12\$TyO9cTQJ0O7NSPORyyP8Hup.wk8.BWNWu4itdEJYyjZ2Sem9DbFyi', 'Postulante', true, NOW(), NOW());
INSERT INTO postulantes (id, ci, nombres, apellidos, fecha_nacimiento, sexo, direccion, telefono, email, colegio_procedencia, ciudad, titulo_bachiller, primera_opcion_id, segunda_opcion_id, turno_preferencia, gestion_id, estado, recurrente, user_id, created_at, updated_at) VALUES (1493, '2962807', 'Francisca', 'Valdez', '2005-01-15', 'M', NULL, '59190114933', 'franciscavaldez92@estudiante.edu.bo', 'Colegio Boliviano', 'Santa Cruz de la Sierra', NULL, 4, 3, 'Tarde', 2, 'Preinscrito', false, 1592, NOW(), NOW());
INSERT INTO requisitos_documentales (postulante_id, ci_digitalizado, certificado_nacimiento, titulo_bachiller_legalizado, formulario_preinscripcion, verificado_bd_externa, updated_at) VALUES (1493, false, false, false, false, false, NOW());
INSERT INTO users (id, name, email, password, role, active, created_at, updated_at) VALUES (1593, 'Ricardo Jiménez', 'ricardojiménez93@estudiante.edu.bo', '\$2y\$12\$TyO9cTQJ0O7NSPORyyP8Hup.wk8.BWNWu4itdEJYyjZ2Sem9DbFyi', 'Postulante', true, NOW(), NOW());
INSERT INTO postulantes (id, ci, nombres, apellidos, fecha_nacimiento, sexo, direccion, telefono, email, colegio_procedencia, ciudad, titulo_bachiller, primera_opcion_id, segunda_opcion_id, turno_preferencia, gestion_id, estado, recurrente, user_id, created_at, updated_at) VALUES (1494, '6650613', 'Ricardo', 'Jiménez', '2005-01-15', 'M', NULL, '59174785829', 'ricardojiménez93@estudiante.edu.bo', 'Colegio Boliviano', 'Santa Cruz de la Sierra', NULL, 4, 3, 'Manana', 2, 'Preinscrito', false, 1593, NOW(), NOW());
INSERT INTO requisitos_documentales (postulante_id, ci_digitalizado, certificado_nacimiento, titulo_bachiller_legalizado, formulario_preinscripcion, verificado_bd_externa, updated_at) VALUES (1494, false, false, false, false, false, NOW());
INSERT INTO users (id, name, email, password, role, active, created_at, updated_at) VALUES (1594, 'Luis Vargas', 'luisvargas94@estudiante.edu.bo', '\$2y\$12\$TyO9cTQJ0O7NSPORyyP8Hup.wk8.BWNWu4itdEJYyjZ2Sem9DbFyi', 'Postulante', true, NOW(), NOW());
INSERT INTO postulantes (id, ci, nombres, apellidos, fecha_nacimiento, sexo, direccion, telefono, email, colegio_procedencia, ciudad, titulo_bachiller, primera_opcion_id, segunda_opcion_id, turno_preferencia, gestion_id, estado, recurrente, user_id, created_at, updated_at) VALUES (1495, '1348763', 'Luis', 'Vargas', '2005-01-15', 'M', NULL, '59171115681', 'luisvargas94@estudiante.edu.bo', 'Colegio Boliviano', 'Santa Cruz de la Sierra', NULL, 4, 3, 'Noche', 2, 'Preinscrito', false, 1594, NOW(), NOW());
INSERT INTO requisitos_documentales (postulante_id, ci_digitalizado, certificado_nacimiento, titulo_bachiller_legalizado, formulario_preinscripcion, verificado_bd_externa, updated_at) VALUES (1495, false, false, false, false, false, NOW());
INSERT INTO users (id, name, email, password, role, active, created_at, updated_at) VALUES (1595, 'Patricia Rivas', 'patriciarivas95@estudiante.edu.bo', '\$2y\$12\$TyO9cTQJ0O7NSPORyyP8Hup.wk8.BWNWu4itdEJYyjZ2Sem9DbFyi', 'Postulante', true, NOW(), NOW());
INSERT INTO postulantes (id, ci, nombres, apellidos, fecha_nacimiento, sexo, direccion, telefono, email, colegio_procedencia, ciudad, titulo_bachiller, primera_opcion_id, segunda_opcion_id, turno_preferencia, gestion_id, estado, recurrente, user_id, created_at, updated_at) VALUES (1496, '8492089', 'Patricia', 'Rivas', '2005-01-15', 'M', NULL, '59178742615', 'patriciarivas95@estudiante.edu.bo', 'Colegio Boliviano', 'Santa Cruz de la Sierra', NULL, 4, 3, 'Noche', 2, 'Preinscrito', false, 1595, NOW(), NOW());
INSERT INTO requisitos_documentales (postulante_id, ci_digitalizado, certificado_nacimiento, titulo_bachiller_legalizado, formulario_preinscripcion, verificado_bd_externa, updated_at) VALUES (1496, false, false, false, false, false, NOW());
INSERT INTO users (id, name, email, password, role, active, created_at, updated_at) VALUES (1596, 'Ana Carrillo', 'anacarrillo96@estudiante.edu.bo', '\$2y\$12\$TyO9cTQJ0O7NSPORyyP8Hup.wk8.BWNWu4itdEJYyjZ2Sem9DbFyi', 'Postulante', true, NOW(), NOW());
INSERT INTO postulantes (id, ci, nombres, apellidos, fecha_nacimiento, sexo, direccion, telefono, email, colegio_procedencia, ciudad, titulo_bachiller, primera_opcion_id, segunda_opcion_id, turno_preferencia, gestion_id, estado, recurrente, user_id, created_at, updated_at) VALUES (1497, '7058306', 'Ana', 'Carrillo', '2005-01-15', 'M', NULL, '59190061850', 'anacarrillo96@estudiante.edu.bo', 'Colegio Boliviano', 'Santa Cruz de la Sierra', NULL, 4, 3, 'Noche', 2, 'Preinscrito', false, 1596, NOW(), NOW());
INSERT INTO requisitos_documentales (postulante_id, ci_digitalizado, certificado_nacimiento, titulo_bachiller_legalizado, formulario_preinscripcion, verificado_bd_externa, updated_at) VALUES (1497, false, false, false, false, false, NOW());
INSERT INTO users (id, name, email, password, role, active, created_at, updated_at) VALUES (1597, 'Leticia Pérez', 'leticiapérez97@estudiante.edu.bo', '\$2y\$12\$TyO9cTQJ0O7NSPORyyP8Hup.wk8.BWNWu4itdEJYyjZ2Sem9DbFyi', 'Postulante', true, NOW(), NOW());
INSERT INTO postulantes (id, ci, nombres, apellidos, fecha_nacimiento, sexo, direccion, telefono, email, colegio_procedencia, ciudad, titulo_bachiller, primera_opcion_id, segunda_opcion_id, turno_preferencia, gestion_id, estado, recurrente, user_id, created_at, updated_at) VALUES (1498, '2361349', 'Leticia', 'Pérez', '2005-01-15', 'M', NULL, '59179097226', 'leticiapérez97@estudiante.edu.bo', 'Colegio Boliviano', 'Santa Cruz de la Sierra', NULL, 4, 3, 'Noche', 2, 'Preinscrito', false, 1597, NOW(), NOW());
INSERT INTO requisitos_documentales (postulante_id, ci_digitalizado, certificado_nacimiento, titulo_bachiller_legalizado, formulario_preinscripcion, verificado_bd_externa, updated_at) VALUES (1498, false, false, false, false, false, NOW());
INSERT INTO users (id, name, email, password, role, active, created_at, updated_at) VALUES (1598, 'Verónica Campos', 'verónicacampos98@estudiante.edu.bo', '\$2y\$12\$TyO9cTQJ0O7NSPORyyP8Hup.wk8.BWNWu4itdEJYyjZ2Sem9DbFyi', 'Postulante', true, NOW(), NOW());
INSERT INTO postulantes (id, ci, nombres, apellidos, fecha_nacimiento, sexo, direccion, telefono, email, colegio_procedencia, ciudad, titulo_bachiller, primera_opcion_id, segunda_opcion_id, turno_preferencia, gestion_id, estado, recurrente, user_id, created_at, updated_at) VALUES (1499, '4937525', 'Verónica', 'Campos', '2005-01-15', 'M', NULL, '59178964103', 'verónicacampos98@estudiante.edu.bo', 'Colegio Boliviano', 'Santa Cruz de la Sierra', NULL, 4, 3, 'Noche', 2, 'Preinscrito', false, 1598, NOW(), NOW());
INSERT INTO requisitos_documentales (postulante_id, ci_digitalizado, certificado_nacimiento, titulo_bachiller_legalizado, formulario_preinscripcion, verificado_bd_externa, updated_at) VALUES (1499, false, false, false, false, false, NOW());
INSERT INTO users (id, name, email, password, role, active, created_at, updated_at) VALUES (1599, 'Bruno Morales', 'brunomorales99@estudiante.edu.bo', '\$2y\$12\$TyO9cTQJ0O7NSPORyyP8Hup.wk8.BWNWu4itdEJYyjZ2Sem9DbFyi', 'Postulante', true, NOW(), NOW());
INSERT INTO postulantes (id, ci, nombres, apellidos, fecha_nacimiento, sexo, direccion, telefono, email, colegio_procedencia, ciudad, titulo_bachiller, primera_opcion_id, segunda_opcion_id, turno_preferencia, gestion_id, estado, recurrente, user_id, created_at, updated_at) VALUES (1500, '3817407', 'Bruno', 'Morales', '2005-01-15', 'M', NULL, '59191476835', 'brunomorales99@estudiante.edu.bo', 'Colegio Boliviano', 'Santa Cruz de la Sierra', NULL, 4, 3, 'Manana', 2, 'Preinscrito', false, 1599, NOW(), NOW());
INSERT INTO requisitos_documentales (postulante_id, ci_digitalizado, certificado_nacimiento, titulo_bachiller_legalizado, formulario_preinscripcion, verificado_bd_externa, updated_at) VALUES (1500, false, false, false, false, false, NOW());
INSERT INTO users (id, name, email, password, role, active, created_at, updated_at) VALUES (1600, 'Carmen Guerrero', 'carmenguerrero100@estudiante.edu.bo', '\$2y\$12\$TyO9cTQJ0O7NSPORyyP8Hup.wk8.BWNWu4itdEJYyjZ2Sem9DbFyi', 'Postulante', true, NOW(), NOW());
INSERT INTO postulantes (id, ci, nombres, apellidos, fecha_nacimiento, sexo, direccion, telefono, email, colegio_procedencia, ciudad, titulo_bachiller, primera_opcion_id, segunda_opcion_id, turno_preferencia, gestion_id, estado, recurrente, user_id, created_at, updated_at) VALUES (1501, '8212391', 'Carmen', 'Guerrero', '2005-01-15', 'M', NULL, '59164540863', 'carmenguerrero100@estudiante.edu.bo', 'Colegio Boliviano', 'Santa Cruz de la Sierra', NULL, 4, 3, 'Tarde', 2, 'Preinscrito', false, 1600, NOW(), NOW());
INSERT INTO requisitos_documentales (postulante_id, ci_digitalizado, certificado_nacimiento, titulo_bachiller_legalizado, formulario_preinscripcion, verificado_bd_externa, updated_at) VALUES (1501, false, false, false, false, false, NOW());
INSERT INTO users (id, name, email, password, role, active, created_at, updated_at) VALUES (1601, 'Beatriz Molina', 'beatrizmolina101@estudiante.edu.bo', '\$2y\$12\$TyO9cTQJ0O7NSPORyyP8Hup.wk8.BWNWu4itdEJYyjZ2Sem9DbFyi', 'Postulante', true, NOW(), NOW());
INSERT INTO postulantes (id, ci, nombres, apellidos, fecha_nacimiento, sexo, direccion, telefono, email, colegio_procedencia, ciudad, titulo_bachiller, primera_opcion_id, segunda_opcion_id, turno_preferencia, gestion_id, estado, recurrente, user_id, created_at, updated_at) VALUES (1502, '2286934', 'Beatriz', 'Molina', '2005-01-15', 'M', NULL, '59188471398', 'beatrizmolina101@estudiante.edu.bo', 'Colegio Boliviano', 'Santa Cruz de la Sierra', NULL, 4, 3, 'Noche', 2, 'Preinscrito', false, 1601, NOW(), NOW());
INSERT INTO requisitos_documentales (postulante_id, ci_digitalizado, certificado_nacimiento, titulo_bachiller_legalizado, formulario_preinscripcion, verificado_bd_externa, updated_at) VALUES (1502, false, false, false, false, false, NOW());
INSERT INTO users (id, name, email, password, role, active, created_at, updated_at) VALUES (1602, 'Juan Sánchez', 'juansánchez102@estudiante.edu.bo', '\$2y\$12\$TyO9cTQJ0O7NSPORyyP8Hup.wk8.BWNWu4itdEJYyjZ2Sem9DbFyi', 'Postulante', true, NOW(), NOW());
INSERT INTO postulantes (id, ci, nombres, apellidos, fecha_nacimiento, sexo, direccion, telefono, email, colegio_procedencia, ciudad, titulo_bachiller, primera_opcion_id, segunda_opcion_id, turno_preferencia, gestion_id, estado, recurrente, user_id, created_at, updated_at) VALUES (1503, '8113839', 'Juan', 'Sánchez', '2005-01-15', 'M', NULL, '59171342824', 'juansánchez102@estudiante.edu.bo', 'Colegio Boliviano', 'Santa Cruz de la Sierra', NULL, 4, 3, 'Tarde', 2, 'Preinscrito', false, 1602, NOW(), NOW());
INSERT INTO requisitos_documentales (postulante_id, ci_digitalizado, certificado_nacimiento, titulo_bachiller_legalizado, formulario_preinscripcion, verificado_bd_externa, updated_at) VALUES (1503, false, false, false, false, false, NOW());
INSERT INTO users (id, name, email, password, role, active, created_at, updated_at) VALUES (1603, 'Eduardo Cortés', 'eduardocortés103@estudiante.edu.bo', '\$2y\$12\$TyO9cTQJ0O7NSPORyyP8Hup.wk8.BWNWu4itdEJYyjZ2Sem9DbFyi', 'Postulante', true, NOW(), NOW());
INSERT INTO postulantes (id, ci, nombres, apellidos, fecha_nacimiento, sexo, direccion, telefono, email, colegio_procedencia, ciudad, titulo_bachiller, primera_opcion_id, segunda_opcion_id, turno_preferencia, gestion_id, estado, recurrente, user_id, created_at, updated_at) VALUES (1504, '8201974', 'Eduardo', 'Cortés', '2005-01-15', 'M', NULL, '59189049858', 'eduardocortés103@estudiante.edu.bo', 'Colegio Boliviano', 'Santa Cruz de la Sierra', NULL, 4, 3, 'Noche', 2, 'Preinscrito', false, 1603, NOW(), NOW());
INSERT INTO requisitos_documentales (postulante_id, ci_digitalizado, certificado_nacimiento, titulo_bachiller_legalizado, formulario_preinscripcion, verificado_bd_externa, updated_at) VALUES (1504, false, false, false, false, false, NOW());
INSERT INTO users (id, name, email, password, role, active, created_at, updated_at) VALUES (1604, 'Javier Acosta', 'javieracosta104@estudiante.edu.bo', '\$2y\$12\$TyO9cTQJ0O7NSPORyyP8Hup.wk8.BWNWu4itdEJYyjZ2Sem9DbFyi', 'Postulante', true, NOW(), NOW());
INSERT INTO postulantes (id, ci, nombres, apellidos, fecha_nacimiento, sexo, direccion, telefono, email, colegio_procedencia, ciudad, titulo_bachiller, primera_opcion_id, segunda_opcion_id, turno_preferencia, gestion_id, estado, recurrente, user_id, created_at, updated_at) VALUES (1505, '1035043', 'Javier', 'Acosta', '2005-01-15', 'M', NULL, '59192287370', 'javieracosta104@estudiante.edu.bo', 'Colegio Boliviano', 'Santa Cruz de la Sierra', NULL, 4, 3, 'Noche', 2, 'Preinscrito', false, 1604, NOW(), NOW());
INSERT INTO requisitos_documentales (postulante_id, ci_digitalizado, certificado_nacimiento, titulo_bachiller_legalizado, formulario_preinscripcion, verificado_bd_externa, updated_at) VALUES (1505, false, false, false, false, false, NOW());
INSERT INTO users (id, name, email, password, role, active, created_at, updated_at) VALUES (1605, 'Ana Acosta', 'anaacosta105@estudiante.edu.bo', '\$2y\$12\$TyO9cTQJ0O7NSPORyyP8Hup.wk8.BWNWu4itdEJYyjZ2Sem9DbFyi', 'Postulante', true, NOW(), NOW());
INSERT INTO postulantes (id, ci, nombres, apellidos, fecha_nacimiento, sexo, direccion, telefono, email, colegio_procedencia, ciudad, titulo_bachiller, primera_opcion_id, segunda_opcion_id, turno_preferencia, gestion_id, estado, recurrente, user_id, created_at, updated_at) VALUES (1506, '1965625', 'Ana', 'Acosta', '2005-01-15', 'M', NULL, '59194443450', 'anaacosta105@estudiante.edu.bo', 'Colegio Boliviano', 'Santa Cruz de la Sierra', NULL, 4, 3, 'Manana', 2, 'Preinscrito', false, 1605, NOW(), NOW());
INSERT INTO requisitos_documentales (postulante_id, ci_digitalizado, certificado_nacimiento, titulo_bachiller_legalizado, formulario_preinscripcion, verificado_bd_externa, updated_at) VALUES (1506, false, false, false, false, false, NOW());
INSERT INTO users (id, name, email, password, role, active, created_at, updated_at) VALUES (1606, 'Ana Acosta', 'anaacosta106@estudiante.edu.bo', '\$2y\$12\$TyO9cTQJ0O7NSPORyyP8Hup.wk8.BWNWu4itdEJYyjZ2Sem9DbFyi', 'Postulante', true, NOW(), NOW());
INSERT INTO postulantes (id, ci, nombres, apellidos, fecha_nacimiento, sexo, direccion, telefono, email, colegio_procedencia, ciudad, titulo_bachiller, primera_opcion_id, segunda_opcion_id, turno_preferencia, gestion_id, estado, recurrente, user_id, created_at, updated_at) VALUES (1507, '1873750', 'Ana', 'Acosta', '2005-01-15', 'M', NULL, '59194902907', 'anaacosta106@estudiante.edu.bo', 'Colegio Boliviano', 'Santa Cruz de la Sierra', NULL, 4, 3, 'Tarde', 2, 'Preinscrito', false, 1606, NOW(), NOW());
INSERT INTO requisitos_documentales (postulante_id, ci_digitalizado, certificado_nacimiento, titulo_bachiller_legalizado, formulario_preinscripcion, verificado_bd_externa, updated_at) VALUES (1507, false, false, false, false, false, NOW());
INSERT INTO users (id, name, email, password, role, active, created_at, updated_at) VALUES (1607, 'Elena Hernández', 'elenahernández107@estudiante.edu.bo', '\$2y\$12\$TyO9cTQJ0O7NSPORyyP8Hup.wk8.BWNWu4itdEJYyjZ2Sem9DbFyi', 'Postulante', true, NOW(), NOW());
INSERT INTO postulantes (id, ci, nombres, apellidos, fecha_nacimiento, sexo, direccion, telefono, email, colegio_procedencia, ciudad, titulo_bachiller, primera_opcion_id, segunda_opcion_id, turno_preferencia, gestion_id, estado, recurrente, user_id, created_at, updated_at) VALUES (1508, '8291428', 'Elena', 'Hernández', '2005-01-15', 'M', NULL, '59191139518', 'elenahernández107@estudiante.edu.bo', 'Colegio Boliviano', 'Santa Cruz de la Sierra', NULL, 4, 3, 'Manana', 2, 'Preinscrito', false, 1607, NOW(), NOW());
INSERT INTO requisitos_documentales (postulante_id, ci_digitalizado, certificado_nacimiento, titulo_bachiller_legalizado, formulario_preinscripcion, verificado_bd_externa, updated_at) VALUES (1508, false, false, false, false, false, NOW());
INSERT INTO users (id, name, email, password, role, active, created_at, updated_at) VALUES (1608, 'Carmen Medina', 'carmenmedina108@estudiante.edu.bo', '\$2y\$12\$TyO9cTQJ0O7NSPORyyP8Hup.wk8.BWNWu4itdEJYyjZ2Sem9DbFyi', 'Postulante', true, NOW(), NOW());
INSERT INTO postulantes (id, ci, nombres, apellidos, fecha_nacimiento, sexo, direccion, telefono, email, colegio_procedencia, ciudad, titulo_bachiller, primera_opcion_id, segunda_opcion_id, turno_preferencia, gestion_id, estado, recurrente, user_id, created_at, updated_at) VALUES (1509, '3806945', 'Carmen', 'Medina', '2005-01-15', 'M', NULL, '59194179084', 'carmenmedina108@estudiante.edu.bo', 'Colegio Boliviano', 'Santa Cruz de la Sierra', NULL, 4, 3, 'Manana', 2, 'Preinscrito', false, 1608, NOW(), NOW());
INSERT INTO requisitos_documentales (postulante_id, ci_digitalizado, certificado_nacimiento, titulo_bachiller_legalizado, formulario_preinscripcion, verificado_bd_externa, updated_at) VALUES (1509, false, false, false, false, false, NOW());
INSERT INTO users (id, name, email, password, role, active, created_at, updated_at) VALUES (1609, 'Oscar Hernández', 'oscarhernández109@estudiante.edu.bo', '\$2y\$12\$TyO9cTQJ0O7NSPORyyP8Hup.wk8.BWNWu4itdEJYyjZ2Sem9DbFyi', 'Postulante', true, NOW(), NOW());
INSERT INTO postulantes (id, ci, nombres, apellidos, fecha_nacimiento, sexo, direccion, telefono, email, colegio_procedencia, ciudad, titulo_bachiller, primera_opcion_id, segunda_opcion_id, turno_preferencia, gestion_id, estado, recurrente, user_id, created_at, updated_at) VALUES (1510, '1620396', 'Oscar', 'Hernández', '2005-01-15', 'M', NULL, '59189420339', 'oscarhernández109@estudiante.edu.bo', 'Colegio Boliviano', 'Santa Cruz de la Sierra', NULL, 4, 3, 'Manana', 2, 'Preinscrito', false, 1609, NOW(), NOW());
INSERT INTO requisitos_documentales (postulante_id, ci_digitalizado, certificado_nacimiento, titulo_bachiller_legalizado, formulario_preinscripcion, verificado_bd_externa, updated_at) VALUES (1510, false, false, false, false, false, NOW());
INSERT INTO users (id, name, email, password, role, active, created_at, updated_at) VALUES (1610, 'Víctor Martínez', 'víctormartínez110@estudiante.edu.bo', '\$2y\$12\$TyO9cTQJ0O7NSPORyyP8Hup.wk8.BWNWu4itdEJYyjZ2Sem9DbFyi', 'Postulante', true, NOW(), NOW());
INSERT INTO postulantes (id, ci, nombres, apellidos, fecha_nacimiento, sexo, direccion, telefono, email, colegio_procedencia, ciudad, titulo_bachiller, primera_opcion_id, segunda_opcion_id, turno_preferencia, gestion_id, estado, recurrente, user_id, created_at, updated_at) VALUES (1511, '2582678', 'Víctor', 'Martínez', '2005-01-15', 'M', NULL, '59171321814', 'víctormartínez110@estudiante.edu.bo', 'Colegio Boliviano', 'Santa Cruz de la Sierra', NULL, 4, 3, 'Noche', 2, 'Preinscrito', false, 1610, NOW(), NOW());
INSERT INTO requisitos_documentales (postulante_id, ci_digitalizado, certificado_nacimiento, titulo_bachiller_legalizado, formulario_preinscripcion, verificado_bd_externa, updated_at) VALUES (1511, false, false, false, false, false, NOW());
INSERT INTO users (id, name, email, password, role, active, created_at, updated_at) VALUES (1611, 'Rafael Ramírez', 'rafaelramírez111@estudiante.edu.bo', '\$2y\$12\$TyO9cTQJ0O7NSPORyyP8Hup.wk8.BWNWu4itdEJYyjZ2Sem9DbFyi', 'Postulante', true, NOW(), NOW());
INSERT INTO postulantes (id, ci, nombres, apellidos, fecha_nacimiento, sexo, direccion, telefono, email, colegio_procedencia, ciudad, titulo_bachiller, primera_opcion_id, segunda_opcion_id, turno_preferencia, gestion_id, estado, recurrente, user_id, created_at, updated_at) VALUES (1512, '2016527', 'Rafael', 'Ramírez', '2005-01-15', 'M', NULL, '59172016958', 'rafaelramírez111@estudiante.edu.bo', 'Colegio Boliviano', 'Santa Cruz de la Sierra', NULL, 4, 3, 'Noche', 2, 'Preinscrito', false, 1611, NOW(), NOW());
INSERT INTO requisitos_documentales (postulante_id, ci_digitalizado, certificado_nacimiento, titulo_bachiller_legalizado, formulario_preinscripcion, verificado_bd_externa, updated_at) VALUES (1512, false, false, false, false, false, NOW());
INSERT INTO users (id, name, email, password, role, active, created_at, updated_at) VALUES (1612, 'Manuel Medina', 'manuelmedina112@estudiante.edu.bo', '\$2y\$12\$TyO9cTQJ0O7NSPORyyP8Hup.wk8.BWNWu4itdEJYyjZ2Sem9DbFyi', 'Postulante', true, NOW(), NOW());
INSERT INTO postulantes (id, ci, nombres, apellidos, fecha_nacimiento, sexo, direccion, telefono, email, colegio_procedencia, ciudad, titulo_bachiller, primera_opcion_id, segunda_opcion_id, turno_preferencia, gestion_id, estado, recurrente, user_id, created_at, updated_at) VALUES (1513, '8761641', 'Manuel', 'Medina', '2005-01-15', 'M', NULL, '59195690739', 'manuelmedina112@estudiante.edu.bo', 'Colegio Boliviano', 'Santa Cruz de la Sierra', NULL, 4, 3, 'Manana', 2, 'Preinscrito', false, 1612, NOW(), NOW());
INSERT INTO requisitos_documentales (postulante_id, ci_digitalizado, certificado_nacimiento, titulo_bachiller_legalizado, formulario_preinscripcion, verificado_bd_externa, updated_at) VALUES (1513, false, false, false, false, false, NOW());
INSERT INTO users (id, name, email, password, role, active, created_at, updated_at) VALUES (1613, 'Lorena Delgado', 'lorenadelgado113@estudiante.edu.bo', '\$2y\$12\$TyO9cTQJ0O7NSPORyyP8Hup.wk8.BWNWu4itdEJYyjZ2Sem9DbFyi', 'Postulante', true, NOW(), NOW());
INSERT INTO postulantes (id, ci, nombres, apellidos, fecha_nacimiento, sexo, direccion, telefono, email, colegio_procedencia, ciudad, titulo_bachiller, primera_opcion_id, segunda_opcion_id, turno_preferencia, gestion_id, estado, recurrente, user_id, created_at, updated_at) VALUES (1514, '1104866', 'Lorena', 'Delgado', '2005-01-15', 'M', NULL, '59160454421', 'lorenadelgado113@estudiante.edu.bo', 'Colegio Boliviano', 'Santa Cruz de la Sierra', NULL, 4, 3, 'Noche', 2, 'Preinscrito', false, 1613, NOW(), NOW());
INSERT INTO requisitos_documentales (postulante_id, ci_digitalizado, certificado_nacimiento, titulo_bachiller_legalizado, formulario_preinscripcion, verificado_bd_externa, updated_at) VALUES (1514, false, false, false, false, false, NOW());
INSERT INTO users (id, name, email, password, role, active, created_at, updated_at) VALUES (1614, 'Miguel Flores', 'miguelflores114@estudiante.edu.bo', '\$2y\$12\$TyO9cTQJ0O7NSPORyyP8Hup.wk8.BWNWu4itdEJYyjZ2Sem9DbFyi', 'Postulante', true, NOW(), NOW());
INSERT INTO postulantes (id, ci, nombres, apellidos, fecha_nacimiento, sexo, direccion, telefono, email, colegio_procedencia, ciudad, titulo_bachiller, primera_opcion_id, segunda_opcion_id, turno_preferencia, gestion_id, estado, recurrente, user_id, created_at, updated_at) VALUES (1515, '6750481', 'Miguel', 'Flores', '2005-01-15', 'M', NULL, '59199468505', 'miguelflores114@estudiante.edu.bo', 'Colegio Boliviano', 'Santa Cruz de la Sierra', NULL, 4, 3, 'Manana', 2, 'Preinscrito', false, 1614, NOW(), NOW());
INSERT INTO requisitos_documentales (postulante_id, ci_digitalizado, certificado_nacimiento, titulo_bachiller_legalizado, formulario_preinscripcion, verificado_bd_externa, updated_at) VALUES (1515, false, false, false, false, false, NOW());
INSERT INTO users (id, name, email, password, role, active, created_at, updated_at) VALUES (1615, 'Marisol Ramírez', 'marisolramírez115@estudiante.edu.bo', '\$2y\$12\$TyO9cTQJ0O7NSPORyyP8Hup.wk8.BWNWu4itdEJYyjZ2Sem9DbFyi', 'Postulante', true, NOW(), NOW());
INSERT INTO postulantes (id, ci, nombres, apellidos, fecha_nacimiento, sexo, direccion, telefono, email, colegio_procedencia, ciudad, titulo_bachiller, primera_opcion_id, segunda_opcion_id, turno_preferencia, gestion_id, estado, recurrente, user_id, created_at, updated_at) VALUES (1516, '9690054', 'Marisol', 'Ramírez', '2005-01-15', 'M', NULL, '59185626452', 'marisolramírez115@estudiante.edu.bo', 'Colegio Boliviano', 'Santa Cruz de la Sierra', NULL, 4, 3, 'Manana', 2, 'Preinscrito', false, 1615, NOW(), NOW());
INSERT INTO requisitos_documentales (postulante_id, ci_digitalizado, certificado_nacimiento, titulo_bachiller_legalizado, formulario_preinscripcion, verificado_bd_externa, updated_at) VALUES (1516, false, false, false, false, false, NOW());
INSERT INTO users (id, name, email, password, role, active, created_at, updated_at) VALUES (1616, 'Valentina Vega', 'valentinavega116@estudiante.edu.bo', '\$2y\$12\$TyO9cTQJ0O7NSPORyyP8Hup.wk8.BWNWu4itdEJYyjZ2Sem9DbFyi', 'Postulante', true, NOW(), NOW());
INSERT INTO postulantes (id, ci, nombres, apellidos, fecha_nacimiento, sexo, direccion, telefono, email, colegio_procedencia, ciudad, titulo_bachiller, primera_opcion_id, segunda_opcion_id, turno_preferencia, gestion_id, estado, recurrente, user_id, created_at, updated_at) VALUES (1517, '6006070', 'Valentina', 'Vega', '2005-01-15', 'M', NULL, '59164201183', 'valentinavega116@estudiante.edu.bo', 'Colegio Boliviano', 'Santa Cruz de la Sierra', NULL, 4, 3, 'Tarde', 2, 'Preinscrito', false, 1616, NOW(), NOW());
INSERT INTO requisitos_documentales (postulante_id, ci_digitalizado, certificado_nacimiento, titulo_bachiller_legalizado, formulario_preinscripcion, verificado_bd_externa, updated_at) VALUES (1517, false, false, false, false, false, NOW());
INSERT INTO users (id, name, email, password, role, active, created_at, updated_at) VALUES (1617, 'Eduardo Navarro', 'eduardonavarro117@estudiante.edu.bo', '\$2y\$12\$TyO9cTQJ0O7NSPORyyP8Hup.wk8.BWNWu4itdEJYyjZ2Sem9DbFyi', 'Postulante', true, NOW(), NOW());
INSERT INTO postulantes (id, ci, nombres, apellidos, fecha_nacimiento, sexo, direccion, telefono, email, colegio_procedencia, ciudad, titulo_bachiller, primera_opcion_id, segunda_opcion_id, turno_preferencia, gestion_id, estado, recurrente, user_id, created_at, updated_at) VALUES (1518, '5140226', 'Eduardo', 'Navarro', '2005-01-15', 'M', NULL, '59196844922', 'eduardonavarro117@estudiante.edu.bo', 'Colegio Boliviano', 'Santa Cruz de la Sierra', NULL, 4, 3, 'Tarde', 2, 'Preinscrito', false, 1617, NOW(), NOW());
INSERT INTO requisitos_documentales (postulante_id, ci_digitalizado, certificado_nacimiento, titulo_bachiller_legalizado, formulario_preinscripcion, verificado_bd_externa, updated_at) VALUES (1518, false, false, false, false, false, NOW());
INSERT INTO users (id, name, email, password, role, active, created_at, updated_at) VALUES (1618, 'Carlos Guerrero', 'carlosguerrero118@estudiante.edu.bo', '\$2y\$12\$TyO9cTQJ0O7NSPORyyP8Hup.wk8.BWNWu4itdEJYyjZ2Sem9DbFyi', 'Postulante', true, NOW(), NOW());
INSERT INTO postulantes (id, ci, nombres, apellidos, fecha_nacimiento, sexo, direccion, telefono, email, colegio_procedencia, ciudad, titulo_bachiller, primera_opcion_id, segunda_opcion_id, turno_preferencia, gestion_id, estado, recurrente, user_id, created_at, updated_at) VALUES (1519, '7384283', 'Carlos', 'Guerrero', '2005-01-15', 'M', NULL, '59188920705', 'carlosguerrero118@estudiante.edu.bo', 'Colegio Boliviano', 'Santa Cruz de la Sierra', NULL, 4, 3, 'Noche', 2, 'Preinscrito', false, 1618, NOW(), NOW());
INSERT INTO requisitos_documentales (postulante_id, ci_digitalizado, certificado_nacimiento, titulo_bachiller_legalizado, formulario_preinscripcion, verificado_bd_externa, updated_at) VALUES (1519, false, false, false, false, false, NOW());
INSERT INTO users (id, name, email, password, role, active, created_at, updated_at) VALUES (1619, 'Ana Hernández', 'anahernández119@estudiante.edu.bo', '\$2y\$12\$TyO9cTQJ0O7NSPORyyP8Hup.wk8.BWNWu4itdEJYyjZ2Sem9DbFyi', 'Postulante', true, NOW(), NOW());
INSERT INTO postulantes (id, ci, nombres, apellidos, fecha_nacimiento, sexo, direccion, telefono, email, colegio_procedencia, ciudad, titulo_bachiller, primera_opcion_id, segunda_opcion_id, turno_preferencia, gestion_id, estado, recurrente, user_id, created_at, updated_at) VALUES (1520, '2335152', 'Ana', 'Hernández', '2005-01-15', 'M', NULL, '59162935995', 'anahernández119@estudiante.edu.bo', 'Colegio Boliviano', 'Santa Cruz de la Sierra', NULL, 4, 3, 'Tarde', 2, 'Preinscrito', false, 1619, NOW(), NOW());
INSERT INTO requisitos_documentales (postulante_id, ci_digitalizado, certificado_nacimiento, titulo_bachiller_legalizado, formulario_preinscripcion, verificado_bd_externa, updated_at) VALUES (1520, false, false, false, false, false, NOW());
INSERT INTO users (id, name, email, password, role, active, created_at, updated_at) VALUES (1620, 'Rosa Guerrero', 'rosaguerrero120@estudiante.edu.bo', '\$2y\$12\$TyO9cTQJ0O7NSPORyyP8Hup.wk8.BWNWu4itdEJYyjZ2Sem9DbFyi', 'Postulante', true, NOW(), NOW());
INSERT INTO postulantes (id, ci, nombres, apellidos, fecha_nacimiento, sexo, direccion, telefono, email, colegio_procedencia, ciudad, titulo_bachiller, primera_opcion_id, segunda_opcion_id, turno_preferencia, gestion_id, estado, recurrente, user_id, created_at, updated_at) VALUES (1521, '8698473', 'Rosa', 'Guerrero', '2005-01-15', 'M', NULL, '59165584899', 'rosaguerrero120@estudiante.edu.bo', 'Colegio Boliviano', 'Santa Cruz de la Sierra', NULL, 4, 3, 'Tarde', 2, 'Preinscrito', false, 1620, NOW(), NOW());
INSERT INTO requisitos_documentales (postulante_id, ci_digitalizado, certificado_nacimiento, titulo_bachiller_legalizado, formulario_preinscripcion, verificado_bd_externa, updated_at) VALUES (1521, false, false, false, false, false, NOW());
INSERT INTO users (id, name, email, password, role, active, created_at, updated_at) VALUES (1621, 'Rosario Delgado', 'rosariodelgado121@estudiante.edu.bo', '\$2y\$12\$TyO9cTQJ0O7NSPORyyP8Hup.wk8.BWNWu4itdEJYyjZ2Sem9DbFyi', 'Postulante', true, NOW(), NOW());
INSERT INTO postulantes (id, ci, nombres, apellidos, fecha_nacimiento, sexo, direccion, telefono, email, colegio_procedencia, ciudad, titulo_bachiller, primera_opcion_id, segunda_opcion_id, turno_preferencia, gestion_id, estado, recurrente, user_id, created_at, updated_at) VALUES (1522, '2037906', 'Rosario', 'Delgado', '2005-01-15', 'M', NULL, '59175200665', 'rosariodelgado121@estudiante.edu.bo', 'Colegio Boliviano', 'Santa Cruz de la Sierra', NULL, 4, 3, 'Tarde', 2, 'Preinscrito', false, 1621, NOW(), NOW());
INSERT INTO requisitos_documentales (postulante_id, ci_digitalizado, certificado_nacimiento, titulo_bachiller_legalizado, formulario_preinscripcion, verificado_bd_externa, updated_at) VALUES (1522, false, false, false, false, false, NOW());
INSERT INTO users (id, name, email, password, role, active, created_at, updated_at) VALUES (1622, 'Carlos Torres', 'carlostorres122@estudiante.edu.bo', '\$2y\$12\$TyO9cTQJ0O7NSPORyyP8Hup.wk8.BWNWu4itdEJYyjZ2Sem9DbFyi', 'Postulante', true, NOW(), NOW());
INSERT INTO postulantes (id, ci, nombres, apellidos, fecha_nacimiento, sexo, direccion, telefono, email, colegio_procedencia, ciudad, titulo_bachiller, primera_opcion_id, segunda_opcion_id, turno_preferencia, gestion_id, estado, recurrente, user_id, created_at, updated_at) VALUES (1523, '4234845', 'Carlos', 'Torres', '2005-01-15', 'M', NULL, '59181345596', 'carlostorres122@estudiante.edu.bo', 'Colegio Boliviano', 'Santa Cruz de la Sierra', NULL, 4, 3, 'Noche', 2, 'Preinscrito', false, 1622, NOW(), NOW());
INSERT INTO requisitos_documentales (postulante_id, ci_digitalizado, certificado_nacimiento, titulo_bachiller_legalizado, formulario_preinscripcion, verificado_bd_externa, updated_at) VALUES (1523, false, false, false, false, false, NOW());
INSERT INTO users (id, name, email, password, role, active, created_at, updated_at) VALUES (1623, 'Héctor Ruiz', 'héctorruiz123@estudiante.edu.bo', '\$2y\$12\$TyO9cTQJ0O7NSPORyyP8Hup.wk8.BWNWu4itdEJYyjZ2Sem9DbFyi', 'Postulante', true, NOW(), NOW());
INSERT INTO postulantes (id, ci, nombres, apellidos, fecha_nacimiento, sexo, direccion, telefono, email, colegio_procedencia, ciudad, titulo_bachiller, primera_opcion_id, segunda_opcion_id, turno_preferencia, gestion_id, estado, recurrente, user_id, created_at, updated_at) VALUES (1524, '7568617', 'Héctor', 'Ruiz', '2005-01-15', 'M', NULL, '59184300385', 'héctorruiz123@estudiante.edu.bo', 'Colegio Boliviano', 'Santa Cruz de la Sierra', NULL, 4, 3, 'Manana', 2, 'Preinscrito', false, 1623, NOW(), NOW());
INSERT INTO requisitos_documentales (postulante_id, ci_digitalizado, certificado_nacimiento, titulo_bachiller_legalizado, formulario_preinscripcion, verificado_bd_externa, updated_at) VALUES (1524, false, false, false, false, false, NOW());
INSERT INTO users (id, name, email, password, role, active, created_at, updated_at) VALUES (1624, 'Irene Valdez', 'irenevaldez124@estudiante.edu.bo', '\$2y\$12\$TyO9cTQJ0O7NSPORyyP8Hup.wk8.BWNWu4itdEJYyjZ2Sem9DbFyi', 'Postulante', true, NOW(), NOW());
INSERT INTO postulantes (id, ci, nombres, apellidos, fecha_nacimiento, sexo, direccion, telefono, email, colegio_procedencia, ciudad, titulo_bachiller, primera_opcion_id, segunda_opcion_id, turno_preferencia, gestion_id, estado, recurrente, user_id, created_at, updated_at) VALUES (1525, '2123730', 'Irene', 'Valdez', '2005-01-15', 'M', NULL, '59190270207', 'irenevaldez124@estudiante.edu.bo', 'Colegio Boliviano', 'Santa Cruz de la Sierra', NULL, 4, 3, 'Manana', 2, 'Preinscrito', false, 1624, NOW(), NOW());
INSERT INTO requisitos_documentales (postulante_id, ci_digitalizado, certificado_nacimiento, titulo_bachiller_legalizado, formulario_preinscripcion, verificado_bd_externa, updated_at) VALUES (1525, false, false, false, false, false, NOW());
INSERT INTO users (id, name, email, password, role, active, created_at, updated_at) VALUES (1625, 'Sandra Domínguez', 'sandradomínguez125@estudiante.edu.bo', '\$2y\$12\$TyO9cTQJ0O7NSPORyyP8Hup.wk8.BWNWu4itdEJYyjZ2Sem9DbFyi', 'Postulante', true, NOW(), NOW());
INSERT INTO postulantes (id, ci, nombres, apellidos, fecha_nacimiento, sexo, direccion, telefono, email, colegio_procedencia, ciudad, titulo_bachiller, primera_opcion_id, segunda_opcion_id, turno_preferencia, gestion_id, estado, recurrente, user_id, created_at, updated_at) VALUES (1526, '8495813', 'Sandra', 'Domínguez', '2005-01-15', 'M', NULL, '59172888463', 'sandradomínguez125@estudiante.edu.bo', 'Colegio Boliviano', 'Santa Cruz de la Sierra', NULL, 4, 3, 'Tarde', 2, 'Preinscrito', false, 1625, NOW(), NOW());
INSERT INTO requisitos_documentales (postulante_id, ci_digitalizado, certificado_nacimiento, titulo_bachiller_legalizado, formulario_preinscripcion, verificado_bd_externa, updated_at) VALUES (1526, false, false, false, false, false, NOW());
INSERT INTO users (id, name, email, password, role, active, created_at, updated_at) VALUES (1626, 'Víctor Reyes', 'víctorreyes126@estudiante.edu.bo', '\$2y\$12\$TyO9cTQJ0O7NSPORyyP8Hup.wk8.BWNWu4itdEJYyjZ2Sem9DbFyi', 'Postulante', true, NOW(), NOW());
INSERT INTO postulantes (id, ci, nombres, apellidos, fecha_nacimiento, sexo, direccion, telefono, email, colegio_procedencia, ciudad, titulo_bachiller, primera_opcion_id, segunda_opcion_id, turno_preferencia, gestion_id, estado, recurrente, user_id, created_at, updated_at) VALUES (1527, '2962204', 'Víctor', 'Reyes', '2005-01-15', 'M', NULL, '59195146875', 'víctorreyes126@estudiante.edu.bo', 'Colegio Boliviano', 'Santa Cruz de la Sierra', NULL, 4, 3, 'Manana', 2, 'Preinscrito', false, 1626, NOW(), NOW());
INSERT INTO requisitos_documentales (postulante_id, ci_digitalizado, certificado_nacimiento, titulo_bachiller_legalizado, formulario_preinscripcion, verificado_bd_externa, updated_at) VALUES (1527, false, false, false, false, false, NOW());
INSERT INTO users (id, name, email, password, role, active, created_at, updated_at) VALUES (1627, 'Leticia Cortés', 'leticiacortés127@estudiante.edu.bo', '\$2y\$12\$TyO9cTQJ0O7NSPORyyP8Hup.wk8.BWNWu4itdEJYyjZ2Sem9DbFyi', 'Postulante', true, NOW(), NOW());
INSERT INTO postulantes (id, ci, nombres, apellidos, fecha_nacimiento, sexo, direccion, telefono, email, colegio_procedencia, ciudad, titulo_bachiller, primera_opcion_id, segunda_opcion_id, turno_preferencia, gestion_id, estado, recurrente, user_id, created_at, updated_at) VALUES (1528, '5918863', 'Leticia', 'Cortés', '2005-01-15', 'M', NULL, '59160125102', 'leticiacortés127@estudiante.edu.bo', 'Colegio Boliviano', 'Santa Cruz de la Sierra', NULL, 4, 3, 'Tarde', 2, 'Preinscrito', false, 1627, NOW(), NOW());
INSERT INTO requisitos_documentales (postulante_id, ci_digitalizado, certificado_nacimiento, titulo_bachiller_legalizado, formulario_preinscripcion, verificado_bd_externa, updated_at) VALUES (1528, false, false, false, false, false, NOW());
INSERT INTO users (id, name, email, password, role, active, created_at, updated_at) VALUES (1628, 'Diego Acosta', 'diegoacosta128@estudiante.edu.bo', '\$2y\$12\$TyO9cTQJ0O7NSPORyyP8Hup.wk8.BWNWu4itdEJYyjZ2Sem9DbFyi', 'Postulante', true, NOW(), NOW());
INSERT INTO postulantes (id, ci, nombres, apellidos, fecha_nacimiento, sexo, direccion, telefono, email, colegio_procedencia, ciudad, titulo_bachiller, primera_opcion_id, segunda_opcion_id, turno_preferencia, gestion_id, estado, recurrente, user_id, created_at, updated_at) VALUES (1529, '5097641', 'Diego', 'Acosta', '2005-01-15', 'M', NULL, '59196943382', 'diegoacosta128@estudiante.edu.bo', 'Colegio Boliviano', 'Santa Cruz de la Sierra', NULL, 4, 3, 'Tarde', 2, 'Preinscrito', false, 1628, NOW(), NOW());
INSERT INTO requisitos_documentales (postulante_id, ci_digitalizado, certificado_nacimiento, titulo_bachiller_legalizado, formulario_preinscripcion, verificado_bd_externa, updated_at) VALUES (1529, false, false, false, false, false, NOW());
INSERT INTO users (id, name, email, password, role, active, created_at, updated_at) VALUES (1629, 'Francisca Acosta', 'franciscaacosta129@estudiante.edu.bo', '\$2y\$12\$TyO9cTQJ0O7NSPORyyP8Hup.wk8.BWNWu4itdEJYyjZ2Sem9DbFyi', 'Postulante', true, NOW(), NOW());
INSERT INTO postulantes (id, ci, nombres, apellidos, fecha_nacimiento, sexo, direccion, telefono, email, colegio_procedencia, ciudad, titulo_bachiller, primera_opcion_id, segunda_opcion_id, turno_preferencia, gestion_id, estado, recurrente, user_id, created_at, updated_at) VALUES (1530, '1603228', 'Francisca', 'Acosta', '2005-01-15', 'M', NULL, '59174352184', 'franciscaacosta129@estudiante.edu.bo', 'Colegio Boliviano', 'Santa Cruz de la Sierra', NULL, 4, 3, 'Tarde', 2, 'Preinscrito', false, 1629, NOW(), NOW());
INSERT INTO requisitos_documentales (postulante_id, ci_digitalizado, certificado_nacimiento, titulo_bachiller_legalizado, formulario_preinscripcion, verificado_bd_externa, updated_at) VALUES (1530, false, false, false, false, false, NOW());
INSERT INTO users (id, name, email, password, role, active, created_at, updated_at) VALUES (1630, 'Isabel Torres', 'isabeltorres130@estudiante.edu.bo', '\$2y\$12\$TyO9cTQJ0O7NSPORyyP8Hup.wk8.BWNWu4itdEJYyjZ2Sem9DbFyi', 'Postulante', true, NOW(), NOW());
INSERT INTO postulantes (id, ci, nombres, apellidos, fecha_nacimiento, sexo, direccion, telefono, email, colegio_procedencia, ciudad, titulo_bachiller, primera_opcion_id, segunda_opcion_id, turno_preferencia, gestion_id, estado, recurrente, user_id, created_at, updated_at) VALUES (1531, '8521340', 'Isabel', 'Torres', '2005-01-15', 'M', NULL, '59188374750', 'isabeltorres130@estudiante.edu.bo', 'Colegio Boliviano', 'Santa Cruz de la Sierra', NULL, 4, 3, 'Tarde', 2, 'Preinscrito', false, 1630, NOW(), NOW());
INSERT INTO requisitos_documentales (postulante_id, ci_digitalizado, certificado_nacimiento, titulo_bachiller_legalizado, formulario_preinscripcion, verificado_bd_externa, updated_at) VALUES (1531, false, false, false, false, false, NOW());
INSERT INTO users (id, name, email, password, role, active, created_at, updated_at) VALUES (1631, 'Laura Ramírez', 'lauraramírez131@estudiante.edu.bo', '\$2y\$12\$TyO9cTQJ0O7NSPORyyP8Hup.wk8.BWNWu4itdEJYyjZ2Sem9DbFyi', 'Postulante', true, NOW(), NOW());
INSERT INTO postulantes (id, ci, nombres, apellidos, fecha_nacimiento, sexo, direccion, telefono, email, colegio_procedencia, ciudad, titulo_bachiller, primera_opcion_id, segunda_opcion_id, turno_preferencia, gestion_id, estado, recurrente, user_id, created_at, updated_at) VALUES (1532, '4207547', 'Laura', 'Ramírez', '2005-01-15', 'M', NULL, '59170542170', 'lauraramírez131@estudiante.edu.bo', 'Colegio Boliviano', 'Santa Cruz de la Sierra', NULL, 4, 3, 'Noche', 2, 'Preinscrito', false, 1631, NOW(), NOW());
INSERT INTO requisitos_documentales (postulante_id, ci_digitalizado, certificado_nacimiento, titulo_bachiller_legalizado, formulario_preinscripcion, verificado_bd_externa, updated_at) VALUES (1532, false, false, false, false, false, NOW());
INSERT INTO users (id, name, email, password, role, active, created_at, updated_at) VALUES (1632, 'Guillermo Vargas', 'guillermovargas132@estudiante.edu.bo', '\$2y\$12\$TyO9cTQJ0O7NSPORyyP8Hup.wk8.BWNWu4itdEJYyjZ2Sem9DbFyi', 'Postulante', true, NOW(), NOW());
INSERT INTO postulantes (id, ci, nombres, apellidos, fecha_nacimiento, sexo, direccion, telefono, email, colegio_procedencia, ciudad, titulo_bachiller, primera_opcion_id, segunda_opcion_id, turno_preferencia, gestion_id, estado, recurrente, user_id, created_at, updated_at) VALUES (1533, '3036404', 'Guillermo', 'Vargas', '2005-01-15', 'M', NULL, '59185510219', 'guillermovargas132@estudiante.edu.bo', 'Colegio Boliviano', 'Santa Cruz de la Sierra', NULL, 4, 3, 'Manana', 2, 'Preinscrito', false, 1632, NOW(), NOW());
INSERT INTO requisitos_documentales (postulante_id, ci_digitalizado, certificado_nacimiento, titulo_bachiller_legalizado, formulario_preinscripcion, verificado_bd_externa, updated_at) VALUES (1533, false, false, false, false, false, NOW());
INSERT INTO users (id, name, email, password, role, active, created_at, updated_at) VALUES (1633, 'Eduardo Acosta', 'eduardoacosta133@estudiante.edu.bo', '\$2y\$12\$TyO9cTQJ0O7NSPORyyP8Hup.wk8.BWNWu4itdEJYyjZ2Sem9DbFyi', 'Postulante', true, NOW(), NOW());
INSERT INTO postulantes (id, ci, nombres, apellidos, fecha_nacimiento, sexo, direccion, telefono, email, colegio_procedencia, ciudad, titulo_bachiller, primera_opcion_id, segunda_opcion_id, turno_preferencia, gestion_id, estado, recurrente, user_id, created_at, updated_at) VALUES (1534, '7625954', 'Eduardo', 'Acosta', '2005-01-15', 'M', NULL, '59162980428', 'eduardoacosta133@estudiante.edu.bo', 'Colegio Boliviano', 'Santa Cruz de la Sierra', NULL, 4, 3, 'Noche', 2, 'Preinscrito', false, 1633, NOW(), NOW());
INSERT INTO requisitos_documentales (postulante_id, ci_digitalizado, certificado_nacimiento, titulo_bachiller_legalizado, formulario_preinscripcion, verificado_bd_externa, updated_at) VALUES (1534, false, false, false, false, false, NOW());
INSERT INTO users (id, name, email, password, role, active, created_at, updated_at) VALUES (1634, 'Diego Delgado', 'diegodelgado134@estudiante.edu.bo', '\$2y\$12\$TyO9cTQJ0O7NSPORyyP8Hup.wk8.BWNWu4itdEJYyjZ2Sem9DbFyi', 'Postulante', true, NOW(), NOW());
INSERT INTO postulantes (id, ci, nombres, apellidos, fecha_nacimiento, sexo, direccion, telefono, email, colegio_procedencia, ciudad, titulo_bachiller, primera_opcion_id, segunda_opcion_id, turno_preferencia, gestion_id, estado, recurrente, user_id, created_at, updated_at) VALUES (1535, '3667785', 'Diego', 'Delgado', '2005-01-15', 'M', NULL, '59195801180', 'diegodelgado134@estudiante.edu.bo', 'Colegio Boliviano', 'Santa Cruz de la Sierra', NULL, 4, 3, 'Noche', 2, 'Preinscrito', false, 1634, NOW(), NOW());
INSERT INTO requisitos_documentales (postulante_id, ci_digitalizado, certificado_nacimiento, titulo_bachiller_legalizado, formulario_preinscripcion, verificado_bd_externa, updated_at) VALUES (1535, false, false, false, false, false, NOW());
INSERT INTO users (id, name, email, password, role, active, created_at, updated_at) VALUES (1635, 'Aurora Navarro', 'auroranavarro135@estudiante.edu.bo', '\$2y\$12\$TyO9cTQJ0O7NSPORyyP8Hup.wk8.BWNWu4itdEJYyjZ2Sem9DbFyi', 'Postulante', true, NOW(), NOW());
INSERT INTO postulantes (id, ci, nombres, apellidos, fecha_nacimiento, sexo, direccion, telefono, email, colegio_procedencia, ciudad, titulo_bachiller, primera_opcion_id, segunda_opcion_id, turno_preferencia, gestion_id, estado, recurrente, user_id, created_at, updated_at) VALUES (1536, '2010514', 'Aurora', 'Navarro', '2005-01-15', 'M', NULL, '59192020304', 'auroranavarro135@estudiante.edu.bo', 'Colegio Boliviano', 'Santa Cruz de la Sierra', NULL, 4, 3, 'Noche', 2, 'Preinscrito', false, 1635, NOW(), NOW());
INSERT INTO requisitos_documentales (postulante_id, ci_digitalizado, certificado_nacimiento, titulo_bachiller_legalizado, formulario_preinscripcion, verificado_bd_externa, updated_at) VALUES (1536, false, false, false, false, false, NOW());
INSERT INTO users (id, name, email, password, role, active, created_at, updated_at) VALUES (1636, 'Víctor Hernández', 'víctorhernández136@estudiante.edu.bo', '\$2y\$12\$TyO9cTQJ0O7NSPORyyP8Hup.wk8.BWNWu4itdEJYyjZ2Sem9DbFyi', 'Postulante', true, NOW(), NOW());
INSERT INTO postulantes (id, ci, nombres, apellidos, fecha_nacimiento, sexo, direccion, telefono, email, colegio_procedencia, ciudad, titulo_bachiller, primera_opcion_id, segunda_opcion_id, turno_preferencia, gestion_id, estado, recurrente, user_id, created_at, updated_at) VALUES (1537, '2626467', 'Víctor', 'Hernández', '2005-01-15', 'M', NULL, '59169880181', 'víctorhernández136@estudiante.edu.bo', 'Colegio Boliviano', 'Santa Cruz de la Sierra', NULL, 4, 3, 'Tarde', 2, 'Preinscrito', false, 1636, NOW(), NOW());
INSERT INTO requisitos_documentales (postulante_id, ci_digitalizado, certificado_nacimiento, titulo_bachiller_legalizado, formulario_preinscripcion, verificado_bd_externa, updated_at) VALUES (1537, false, false, false, false, false, NOW());
INSERT INTO users (id, name, email, password, role, active, created_at, updated_at) VALUES (1637, 'Rosa Molina', 'rosamolina137@estudiante.edu.bo', '\$2y\$12\$TyO9cTQJ0O7NSPORyyP8Hup.wk8.BWNWu4itdEJYyjZ2Sem9DbFyi', 'Postulante', true, NOW(), NOW());
INSERT INTO postulantes (id, ci, nombres, apellidos, fecha_nacimiento, sexo, direccion, telefono, email, colegio_procedencia, ciudad, titulo_bachiller, primera_opcion_id, segunda_opcion_id, turno_preferencia, gestion_id, estado, recurrente, user_id, created_at, updated_at) VALUES (1538, '1203242', 'Rosa', 'Molina', '2005-01-15', 'M', NULL, '59174470219', 'rosamolina137@estudiante.edu.bo', 'Colegio Boliviano', 'Santa Cruz de la Sierra', NULL, 4, 3, 'Manana', 2, 'Preinscrito', false, 1637, NOW(), NOW());
INSERT INTO requisitos_documentales (postulante_id, ci_digitalizado, certificado_nacimiento, titulo_bachiller_legalizado, formulario_preinscripcion, verificado_bd_externa, updated_at) VALUES (1538, false, false, false, false, false, NOW());
INSERT INTO users (id, name, email, password, role, active, created_at, updated_at) VALUES (1638, 'Esperanza García', 'esperanzagarcía138@estudiante.edu.bo', '\$2y\$12\$TyO9cTQJ0O7NSPORyyP8Hup.wk8.BWNWu4itdEJYyjZ2Sem9DbFyi', 'Postulante', true, NOW(), NOW());
INSERT INTO postulantes (id, ci, nombres, apellidos, fecha_nacimiento, sexo, direccion, telefono, email, colegio_procedencia, ciudad, titulo_bachiller, primera_opcion_id, segunda_opcion_id, turno_preferencia, gestion_id, estado, recurrente, user_id, created_at, updated_at) VALUES (1539, '5710893', 'Esperanza', 'García', '2005-01-15', 'M', NULL, '59164642628', 'esperanzagarcía138@estudiante.edu.bo', 'Colegio Boliviano', 'Santa Cruz de la Sierra', NULL, 4, 3, 'Manana', 2, 'Preinscrito', false, 1638, NOW(), NOW());
INSERT INTO requisitos_documentales (postulante_id, ci_digitalizado, certificado_nacimiento, titulo_bachiller_legalizado, formulario_preinscripcion, verificado_bd_externa, updated_at) VALUES (1539, false, false, false, false, false, NOW());
INSERT INTO users (id, name, email, password, role, active, created_at, updated_at) VALUES (1639, 'Leticia Molina', 'leticiamolina139@estudiante.edu.bo', '\$2y\$12\$TyO9cTQJ0O7NSPORyyP8Hup.wk8.BWNWu4itdEJYyjZ2Sem9DbFyi', 'Postulante', true, NOW(), NOW());
INSERT INTO postulantes (id, ci, nombres, apellidos, fecha_nacimiento, sexo, direccion, telefono, email, colegio_procedencia, ciudad, titulo_bachiller, primera_opcion_id, segunda_opcion_id, turno_preferencia, gestion_id, estado, recurrente, user_id, created_at, updated_at) VALUES (1540, '8265569', 'Leticia', 'Molina', '2005-01-15', 'M', NULL, '59182260697', 'leticiamolina139@estudiante.edu.bo', 'Colegio Boliviano', 'Santa Cruz de la Sierra', NULL, 4, 3, 'Noche', 2, 'Preinscrito', false, 1639, NOW(), NOW());
INSERT INTO requisitos_documentales (postulante_id, ci_digitalizado, certificado_nacimiento, titulo_bachiller_legalizado, formulario_preinscripcion, verificado_bd_externa, updated_at) VALUES (1540, false, false, false, false, false, NOW());
INSERT INTO users (id, name, email, password, role, active, created_at, updated_at) VALUES (1640, 'Héctor Vidal', 'héctorvidal140@estudiante.edu.bo', '\$2y\$12\$TyO9cTQJ0O7NSPORyyP8Hup.wk8.BWNWu4itdEJYyjZ2Sem9DbFyi', 'Postulante', true, NOW(), NOW());
INSERT INTO postulantes (id, ci, nombres, apellidos, fecha_nacimiento, sexo, direccion, telefono, email, colegio_procedencia, ciudad, titulo_bachiller, primera_opcion_id, segunda_opcion_id, turno_preferencia, gestion_id, estado, recurrente, user_id, created_at, updated_at) VALUES (1541, '7299334', 'Héctor', 'Vidal', '2005-01-15', 'M', NULL, '59196037178', 'héctorvidal140@estudiante.edu.bo', 'Colegio Boliviano', 'Santa Cruz de la Sierra', NULL, 4, 3, 'Noche', 2, 'Preinscrito', false, 1640, NOW(), NOW());
INSERT INTO requisitos_documentales (postulante_id, ci_digitalizado, certificado_nacimiento, titulo_bachiller_legalizado, formulario_preinscripcion, verificado_bd_externa, updated_at) VALUES (1541, false, false, false, false, false, NOW());
INSERT INTO users (id, name, email, password, role, active, created_at, updated_at) VALUES (1641, 'Juan Ruiz', 'juanruiz141@estudiante.edu.bo', '\$2y\$12\$TyO9cTQJ0O7NSPORyyP8Hup.wk8.BWNWu4itdEJYyjZ2Sem9DbFyi', 'Postulante', true, NOW(), NOW());
INSERT INTO postulantes (id, ci, nombres, apellidos, fecha_nacimiento, sexo, direccion, telefono, email, colegio_procedencia, ciudad, titulo_bachiller, primera_opcion_id, segunda_opcion_id, turno_preferencia, gestion_id, estado, recurrente, user_id, created_at, updated_at) VALUES (1542, '4871736', 'Juan', 'Ruiz', '2005-01-15', 'M', NULL, '59187463485', 'juanruiz141@estudiante.edu.bo', 'Colegio Boliviano', 'Santa Cruz de la Sierra', NULL, 4, 3, 'Manana', 2, 'Preinscrito', false, 1641, NOW(), NOW());
INSERT INTO requisitos_documentales (postulante_id, ci_digitalizado, certificado_nacimiento, titulo_bachiller_legalizado, formulario_preinscripcion, verificado_bd_externa, updated_at) VALUES (1542, false, false, false, false, false, NOW());
INSERT INTO users (id, name, email, password, role, active, created_at, updated_at) VALUES (1642, 'Matías Medina', 'matíasmedina142@estudiante.edu.bo', '\$2y\$12\$TyO9cTQJ0O7NSPORyyP8Hup.wk8.BWNWu4itdEJYyjZ2Sem9DbFyi', 'Postulante', true, NOW(), NOW());
INSERT INTO postulantes (id, ci, nombres, apellidos, fecha_nacimiento, sexo, direccion, telefono, email, colegio_procedencia, ciudad, titulo_bachiller, primera_opcion_id, segunda_opcion_id, turno_preferencia, gestion_id, estado, recurrente, user_id, created_at, updated_at) VALUES (1543, '9600069', 'Matías', 'Medina', '2005-01-15', 'M', NULL, '59185557805', 'matíasmedina142@estudiante.edu.bo', 'Colegio Boliviano', 'Santa Cruz de la Sierra', NULL, 4, 3, 'Noche', 2, 'Preinscrito', false, 1642, NOW(), NOW());
INSERT INTO requisitos_documentales (postulante_id, ci_digitalizado, certificado_nacimiento, titulo_bachiller_legalizado, formulario_preinscripcion, verificado_bd_externa, updated_at) VALUES (1543, false, false, false, false, false, NOW());
INSERT INTO users (id, name, email, password, role, active, created_at, updated_at) VALUES (1643, 'Pedro Jiménez', 'pedrojiménez143@estudiante.edu.bo', '\$2y\$12\$TyO9cTQJ0O7NSPORyyP8Hup.wk8.BWNWu4itdEJYyjZ2Sem9DbFyi', 'Postulante', true, NOW(), NOW());
INSERT INTO postulantes (id, ci, nombres, apellidos, fecha_nacimiento, sexo, direccion, telefono, email, colegio_procedencia, ciudad, titulo_bachiller, primera_opcion_id, segunda_opcion_id, turno_preferencia, gestion_id, estado, recurrente, user_id, created_at, updated_at) VALUES (1544, '8395343', 'Pedro', 'Jiménez', '2005-01-15', 'M', NULL, '59168033815', 'pedrojiménez143@estudiante.edu.bo', 'Colegio Boliviano', 'Santa Cruz de la Sierra', NULL, 4, 3, 'Manana', 2, 'Preinscrito', false, 1643, NOW(), NOW());
INSERT INTO requisitos_documentales (postulante_id, ci_digitalizado, certificado_nacimiento, titulo_bachiller_legalizado, formulario_preinscripcion, verificado_bd_externa, updated_at) VALUES (1544, false, false, false, false, false, NOW());
INSERT INTO users (id, name, email, password, role, active, created_at, updated_at) VALUES (1644, 'Juan Ruiz', 'juanruiz144@estudiante.edu.bo', '\$2y\$12\$TyO9cTQJ0O7NSPORyyP8Hup.wk8.BWNWu4itdEJYyjZ2Sem9DbFyi', 'Postulante', true, NOW(), NOW());
INSERT INTO postulantes (id, ci, nombres, apellidos, fecha_nacimiento, sexo, direccion, telefono, email, colegio_procedencia, ciudad, titulo_bachiller, primera_opcion_id, segunda_opcion_id, turno_preferencia, gestion_id, estado, recurrente, user_id, created_at, updated_at) VALUES (1545, '7392788', 'Juan', 'Ruiz', '2005-01-15', 'M', NULL, '59194666542', 'juanruiz144@estudiante.edu.bo', 'Colegio Boliviano', 'Santa Cruz de la Sierra', NULL, 4, 3, 'Tarde', 2, 'Preinscrito', false, 1644, NOW(), NOW());
INSERT INTO requisitos_documentales (postulante_id, ci_digitalizado, certificado_nacimiento, titulo_bachiller_legalizado, formulario_preinscripcion, verificado_bd_externa, updated_at) VALUES (1545, false, false, false, false, false, NOW());
INSERT INTO users (id, name, email, password, role, active, created_at, updated_at) VALUES (1645, 'Rosa Cortés', 'rosacortés145@estudiante.edu.bo', '\$2y\$12\$TyO9cTQJ0O7NSPORyyP8Hup.wk8.BWNWu4itdEJYyjZ2Sem9DbFyi', 'Postulante', true, NOW(), NOW());
INSERT INTO postulantes (id, ci, nombres, apellidos, fecha_nacimiento, sexo, direccion, telefono, email, colegio_procedencia, ciudad, titulo_bachiller, primera_opcion_id, segunda_opcion_id, turno_preferencia, gestion_id, estado, recurrente, user_id, created_at, updated_at) VALUES (1546, '5096357', 'Rosa', 'Cortés', '2005-01-15', 'M', NULL, '59182825014', 'rosacortés145@estudiante.edu.bo', 'Colegio Boliviano', 'Santa Cruz de la Sierra', NULL, 4, 3, 'Tarde', 2, 'Preinscrito', false, 1645, NOW(), NOW());
INSERT INTO requisitos_documentales (postulante_id, ci_digitalizado, certificado_nacimiento, titulo_bachiller_legalizado, formulario_preinscripcion, verificado_bd_externa, updated_at) VALUES (1546, false, false, false, false, false, NOW());
INSERT INTO users (id, name, email, password, role, active, created_at, updated_at) VALUES (1646, 'Andrés Pérez', 'andréspérez146@estudiante.edu.bo', '\$2y\$12\$TyO9cTQJ0O7NSPORyyP8Hup.wk8.BWNWu4itdEJYyjZ2Sem9DbFyi', 'Postulante', true, NOW(), NOW());
INSERT INTO postulantes (id, ci, nombres, apellidos, fecha_nacimiento, sexo, direccion, telefono, email, colegio_procedencia, ciudad, titulo_bachiller, primera_opcion_id, segunda_opcion_id, turno_preferencia, gestion_id, estado, recurrente, user_id, created_at, updated_at) VALUES (1547, '8344897', 'Andrés', 'Pérez', '2005-01-15', 'M', NULL, '59180971069', 'andréspérez146@estudiante.edu.bo', 'Colegio Boliviano', 'Santa Cruz de la Sierra', NULL, 4, 3, 'Noche', 2, 'Preinscrito', false, 1646, NOW(), NOW());
INSERT INTO requisitos_documentales (postulante_id, ci_digitalizado, certificado_nacimiento, titulo_bachiller_legalizado, formulario_preinscripcion, verificado_bd_externa, updated_at) VALUES (1547, false, false, false, false, false, NOW());
INSERT INTO users (id, name, email, password, role, active, created_at, updated_at) VALUES (1647, 'Beatriz Martínez', 'beatrizmartínez147@estudiante.edu.bo', '\$2y\$12\$TyO9cTQJ0O7NSPORyyP8Hup.wk8.BWNWu4itdEJYyjZ2Sem9DbFyi', 'Postulante', true, NOW(), NOW());
INSERT INTO postulantes (id, ci, nombres, apellidos, fecha_nacimiento, sexo, direccion, telefono, email, colegio_procedencia, ciudad, titulo_bachiller, primera_opcion_id, segunda_opcion_id, turno_preferencia, gestion_id, estado, recurrente, user_id, created_at, updated_at) VALUES (1548, '5163936', 'Beatriz', 'Martínez', '2005-01-15', 'M', NULL, '59193477984', 'beatrizmartínez147@estudiante.edu.bo', 'Colegio Boliviano', 'Santa Cruz de la Sierra', NULL, 4, 3, 'Noche', 2, 'Preinscrito', false, 1647, NOW(), NOW());
INSERT INTO requisitos_documentales (postulante_id, ci_digitalizado, certificado_nacimiento, titulo_bachiller_legalizado, formulario_preinscripcion, verificado_bd_externa, updated_at) VALUES (1548, false, false, false, false, false, NOW());
INSERT INTO users (id, name, email, password, role, active, created_at, updated_at) VALUES (1648, 'Lorena Tapia', 'lorenatapia148@estudiante.edu.bo', '\$2y\$12\$TyO9cTQJ0O7NSPORyyP8Hup.wk8.BWNWu4itdEJYyjZ2Sem9DbFyi', 'Postulante', true, NOW(), NOW());
INSERT INTO postulantes (id, ci, nombres, apellidos, fecha_nacimiento, sexo, direccion, telefono, email, colegio_procedencia, ciudad, titulo_bachiller, primera_opcion_id, segunda_opcion_id, turno_preferencia, gestion_id, estado, recurrente, user_id, created_at, updated_at) VALUES (1549, '7139215', 'Lorena', 'Tapia', '2005-01-15', 'M', NULL, '59182463645', 'lorenatapia148@estudiante.edu.bo', 'Colegio Boliviano', 'Santa Cruz de la Sierra', NULL, 4, 3, 'Manana', 2, 'Preinscrito', false, 1648, NOW(), NOW());
INSERT INTO requisitos_documentales (postulante_id, ci_digitalizado, certificado_nacimiento, titulo_bachiller_legalizado, formulario_preinscripcion, verificado_bd_externa, updated_at) VALUES (1549, false, false, false, false, false, NOW());
INSERT INTO users (id, name, email, password, role, active, created_at, updated_at) VALUES (1649, 'Leticia Rojas', 'leticiarojas149@estudiante.edu.bo', '\$2y\$12\$TyO9cTQJ0O7NSPORyyP8Hup.wk8.BWNWu4itdEJYyjZ2Sem9DbFyi', 'Postulante', true, NOW(), NOW());
INSERT INTO postulantes (id, ci, nombres, apellidos, fecha_nacimiento, sexo, direccion, telefono, email, colegio_procedencia, ciudad, titulo_bachiller, primera_opcion_id, segunda_opcion_id, turno_preferencia, gestion_id, estado, recurrente, user_id, created_at, updated_at) VALUES (1550, '3955789', 'Leticia', 'Rojas', '2005-01-15', 'M', NULL, '59187211683', 'leticiarojas149@estudiante.edu.bo', 'Colegio Boliviano', 'Santa Cruz de la Sierra', NULL, 4, 3, 'Tarde', 2, 'Preinscrito', false, 1649, NOW(), NOW());
INSERT INTO requisitos_documentales (postulante_id, ci_digitalizado, certificado_nacimiento, titulo_bachiller_legalizado, formulario_preinscripcion, verificado_bd_externa, updated_at) VALUES (1550, false, false, false, false, false, NOW());
INSERT INTO users (id, name, email, password, role, active, created_at, updated_at) VALUES (1650, 'Francisca López', 'franciscalópez150@estudiante.edu.bo', '\$2y\$12\$TyO9cTQJ0O7NSPORyyP8Hup.wk8.BWNWu4itdEJYyjZ2Sem9DbFyi', 'Postulante', true, NOW(), NOW());
INSERT INTO postulantes (id, ci, nombres, apellidos, fecha_nacimiento, sexo, direccion, telefono, email, colegio_procedencia, ciudad, titulo_bachiller, primera_opcion_id, segunda_opcion_id, turno_preferencia, gestion_id, estado, recurrente, user_id, created_at, updated_at) VALUES (1551, '1385657', 'Francisca', 'López', '2005-01-15', 'M', NULL, '59177168362', 'franciscalópez150@estudiante.edu.bo', 'Colegio Boliviano', 'Santa Cruz de la Sierra', NULL, 4, 3, 'Noche', 2, 'Preinscrito', false, 1650, NOW(), NOW());
INSERT INTO requisitos_documentales (postulante_id, ci_digitalizado, certificado_nacimiento, titulo_bachiller_legalizado, formulario_preinscripcion, verificado_bd_externa, updated_at) VALUES (1551, false, false, false, false, false, NOW());
INSERT INTO users (id, name, email, password, role, active, created_at, updated_at) VALUES (1651, 'Verónica González', 'verónicagonzález151@estudiante.edu.bo', '\$2y\$12\$TyO9cTQJ0O7NSPORyyP8Hup.wk8.BWNWu4itdEJYyjZ2Sem9DbFyi', 'Postulante', true, NOW(), NOW());
INSERT INTO postulantes (id, ci, nombres, apellidos, fecha_nacimiento, sexo, direccion, telefono, email, colegio_procedencia, ciudad, titulo_bachiller, primera_opcion_id, segunda_opcion_id, turno_preferencia, gestion_id, estado, recurrente, user_id, created_at, updated_at) VALUES (1552, '1334999', 'Verónica', 'González', '2005-01-15', 'M', NULL, '59161888426', 'verónicagonzález151@estudiante.edu.bo', 'Colegio Boliviano', 'Santa Cruz de la Sierra', NULL, 4, 3, 'Manana', 2, 'Preinscrito', false, 1651, NOW(), NOW());
INSERT INTO requisitos_documentales (postulante_id, ci_digitalizado, certificado_nacimiento, titulo_bachiller_legalizado, formulario_preinscripcion, verificado_bd_externa, updated_at) VALUES (1552, false, false, false, false, false, NOW());
INSERT INTO users (id, name, email, password, role, active, created_at, updated_at) VALUES (1652, 'Bruno Contreras', 'brunocontreras152@estudiante.edu.bo', '\$2y\$12\$TyO9cTQJ0O7NSPORyyP8Hup.wk8.BWNWu4itdEJYyjZ2Sem9DbFyi', 'Postulante', true, NOW(), NOW());
INSERT INTO postulantes (id, ci, nombres, apellidos, fecha_nacimiento, sexo, direccion, telefono, email, colegio_procedencia, ciudad, titulo_bachiller, primera_opcion_id, segunda_opcion_id, turno_preferencia, gestion_id, estado, recurrente, user_id, created_at, updated_at) VALUES (1553, '1271661', 'Bruno', 'Contreras', '2005-01-15', 'M', NULL, '59175912868', 'brunocontreras152@estudiante.edu.bo', 'Colegio Boliviano', 'Santa Cruz de la Sierra', NULL, 4, 3, 'Manana', 2, 'Preinscrito', false, 1652, NOW(), NOW());
INSERT INTO requisitos_documentales (postulante_id, ci_digitalizado, certificado_nacimiento, titulo_bachiller_legalizado, formulario_preinscripcion, verificado_bd_externa, updated_at) VALUES (1553, false, false, false, false, false, NOW());
INSERT INTO users (id, name, email, password, role, active, created_at, updated_at) VALUES (1653, 'Leticia Morales', 'leticiamorales153@estudiante.edu.bo', '\$2y\$12\$TyO9cTQJ0O7NSPORyyP8Hup.wk8.BWNWu4itdEJYyjZ2Sem9DbFyi', 'Postulante', true, NOW(), NOW());
INSERT INTO postulantes (id, ci, nombres, apellidos, fecha_nacimiento, sexo, direccion, telefono, email, colegio_procedencia, ciudad, titulo_bachiller, primera_opcion_id, segunda_opcion_id, turno_preferencia, gestion_id, estado, recurrente, user_id, created_at, updated_at) VALUES (1554, '8213833', 'Leticia', 'Morales', '2005-01-15', 'M', NULL, '59163555016', 'leticiamorales153@estudiante.edu.bo', 'Colegio Boliviano', 'Santa Cruz de la Sierra', NULL, 4, 3, 'Noche', 2, 'Preinscrito', false, 1653, NOW(), NOW());
INSERT INTO requisitos_documentales (postulante_id, ci_digitalizado, certificado_nacimiento, titulo_bachiller_legalizado, formulario_preinscripcion, verificado_bd_externa, updated_at) VALUES (1554, false, false, false, false, false, NOW());
INSERT INTO users (id, name, email, password, role, active, created_at, updated_at) VALUES (1654, 'Francisca Vidal', 'franciscavidal154@estudiante.edu.bo', '\$2y\$12\$TyO9cTQJ0O7NSPORyyP8Hup.wk8.BWNWu4itdEJYyjZ2Sem9DbFyi', 'Postulante', true, NOW(), NOW());
INSERT INTO postulantes (id, ci, nombres, apellidos, fecha_nacimiento, sexo, direccion, telefono, email, colegio_procedencia, ciudad, titulo_bachiller, primera_opcion_id, segunda_opcion_id, turno_preferencia, gestion_id, estado, recurrente, user_id, created_at, updated_at) VALUES (1555, '9041360', 'Francisca', 'Vidal', '2005-01-15', 'M', NULL, '59176503998', 'franciscavidal154@estudiante.edu.bo', 'Colegio Boliviano', 'Santa Cruz de la Sierra', NULL, 4, 3, 'Noche', 2, 'Preinscrito', false, 1654, NOW(), NOW());
INSERT INTO requisitos_documentales (postulante_id, ci_digitalizado, certificado_nacimiento, titulo_bachiller_legalizado, formulario_preinscripcion, verificado_bd_externa, updated_at) VALUES (1555, false, false, false, false, false, NOW());
INSERT INTO users (id, name, email, password, role, active, created_at, updated_at) VALUES (1655, 'Alejandro Vidal', 'alejandrovidal155@estudiante.edu.bo', '\$2y\$12\$TyO9cTQJ0O7NSPORyyP8Hup.wk8.BWNWu4itdEJYyjZ2Sem9DbFyi', 'Postulante', true, NOW(), NOW());
INSERT INTO postulantes (id, ci, nombres, apellidos, fecha_nacimiento, sexo, direccion, telefono, email, colegio_procedencia, ciudad, titulo_bachiller, primera_opcion_id, segunda_opcion_id, turno_preferencia, gestion_id, estado, recurrente, user_id, created_at, updated_at) VALUES (1556, '6933225', 'Alejandro', 'Vidal', '2005-01-15', 'M', NULL, '59195694552', 'alejandrovidal155@estudiante.edu.bo', 'Colegio Boliviano', 'Santa Cruz de la Sierra', NULL, 4, 3, 'Tarde', 2, 'Preinscrito', false, 1655, NOW(), NOW());
INSERT INTO requisitos_documentales (postulante_id, ci_digitalizado, certificado_nacimiento, titulo_bachiller_legalizado, formulario_preinscripcion, verificado_bd_externa, updated_at) VALUES (1556, false, false, false, false, false, NOW());
INSERT INTO users (id, name, email, password, role, active, created_at, updated_at) VALUES (1656, 'Víctor Molina', 'víctormolina156@estudiante.edu.bo', '\$2y\$12\$TyO9cTQJ0O7NSPORyyP8Hup.wk8.BWNWu4itdEJYyjZ2Sem9DbFyi', 'Postulante', true, NOW(), NOW());
INSERT INTO postulantes (id, ci, nombres, apellidos, fecha_nacimiento, sexo, direccion, telefono, email, colegio_procedencia, ciudad, titulo_bachiller, primera_opcion_id, segunda_opcion_id, turno_preferencia, gestion_id, estado, recurrente, user_id, created_at, updated_at) VALUES (1557, '6762753', 'Víctor', 'Molina', '2005-01-15', 'M', NULL, '59181117727', 'víctormolina156@estudiante.edu.bo', 'Colegio Boliviano', 'Santa Cruz de la Sierra', NULL, 4, 3, 'Tarde', 2, 'Preinscrito', false, 1656, NOW(), NOW());
INSERT INTO requisitos_documentales (postulante_id, ci_digitalizado, certificado_nacimiento, titulo_bachiller_legalizado, formulario_preinscripcion, verificado_bd_externa, updated_at) VALUES (1557, false, false, false, false, false, NOW());
INSERT INTO users (id, name, email, password, role, active, created_at, updated_at) VALUES (1657, 'Raúl Cortés', 'raúlcortés157@estudiante.edu.bo', '\$2y\$12\$TyO9cTQJ0O7NSPORyyP8Hup.wk8.BWNWu4itdEJYyjZ2Sem9DbFyi', 'Postulante', true, NOW(), NOW());
INSERT INTO postulantes (id, ci, nombres, apellidos, fecha_nacimiento, sexo, direccion, telefono, email, colegio_procedencia, ciudad, titulo_bachiller, primera_opcion_id, segunda_opcion_id, turno_preferencia, gestion_id, estado, recurrente, user_id, created_at, updated_at) VALUES (1558, '7439056', 'Raúl', 'Cortés', '2005-01-15', 'M', NULL, '59173358473', 'raúlcortés157@estudiante.edu.bo', 'Colegio Boliviano', 'Santa Cruz de la Sierra', NULL, 4, 3, 'Tarde', 2, 'Preinscrito', false, 1657, NOW(), NOW());
INSERT INTO requisitos_documentales (postulante_id, ci_digitalizado, certificado_nacimiento, titulo_bachiller_legalizado, formulario_preinscripcion, verificado_bd_externa, updated_at) VALUES (1558, false, false, false, false, false, NOW());
INSERT INTO users (id, name, email, password, role, active, created_at, updated_at) VALUES (1658, 'Esperanza García', 'esperanzagarcía158@estudiante.edu.bo', '\$2y\$12\$TyO9cTQJ0O7NSPORyyP8Hup.wk8.BWNWu4itdEJYyjZ2Sem9DbFyi', 'Postulante', true, NOW(), NOW());
INSERT INTO postulantes (id, ci, nombres, apellidos, fecha_nacimiento, sexo, direccion, telefono, email, colegio_procedencia, ciudad, titulo_bachiller, primera_opcion_id, segunda_opcion_id, turno_preferencia, gestion_id, estado, recurrente, user_id, created_at, updated_at) VALUES (1559, '9613113', 'Esperanza', 'García', '2005-01-15', 'M', NULL, '59175969178', 'esperanzagarcía158@estudiante.edu.bo', 'Colegio Boliviano', 'Santa Cruz de la Sierra', NULL, 4, 3, 'Manana', 2, 'Preinscrito', false, 1658, NOW(), NOW());
INSERT INTO requisitos_documentales (postulante_id, ci_digitalizado, certificado_nacimiento, titulo_bachiller_legalizado, formulario_preinscripcion, verificado_bd_externa, updated_at) VALUES (1559, false, false, false, false, false, NOW());
INSERT INTO users (id, name, email, password, role, active, created_at, updated_at) VALUES (1659, 'Víctor López', 'víctorlópez159@estudiante.edu.bo', '\$2y\$12\$TyO9cTQJ0O7NSPORyyP8Hup.wk8.BWNWu4itdEJYyjZ2Sem9DbFyi', 'Postulante', true, NOW(), NOW());
INSERT INTO postulantes (id, ci, nombres, apellidos, fecha_nacimiento, sexo, direccion, telefono, email, colegio_procedencia, ciudad, titulo_bachiller, primera_opcion_id, segunda_opcion_id, turno_preferencia, gestion_id, estado, recurrente, user_id, created_at, updated_at) VALUES (1560, '6395896', 'Víctor', 'López', '2005-01-15', 'M', NULL, '59181333000', 'víctorlópez159@estudiante.edu.bo', 'Colegio Boliviano', 'Santa Cruz de la Sierra', NULL, 4, 3, 'Manana', 2, 'Preinscrito', false, 1659, NOW(), NOW());
INSERT INTO requisitos_documentales (postulante_id, ci_digitalizado, certificado_nacimiento, titulo_bachiller_legalizado, formulario_preinscripcion, verificado_bd_externa, updated_at) VALUES (1560, false, false, false, false, false, NOW());
INSERT INTO users (id, name, email, password, role, active, created_at, updated_at) VALUES (1660, 'Bruno López', 'brunolópez160@estudiante.edu.bo', '\$2y\$12\$TyO9cTQJ0O7NSPORyyP8Hup.wk8.BWNWu4itdEJYyjZ2Sem9DbFyi', 'Postulante', true, NOW(), NOW());
INSERT INTO postulantes (id, ci, nombres, apellidos, fecha_nacimiento, sexo, direccion, telefono, email, colegio_procedencia, ciudad, titulo_bachiller, primera_opcion_id, segunda_opcion_id, turno_preferencia, gestion_id, estado, recurrente, user_id, created_at, updated_at) VALUES (1561, '7625480', 'Bruno', 'López', '2005-01-15', 'M', NULL, '59194342416', 'brunolópez160@estudiante.edu.bo', 'Colegio Boliviano', 'Santa Cruz de la Sierra', NULL, 4, 3, 'Noche', 2, 'Preinscrito', false, 1660, NOW(), NOW());
INSERT INTO requisitos_documentales (postulante_id, ci_digitalizado, certificado_nacimiento, titulo_bachiller_legalizado, formulario_preinscripcion, verificado_bd_externa, updated_at) VALUES (1561, false, false, false, false, false, NOW());
INSERT INTO users (id, name, email, password, role, active, created_at, updated_at) VALUES (1661, 'Ana Campos', 'anacampos161@estudiante.edu.bo', '\$2y\$12\$TyO9cTQJ0O7NSPORyyP8Hup.wk8.BWNWu4itdEJYyjZ2Sem9DbFyi', 'Postulante', true, NOW(), NOW());
INSERT INTO postulantes (id, ci, nombres, apellidos, fecha_nacimiento, sexo, direccion, telefono, email, colegio_procedencia, ciudad, titulo_bachiller, primera_opcion_id, segunda_opcion_id, turno_preferencia, gestion_id, estado, recurrente, user_id, created_at, updated_at) VALUES (1562, '6478075', 'Ana', 'Campos', '2005-01-15', 'M', NULL, '59185236658', 'anacampos161@estudiante.edu.bo', 'Colegio Boliviano', 'Santa Cruz de la Sierra', NULL, 4, 3, 'Tarde', 2, 'Preinscrito', false, 1661, NOW(), NOW());
INSERT INTO requisitos_documentales (postulante_id, ci_digitalizado, certificado_nacimiento, titulo_bachiller_legalizado, formulario_preinscripcion, verificado_bd_externa, updated_at) VALUES (1562, false, false, false, false, false, NOW());
INSERT INTO users (id, name, email, password, role, active, created_at, updated_at) VALUES (1662, 'Javier Rojas', 'javierrojas162@estudiante.edu.bo', '\$2y\$12\$TyO9cTQJ0O7NSPORyyP8Hup.wk8.BWNWu4itdEJYyjZ2Sem9DbFyi', 'Postulante', true, NOW(), NOW());
INSERT INTO postulantes (id, ci, nombres, apellidos, fecha_nacimiento, sexo, direccion, telefono, email, colegio_procedencia, ciudad, titulo_bachiller, primera_opcion_id, segunda_opcion_id, turno_preferencia, gestion_id, estado, recurrente, user_id, created_at, updated_at) VALUES (1563, '4179277', 'Javier', 'Rojas', '2005-01-15', 'M', NULL, '59189393167', 'javierrojas162@estudiante.edu.bo', 'Colegio Boliviano', 'Santa Cruz de la Sierra', NULL, 4, 3, 'Noche', 2, 'Preinscrito', false, 1662, NOW(), NOW());
INSERT INTO requisitos_documentales (postulante_id, ci_digitalizado, certificado_nacimiento, titulo_bachiller_legalizado, formulario_preinscripcion, verificado_bd_externa, updated_at) VALUES (1563, false, false, false, false, false, NOW());
INSERT INTO users (id, name, email, password, role, active, created_at, updated_at) VALUES (1663, 'Beatriz López', 'beatrizlópez163@estudiante.edu.bo', '\$2y\$12\$TyO9cTQJ0O7NSPORyyP8Hup.wk8.BWNWu4itdEJYyjZ2Sem9DbFyi', 'Postulante', true, NOW(), NOW());
INSERT INTO postulantes (id, ci, nombres, apellidos, fecha_nacimiento, sexo, direccion, telefono, email, colegio_procedencia, ciudad, titulo_bachiller, primera_opcion_id, segunda_opcion_id, turno_preferencia, gestion_id, estado, recurrente, user_id, created_at, updated_at) VALUES (1564, '8959777', 'Beatriz', 'López', '2005-01-15', 'M', NULL, '59179257308', 'beatrizlópez163@estudiante.edu.bo', 'Colegio Boliviano', 'Santa Cruz de la Sierra', NULL, 4, 3, 'Manana', 2, 'Preinscrito', false, 1663, NOW(), NOW());
INSERT INTO requisitos_documentales (postulante_id, ci_digitalizado, certificado_nacimiento, titulo_bachiller_legalizado, formulario_preinscripcion, verificado_bd_externa, updated_at) VALUES (1564, false, false, false, false, false, NOW());
INSERT INTO users (id, name, email, password, role, active, created_at, updated_at) VALUES (1664, 'Manuel Delgado', 'manueldelgado164@estudiante.edu.bo', '\$2y\$12\$TyO9cTQJ0O7NSPORyyP8Hup.wk8.BWNWu4itdEJYyjZ2Sem9DbFyi', 'Postulante', true, NOW(), NOW());
INSERT INTO postulantes (id, ci, nombres, apellidos, fecha_nacimiento, sexo, direccion, telefono, email, colegio_procedencia, ciudad, titulo_bachiller, primera_opcion_id, segunda_opcion_id, turno_preferencia, gestion_id, estado, recurrente, user_id, created_at, updated_at) VALUES (1565, '1657693', 'Manuel', 'Delgado', '2005-01-15', 'M', NULL, '59173635594', 'manueldelgado164@estudiante.edu.bo', 'Colegio Boliviano', 'Santa Cruz de la Sierra', NULL, 4, 3, 'Manana', 2, 'Preinscrito', false, 1664, NOW(), NOW());
INSERT INTO requisitos_documentales (postulante_id, ci_digitalizado, certificado_nacimiento, titulo_bachiller_legalizado, formulario_preinscripcion, verificado_bd_externa, updated_at) VALUES (1565, false, false, false, false, false, NOW());
INSERT INTO users (id, name, email, password, role, active, created_at, updated_at) VALUES (1665, 'Sergio Tapia', 'sergiotapia165@estudiante.edu.bo', '\$2y\$12\$TyO9cTQJ0O7NSPORyyP8Hup.wk8.BWNWu4itdEJYyjZ2Sem9DbFyi', 'Postulante', true, NOW(), NOW());
INSERT INTO postulantes (id, ci, nombres, apellidos, fecha_nacimiento, sexo, direccion, telefono, email, colegio_procedencia, ciudad, titulo_bachiller, primera_opcion_id, segunda_opcion_id, turno_preferencia, gestion_id, estado, recurrente, user_id, created_at, updated_at) VALUES (1566, '8791361', 'Sergio', 'Tapia', '2005-01-15', 'M', NULL, '59174342807', 'sergiotapia165@estudiante.edu.bo', 'Colegio Boliviano', 'Santa Cruz de la Sierra', NULL, 4, 3, 'Noche', 2, 'Preinscrito', false, 1665, NOW(), NOW());
INSERT INTO requisitos_documentales (postulante_id, ci_digitalizado, certificado_nacimiento, titulo_bachiller_legalizado, formulario_preinscripcion, verificado_bd_externa, updated_at) VALUES (1566, false, false, false, false, false, NOW());
INSERT INTO users (id, name, email, password, role, active, created_at, updated_at) VALUES (1666, 'Andrés Vázquez', 'andrésvázquez166@estudiante.edu.bo', '\$2y\$12\$TyO9cTQJ0O7NSPORyyP8Hup.wk8.BWNWu4itdEJYyjZ2Sem9DbFyi', 'Postulante', true, NOW(), NOW());
INSERT INTO postulantes (id, ci, nombres, apellidos, fecha_nacimiento, sexo, direccion, telefono, email, colegio_procedencia, ciudad, titulo_bachiller, primera_opcion_id, segunda_opcion_id, turno_preferencia, gestion_id, estado, recurrente, user_id, created_at, updated_at) VALUES (1567, '8278122', 'Andrés', 'Vázquez', '2005-01-15', 'M', NULL, '59186257420', 'andrésvázquez166@estudiante.edu.bo', 'Colegio Boliviano', 'Santa Cruz de la Sierra', NULL, 4, 3, 'Manana', 2, 'Preinscrito', false, 1666, NOW(), NOW());
INSERT INTO requisitos_documentales (postulante_id, ci_digitalizado, certificado_nacimiento, titulo_bachiller_legalizado, formulario_preinscripcion, verificado_bd_externa, updated_at) VALUES (1567, false, false, false, false, false, NOW());
INSERT INTO users (id, name, email, password, role, active, created_at, updated_at) VALUES (1667, 'Esperanza Hernández', 'esperanzahernández167@estudiante.edu.bo', '\$2y\$12\$TyO9cTQJ0O7NSPORyyP8Hup.wk8.BWNWu4itdEJYyjZ2Sem9DbFyi', 'Postulante', true, NOW(), NOW());
INSERT INTO postulantes (id, ci, nombres, apellidos, fecha_nacimiento, sexo, direccion, telefono, email, colegio_procedencia, ciudad, titulo_bachiller, primera_opcion_id, segunda_opcion_id, turno_preferencia, gestion_id, estado, recurrente, user_id, created_at, updated_at) VALUES (1568, '2928633', 'Esperanza', 'Hernández', '2005-01-15', 'M', NULL, '59173083903', 'esperanzahernández167@estudiante.edu.bo', 'Colegio Boliviano', 'Santa Cruz de la Sierra', NULL, 4, 3, 'Noche', 2, 'Preinscrito', false, 1667, NOW(), NOW());
INSERT INTO requisitos_documentales (postulante_id, ci_digitalizado, certificado_nacimiento, titulo_bachiller_legalizado, formulario_preinscripcion, verificado_bd_externa, updated_at) VALUES (1568, false, false, false, false, false, NOW());
INSERT INTO users (id, name, email, password, role, active, created_at, updated_at) VALUES (1668, 'Rosario Reyes', 'rosarioreyes168@estudiante.edu.bo', '\$2y\$12\$TyO9cTQJ0O7NSPORyyP8Hup.wk8.BWNWu4itdEJYyjZ2Sem9DbFyi', 'Postulante', true, NOW(), NOW());
INSERT INTO postulantes (id, ci, nombres, apellidos, fecha_nacimiento, sexo, direccion, telefono, email, colegio_procedencia, ciudad, titulo_bachiller, primera_opcion_id, segunda_opcion_id, turno_preferencia, gestion_id, estado, recurrente, user_id, created_at, updated_at) VALUES (1569, '3462239', 'Rosario', 'Reyes', '2005-01-15', 'M', NULL, '59174885615', 'rosarioreyes168@estudiante.edu.bo', 'Colegio Boliviano', 'Santa Cruz de la Sierra', NULL, 4, 3, 'Manana', 2, 'Preinscrito', false, 1668, NOW(), NOW());
INSERT INTO requisitos_documentales (postulante_id, ci_digitalizado, certificado_nacimiento, titulo_bachiller_legalizado, formulario_preinscripcion, verificado_bd_externa, updated_at) VALUES (1569, false, false, false, false, false, NOW());
INSERT INTO users (id, name, email, password, role, active, created_at, updated_at) VALUES (1669, 'Oscar Ramírez', 'oscarramírez169@estudiante.edu.bo', '\$2y\$12\$TyO9cTQJ0O7NSPORyyP8Hup.wk8.BWNWu4itdEJYyjZ2Sem9DbFyi', 'Postulante', true, NOW(), NOW());
INSERT INTO postulantes (id, ci, nombres, apellidos, fecha_nacimiento, sexo, direccion, telefono, email, colegio_procedencia, ciudad, titulo_bachiller, primera_opcion_id, segunda_opcion_id, turno_preferencia, gestion_id, estado, recurrente, user_id, created_at, updated_at) VALUES (1570, '7072604', 'Oscar', 'Ramírez', '2005-01-15', 'M', NULL, '59193943104', 'oscarramírez169@estudiante.edu.bo', 'Colegio Boliviano', 'Santa Cruz de la Sierra', NULL, 4, 3, 'Noche', 2, 'Preinscrito', false, 1669, NOW(), NOW());
INSERT INTO requisitos_documentales (postulante_id, ci_digitalizado, certificado_nacimiento, titulo_bachiller_legalizado, formulario_preinscripcion, verificado_bd_externa, updated_at) VALUES (1570, false, false, false, false, false, NOW());
INSERT INTO users (id, name, email, password, role, active, created_at, updated_at) VALUES (1670, 'Roberto Rivera', 'robertorivera170@estudiante.edu.bo', '\$2y\$12\$TyO9cTQJ0O7NSPORyyP8Hup.wk8.BWNWu4itdEJYyjZ2Sem9DbFyi', 'Postulante', true, NOW(), NOW());
INSERT INTO postulantes (id, ci, nombres, apellidos, fecha_nacimiento, sexo, direccion, telefono, email, colegio_procedencia, ciudad, titulo_bachiller, primera_opcion_id, segunda_opcion_id, turno_preferencia, gestion_id, estado, recurrente, user_id, created_at, updated_at) VALUES (1571, '1289427', 'Roberto', 'Rivera', '2005-01-15', 'M', NULL, '59189555733', 'robertorivera170@estudiante.edu.bo', 'Colegio Boliviano', 'Santa Cruz de la Sierra', NULL, 4, 3, 'Noche', 2, 'Preinscrito', false, 1670, NOW(), NOW());
INSERT INTO requisitos_documentales (postulante_id, ci_digitalizado, certificado_nacimiento, titulo_bachiller_legalizado, formulario_preinscripcion, verificado_bd_externa, updated_at) VALUES (1571, false, false, false, false, false, NOW());
INSERT INTO users (id, name, email, password, role, active, created_at, updated_at) VALUES (1671, 'Leticia González', 'leticiagonzález171@estudiante.edu.bo', '\$2y\$12\$TyO9cTQJ0O7NSPORyyP8Hup.wk8.BWNWu4itdEJYyjZ2Sem9DbFyi', 'Postulante', true, NOW(), NOW());
INSERT INTO postulantes (id, ci, nombres, apellidos, fecha_nacimiento, sexo, direccion, telefono, email, colegio_procedencia, ciudad, titulo_bachiller, primera_opcion_id, segunda_opcion_id, turno_preferencia, gestion_id, estado, recurrente, user_id, created_at, updated_at) VALUES (1572, '6671118', 'Leticia', 'González', '2005-01-15', 'M', NULL, '59192457928', 'leticiagonzález171@estudiante.edu.bo', 'Colegio Boliviano', 'Santa Cruz de la Sierra', NULL, 4, 3, 'Manana', 2, 'Preinscrito', false, 1671, NOW(), NOW());
INSERT INTO requisitos_documentales (postulante_id, ci_digitalizado, certificado_nacimiento, titulo_bachiller_legalizado, formulario_preinscripcion, verificado_bd_externa, updated_at) VALUES (1572, false, false, false, false, false, NOW());
INSERT INTO users (id, name, email, password, role, active, created_at, updated_at) VALUES (1672, 'Ricardo Reyes', 'ricardoreyes172@estudiante.edu.bo', '\$2y\$12\$TyO9cTQJ0O7NSPORyyP8Hup.wk8.BWNWu4itdEJYyjZ2Sem9DbFyi', 'Postulante', true, NOW(), NOW());
INSERT INTO postulantes (id, ci, nombres, apellidos, fecha_nacimiento, sexo, direccion, telefono, email, colegio_procedencia, ciudad, titulo_bachiller, primera_opcion_id, segunda_opcion_id, turno_preferencia, gestion_id, estado, recurrente, user_id, created_at, updated_at) VALUES (1573, '7658536', 'Ricardo', 'Reyes', '2005-01-15', 'M', NULL, '59167191245', 'ricardoreyes172@estudiante.edu.bo', 'Colegio Boliviano', 'Santa Cruz de la Sierra', NULL, 4, 3, 'Noche', 2, 'Preinscrito', false, 1672, NOW(), NOW());
INSERT INTO requisitos_documentales (postulante_id, ci_digitalizado, certificado_nacimiento, titulo_bachiller_legalizado, formulario_preinscripcion, verificado_bd_externa, updated_at) VALUES (1573, false, false, false, false, false, NOW());
INSERT INTO users (id, name, email, password, role, active, created_at, updated_at) VALUES (1673, 'Aurora Ruiz', 'auroraruiz173@estudiante.edu.bo', '\$2y\$12\$TyO9cTQJ0O7NSPORyyP8Hup.wk8.BWNWu4itdEJYyjZ2Sem9DbFyi', 'Postulante', true, NOW(), NOW());
INSERT INTO postulantes (id, ci, nombres, apellidos, fecha_nacimiento, sexo, direccion, telefono, email, colegio_procedencia, ciudad, titulo_bachiller, primera_opcion_id, segunda_opcion_id, turno_preferencia, gestion_id, estado, recurrente, user_id, created_at, updated_at) VALUES (1574, '5902267', 'Aurora', 'Ruiz', '2005-01-15', 'M', NULL, '59197202866', 'auroraruiz173@estudiante.edu.bo', 'Colegio Boliviano', 'Santa Cruz de la Sierra', NULL, 4, 3, 'Manana', 2, 'Preinscrito', false, 1673, NOW(), NOW());
INSERT INTO requisitos_documentales (postulante_id, ci_digitalizado, certificado_nacimiento, titulo_bachiller_legalizado, formulario_preinscripcion, verificado_bd_externa, updated_at) VALUES (1574, false, false, false, false, false, NOW());
INSERT INTO users (id, name, email, password, role, active, created_at, updated_at) VALUES (1674, 'Valentina García', 'valentinagarcía174@estudiante.edu.bo', '\$2y\$12\$TyO9cTQJ0O7NSPORyyP8Hup.wk8.BWNWu4itdEJYyjZ2Sem9DbFyi', 'Postulante', true, NOW(), NOW());
INSERT INTO postulantes (id, ci, nombres, apellidos, fecha_nacimiento, sexo, direccion, telefono, email, colegio_procedencia, ciudad, titulo_bachiller, primera_opcion_id, segunda_opcion_id, turno_preferencia, gestion_id, estado, recurrente, user_id, created_at, updated_at) VALUES (1575, '2829313', 'Valentina', 'García', '2005-01-15', 'M', NULL, '59183884657', 'valentinagarcía174@estudiante.edu.bo', 'Colegio Boliviano', 'Santa Cruz de la Sierra', NULL, 4, 3, 'Manana', 2, 'Preinscrito', false, 1674, NOW(), NOW());
INSERT INTO requisitos_documentales (postulante_id, ci_digitalizado, certificado_nacimiento, titulo_bachiller_legalizado, formulario_preinscripcion, verificado_bd_externa, updated_at) VALUES (1575, false, false, false, false, false, NOW());
INSERT INTO users (id, name, email, password, role, active, created_at, updated_at) VALUES (1675, 'Arturo Domínguez', 'arturodomínguez175@estudiante.edu.bo', '\$2y\$12\$TyO9cTQJ0O7NSPORyyP8Hup.wk8.BWNWu4itdEJYyjZ2Sem9DbFyi', 'Postulante', true, NOW(), NOW());
INSERT INTO postulantes (id, ci, nombres, apellidos, fecha_nacimiento, sexo, direccion, telefono, email, colegio_procedencia, ciudad, titulo_bachiller, primera_opcion_id, segunda_opcion_id, turno_preferencia, gestion_id, estado, recurrente, user_id, created_at, updated_at) VALUES (1576, '7142647', 'Arturo', 'Domínguez', '2005-01-15', 'M', NULL, '59172933944', 'arturodomínguez175@estudiante.edu.bo', 'Colegio Boliviano', 'Santa Cruz de la Sierra', NULL, 4, 3, 'Noche', 2, 'Preinscrito', false, 1675, NOW(), NOW());
INSERT INTO requisitos_documentales (postulante_id, ci_digitalizado, certificado_nacimiento, titulo_bachiller_legalizado, formulario_preinscripcion, verificado_bd_externa, updated_at) VALUES (1576, false, false, false, false, false, NOW());
INSERT INTO users (id, name, email, password, role, active, created_at, updated_at) VALUES (1676, 'Antonio Morales', 'antoniomorales176@estudiante.edu.bo', '\$2y\$12\$TyO9cTQJ0O7NSPORyyP8Hup.wk8.BWNWu4itdEJYyjZ2Sem9DbFyi', 'Postulante', true, NOW(), NOW());
INSERT INTO postulantes (id, ci, nombres, apellidos, fecha_nacimiento, sexo, direccion, telefono, email, colegio_procedencia, ciudad, titulo_bachiller, primera_opcion_id, segunda_opcion_id, turno_preferencia, gestion_id, estado, recurrente, user_id, created_at, updated_at) VALUES (1577, '5796685', 'Antonio', 'Morales', '2005-01-15', 'M', NULL, '59169640218', 'antoniomorales176@estudiante.edu.bo', 'Colegio Boliviano', 'Santa Cruz de la Sierra', NULL, 4, 3, 'Tarde', 2, 'Preinscrito', false, 1676, NOW(), NOW());
INSERT INTO requisitos_documentales (postulante_id, ci_digitalizado, certificado_nacimiento, titulo_bachiller_legalizado, formulario_preinscripcion, verificado_bd_externa, updated_at) VALUES (1577, false, false, false, false, false, NOW());
INSERT INTO users (id, name, email, password, role, active, created_at, updated_at) VALUES (1677, 'Guillermo Morales', 'guillermomorales177@estudiante.edu.bo', '\$2y\$12\$TyO9cTQJ0O7NSPORyyP8Hup.wk8.BWNWu4itdEJYyjZ2Sem9DbFyi', 'Postulante', true, NOW(), NOW());
INSERT INTO postulantes (id, ci, nombres, apellidos, fecha_nacimiento, sexo, direccion, telefono, email, colegio_procedencia, ciudad, titulo_bachiller, primera_opcion_id, segunda_opcion_id, turno_preferencia, gestion_id, estado, recurrente, user_id, created_at, updated_at) VALUES (1578, '1605586', 'Guillermo', 'Morales', '2005-01-15', 'M', NULL, '59194116876', 'guillermomorales177@estudiante.edu.bo', 'Colegio Boliviano', 'Santa Cruz de la Sierra', NULL, 4, 3, 'Manana', 2, 'Preinscrito', false, 1677, NOW(), NOW());
INSERT INTO requisitos_documentales (postulante_id, ci_digitalizado, certificado_nacimiento, titulo_bachiller_legalizado, formulario_preinscripcion, verificado_bd_externa, updated_at) VALUES (1578, false, false, false, false, false, NOW());
INSERT INTO users (id, name, email, password, role, active, created_at, updated_at) VALUES (1678, 'Guillermo Contreras', 'guillermocontreras178@estudiante.edu.bo', '\$2y\$12\$TyO9cTQJ0O7NSPORyyP8Hup.wk8.BWNWu4itdEJYyjZ2Sem9DbFyi', 'Postulante', true, NOW(), NOW());
INSERT INTO postulantes (id, ci, nombres, apellidos, fecha_nacimiento, sexo, direccion, telefono, email, colegio_procedencia, ciudad, titulo_bachiller, primera_opcion_id, segunda_opcion_id, turno_preferencia, gestion_id, estado, recurrente, user_id, created_at, updated_at) VALUES (1579, '9384725', 'Guillermo', 'Contreras', '2005-01-15', 'M', NULL, '59162649492', 'guillermocontreras178@estudiante.edu.bo', 'Colegio Boliviano', 'Santa Cruz de la Sierra', NULL, 4, 3, 'Manana', 2, 'Preinscrito', false, 1678, NOW(), NOW());
INSERT INTO requisitos_documentales (postulante_id, ci_digitalizado, certificado_nacimiento, titulo_bachiller_legalizado, formulario_preinscripcion, verificado_bd_externa, updated_at) VALUES (1579, false, false, false, false, false, NOW());
INSERT INTO users (id, name, email, password, role, active, created_at, updated_at) VALUES (1679, 'Pedro López', 'pedrolópez179@estudiante.edu.bo', '\$2y\$12\$TyO9cTQJ0O7NSPORyyP8Hup.wk8.BWNWu4itdEJYyjZ2Sem9DbFyi', 'Postulante', true, NOW(), NOW());
INSERT INTO postulantes (id, ci, nombres, apellidos, fecha_nacimiento, sexo, direccion, telefono, email, colegio_procedencia, ciudad, titulo_bachiller, primera_opcion_id, segunda_opcion_id, turno_preferencia, gestion_id, estado, recurrente, user_id, created_at, updated_at) VALUES (1580, '6260857', 'Pedro', 'López', '2005-01-15', 'M', NULL, '59188255161', 'pedrolópez179@estudiante.edu.bo', 'Colegio Boliviano', 'Santa Cruz de la Sierra', NULL, 4, 3, 'Noche', 2, 'Preinscrito', false, 1679, NOW(), NOW());
INSERT INTO requisitos_documentales (postulante_id, ci_digitalizado, certificado_nacimiento, titulo_bachiller_legalizado, formulario_preinscripcion, verificado_bd_externa, updated_at) VALUES (1580, false, false, false, false, false, NOW());
INSERT INTO users (id, name, email, password, role, active, created_at, updated_at) VALUES (1680, 'Aurora Vargas', 'auroravargas180@estudiante.edu.bo', '\$2y\$12\$TyO9cTQJ0O7NSPORyyP8Hup.wk8.BWNWu4itdEJYyjZ2Sem9DbFyi', 'Postulante', true, NOW(), NOW());
INSERT INTO postulantes (id, ci, nombres, apellidos, fecha_nacimiento, sexo, direccion, telefono, email, colegio_procedencia, ciudad, titulo_bachiller, primera_opcion_id, segunda_opcion_id, turno_preferencia, gestion_id, estado, recurrente, user_id, created_at, updated_at) VALUES (1581, '1909858', 'Aurora', 'Vargas', '2005-01-15', 'M', NULL, '59162106876', 'auroravargas180@estudiante.edu.bo', 'Colegio Boliviano', 'Santa Cruz de la Sierra', NULL, 4, 3, 'Tarde', 2, 'Preinscrito', false, 1680, NOW(), NOW());
INSERT INTO requisitos_documentales (postulante_id, ci_digitalizado, certificado_nacimiento, titulo_bachiller_legalizado, formulario_preinscripcion, verificado_bd_externa, updated_at) VALUES (1581, false, false, false, false, false, NOW());
INSERT INTO users (id, name, email, password, role, active, created_at, updated_at) VALUES (1681, 'Raúl Sánchez', 'raúlsánchez181@estudiante.edu.bo', '\$2y\$12\$TyO9cTQJ0O7NSPORyyP8Hup.wk8.BWNWu4itdEJYyjZ2Sem9DbFyi', 'Postulante', true, NOW(), NOW());
INSERT INTO postulantes (id, ci, nombres, apellidos, fecha_nacimiento, sexo, direccion, telefono, email, colegio_procedencia, ciudad, titulo_bachiller, primera_opcion_id, segunda_opcion_id, turno_preferencia, gestion_id, estado, recurrente, user_id, created_at, updated_at) VALUES (1582, '9232604', 'Raúl', 'Sánchez', '2005-01-15', 'M', NULL, '59165285129', 'raúlsánchez181@estudiante.edu.bo', 'Colegio Boliviano', 'Santa Cruz de la Sierra', NULL, 4, 3, 'Manana', 2, 'Preinscrito', false, 1681, NOW(), NOW());
INSERT INTO requisitos_documentales (postulante_id, ci_digitalizado, certificado_nacimiento, titulo_bachiller_legalizado, formulario_preinscripcion, verificado_bd_externa, updated_at) VALUES (1582, false, false, false, false, false, NOW());
INSERT INTO users (id, name, email, password, role, active, created_at, updated_at) VALUES (1682, 'Rosa Flores', 'rosaflores182@estudiante.edu.bo', '\$2y\$12\$TyO9cTQJ0O7NSPORyyP8Hup.wk8.BWNWu4itdEJYyjZ2Sem9DbFyi', 'Postulante', true, NOW(), NOW());
INSERT INTO postulantes (id, ci, nombres, apellidos, fecha_nacimiento, sexo, direccion, telefono, email, colegio_procedencia, ciudad, titulo_bachiller, primera_opcion_id, segunda_opcion_id, turno_preferencia, gestion_id, estado, recurrente, user_id, created_at, updated_at) VALUES (1583, '8192470', 'Rosa', 'Flores', '2005-01-15', 'M', NULL, '59195464566', 'rosaflores182@estudiante.edu.bo', 'Colegio Boliviano', 'Santa Cruz de la Sierra', NULL, 4, 3, 'Tarde', 2, 'Preinscrito', false, 1682, NOW(), NOW());
INSERT INTO requisitos_documentales (postulante_id, ci_digitalizado, certificado_nacimiento, titulo_bachiller_legalizado, formulario_preinscripcion, verificado_bd_externa, updated_at) VALUES (1583, false, false, false, false, false, NOW());
INSERT INTO users (id, name, email, password, role, active, created_at, updated_at) VALUES (1683, 'Oscar Ruiz', 'oscarruiz183@estudiante.edu.bo', '\$2y\$12\$TyO9cTQJ0O7NSPORyyP8Hup.wk8.BWNWu4itdEJYyjZ2Sem9DbFyi', 'Postulante', true, NOW(), NOW());
INSERT INTO postulantes (id, ci, nombres, apellidos, fecha_nacimiento, sexo, direccion, telefono, email, colegio_procedencia, ciudad, titulo_bachiller, primera_opcion_id, segunda_opcion_id, turno_preferencia, gestion_id, estado, recurrente, user_id, created_at, updated_at) VALUES (1584, '3342778', 'Oscar', 'Ruiz', '2005-01-15', 'M', NULL, '59169552405', 'oscarruiz183@estudiante.edu.bo', 'Colegio Boliviano', 'Santa Cruz de la Sierra', NULL, 4, 3, 'Tarde', 2, 'Preinscrito', false, 1683, NOW(), NOW());
INSERT INTO requisitos_documentales (postulante_id, ci_digitalizado, certificado_nacimiento, titulo_bachiller_legalizado, formulario_preinscripcion, verificado_bd_externa, updated_at) VALUES (1584, false, false, false, false, false, NOW());
INSERT INTO users (id, name, email, password, role, active, created_at, updated_at) VALUES (1684, 'Beatriz Fuentes', 'beatrizfuentes184@estudiante.edu.bo', '\$2y\$12\$TyO9cTQJ0O7NSPORyyP8Hup.wk8.BWNWu4itdEJYyjZ2Sem9DbFyi', 'Postulante', true, NOW(), NOW());
INSERT INTO postulantes (id, ci, nombres, apellidos, fecha_nacimiento, sexo, direccion, telefono, email, colegio_procedencia, ciudad, titulo_bachiller, primera_opcion_id, segunda_opcion_id, turno_preferencia, gestion_id, estado, recurrente, user_id, created_at, updated_at) VALUES (1585, '2169104', 'Beatriz', 'Fuentes', '2005-01-15', 'M', NULL, '59194111931', 'beatrizfuentes184@estudiante.edu.bo', 'Colegio Boliviano', 'Santa Cruz de la Sierra', NULL, 4, 3, 'Manana', 2, 'Preinscrito', false, 1684, NOW(), NOW());
INSERT INTO requisitos_documentales (postulante_id, ci_digitalizado, certificado_nacimiento, titulo_bachiller_legalizado, formulario_preinscripcion, verificado_bd_externa, updated_at) VALUES (1585, false, false, false, false, false, NOW());
INSERT INTO users (id, name, email, password, role, active, created_at, updated_at) VALUES (1685, 'Andrés García', 'andrésgarcía185@estudiante.edu.bo', '\$2y\$12\$TyO9cTQJ0O7NSPORyyP8Hup.wk8.BWNWu4itdEJYyjZ2Sem9DbFyi', 'Postulante', true, NOW(), NOW());
INSERT INTO postulantes (id, ci, nombres, apellidos, fecha_nacimiento, sexo, direccion, telefono, email, colegio_procedencia, ciudad, titulo_bachiller, primera_opcion_id, segunda_opcion_id, turno_preferencia, gestion_id, estado, recurrente, user_id, created_at, updated_at) VALUES (1586, '9464981', 'Andrés', 'García', '2005-01-15', 'M', NULL, '59167322666', 'andrésgarcía185@estudiante.edu.bo', 'Colegio Boliviano', 'Santa Cruz de la Sierra', NULL, 4, 3, 'Manana', 2, 'Preinscrito', false, 1685, NOW(), NOW());
INSERT INTO requisitos_documentales (postulante_id, ci_digitalizado, certificado_nacimiento, titulo_bachiller_legalizado, formulario_preinscripcion, verificado_bd_externa, updated_at) VALUES (1586, false, false, false, false, false, NOW());
INSERT INTO users (id, name, email, password, role, active, created_at, updated_at) VALUES (1686, 'Víctor Tapia', 'víctortapia186@estudiante.edu.bo', '\$2y\$12\$TyO9cTQJ0O7NSPORyyP8Hup.wk8.BWNWu4itdEJYyjZ2Sem9DbFyi', 'Postulante', true, NOW(), NOW());
INSERT INTO postulantes (id, ci, nombres, apellidos, fecha_nacimiento, sexo, direccion, telefono, email, colegio_procedencia, ciudad, titulo_bachiller, primera_opcion_id, segunda_opcion_id, turno_preferencia, gestion_id, estado, recurrente, user_id, created_at, updated_at) VALUES (1587, '8269843', 'Víctor', 'Tapia', '2005-01-15', 'M', NULL, '59181880097', 'víctortapia186@estudiante.edu.bo', 'Colegio Boliviano', 'Santa Cruz de la Sierra', NULL, 4, 3, 'Noche', 2, 'Preinscrito', false, 1686, NOW(), NOW());
INSERT INTO requisitos_documentales (postulante_id, ci_digitalizado, certificado_nacimiento, titulo_bachiller_legalizado, formulario_preinscripcion, verificado_bd_externa, updated_at) VALUES (1587, false, false, false, false, false, NOW());
INSERT INTO users (id, name, email, password, role, active, created_at, updated_at) VALUES (1687, 'Miguel Morales', 'miguelmorales187@estudiante.edu.bo', '\$2y\$12\$TyO9cTQJ0O7NSPORyyP8Hup.wk8.BWNWu4itdEJYyjZ2Sem9DbFyi', 'Postulante', true, NOW(), NOW());
INSERT INTO postulantes (id, ci, nombres, apellidos, fecha_nacimiento, sexo, direccion, telefono, email, colegio_procedencia, ciudad, titulo_bachiller, primera_opcion_id, segunda_opcion_id, turno_preferencia, gestion_id, estado, recurrente, user_id, created_at, updated_at) VALUES (1588, '5531968', 'Miguel', 'Morales', '2005-01-15', 'M', NULL, '59170618775', 'miguelmorales187@estudiante.edu.bo', 'Colegio Boliviano', 'Santa Cruz de la Sierra', NULL, 4, 3, 'Noche', 2, 'Preinscrito', false, 1687, NOW(), NOW());
INSERT INTO requisitos_documentales (postulante_id, ci_digitalizado, certificado_nacimiento, titulo_bachiller_legalizado, formulario_preinscripcion, verificado_bd_externa, updated_at) VALUES (1588, false, false, false, false, false, NOW());
INSERT INTO users (id, name, email, password, role, active, created_at, updated_at) VALUES (1688, 'Aurora Ramírez', 'auroraramírez188@estudiante.edu.bo', '\$2y\$12\$TyO9cTQJ0O7NSPORyyP8Hup.wk8.BWNWu4itdEJYyjZ2Sem9DbFyi', 'Postulante', true, NOW(), NOW());
INSERT INTO postulantes (id, ci, nombres, apellidos, fecha_nacimiento, sexo, direccion, telefono, email, colegio_procedencia, ciudad, titulo_bachiller, primera_opcion_id, segunda_opcion_id, turno_preferencia, gestion_id, estado, recurrente, user_id, created_at, updated_at) VALUES (1589, '5850913', 'Aurora', 'Ramírez', '2005-01-15', 'M', NULL, '59183242073', 'auroraramírez188@estudiante.edu.bo', 'Colegio Boliviano', 'Santa Cruz de la Sierra', NULL, 4, 3, 'Noche', 2, 'Preinscrito', false, 1688, NOW(), NOW());
INSERT INTO requisitos_documentales (postulante_id, ci_digitalizado, certificado_nacimiento, titulo_bachiller_legalizado, formulario_preinscripcion, verificado_bd_externa, updated_at) VALUES (1589, false, false, false, false, false, NOW());
INSERT INTO users (id, name, email, password, role, active, created_at, updated_at) VALUES (1689, 'Natalia Campos', 'nataliacampos189@estudiante.edu.bo', '\$2y\$12\$TyO9cTQJ0O7NSPORyyP8Hup.wk8.BWNWu4itdEJYyjZ2Sem9DbFyi', 'Postulante', true, NOW(), NOW());
INSERT INTO postulantes (id, ci, nombres, apellidos, fecha_nacimiento, sexo, direccion, telefono, email, colegio_procedencia, ciudad, titulo_bachiller, primera_opcion_id, segunda_opcion_id, turno_preferencia, gestion_id, estado, recurrente, user_id, created_at, updated_at) VALUES (1590, '5212736', 'Natalia', 'Campos', '2005-01-15', 'M', NULL, '59193755404', 'nataliacampos189@estudiante.edu.bo', 'Colegio Boliviano', 'Santa Cruz de la Sierra', NULL, 4, 3, 'Manana', 2, 'Preinscrito', false, 1689, NOW(), NOW());
INSERT INTO requisitos_documentales (postulante_id, ci_digitalizado, certificado_nacimiento, titulo_bachiller_legalizado, formulario_preinscripcion, verificado_bd_externa, updated_at) VALUES (1590, false, false, false, false, false, NOW());
INSERT INTO users (id, name, email, password, role, active, created_at, updated_at) VALUES (1690, 'Raúl Contreras', 'raúlcontreras190@estudiante.edu.bo', '\$2y\$12\$TyO9cTQJ0O7NSPORyyP8Hup.wk8.BWNWu4itdEJYyjZ2Sem9DbFyi', 'Postulante', true, NOW(), NOW());
INSERT INTO postulantes (id, ci, nombres, apellidos, fecha_nacimiento, sexo, direccion, telefono, email, colegio_procedencia, ciudad, titulo_bachiller, primera_opcion_id, segunda_opcion_id, turno_preferencia, gestion_id, estado, recurrente, user_id, created_at, updated_at) VALUES (1591, '1537445', 'Raúl', 'Contreras', '2005-01-15', 'M', NULL, '59162182635', 'raúlcontreras190@estudiante.edu.bo', 'Colegio Boliviano', 'Santa Cruz de la Sierra', NULL, 4, 3, 'Noche', 2, 'Preinscrito', false, 1690, NOW(), NOW());
INSERT INTO requisitos_documentales (postulante_id, ci_digitalizado, certificado_nacimiento, titulo_bachiller_legalizado, formulario_preinscripcion, verificado_bd_externa, updated_at) VALUES (1591, false, false, false, false, false, NOW());
INSERT INTO users (id, name, email, password, role, active, created_at, updated_at) VALUES (1691, 'Irene Tapia', 'irenetapia191@estudiante.edu.bo', '\$2y\$12\$TyO9cTQJ0O7NSPORyyP8Hup.wk8.BWNWu4itdEJYyjZ2Sem9DbFyi', 'Postulante', true, NOW(), NOW());
INSERT INTO postulantes (id, ci, nombres, apellidos, fecha_nacimiento, sexo, direccion, telefono, email, colegio_procedencia, ciudad, titulo_bachiller, primera_opcion_id, segunda_opcion_id, turno_preferencia, gestion_id, estado, recurrente, user_id, created_at, updated_at) VALUES (1592, '5841233', 'Irene', 'Tapia', '2005-01-15', 'M', NULL, '59195121866', 'irenetapia191@estudiante.edu.bo', 'Colegio Boliviano', 'Santa Cruz de la Sierra', NULL, 4, 3, 'Tarde', 2, 'Preinscrito', false, 1691, NOW(), NOW());
INSERT INTO requisitos_documentales (postulante_id, ci_digitalizado, certificado_nacimiento, titulo_bachiller_legalizado, formulario_preinscripcion, verificado_bd_externa, updated_at) VALUES (1592, false, false, false, false, false, NOW());
INSERT INTO users (id, name, email, password, role, active, created_at, updated_at) VALUES (1692, 'Manuel Campos', 'manuelcampos192@estudiante.edu.bo', '\$2y\$12\$TyO9cTQJ0O7NSPORyyP8Hup.wk8.BWNWu4itdEJYyjZ2Sem9DbFyi', 'Postulante', true, NOW(), NOW());
INSERT INTO postulantes (id, ci, nombres, apellidos, fecha_nacimiento, sexo, direccion, telefono, email, colegio_procedencia, ciudad, titulo_bachiller, primera_opcion_id, segunda_opcion_id, turno_preferencia, gestion_id, estado, recurrente, user_id, created_at, updated_at) VALUES (1593, '9450785', 'Manuel', 'Campos', '2005-01-15', 'M', NULL, '59178849495', 'manuelcampos192@estudiante.edu.bo', 'Colegio Boliviano', 'Santa Cruz de la Sierra', NULL, 4, 3, 'Noche', 2, 'Preinscrito', false, 1692, NOW(), NOW());
INSERT INTO requisitos_documentales (postulante_id, ci_digitalizado, certificado_nacimiento, titulo_bachiller_legalizado, formulario_preinscripcion, verificado_bd_externa, updated_at) VALUES (1593, false, false, false, false, false, NOW());
INSERT INTO users (id, name, email, password, role, active, created_at, updated_at) VALUES (1693, 'Alejandro Hernández', 'alejandrohernández193@estudiante.edu.bo', '\$2y\$12\$TyO9cTQJ0O7NSPORyyP8Hup.wk8.BWNWu4itdEJYyjZ2Sem9DbFyi', 'Postulante', true, NOW(), NOW());
INSERT INTO postulantes (id, ci, nombres, apellidos, fecha_nacimiento, sexo, direccion, telefono, email, colegio_procedencia, ciudad, titulo_bachiller, primera_opcion_id, segunda_opcion_id, turno_preferencia, gestion_id, estado, recurrente, user_id, created_at, updated_at) VALUES (1594, '2531410', 'Alejandro', 'Hernández', '2005-01-15', 'M', NULL, '59190092664', 'alejandrohernández193@estudiante.edu.bo', 'Colegio Boliviano', 'Santa Cruz de la Sierra', NULL, 4, 3, 'Noche', 2, 'Preinscrito', false, 1693, NOW(), NOW());
INSERT INTO requisitos_documentales (postulante_id, ci_digitalizado, certificado_nacimiento, titulo_bachiller_legalizado, formulario_preinscripcion, verificado_bd_externa, updated_at) VALUES (1594, false, false, false, false, false, NOW());
INSERT INTO users (id, name, email, password, role, active, created_at, updated_at) VALUES (1694, 'Francisca Ruiz', 'franciscaruiz194@estudiante.edu.bo', '\$2y\$12\$TyO9cTQJ0O7NSPORyyP8Hup.wk8.BWNWu4itdEJYyjZ2Sem9DbFyi', 'Postulante', true, NOW(), NOW());
INSERT INTO postulantes (id, ci, nombres, apellidos, fecha_nacimiento, sexo, direccion, telefono, email, colegio_procedencia, ciudad, titulo_bachiller, primera_opcion_id, segunda_opcion_id, turno_preferencia, gestion_id, estado, recurrente, user_id, created_at, updated_at) VALUES (1595, '8426396', 'Francisca', 'Ruiz', '2005-01-15', 'M', NULL, '59172941041', 'franciscaruiz194@estudiante.edu.bo', 'Colegio Boliviano', 'Santa Cruz de la Sierra', NULL, 4, 3, 'Manana', 2, 'Preinscrito', false, 1694, NOW(), NOW());
INSERT INTO requisitos_documentales (postulante_id, ci_digitalizado, certificado_nacimiento, titulo_bachiller_legalizado, formulario_preinscripcion, verificado_bd_externa, updated_at) VALUES (1595, false, false, false, false, false, NOW());
INSERT INTO users (id, name, email, password, role, active, created_at, updated_at) VALUES (1695, 'Raúl González', 'raúlgonzález195@estudiante.edu.bo', '\$2y\$12\$TyO9cTQJ0O7NSPORyyP8Hup.wk8.BWNWu4itdEJYyjZ2Sem9DbFyi', 'Postulante', true, NOW(), NOW());
INSERT INTO postulantes (id, ci, nombres, apellidos, fecha_nacimiento, sexo, direccion, telefono, email, colegio_procedencia, ciudad, titulo_bachiller, primera_opcion_id, segunda_opcion_id, turno_preferencia, gestion_id, estado, recurrente, user_id, created_at, updated_at) VALUES (1596, '7830314', 'Raúl', 'González', '2005-01-15', 'M', NULL, '59196203660', 'raúlgonzález195@estudiante.edu.bo', 'Colegio Boliviano', 'Santa Cruz de la Sierra', NULL, 4, 3, 'Tarde', 2, 'Preinscrito', false, 1695, NOW(), NOW());
INSERT INTO requisitos_documentales (postulante_id, ci_digitalizado, certificado_nacimiento, titulo_bachiller_legalizado, formulario_preinscripcion, verificado_bd_externa, updated_at) VALUES (1596, false, false, false, false, false, NOW());
INSERT INTO users (id, name, email, password, role, active, created_at, updated_at) VALUES (1696, 'Arturo Medina', 'arturomedina196@estudiante.edu.bo', '\$2y\$12\$TyO9cTQJ0O7NSPORyyP8Hup.wk8.BWNWu4itdEJYyjZ2Sem9DbFyi', 'Postulante', true, NOW(), NOW());
INSERT INTO postulantes (id, ci, nombres, apellidos, fecha_nacimiento, sexo, direccion, telefono, email, colegio_procedencia, ciudad, titulo_bachiller, primera_opcion_id, segunda_opcion_id, turno_preferencia, gestion_id, estado, recurrente, user_id, created_at, updated_at) VALUES (1597, '4297461', 'Arturo', 'Medina', '2005-01-15', 'M', NULL, '59163609728', 'arturomedina196@estudiante.edu.bo', 'Colegio Boliviano', 'Santa Cruz de la Sierra', NULL, 4, 3, 'Manana', 2, 'Preinscrito', false, 1696, NOW(), NOW());
INSERT INTO requisitos_documentales (postulante_id, ci_digitalizado, certificado_nacimiento, titulo_bachiller_legalizado, formulario_preinscripcion, verificado_bd_externa, updated_at) VALUES (1597, false, false, false, false, false, NOW());
INSERT INTO users (id, name, email, password, role, active, created_at, updated_at) VALUES (1697, 'Isabel Castillo', 'isabelcastillo197@estudiante.edu.bo', '\$2y\$12\$TyO9cTQJ0O7NSPORyyP8Hup.wk8.BWNWu4itdEJYyjZ2Sem9DbFyi', 'Postulante', true, NOW(), NOW());
INSERT INTO postulantes (id, ci, nombres, apellidos, fecha_nacimiento, sexo, direccion, telefono, email, colegio_procedencia, ciudad, titulo_bachiller, primera_opcion_id, segunda_opcion_id, turno_preferencia, gestion_id, estado, recurrente, user_id, created_at, updated_at) VALUES (1598, '5000146', 'Isabel', 'Castillo', '2005-01-15', 'M', NULL, '59166451526', 'isabelcastillo197@estudiante.edu.bo', 'Colegio Boliviano', 'Santa Cruz de la Sierra', NULL, 4, 3, 'Tarde', 2, 'Preinscrito', false, 1697, NOW(), NOW());
INSERT INTO requisitos_documentales (postulante_id, ci_digitalizado, certificado_nacimiento, titulo_bachiller_legalizado, formulario_preinscripcion, verificado_bd_externa, updated_at) VALUES (1598, false, false, false, false, false, NOW());
INSERT INTO users (id, name, email, password, role, active, created_at, updated_at) VALUES (1698, 'Sergio Medina', 'sergiomedina198@estudiante.edu.bo', '\$2y\$12\$TyO9cTQJ0O7NSPORyyP8Hup.wk8.BWNWu4itdEJYyjZ2Sem9DbFyi', 'Postulante', true, NOW(), NOW());
INSERT INTO postulantes (id, ci, nombres, apellidos, fecha_nacimiento, sexo, direccion, telefono, email, colegio_procedencia, ciudad, titulo_bachiller, primera_opcion_id, segunda_opcion_id, turno_preferencia, gestion_id, estado, recurrente, user_id, created_at, updated_at) VALUES (1599, '9198714', 'Sergio', 'Medina', '2005-01-15', 'M', NULL, '59199019246', 'sergiomedina198@estudiante.edu.bo', 'Colegio Boliviano', 'Santa Cruz de la Sierra', NULL, 4, 3, 'Tarde', 2, 'Preinscrito', false, 1698, NOW(), NOW());
INSERT INTO requisitos_documentales (postulante_id, ci_digitalizado, certificado_nacimiento, titulo_bachiller_legalizado, formulario_preinscripcion, verificado_bd_externa, updated_at) VALUES (1599, false, false, false, false, false, NOW());
INSERT INTO users (id, name, email, password, role, active, created_at, updated_at) VALUES (1699, 'Aurora Valencia', 'auroravalencia199@estudiante.edu.bo', '\$2y\$12\$TyO9cTQJ0O7NSPORyyP8Hup.wk8.BWNWu4itdEJYyjZ2Sem9DbFyi', 'Postulante', true, NOW(), NOW());
INSERT INTO postulantes (id, ci, nombres, apellidos, fecha_nacimiento, sexo, direccion, telefono, email, colegio_procedencia, ciudad, titulo_bachiller, primera_opcion_id, segunda_opcion_id, turno_preferencia, gestion_id, estado, recurrente, user_id, created_at, updated_at) VALUES (1600, '4455468', 'Aurora', 'Valencia', '2005-01-15', 'M', NULL, '59190183470', 'auroravalencia199@estudiante.edu.bo', 'Colegio Boliviano', 'Santa Cruz de la Sierra', NULL, 4, 3, 'Manana', 2, 'Preinscrito', false, 1699, NOW(), NOW());
INSERT INTO requisitos_documentales (postulante_id, ci_digitalizado, certificado_nacimiento, titulo_bachiller_legalizado, formulario_preinscripcion, verificado_bd_externa, updated_at) VALUES (1600, false, false, false, false, false, NOW());
-- 1600 postulantes insertados...

COMMIT;